2026-06-20 10:06:36+0800  [harvest]  begin
2026-06-20 10:06:36+0800  [harvest]  FAIL: unknown job: harvest
2026-06-20 10:11:45+0800  [harvest]  begin
2026-06-20 10:11:45+0800  [harvest]  FAIL: unknown job: harvest
2026-06-21 11:28:03+0800  [harvest]  begin
$MAYBANK.KL: possibly delisted; no timezone found
$CIMB.KL: possibly delisted; no timezone found
$TENAGA.KL: possibly delisted; no timezone found
$IOI.KL: possibly delisted; no timezone found
$GENTING.KL: possibly delisted; no timezone found
$MAXIS.KL: possibly delisted; no timezone found
$HARTA.KL: possibly delisted; no timezone found

7 Failed downloads:
['MAYBANK.KL', 'CIMB.KL', 'TENAGA.KL', 'IOI.KL', 'GENTING.KL', 'MAXIS.KL', 'HARTA.KL']: possibly delisted; no timezone found
$HARTA.KL: possibly delisted; no timezone found
$MAXIS.KL: possibly delisted; no timezone found
$IOI.KL: possibly delisted; no timezone found
$GENTING.KL: possibly delisted; no timezone found
$MAYBANK.KL: possibly delisted; no timezone found
$CIMB.KL: possibly delisted; no timezone found
$TENAGA.KL: possibly delisted; no timezone found

7 Failed downloads:
['HARTA.KL', 'MAXIS.KL', 'IOI.KL', 'GENTING.KL', 'MAYBANK.KL', 'CIMB.KL', 'TENAGA.KL']: possibly delisted; no timezone found
[existing] 7 target cells across 7 tickers
[orphans] 186 candidates across 125 tickers
  batch 1/1  created=37  errors=94  elapsed=7s

=== HARVEST SUMMARY ===
{
  "sketch": "harvest_forward_returns",
  "started": "2026-06-21T11:28:04.309316",
  "horizons": [
    20,
    60,
    252
  ],
  "existing": {
    "candidates": 7,
    "filled": 0,
    "errors": 7
  },
  "orphans": {
    "candidates": 186,
    "created": 37,
    "errors": 94
  },
  "finished": "2026-06-21T11:28:14.012109"
}
2026-06-21 11:28:14+0800  [harvest]  ok (raw=0)
2026-06-21 14:15:01+0800  [harvest]  begin
$MAXIS.KL: possibly delisted; no timezone found
$MAYBANK.KL: possibly delisted; no timezone found
$GENTING.KL: possibly delisted; no timezone found
$CIMB.KL: possibly delisted; no timezone found
$IOI.KL: possibly delisted; no timezone found
$TENAGA.KL: possibly delisted; no timezone found
$HARTA.KL: possibly delisted; no timezone found

7 Failed downloads:
['MAXIS.KL', 'MAYBANK.KL', 'GENTING.KL', 'CIMB.KL', 'IOI.KL', 'TENAGA.KL', 'HARTA.KL']: possibly delisted; no timezone found
$TENAGA.KL: possibly delisted; no timezone found
$HARTA.KL: possibly delisted; no timezone found
$MAYBANK.KL: possibly delisted; no timezone found
$CIMB.KL: possibly delisted; no timezone found
$GENTING.KL: possibly delisted; no timezone found
$IOI.KL: possibly delisted; no timezone found
$MAXIS.KL: possibly delisted; no timezone found

7 Failed downloads:
['TENAGA.KL', 'HARTA.KL', 'MAYBANK.KL', 'CIMB.KL', 'GENTING.KL', 'IOI.KL', 'MAXIS.KL']: possibly delisted; no timezone found
[existing] 7 target cells across 7 tickers
[orphans] 149 candidates across 88 tickers
  batch 1/1  created=0  errors=94  elapsed=5s

=== HARVEST SUMMARY ===
{
  "sketch": "harvest_forward_returns",
  "started": "2026-06-21T14:15:02.012817",
  "horizons": [
    20,
    60,
    252
  ],
  "existing": {
    "candidates": 7,
    "filled": 0,
    "errors": 7
  },
  "orphans": {
    "candidates": 149,
    "created": 0,
    "errors": 94
  },
  "finished": "2026-06-21T14:15:09.529067"
}
2026-06-21 14:15:09+0800  [harvest]  ok (raw=0)
2026-07-05 14:15:01+0800  [harvest]  begin
$AACG: possibly delisted; no price data found  (1d 2025-01-01 -> 2026-07-05)
$ABNB: possibly delisted; no price data found  (1d 2025-01-01 -> 2026-07-05)
$ACWI: possibly delisted; no price data found  (1d 2025-01-01 -> 2026-07-05)
$AEMD: possibly delisted; no price data found  (1d 2025-01-01 -> 2026-07-05)
$ACDC: possibly delisted; no price data found  (1d 2025-01-01 -> 2026-07-05)
$AERTW: possibly delisted; no price data found  (1d 2025-01-01 -> 2026-07-05)
$RXRX: possibly delisted; no price data found  (1d 2025-01-01 -> 2026-07-05)
$ADSE: possibly delisted; no price data found  (1d 2025-01-01 -> 2026-07-05)
$ACAAW: possibly delisted; no price data found  (1d 2025-01-01 -> 2026-07-05)
$AENTW: possibly delisted; no price data found  (1d 2025-01-01 -> 2026-07-05)
$AAPD: possibly delisted; no price data found  (1d 2025-01-01 -> 2026-07-05)
$AACBR: possibly delisted; no price data found  (1d 2025-01-01 -> 2026-07-05)
$AEI: possibly delisted; no price data found  (1d 2025-01-01 -> 2026-07-05)
$ACHV: possibly delisted; no price data found  (1d 2025-01-01 -> 2026-07-05)
$ACGL: possibly delisted; no price data found  (1d 2025-01-01 -> 2026-07-05)
$AGNCN: possibly delisted; no price data found  (1d 2025-01-01 -> 2026-07-05)
$ABI: possibly delisted; no price data found  (1d 2025-01-01 -> 2026-07-05)
$PBBANK.KL: possibly delisted; no price data found  (1d 2025-01-01 -> 2026-07-05)
$AGZD: possibly delisted; no price data found  (1d 2025-01-01 -> 2026-07-05)
$ABCS: possibly delisted; no price data found  (1d 2025-01-01 -> 2026-07-05)
$QCOM: possibly delisted; no price data found  (1d 2025-01-01 -> 2026-07-05)
$ACMR: possibly delisted; no price data found  (1d 2025-01-01 -> 2026-07-05)
$ADP: possibly delisted; no price data found  (1d 2025-01-01 -> 2026-07-05)
$AAOI: possibly delisted; no price data found  (1d 2025-01-01 -> 2026-07-05)
$ADAMZ: possibly delisted; no price data found  (1d 2025-01-01 -> 2026-07-05)
$ABLV: possibly delisted; no price data found  (1d 2025-01-01 -> 2026-07-05)
$AEIS: possibly delisted; no price data found  (1d 2025-01-01 -> 2026-07-05)
$ABEO: possibly delisted; no price data found  (1d 2025-01-01 -> 2026-07-05)
Failed to get ticker 'IOI.KL' reason: Failed to perform, curl: (28) Connection timed out after 30002 milliseconds. See https://curl.se/libcurl/c/libcurl-errors.html first for more details.
$ADIL: possibly delisted; no price data found  (1d 2025-01-01 -> 2026-07-05)
$ADXN: possibly delisted; no price data found  (1d 2025-01-01 -> 2026-07-05)
$AGEM: possibly delisted; no price data found  (1d 2025-01-01 -> 2026-07-05)
$AGYS: possibly delisted; no price data found  (1d 2025-01-01 -> 2026-07-05)
$AAPG: possibly delisted; no price data found  (1d 2025-01-01 -> 2026-07-05)
$ABLVW: possibly delisted; no price data found  (1d 2025-01-01 -> 2026-07-05)
$ADAMG: possibly delisted; no price data found  (1d 2025-01-01 -> 2026-07-05)
$AEP: possibly delisted; no price data found  (1d 2025-01-01 -> 2026-07-05)
$AGPU: possibly delisted; no price data found  (1d 2025-01-01 -> 2026-07-05)
$AFJKU: possibly delisted; no price data found  (1d 2025-01-01 -> 2026-07-05)
$AGMB: possibly delisted; no price data found  (1d 2025-01-01 -> 2026-07-05)
$AAON: possibly delisted; no price data found  (1d 2025-01-01 -> 2026-07-05)
$ADEA: possibly delisted; no price data found  (1d 2025-01-01 -> 2026-07-05)
$AEAQ: possibly delisted; no price data found  (1d 2025-01-01 -> 2026-07-05)
$AHCO: possibly delisted; no price data found  (1d 2025-01-01 -> 2026-07-05)
$6742.KL: possibly delisted; no price data found  (1d 2025-01-01 -> 2026-07-05)
$ACIU: possibly delisted; no price data found  (1d 2025-01-01 -> 2026-07-05)
$ACTG: possibly delisted; no price data found  (1d 2025-01-01 -> 2026-07-05)
$AGNCP: possibly delisted; no price data found  (1d 2025-01-01 -> 2026-07-05)
Failed to get ticker 'HARTA.KL' reason: Failed to perform, curl: (28) Connection timed out after 30002 milliseconds. See https://curl.se/libcurl/c/libcurl-errors.html first for more details.
$AFJKR: possibly delisted; no price data found  (1d 2025-01-01 -> 2026-07-05)
$ACNT: possibly delisted; no price data found  (1d 2025-01-01 -> 2026-07-05)
$ABVC: possibly delisted; no price data found  (1d 2025-01-01 -> 2026-07-05)
$ADAC: possibly delisted; no price data found  (1d 2025-01-01 -> 2026-07-05)
$ACTU: possibly delisted; no price data found  (1d 2025-01-01 -> 2026-07-05)
$ADBG: possibly delisted; no price data found  (1d 2025-01-01 -> 2026-07-05)
$ADAMM: possibly delisted; no price data found  (1d 2025-01-01 -> 2026-07-05)
$MU: possibly delisted; no price data found  (1d 2025-01-01 -> 2026-07-05)
$AACPU: possibly delisted; no price data found  (1d 2025-01-01 -> 2026-07-05)
$AEAQU: possibly delisted; no price data found  (1d 2025-01-01 -> 2026-07-05)
$AI: possibly delisted; no price data found  (1d 2025-01-01 -> 2026-07-05)
$ACEP: possibly delisted; no price data found  (1d 2025-01-01 -> 2026-07-05)
$ACHC: possibly delisted; no price data found  (1d 2025-01-01 -> 2026-07-05)
$AGCC: possibly delisted; no price data found  (1d 2025-01-01 -> 2026-07-05)
$ABNG: possibly delisted; no price data found  (1d 2025-01-01 -> 2026-07-05)
$AEHL: possibly delisted; no price data found  (1d 2025-01-01 -> 2026-07-05)
$ADACU: possibly delisted; no price data found  (1d 2025-01-01 -> 2026-07-05)
$AACOW: possibly delisted; no price data found  (1d 2025-01-01 -> 2026-07-05)
$AAEQ: possibly delisted; no price data found  (1d 2025-01-01 -> 2026-07-05)
$GOOGL: possibly delisted; no price data found  (1d 2025-01-01 -> 2026-07-05)
$AACBU: possibly delisted; no price data found  (1d 2025-01-01 -> 2026-07-05)
$ABTC: possibly delisted; no price data found  (1d 2025-01-01 -> 2026-07-05)
$TSLA: possibly delisted; no price data found  (1d 2025-01-01 -> 2026-07-05)
$CALM: possibly delisted; no price data found  (1d 2025-01-01 -> 2026-07-05)
$AFOS: possibly delisted; no price data found  (1d 2025-01-01 -> 2026-07-05)
$AAL: possibly delisted; no price data found  (1d 2025-01-01 -> 2026-07-05)
$AGNCM: possibly delisted; no price data found  (1d 2025-01-01 -> 2026-07-05)
$ABTS: possibly delisted; no price data found  (1d 2025-01-01 -> 2026-07-05)
$ACXP: possibly delisted; no price data found  (1d 2025-01-01 -> 2026-07-05)
$ABIG: possibly delisted; no price data found  (1d 2025-01-01 -> 2026-07-05)
$AEHR: possibly delisted; no price data found  (1d 2025-01-01 -> 2026-07-05)
$AGNG: possibly delisted; no price data found  (1d 2025-01-01 -> 2026-07-05)
$ABUS: possibly delisted; no price data found  (1d 2025-01-01 -> 2026-07-05)
$AAXJ: possibly delisted; no price data found  (1d 2025-01-01 -> 2026-07-05)
$ADPT: possibly delisted; no price data found  (1d 2025-01-01 -> 2026-07-05)
$AENT: possibly delisted; no price data found  (1d 2025-01-01 -> 2026-07-05)
$AGNT: possibly delisted; no price data found  (1d 2025-01-01 -> 2026-07-05)
$INTC: possibly delisted; no price data found  (1d 2025-01-01 -> 2026-07-05)
$AHG: possibly delisted; no price data found  (1d 2025-01-01 -> 2026-07-05)
$ACOG: possibly delisted; no price data found  (1d 2025-01-01 -> 2026-07-05)
$AMD: possibly delisted; no price data found  (1d 2025-01-01 -> 2026-07-05)
$AAPB: possibly delisted; no price data found  (1d 2025-01-01 -> 2026-07-05)
$AEBI: possibly delisted; no price data found  (1d 2025-01-01 -> 2026-07-05)
$AHMA: possibly delisted; no price data found  (1d 2025-01-01 -> 2026-07-05)
$ADGM: possibly delisted; no price data found  (1d 2025-01-01 -> 2026-07-05)
$ABCL: possibly delisted; no price data found  (1d 2025-01-01 -> 2026-07-05)
$AEVA: possibly delisted; no price data found  (1d 2025-01-01 -> 2026-07-05)
$ACRS: possibly delisted; no price data found  (1d 2025-01-01 -> 2026-07-05)
$ABVEW: possibly delisted; no price data found  (1d 2025-01-01 -> 2026-07-05)
Failed to get ticker 'TENAGA.KL' reason: Failed to perform, curl: (28) Connection timed out after 30002 milliseconds. See https://curl.se/libcurl/c/libcurl-errors.html first for more details.
$TENAGA.KL: possibly delisted; no timezone found
$ADBE: possibly delisted; no price data found  (1d 2025-01-01 -> 2026-07-05)
$ADAM: possibly delisted; no price data found  (1d 2025-01-01 -> 2026-07-05)
$AFYA: possibly delisted; no price data found  (1d 2025-01-01 -> 2026-07-05)
$AADR: possibly delisted; no price data found  (1d 2025-01-01 -> 2026-07-05)
Failed to get ticker 'MAXIS.KL' reason: Failed to perform, curl: (28) Connection timed out after 30002 milliseconds. See https://curl.se/libcurl/c/libcurl-errors.html first for more details.
$MAXIS.KL: possibly delisted; no timezone found
$ACRV: possibly delisted; no price data found  (1d 2025-01-01 -> 2026-07-05)
$ARM: possibly delisted; no price data found  (1d 2025-01-01 -> 2026-07-05)
$AAVM: possibly delisted; no price data found  (1d 2025-01-01 -> 2026-07-05)
$AEAQW: possibly delisted; no price data found  (1d 2025-01-01 -> 2026-07-05)
$ACONW: possibly delisted; no price data found  (1d 2025-01-01 -> 2026-07-05)
$ABVE: possibly delisted; no price data found  (1d 2025-01-01 -> 2026-07-05)
$AACB: possibly delisted; no price data found  (1d 2025-01-01 -> 2026-07-05)
$AFBI: possibly delisted; no price data found  (1d 2025-01-01 -> 2026-07-05)
$ACHR: possibly delisted; no price data found  (1d 2025-01-01 -> 2026-07-05)
$ADACW: possibly delisted; no price data found  (1d 2025-01-01 -> 2026-07-05)
$AACOU: possibly delisted; no price data found  (1d 2025-01-01 -> 2026-07-05)
$AALG: possibly delisted; no price data found  (1d 2025-01-01 -> 2026-07-05)
$ACFN: possibly delisted; no price data found  (1d 2025-01-01 -> 2026-07-05)
$ADAG: possibly delisted; no price data found  (1d 2025-01-01 -> 2026-07-05)
$VG: possibly delisted; no price data found  (1d 2025-01-01 -> 2026-07-05)
$INR: possibly delisted; no price data found  (1d 2025-01-01 -> 2026-07-05)
$ACGCU: possibly delisted; no price data found  (1d 2025-01-01 -> 2026-07-05)
$ACAA: possibly delisted; no price data found  (1d 2025-01-01 -> 2026-07-05)
$ACT: possibly delisted; no price data found  (1d 2025-01-01 -> 2026-07-05)
$ACWX: possibly delisted; no price data found  (1d 2025-01-01 -> 2026-07-05)
$AEC: possibly delisted; no price data found  (1d 2025-01-01 -> 2026-07-05)
$2291.KL: possibly delisted; no price data found  (1d 2025-01-01 -> 2026-07-05)
$PATH: possibly delisted; no price data found  (1d 2025-01-01 -> 2026-07-05)
$CRSP: possibly delisted; no price data found  (1d 2025-01-01 -> 2026-07-05)
Failed to get ticker 'MAYBANK.KL' reason: Failed to perform, curl: (28) Connection timed out after 30002 milliseconds. See https://curl.se/libcurl/c/libcurl-errors.html first for more details.
$MAYBANK.KL: possibly delisted; no timezone found
$AGMI: possibly delisted; no price data found  (1d 2025-01-01 -> 2026-07-05)
$ACAAU: possibly delisted; no price data found  (1d 2025-01-01 -> 2026-07-05)
$ACGLO: possibly delisted; no price data found  (1d 2025-01-01 -> 2026-07-05)
$ACB: possibly delisted; no price data found  (1d 2025-01-01 -> 2026-07-05)
$ADMA: possibly delisted; no price data found  (1d 2025-01-01 -> 2026-07-05)
$AEYE: possibly delisted; no price data found  (1d 2025-01-01 -> 2026-07-05)
$ACON: possibly delisted; no price data found  (1d 2025-01-01 -> 2026-07-05)
$ASML: possibly delisted; no price data found  (1d 2025-01-01 -> 2026-07-05)
$AARD: possibly delisted; no price data found  (1d 2025-01-01 -> 2026-07-05)
$AFCG: possibly delisted; no price data found  (1d 2025-01-01 -> 2026-07-05)
$AGNCZ: possibly delisted; no price data found  (1d 2025-01-01 -> 2026-07-05)
$ADSEW: possibly delisted; no price data found  (1d 2025-01-01 -> 2026-07-05)
$AGMH: possibly delisted; no price data found  (1d 2025-01-01 -> 2026-07-05)
$AAPU: possibly delisted; no price data found  (1d 2025-01-01 -> 2026-07-05)
$AGH: possibly delisted; no price data found  (1d 2025-01-01 -> 2026-07-05)
$AGIX: possibly delisted; no price data found  (1d 2025-01-01 -> 2026-07-05)
$ADSK: possibly delisted; no price data found  (1d 2025-01-01 -> 2026-07-05)
$AFRIW: possibly delisted; no price data found  (1d 2025-01-01 -> 2026-07-05)
$AFRM: possibly delisted; no price data found  (1d 2025-01-01 -> 2026-07-05)
$ADAMO: possibly delisted; no price data found  (1d 2025-01-01 -> 2026-07-05)
$ADI: possibly delisted; no price data found  (1d 2025-01-01 -> 2026-07-05)
$AGAE: possibly delisted; no price data found  (1d 2025-01-01 -> 2026-07-05)
$AACO: possibly delisted; no price data found  (1d 2025-01-01 -> 2026-07-05)
$AGNCO: possibly delisted; no price data found  (1d 2025-01-01 -> 2026-07-05)
$ABSI: possibly delisted; no price data found  (1d 2025-01-01 -> 2026-07-05)
$MSFT: possibly delisted; no price data found  (1d 2025-01-01 -> 2026-07-05)
$IBM: possibly delisted; no price data found  (1d 2025-01-01 -> 2026-07-05)
$ACAD: possibly delisted; no price data found  (1d 2025-01-01 -> 2026-07-05)
$AACIW: possibly delisted; no price data found  (1d 2025-01-01 -> 2026-07-05)
$ADV: possibly delisted; no price data found  (1d 2025-01-01 -> 2026-07-05)
$ACNB: possibly delisted; no price data found  (1d 2025-01-01 -> 2026-07-05)
$ADAMI: possibly delisted; no price data found  (1d 2025-01-01 -> 2026-07-05)
$ADTN: possibly delisted; no price data found  (1d 2025-01-01 -> 2026-07-05)
$ACET: possibly delisted; no price data found  (1d 2025-01-01 -> 2026-07-05)
$AAPL: possibly delisted; no price data found  (1d 2025-01-01 -> 2026-07-05)
$AFSC: possibly delisted; no price data found  (1d 2025-01-01 -> 2026-07-05)
$AGNC: possibly delisted; no price data found  (1d 2025-01-01 -> 2026-07-05)
$NVDA: possibly delisted; no price data found  (1d 2025-01-01 -> 2026-07-05)
Failed to get ticker 'CIMB.KL' reason: Failed to perform, curl: (28) Connection timed out after 30001 milliseconds. See https://curl.se/libcurl/c/libcurl-errors.html first for more details.
$CIMB.KL: possibly delisted; no timezone found
$ACIW: possibly delisted; no price data found  (1d 2025-01-01 -> 2026-07-05)
$ADTX: possibly delisted; no price data found  (1d 2025-01-01 -> 2026-07-05)
$ADAMN: possibly delisted; no price data found  (1d 2025-01-01 -> 2026-07-05)
$ABOS: possibly delisted; no price data found  (1d 2025-01-01 -> 2026-07-05)
$ADUR: possibly delisted; no price data found  (1d 2025-01-01 -> 2026-07-05)
$ADAML: possibly delisted; no price data found  (1d 2025-01-01 -> 2026-07-05)
$AFJK: possibly delisted; no price data found  (1d 2025-01-01 -> 2026-07-05)
$ADAMH: possibly delisted; no price data found  (1d 2025-01-01 -> 2026-07-05)
$AGNCL: possibly delisted; no price data found  (1d 2025-01-01 -> 2026-07-05)
$ACIC: possibly delisted; no price data found  (1d 2025-01-01 -> 2026-07-05)
$AFRI: possibly delisted; no price data found  (1d 2025-01-01 -> 2026-07-05)
$5252.KL: possibly delisted; no price data found  (1d 2025-01-01 -> 2026-07-05)
$AAME: possibly delisted; no price data found  (1d 2025-01-01 -> 2026-07-05)
Failed to get ticker 'GENTING.KL' reason: Failed to perform, curl: (28) Connection timed out after 30001 milliseconds. See https://curl.se/libcurl/c/libcurl-errors.html first for more details.
$GENTING.KL: possibly delisted; no timezone found
$AAUS: possibly delisted; no price data found  (1d 2025-01-01 -> 2026-07-05)
$ACLS: possibly delisted; no price data found  (1d 2025-01-01 -> 2026-07-05)
$ACGLN: possibly delisted; no price data found  (1d 2025-01-01 -> 2026-07-05)
$AGEN: possibly delisted; no price data found  (1d 2025-01-01 -> 2026-07-05)
$WRBY: possibly delisted; no price data found  (1d 2025-01-01 -> 2026-07-05)
$ABAT: possibly delisted; no price data found  (1d 2025-01-01 -> 2026-07-05)
$AERT: possibly delisted; no price data found  (1d 2025-01-01 -> 2026-07-05)
$5302.KL: possibly delisted; no price data found  (1d 2025-01-01 -> 2026-07-05)
$ADVB: possibly delisted; no price data found  (1d 2025-01-01 -> 2026-07-05)
$AGGA: possibly delisted; no price data found  (1d 2025-01-01 -> 2026-07-05)
$ABVX: possibly delisted; no price data found  (1d 2025-01-01 -> 2026-07-05)
$AACIU: possibly delisted; no price data found  (1d 2025-01-01 -> 2026-07-05)
$ACCL: possibly delisted; no price data found  (1d 2025-01-01 -> 2026-07-05)
$ADUS: possibly delisted; no price data found  (1d 2025-01-01 -> 2026-07-05)
$AACI: possibly delisted; no price data found  (1d 2025-01-01 -> 2026-07-05)
$AGRZ: possibly delisted; no price data found  (1d 2025-01-01 -> 2026-07-05)
$AGIO: possibly delisted; no price data found  (1d 2025-01-01 -> 2026-07-05)
$GOOG: possibly delisted; no price data found  (1d 2025-01-01 -> 2026-07-05)

200 Failed downloads:
['AACG', 'ABNB', 'ACWI', 'AEMD', 'ACDC', 'AERTW', 'RXRX', 'ADSE', 'ACAAW', 'AENTW', 'AAPD', 'AACBR', 'AEI', 'ACHV', 'ACGL', 'AGNCN', 'ABI', 'PBBANK.KL', 'AGZD', 'ABCS', 'QCOM', 'ACMR', 'ADP', 'AAOI', 'ADAMZ', 'ABLV', 'AEIS', 'ABEO', 'ADIL', 'ADXN', 'AGEM', 'AGYS', 'AAPG', 'ABLVW', 'ADAMG', 'AEP', 'AGPU', 'AFJKU', 'AGMB', 'AAON', 'ADEA', 'AEAQ', 'AHCO', '6742.KL', 'ACIU', 'ACTG', 'AGNCP', 'AFJKR', 'ACNT', 'ABVC', 'ADAC', 'ACTU', 'ADBG', 'ADAMM', 'MU', 'AACPU', 'AEAQU', 'AI', 'ACEP', 'ACHC', 'AGCC', 'ABNG', 'AEHL', 'ADACU', 'AACOW', 'AAEQ', 'GOOGL', 'AACBU', 'ABTC', 'TSLA', 'CALM', 'AFOS', 'AAL', 'AGNCM', 'ABTS', 'ACXP', 'ABIG', 'AEHR', 'AGNG', 'ABUS', 'AAXJ', 'ADPT', 'AENT', 'AGNT', 'INTC', 'AHG', 'ACOG', 'AMD', 'AAPB', 'AEBI', 'AHMA', 'ADGM', 'ABCL', 'AEVA', 'ACRS', 'ABVEW', 'ADBE', 'ADAM', 'AFYA', 'AADR', 'ACRV', 'ARM', 'AAVM', 'AEAQW', 'ACONW', 'ABVE', 'AACB', 'AFBI', 'ACHR', 'ADACW', 'AACOU', 'AALG', 'ACFN', 'ADAG', 'VG', 'INR', 'ACGCU', 'ACAA', 'ACT', 'ACWX', 'AEC', '2291.KL', 'PATH', 'CRSP', 'AGMI', 'ACAAU', 'ACGLO', 'ACB', 'ADMA', 'AEYE', 'ACON', 'ASML', 'AARD', 'AFCG', 'AGNCZ', 'ADSEW', 'AGMH', 'AAPU', 'AGH', 'AGIX', 'ADSK', 'AFRIW', 'AFRM', 'ADAMO', 'ADI', 'AGAE', 'AACO', 'AGNCO', 'ABSI', 'MSFT', 'IBM', 'ACAD', 'AACIW', 'ADV', 'ACNB', 'ADAMI', 'ADTN', 'ACET', 'AAPL', 'AFSC', 'AGNC', 'NVDA', 'ACIW', 'ADTX', 'ADAMN', 'ABOS', 'ADUR', 'ADAML', 'AFJK', 'ADAMH', 'AGNCL', 'ACIC', 'AFRI', '5252.KL', 'AAME', 'AAUS', 'ACLS', 'ACGLN', 'AGEN', 'WRBY', 'ABAT', 'AERT', '5302.KL', 'ADVB', 'AGGA', 'ABVX', 'AACIU', 'ACCL', 'ADUS', 'AACI', 'AGRZ', 'AGIO', 'GOOG']: possibly delisted; no price data found  (1d 2025-01-01 -> 2026-07-05)
['IOI.KL', 'HARTA.KL']: Timeout('Failed to perform, curl: (28) Connection timed out after 30002 milliseconds. See https://curl.se/libcurl/c/libcurl-errors.html first for more details.')
['TENAGA.KL', 'MAXIS.KL', 'MAYBANK.KL', 'CIMB.KL', 'GENTING.KL']: possibly delisted; no timezone found
$APACU: possibly delisted; no price data found  (1d 2025-01-01 -> 2026-07-05)
$AIHS: possibly delisted; no price data found  (1d 2025-01-01 -> 2026-07-05)
$ALT: possibly delisted; no price data found  (1d 2025-01-01 -> 2026-07-05)
$ALHC: possibly delisted; no price data found  (1d 2025-01-01 -> 2026-07-05)
$AQWA: possibly delisted; no price data found  (1d 2025-01-01 -> 2026-07-05)
$AMAT: possibly delisted; no price data found  (1d 2025-01-01 -> 2026-07-05)
$ANGO: possibly delisted; no price data found  (1d 2025-01-01 -> 2026-07-05)
$APACR: possibly delisted; no price data found  (1d 2025-01-01 -> 2026-07-05)
$ALEC: possibly delisted; no price data found  (1d 2025-01-01 -> 2026-07-05)
$AMKR: possibly delisted; no price data found  (1d 2025-01-01 -> 2026-07-05)
$AMWD: possibly delisted; no price data found  (1d 2025-01-01 -> 2026-07-05)
$ALGM: possibly delisted; no price data found  (1d 2025-01-01 -> 2026-07-05)
$ALAR: possibly delisted; no price data found  (1d 2025-01-01 -> 2026-07-05)
$ANSCU: possibly delisted; no price data found  (1d 2025-01-01 -> 2026-07-05)
$APM: possibly delisted; no price data found  (1d 2025-01-01 -> 2026-07-05)
$APPN: possibly delisted; no price data found  (1d 2025-01-01 -> 2026-07-05)
$ARCC: possibly delisted; no price data found  (1d 2025-01-01 -> 2026-07-05)
$ANIP: possibly delisted; no price data found  (1d 2025-01-01 -> 2026-07-05)
$APGE: possibly delisted; no price data found  (1d 2025-01-01 -> 2026-07-05)
$ALBT: possibly delisted; no price data found  (1d 2025-01-01 -> 2026-07-05)
$ANSC: possibly delisted; no price data found  (1d 2025-01-01 -> 2026-07-05)
$AIIOW: possibly delisted; no price data found  (1d 2025-01-01 -> 2026-07-05)
$APP: possibly delisted; no price data found  (1d 2025-01-01 -> 2026-07-05)
$AIMS: possibly delisted; no price data found  (1d 2025-01-01 -> 2026-07-05)
$ARHS: possibly delisted; no price data found  (1d 2025-01-01 -> 2026-07-05)
$APPX: possibly delisted; no price data found  (1d 2025-01-01 -> 2026-07-05)
$AKTS: possibly delisted; no price data found  (1d 2025-01-01 -> 2026-07-05)
$ALDFU: possibly delisted; no price data found  (1d 2025-01-01 -> 2026-07-05)
$AMPG: possibly delisted; no price data found  (1d 2025-01-01 -> 2026-07-05)
$AMPGR: possibly delisted; no price data found  (1d 2025-01-01 -> 2026-07-05)
$ANGH: possibly delisted; no price data found  (1d 2025-01-01 -> 2026-07-05)
$AMIX: possibly delisted; no price data found  (1d 2025-01-01 -> 2026-07-05)
$ALF: possibly delisted; no price data found  (1d 2025-01-01 -> 2026-07-05)
$ANSCW: possibly delisted; no price data found  (1d 2025-01-01 -> 2026-07-05)
$ANY: possibly delisted; no price data found  (1d 2025-01-01 -> 2026-07-05)
$AMZU: possibly delisted; no price data found  (1d 2025-01-01 -> 2026-07-05)
$AIFF: possibly delisted; no price data found  (1d 2025-01-01 -> 2026-07-05)
$AIRTP: possibly delisted; no price data found  (1d 2025-01-01 -> 2026-07-05)
$ARCLU: possibly delisted; no price data found  (1d 2025-01-01 -> 2026-07-05)
$ALVO: possibly delisted; no price data found  (1d 2025-01-01 -> 2026-07-05)
$AIXI: possibly delisted; no price data found  (1d 2025-01-01 -> 2026-07-05)
$ALOV: possibly delisted; no price data found  (1d 2025-01-01 -> 2026-07-05)
$ALGN: possibly delisted; no price data found  (1d 2025-01-01 -> 2026-07-05)
$AMSC: possibly delisted; no price data found  (1d 2025-01-01 -> 2026-07-05)
$AMTX: possibly delisted; no price data found  (1d 2025-01-01 -> 2026-07-05)
$AMZD: possibly delisted; no price data found  (1d 2025-01-01 -> 2026-07-05)
$ANDE: possibly delisted; no price data found  (1d 2025-01-01 -> 2026-07-05)
$AMDL: possibly delisted; no price data found  (1d 2025-01-01 -> 2026-07-05)
$ALISR: possibly delisted; no price data found  (1d 2025-01-01 -> 2026-07-05)
$ALIL: possibly delisted; no price data found  (1d 2025-01-01 -> 2026-07-05)
$AQST: possibly delisted; no price data found  (1d 2025-01-01 -> 2026-07-05)
$ANEL: possibly delisted; no price data found  (1d 2025-01-01 -> 2026-07-05)
$ARBE: possibly delisted; no price data found  (1d 2025-01-01 -> 2026-07-05)
$AMST: possibly delisted; no price data found  (1d 2025-01-01 -> 2026-07-05)
$AMODW: possibly delisted; no price data found  (1d 2025-01-01 -> 2026-07-05)
$AIQ: possibly delisted; no price data found  (1d 2025-01-01 -> 2026-07-05)
$ALLT: possibly delisted; no price data found  (1d 2025-01-01 -> 2026-07-05)
$AMAL: possibly delisted; no price data found  (1d 2025-01-01 -> 2026-07-05)
$ANNA: possibly delisted; no price data found  (1d 2025-01-01 -> 2026-07-05)
$APXTW: possibly delisted; no price data found  (1d 2025-01-01 -> 2026-07-05)
$ALOVU: possibly delisted; no price data found  (1d 2025-01-01 -> 2026-07-05)
$ALKS: possibly delisted; no price data found  (1d 2025-01-01 -> 2026-07-05)
$ANAB: possibly delisted; no price data found  (1d 2025-01-01 -> 2026-07-05)
$AIRJ: possibly delisted; no price data found  (1d 2025-01-01 -> 2026-07-05)
$ALMR: possibly delisted; no price data found  (1d 2025-01-01 -> 2026-07-05)
$ALOY: possibly delisted; no price data found  (1d 2025-01-01 -> 2026-07-05)
$ALDX: possibly delisted; no price data found  (1d 2025-01-01 -> 2026-07-05)
$ARAY: possibly delisted; no price data found  (1d 2025-01-01 -> 2026-07-05)
$AREBW: possibly delisted; no price data found  (1d 2025-01-01 -> 2026-07-05)
$ARBEW: possibly delisted; no price data found  (1d 2025-01-01 -> 2026-07-05)
$ANGHW: possibly delisted; no price data found  (1d 2025-01-01 -> 2026-07-05)
$APLS: possibly delisted; no price data found  (1d 2025-01-01 -> 2026-07-05)
$ALTI: possibly delisted; no price data found  (1d 2025-01-01 -> 2026-07-05)
$ALXO: possibly delisted; no price data found  (1d 2025-01-01 -> 2026-07-05)
$AOSL: possibly delisted; no price data found  (1d 2025-01-01 -> 2026-07-05)
$ALDF: possibly delisted; no price data found  (1d 2025-01-01 -> 2026-07-05)
$APEI: possibly delisted; no price data found  (1d 2025-01-01 -> 2026-07-05)
$AQB: possibly delisted; no price data found  (1d 2025-01-01 -> 2026-07-05)
$AISPW: possibly delisted; no price data found  (1d 2025-01-01 -> 2026-07-05)
$ALZN: possibly delisted; no price data found  (1d 2025-01-01 -> 2026-07-05)
$ALGS: possibly delisted; no price data found  (1d 2025-01-01 -> 2026-07-05)
$AOHY: possibly delisted; no price data found  (1d 2025-01-01 -> 2026-07-05)
$APPF: possibly delisted; no price data found  (1d 2025-01-01 -> 2026-07-05)
$ALVOW: possibly delisted; no price data found  (1d 2025-01-01 -> 2026-07-05)
$ARCIU: possibly delisted; no price data found  (1d 2025-01-01 -> 2026-07-05)
$ARCB: possibly delisted; no price data found  (1d 2025-01-01 -> 2026-07-05)
$ANIX: possibly delisted; no price data found  (1d 2025-01-01 -> 2026-07-05)
$ALTY: possibly delisted; no price data found  (1d 2025-01-01 -> 2026-07-05)
$ALCYW: possibly delisted; no price data found  (1d 2025-01-01 -> 2026-07-05)
$ANTA: possibly delisted; no price data found  (1d 2025-01-01 -> 2026-07-05)
$ALMS: possibly delisted; no price data found  (1d 2025-01-01 -> 2026-07-05)
$AIRR: possibly delisted; no price data found  (1d 2025-01-01 -> 2026-07-05)
$AIRS: possibly delisted; no price data found  (1d 2025-01-01 -> 2026-07-05)
$AMPL: possibly delisted; no price data found  (1d 2025-01-01 -> 2026-07-05)
$ALRS: possibly delisted; no price data found  (1d 2025-01-01 -> 2026-07-05)
$APLD: possibly delisted; no price data found  (1d 2025-01-01 -> 2026-07-05)
$AREB: possibly delisted; no price data found  (1d 2025-01-01 -> 2026-07-05)
$AIRE: possibly delisted; no price data found  (1d 2025-01-01 -> 2026-07-05)
$AQMS: possibly delisted; no price data found  (1d 2025-01-01 -> 2026-07-05)
$APXT: possibly delisted; no price data found  (1d 2025-01-01 -> 2026-07-05)
$AIRT: possibly delisted; no price data found  (1d 2025-01-01 -> 2026-07-05)
$ANL: possibly delisted; no price data found  (1d 2025-01-01 -> 2026-07-05)
$AMID: possibly delisted; no price data found  (1d 2025-01-01 -> 2026-07-05)
$AIOS: possibly delisted; no price data found  (1d 2025-01-01 -> 2026-07-05)
$AIPI: possibly delisted; no price data found  (1d 2025-01-01 -> 2026-07-05)
$ALIS: possibly delisted; no price data found  (1d 2025-01-01 -> 2026-07-05)
$ALLW: possibly delisted; no price data found  (1d 2025-01-01 -> 2026-07-05)
$AIFD: possibly delisted; no price data found  (1d 2025-01-01 -> 2026-07-05)
$ANGL: possibly delisted; no price data found  (1d 2025-01-01 -> 2026-07-05)
$APVO: possibly delisted; no price data found  (1d 2025-01-01 -> 2026-07-05)
$ALDFW: possibly delisted; no price data found  (1d 2025-01-01 -> 2026-07-05)
$AMRX: possibly delisted; no price data found  (1d 2025-01-01 -> 2026-07-05)
$AMUN: possibly delisted; no price data found  (1d 2025-01-01 -> 2026-07-05)
$APA: possibly delisted; no price data found  (1d 2025-01-01 -> 2026-07-05)
$AMCX: possibly delisted; no price data found  (1d 2025-01-01 -> 2026-07-05)
$ARCI: possibly delisted; no price data found  (1d 2025-01-01 -> 2026-07-05)
$ALNY: possibly delisted; no price data found  (1d 2025-01-01 -> 2026-07-05)
$ALFUW: possibly delisted; no price data found  (1d 2025-01-01 -> 2026-07-05)
$APLM: possibly delisted; no price data found  (1d 2025-01-01 -> 2026-07-05)
$APXTU: possibly delisted; no price data found  (1d 2025-01-01 -> 2026-07-05)
$APOG: possibly delisted; no price data found  (1d 2025-01-01 -> 2026-07-05)
$AMDG: possibly delisted; no price data found  (1d 2025-01-01 -> 2026-07-05)
$AIDX: possibly delisted; no price data found  (1d 2025-01-01 -> 2026-07-05)
$AOUT: possibly delisted; no price data found  (1d 2025-01-01 -> 2026-07-05)
$APRE: possibly delisted; no price data found  (1d 2025-01-01 -> 2026-07-05)
$AMPGZ: possibly delisted; no price data found  (1d 2025-01-01 -> 2026-07-05)
$AIA: possibly delisted; no price data found  (1d 2025-01-01 -> 2026-07-05)
$AMBA: possibly delisted; no price data found  (1d 2025-01-01 -> 2026-07-05)
$AMCI: possibly delisted; no price data found  (1d 2025-01-01 -> 2026-07-05)
$API: possibly delisted; no price data found  (1d 2025-01-01 -> 2026-07-05)
$ALPS: possibly delisted; no price data found  (1d 2025-01-01 -> 2026-07-05)
$ALNT: possibly delisted; no price data found  (1d 2025-01-01 -> 2026-07-05)
$AMBR: possibly delisted; no price data found  (1d 2025-01-01 -> 2026-07-05)
$AIMD: possibly delisted; no price data found  (1d 2025-01-01 -> 2026-07-05)
$ALKT: possibly delisted; no price data found  (1d 2025-01-01 -> 2026-07-05)
$ARBK: possibly delisted; no price data found  (1d 2025-01-01 -> 2026-07-05)
$ALTO: possibly delisted; no price data found  (1d 2025-01-01 -> 2026-07-05)
$ARAI: possibly delisted; no price data found  (1d 2025-01-01 -> 2026-07-05)
$AIRO: possibly delisted; no price data found  (1d 2025-01-01 -> 2026-07-05)
$ALISU: possibly delisted; no price data found  (1d 2025-01-01 -> 2026-07-05)
$AMLX: possibly delisted; no price data found  (1d 2025-01-01 -> 2026-07-05)
$AMSF: possibly delisted; no price data found  (1d 2025-01-01 -> 2026-07-05)
$ANNX: possibly delisted; no price data found  (1d 2025-01-01 -> 2026-07-05)
$AIFC: possibly delisted; no price data found  (1d 2025-01-01 -> 2026-07-05)
$ANTX: possibly delisted; no price data found  (1d 2025-01-01 -> 2026-07-05)
$AMDD: possibly delisted; no price data found  (1d 2025-01-01 -> 2026-07-05)
$AKAN: possibly delisted; no price data found  (1d 2025-01-01 -> 2026-07-05)
$AMUU: possibly delisted; no price data found  (1d 2025-01-01 -> 2026-07-05)
$AMOD: possibly delisted; no price data found  (1d 2025-01-01 -> 2026-07-05)
$APYX: possibly delisted; no price data found  (1d 2025-01-01 -> 2026-07-05)
$AIP: possibly delisted; no price data found  (1d 2025-01-01 -> 2026-07-05)
$ALCO: possibly delisted; no price data found  (1d 2025-01-01 -> 2026-07-05)
$APAC: possibly delisted; no price data found  (1d 2025-01-01 -> 2026-07-05)
$ALAB: possibly delisted; no price data found  (1d 2025-01-01 -> 2026-07-05)
$ANPA: possibly delisted; no price data found  (1d 2025-01-01 -> 2026-07-05)
$AMZN: possibly delisted; no price data found  (1d 2025-01-01 -> 2026-07-05)
$ANIK: possibly delisted; no price data found  (1d 2025-01-01 -> 2026-07-05)
$APWC: possibly delisted; no price data found  (1d 2025-01-01 -> 2026-07-05)
$AREC: possibly delisted; no price data found  (1d 2025-01-01 -> 2026-07-05)
$AMRN: possibly delisted; no price data found  (1d 2025-01-01 -> 2026-07-05)
$AIPO: possibly delisted; no price data found  (1d 2025-01-01 -> 2026-07-05)
$AMGN: possibly delisted; no price data found  (1d 2025-01-01 -> 2026-07-05)
$ARGX: possibly delisted; no price data found  (1d 2025-01-01 -> 2026-07-05)
$AIMDW: possibly delisted; no price data found  (1d 2025-01-01 -> 2026-07-05)
$ARCT: possibly delisted; no price data found  (1d 2025-01-01 -> 2026-07-05)
$ARBB: possibly delisted; no price data found  (1d 2025-01-01 -> 2026-07-05)
$AIRJW: possibly delisted; no price data found  (1d 2025-01-01 -> 2026-07-05)
$ALOVW: possibly delisted; no price data found  (1d 2025-01-01 -> 2026-07-05)
$APLMW: possibly delisted; no price data found  (1d 2025-01-01 -> 2026-07-05)
$AIRG: possibly delisted; no price data found  (1d 2025-01-01 -> 2026-07-05)
$AISP: possibly delisted; no price data found  (1d 2025-01-01 -> 2026-07-05)
$AIXC: possibly delisted; no price data found  (1d 2025-01-01 -> 2026-07-05)
$ARCIW: possibly delisted; no price data found  (1d 2025-01-01 -> 2026-07-05)
$ALLR: possibly delisted; no price data found  (1d 2025-01-01 -> 2026-07-05)
$ALBG: possibly delisted; no price data found  (1d 2025-01-01 -> 2026-07-05)
$AKAM: possibly delisted; no price data found  (1d 2025-01-01 -> 2026-07-05)
$ALMU: possibly delisted; no price data found  (1d 2025-01-01 -> 2026-07-05)
$AMPH: possibly delisted; no price data found  (1d 2025-01-01 -> 2026-07-05)
$AKBA: possibly delisted; no price data found  (1d 2025-01-01 -> 2026-07-05)
$ALOT: possibly delisted; no price data found  (1d 2025-01-01 -> 2026-07-05)
$AMA: possibly delisted; no price data found  (1d 2025-01-01 -> 2026-07-05)
$AMZZ: possibly delisted; no price data found  (1d 2025-01-01 -> 2026-07-05)
$ANNAW: possibly delisted; no price data found  (1d 2025-01-01 -> 2026-07-05)
$ALGT: possibly delisted; no price data found  (1d 2025-01-01 -> 2026-07-05)
$ALRM: possibly delisted; no price data found  (1d 2025-01-01 -> 2026-07-05)
$ALM: possibly delisted; no price data found  (1d 2025-01-01 -> 2026-07-05)
$AIFU: possibly delisted; no price data found  (1d 2025-01-01 -> 2026-07-05)
$ALP: possibly delisted; no price data found  (1d 2025-01-01 -> 2026-07-05)
$APPS: possibly delisted; no price data found  (1d 2025-01-01 -> 2026-07-05)
$AOTG: possibly delisted; no price data found  (1d 2025-01-01 -> 2026-07-05)
$ARDX: possibly delisted; no price data found  (1d 2025-01-01 -> 2026-07-05)
$AIOT: possibly delisted; no price data found  (1d 2025-01-01 -> 2026-07-05)
$ALFUU: possibly delisted; no price data found  (1d 2025-01-01 -> 2026-07-05)
$ANGI: possibly delisted; no price data found  (1d 2025-01-01 -> 2026-07-05)
$ANV: possibly delisted; no price data found  (1d 2025-01-01 -> 2026-07-05)
$APC: possibly delisted; no price data found  (1d 2025-01-01 -> 2026-07-05)
$AMYY: possibly delisted; no price data found  (1d 2025-01-01 -> 2026-07-05)
$ALLO: possibly delisted; no price data found  (1d 2025-01-01 -> 2026-07-05)
$ALCY: possibly delisted; no price data found  (1d 2025-01-01 -> 2026-07-05)
$AIIO: possibly delisted; no price data found  (1d 2025-01-01 -> 2026-07-05)

200 Failed downloads:
['APACU', 'AIHS', 'ALT', 'ALHC', 'AQWA', 'AMAT', 'ANGO', 'APACR', 'ALEC', 'AMKR', 'AMWD', 'ALGM', 'ALAR', 'ANSCU', 'APM', 'APPN', 'ARCC', 'ANIP', 'APGE', 'ALBT', 'ANSC', 'AIIOW', 'APP', 'AIMS', 'ARHS', 'APPX', 'AKTS', 'ALDFU', 'AMPG', 'AMPGR', 'ANGH', 'AMIX', 'ALF', 'ANSCW', 'ANY', 'AMZU', 'AIFF', 'AIRTP', 'ARCLU', 'ALVO', 'AIXI', 'ALOV', 'ALGN', 'AMSC', 'AMTX', 'AMZD', 'ANDE', 'AMDL', 'ALISR', 'ALIL', 'AQST', 'ANEL', 'ARBE', 'AMST', 'AMODW', 'AIQ', 'ALLT', 'AMAL', 'ANNA', 'APXTW', 'ALOVU', 'ALKS', 'ANAB', 'AIRJ', 'ALMR', 'ALOY', 'ALDX', 'ARAY', 'AREBW', 'ARBEW', 'ANGHW', 'APLS', 'ALTI', 'ALXO', 'AOSL', 'ALDF', 'APEI', 'AQB', 'AISPW', 'ALZN', 'ALGS', 'AOHY', 'APPF', 'ALVOW', 'ARCIU', 'ARCB', 'ANIX', 'ALTY', 'ALCYW', 'ANTA', 'ALMS', 'AIRR', 'AIRS', 'AMPL', 'ALRS', 'APLD', 'AREB', 'AIRE', 'AQMS', 'APXT', 'AIRT', 'ANL', 'AMID', 'AIOS', 'AIPI', 'ALIS', 'ALLW', 'AIFD', 'ANGL', 'APVO', 'ALDFW', 'AMRX', 'AMUN', 'APA', 'AMCX', 'ARCI', 'ALNY', 'ALFUW', 'APLM', 'APXTU', 'APOG', 'AMDG', 'AIDX', 'AOUT', 'APRE', 'AMPGZ', 'AIA', 'AMBA', 'AMCI', 'API', 'ALPS', 'ALNT', 'AMBR', 'AIMD', 'ALKT', 'ARBK', 'ALTO', 'ARAI', 'AIRO', 'ALISU', 'AMLX', 'AMSF', 'ANNX', 'AIFC', 'ANTX', 'AMDD', 'AKAN', 'AMUU', 'AMOD', 'APYX', 'AIP', 'ALCO', 'APAC', 'ALAB', 'ANPA', 'AMZN', 'ANIK', 'APWC', 'AREC', 'AMRN', 'AIPO', 'AMGN', 'ARGX', 'AIMDW', 'ARCT', 'ARBB', 'AIRJW', 'ALOVW', 'APLMW', 'AIRG', 'AISP', 'AIXC', 'ARCIW', 'ALLR', 'ALBG', 'AKAM', 'ALMU', 'AMPH', 'AKBA', 'ALOT', 'AMA', 'AMZZ', 'ANNAW', 'ALGT', 'ALRM', 'ALM', 'AIFU', 'ALP', 'APPS', 'AOTG', 'ARDX', 'AIOT', 'ALFUU', 'ANGI', 'ANV', 'APC', 'AMYY', 'ALLO', 'ALCY', 'AIIO']: possibly delisted; no price data found  (1d 2025-01-01 -> 2026-07-05)
$ATHR: possibly delisted; no price data found  (1d 2025-01-01 -> 2026-07-05)
$AVL: possibly delisted; no price data found  (1d 2025-01-01 -> 2026-07-05)
$ARKR: possibly delisted; no price data found  (1d 2025-01-01 -> 2026-07-05)
$AZI: possibly delisted; no price data found  (1d 2025-01-01 -> 2026-07-05)
$ASST: possibly delisted; no price data found  (1d 2025-01-01 -> 2026-07-05)
$ARMG: possibly delisted; no price data found  (1d 2025-01-01 -> 2026-07-05)
$BCDA: possibly delisted; no price data found  (1d 2025-01-01 -> 2026-07-05)
$ATII: possibly delisted; no price data found  (1d 2025-01-01 -> 2026-07-05)
$ASTS: possibly delisted; no price data found  (1d 2025-01-01 -> 2026-07-05)
$ATEX: possibly delisted; no price data found  (1d 2025-01-01 -> 2026-07-05)
$ATRC: possibly delisted; no price data found  (1d 2025-01-01 -> 2026-07-05)
$AVNW: possibly delisted; no price data found  (1d 2025-01-01 -> 2026-07-05)
$ARVR: possibly delisted; no price data found  (1d 2025-01-01 -> 2026-07-05)
$BAND: possibly delisted; no price data found  (1d 2025-01-01 -> 2026-07-05)
$AYTU: possibly delisted; no price data found  (1d 2025-01-01 -> 2026-07-05)
$AUID: possibly delisted; no price data found  (1d 2025-01-01 -> 2026-07-05)
$BCFN: possibly delisted; no price data found  (1d 2025-01-01 -> 2026-07-05)
$AVGB: possibly delisted; no price data found  (1d 2025-01-01 -> 2026-07-05)
$AUTL: possibly delisted; no price data found  (1d 2025-01-01 -> 2026-07-05)
$AVGO: possibly delisted; no price data found  (1d 2025-01-01 -> 2026-07-05)
$BBCQW: possibly delisted; no price data found  (1d 2025-01-01 -> 2026-07-05)
$BDCIW: possibly delisted; no price data found  (1d 2025-01-01 -> 2026-07-05)
$BACC: possibly delisted; no price data found  (1d 2025-01-01 -> 2026-07-05)
$BCRX: possibly delisted; no price data found  (1d 2025-01-01 -> 2026-07-05)
$ARTW: possibly delisted; no price data found  (1d 2025-01-01 -> 2026-07-05)
$ARXS: possibly delisted; no price data found  (1d 2025-01-01 -> 2026-07-05)
$ASTC: possibly delisted; no price data found  (1d 2025-01-01 -> 2026-07-05)
$ATLX: possibly delisted; no price data found  (1d 2025-01-01 -> 2026-07-05)
$AVBP: possibly delisted; no price data found  (1d 2025-01-01 -> 2026-07-05)
$ASPI: possibly delisted; no price data found  (1d 2025-01-01 -> 2026-07-05)
$AXPG: possibly delisted; no price data found  (1d 2025-01-01 -> 2026-07-05)
$BBCQU: possibly delisted; no price data found  (1d 2025-01-01 -> 2026-07-05)
$BCIC: possibly delisted; no price data found  (1d 2025-01-01 -> 2026-07-05)
$BALQ: possibly delisted; no price data found  (1d 2025-01-01 -> 2026-07-05)
$ATHE: possibly delisted; no price data found  (1d 2025-01-01 -> 2026-07-05)
$ARTV: possibly delisted; no price data found  (1d 2025-01-01 -> 2026-07-05)
$ATLO: possibly delisted; no price data found  (1d 2025-01-01 -> 2026-07-05)
$BCTK: possibly delisted; no price data found  (1d 2025-01-01 -> 2026-07-05)
$AVXX: possibly delisted; no price data found  (1d 2025-01-01 -> 2026-07-05)
$AUMI: possibly delisted; no price data found  (1d 2025-01-01 -> 2026-07-05)
$ARQQ: possibly delisted; no price data found  (1d 2025-01-01 -> 2026-07-05)
$BDCIU: possibly delisted; no price data found  (1d 2025-01-01 -> 2026-07-05)
$ASRT: possibly delisted; no price data found  (1d 2025-01-01 -> 2026-07-05)
$AVGG: possibly delisted; no price data found  (1d 2025-01-01 -> 2026-07-05)
$ATIIW: possibly delisted; no price data found  (1d 2025-01-01 -> 2026-07-05)
$AVUQ: possibly delisted; no price data found  (1d 2025-01-01 -> 2026-07-05)
$BCG: possibly delisted; no price data found  (1d 2025-01-01 -> 2026-07-05)
$ARLP: possibly delisted; no price data found  (1d 2025-01-01 -> 2026-07-05)
$BBOT: possibly delisted; no price data found  (1d 2025-01-01 -> 2026-07-05)
$ASPCU: possibly delisted; no price data found  (1d 2025-01-01 -> 2026-07-05)
$AVT: possibly delisted; no price data found  (1d 2025-01-01 -> 2026-07-05)
$ASLE: possibly delisted; no price data found  (1d 2025-01-01 -> 2026-07-05)
$ARTNA: possibly delisted; no price data found  (1d 2025-01-01 -> 2026-07-05)
$AUROW: possibly delisted; no price data found  (1d 2025-01-01 -> 2026-07-05)
$ASPC: possibly delisted; no price data found  (1d 2025-01-01 -> 2026-07-05)
$AXG: possibly delisted; no price data found  (1d 2025-01-01 -> 2026-07-05)
$ATAI: possibly delisted; no price data found  (1d 2025-01-01 -> 2026-07-05)
$BANFP: possibly delisted; no price data found  (1d 2025-01-01 -> 2026-07-05)
$BBH: possibly delisted; no price data found  (1d 2025-01-01 -> 2026-07-05)
$BCGWW: possibly delisted; no price data found  (1d 2025-01-01 -> 2026-07-05)
$ATLC: possibly delisted; no price data found  (1d 2025-01-01 -> 2026-07-05)
$ASYS: possibly delisted; no price data found  (1d 2025-01-01 -> 2026-07-05)
$BAYAU: possibly delisted; no price data found  (1d 2025-01-01 -> 2026-07-05)
$ASPSW: possibly delisted; no price data found  (1d 2025-01-01 -> 2026-07-05)
$ASTI: possibly delisted; no price data found  (1d 2025-01-01 -> 2026-07-05)
$BBLG: possibly delisted; no price data found  (1d 2025-01-01 -> 2026-07-05)
$ASTL: possibly delisted; no price data found  (1d 2025-01-01 -> 2026-07-05)
$BCYC: possibly delisted; no price data found  (1d 2025-01-01 -> 2026-07-05)
$ATGL: possibly delisted; no price data found  (1d 2025-01-01 -> 2026-07-05)
$BACCR: possibly delisted; no price data found  (1d 2025-01-01 -> 2026-07-05)
$AVGX: possibly delisted; no price data found  (1d 2025-01-01 -> 2026-07-05)
$ARKO: possibly delisted; no price data found  (1d 2025-01-01 -> 2026-07-05)
$AURE: possibly delisted; no price data found  (1d 2025-01-01 -> 2026-07-05)
$BABX: possibly delisted; no price data found  (1d 2025-01-01 -> 2026-07-05)
$BBNX: possibly delisted; no price data found  (1d 2025-01-01 -> 2026-07-05)
$ASTE: possibly delisted; no price data found  (1d 2025-01-01 -> 2026-07-05)
$ASTH: possibly delisted; no price data found  (1d 2025-01-01 -> 2026-07-05)
$ASCI: possibly delisted; no price data found  (1d 2025-01-01 -> 2026-07-05)
$AUR: possibly delisted; no price data found  (1d 2025-01-01 -> 2026-07-05)
$BABU: possibly delisted; no price data found  (1d 2025-01-01 -> 2026-07-05)
$BCAL: possibly delisted; no price data found  (1d 2025-01-01 -> 2026-07-05)
$AVAH: possibly delisted; no price data found  (1d 2025-01-01 -> 2026-07-05)
$BASV: possibly delisted; no price data found  (1d 2025-01-01 -> 2026-07-05)
$ASBPW: possibly delisted; no price data found  (1d 2025-01-01 -> 2026-07-05)
$ATOM: possibly delisted; no price data found  (1d 2025-01-01 -> 2026-07-05)
$AXINR: possibly delisted; no price data found  (1d 2025-01-01 -> 2026-07-05)
$BBSI: possibly delisted; no price data found  (1d 2025-01-01 -> 2026-07-05)
$AZYY: possibly delisted; no price data found  (1d 2025-01-01 -> 2026-07-05)
$BAER: possibly delisted; no price data found  (1d 2025-01-01 -> 2026-07-05)
$AUUD: possibly delisted; no price data found  (1d 2025-01-01 -> 2026-07-05)
$AVAV: possibly delisted; no price data found  (1d 2025-01-01 -> 2026-07-05)
$AXINU: possibly delisted; no price data found  (1d 2025-01-01 -> 2026-07-05)
$AUPH: possibly delisted; no price data found  (1d 2025-01-01 -> 2026-07-05)
$BBB: possibly delisted; no price data found  (1d 2025-01-01 -> 2026-07-05)
$AVS: possibly delisted; no price data found  (1d 2025-01-01 -> 2026-07-05)
$AYA: possibly delisted; no price data found  (1d 2025-01-01 -> 2026-07-05)
$BCLO: possibly delisted; no price data found  (1d 2025-01-01 -> 2026-07-05)
$BDGS: possibly delisted; no price data found  (1d 2025-01-01 -> 2026-07-05)
$BAFN: possibly delisted; no price data found  (1d 2025-01-01 -> 2026-07-05)
$ATIIU: possibly delisted; no price data found  (1d 2025-01-01 -> 2026-07-05)
$BBIO: possibly delisted; no price data found  (1d 2025-01-01 -> 2026-07-05)
$ARQQW: possibly delisted; no price data found  (1d 2025-01-01 -> 2026-07-05)
$ARTC: possibly delisted; no price data found  (1d 2025-01-01 -> 2026-07-05)
$BATRK: possibly delisted; no price data found  (1d 2025-01-01 -> 2026-07-05)
$BBCQ: possibly delisted; no price data found  (1d 2025-01-01 -> 2026-07-05)
$BAIV: possibly delisted; no price data found  (1d 2025-01-01 -> 2026-07-05)
$BASG: possibly delisted; no price data found  (1d 2025-01-01 -> 2026-07-05)
$BDSX: possibly delisted; no price data found  (1d 2025-01-01 -> 2026-07-05)
$ATYR: possibly delisted; no price data found  (1d 2025-01-01 -> 2026-07-05)
$BDCI: possibly delisted; no price data found  (1d 2025-01-01 -> 2026-07-05)
$ATLCZ: possibly delisted; no price data found  (1d 2025-01-01 -> 2026-07-05)
$ATEC: possibly delisted; no price data found  (1d 2025-01-01 -> 2026-07-05)
$ATCX: possibly delisted; no price data found  (1d 2025-01-01 -> 2026-07-05)
$AXSM: possibly delisted; no price data found  (1d 2025-01-01 -> 2026-07-05)
$BBYY: possibly delisted; no price data found  (1d 2025-01-01 -> 2026-07-05)
$BCARW: possibly delisted; no price data found  (1d 2025-01-01 -> 2026-07-05)
$AVXL: possibly delisted; no price data found  (1d 2025-01-01 -> 2026-07-05)
$AVTX: possibly delisted; no price data found  (1d 2025-01-01 -> 2026-07-05)
$ATER: possibly delisted; no price data found  (1d 2025-01-01 -> 2026-07-05)
$ASUR: possibly delisted; no price data found  (1d 2025-01-01 -> 2026-07-05)
$ASMG: possibly delisted; no price data found  (1d 2025-01-01 -> 2026-07-05)
$ASMU: possibly delisted; no price data found  (1d 2025-01-01 -> 2026-07-05)
$BATRA: possibly delisted; no price data found  (1d 2025-01-01 -> 2026-07-05)
$ASPS: possibly delisted; no price data found  (1d 2025-01-01 -> 2026-07-05)
$BANX: possibly delisted; no price data found  (1d 2025-01-01 -> 2026-07-05)
$BCBP: possibly delisted; no price data found  (1d 2025-01-01 -> 2026-07-05)
$ARTL: possibly delisted; no price data found  (1d 2025-01-01 -> 2026-07-05)
$BCTXZ: possibly delisted; no price data found  (1d 2025-01-01 -> 2026-07-05)
$AVXC: possibly delisted; no price data found  (1d 2025-01-01 -> 2026-07-05)
$ATOS: possibly delisted; no price data found  (1d 2025-01-01 -> 2026-07-05)
$AVLN: possibly delisted; no price data found  (1d 2025-01-01 -> 2026-07-05)
$BAYA: possibly delisted; no price data found  (1d 2025-01-01 -> 2026-07-05)
$BBCP: possibly delisted; no price data found  (1d 2025-01-01 -> 2026-07-05)
$ATAT: possibly delisted; no price data found  (1d 2025-01-01 -> 2026-07-05)
$ASPSZ: possibly delisted; no price data found  (1d 2025-01-01 -> 2026-07-05)
$AUGO: possibly delisted; no price data found  (1d 2025-01-01 -> 2026-07-05)
$BCAX: possibly delisted; no price data found  (1d 2025-01-01 -> 2026-07-05)
$AROW: possibly delisted; no price data found  (1d 2025-01-01 -> 2026-07-05)
$BCAB: possibly delisted; no price data found  (1d 2025-01-01 -> 2026-07-05)
$ATLCL: possibly delisted; no price data found  (1d 2025-01-01 -> 2026-07-05)
$AXON: possibly delisted; no price data found  (1d 2025-01-01 -> 2026-07-05)
$BACCU: possibly delisted; no price data found  (1d 2025-01-01 -> 2026-07-05)
$BCTXL: possibly delisted; no price data found  (1d 2025-01-01 -> 2026-07-05)
$AXIN: possibly delisted; no price data found  (1d 2025-01-01 -> 2026-07-05)
$ATPC: possibly delisted; no price data found  (1d 2025-01-01 -> 2026-07-05)
$BANR: possibly delisted; no price data found  (1d 2025-01-01 -> 2026-07-05)
$BBLGW: possibly delisted; no price data found  (1d 2025-01-01 -> 2026-07-05)
$BANL: possibly delisted; no price data found  (1d 2025-01-01 -> 2026-07-05)
$AUDC: possibly delisted; no price data found  (1d 2025-01-01 -> 2026-07-05)
$ATXG: possibly delisted; no price data found  (1d 2025-01-01 -> 2026-07-05)
$AVIR: possibly delisted; no price data found  (1d 2025-01-01 -> 2026-07-05)
$BDTX: possibly delisted; no price data found  (1d 2025-01-01 -> 2026-07-05)
$BAFE: possibly delisted; no price data found  (1d 2025-01-01 -> 2026-07-05)
$ARRY: possibly delisted; no price data found  (1d 2025-01-01 -> 2026-07-05)
$BANF: possibly delisted; no price data found  (1d 2025-01-01 -> 2026-07-05)
$ATNI: possibly delisted; no price data found  (1d 2025-01-01 -> 2026-07-05)
$ASMB: possibly delisted; no price data found  (1d 2025-01-01 -> 2026-07-05)
$BCPC: possibly delisted; no price data found  (1d 2025-01-01 -> 2026-07-05)
$AVOS: possibly delisted; no price data found  (1d 2025-01-01 -> 2026-07-05)
$AUBN: possibly delisted; no price data found  (1d 2025-01-01 -> 2026-07-05)
$ATRA: possibly delisted; no price data found  (1d 2025-01-01 -> 2026-07-05)
$AVX: possibly delisted; no price data found  (1d 2025-01-01 -> 2026-07-05)
$ASO: possibly delisted; no price data found  (1d 2025-01-01 -> 2026-07-05)
$ASBP: possibly delisted; no price data found  (1d 2025-01-01 -> 2026-07-05)
$AXTI: possibly delisted; no price data found  (1d 2025-01-01 -> 2026-07-05)
$AVBH: possibly delisted; no price data found  (1d 2025-01-01 -> 2026-07-05)
$ASND: possibly delisted; no price data found  (1d 2025-01-01 -> 2026-07-05)
$BCARU: possibly delisted; no price data found  (1d 2025-01-01 -> 2026-07-05)
$BDMDW: possibly delisted; no price data found  (1d 2025-01-01 -> 2026-07-05)
$AVO: possibly delisted; no price data found  (1d 2025-01-01 -> 2026-07-05)
$ARVN: possibly delisted; no price data found  (1d 2025-01-01 -> 2026-07-05)
$AVPT: possibly delisted; no price data found  (1d 2025-01-01 -> 2026-07-05)
$ARWR: possibly delisted; no price data found  (1d 2025-01-01 -> 2026-07-05)
$BAYAR: possibly delisted; no price data found  (1d 2025-01-01 -> 2026-07-05)
$AVR: possibly delisted; no price data found  (1d 2025-01-01 -> 2026-07-05)
$BDMD: possibly delisted; no price data found  (1d 2025-01-01 -> 2026-07-05)
$ATLCP: possibly delisted; no price data found  (1d 2025-01-01 -> 2026-07-05)
$BAOS: possibly delisted; no price data found  (1d 2025-01-01 -> 2026-07-05)
$BCML: possibly delisted; no price data found  (1d 2025-01-01 -> 2026-07-05)
$AZ: possibly delisted; no price data found  (1d 2025-01-01 -> 2026-07-05)
$ATRO: possibly delisted; no price data found  (1d 2025-01-01 -> 2026-07-05)
$BAERW: possibly delisted; no price data found  (1d 2025-01-01 -> 2026-07-05)
$BAIG: possibly delisted; no price data found  (1d 2025-01-01 -> 2026-07-05)
$BCTX: possibly delisted; no price data found  (1d 2025-01-01 -> 2026-07-05)
$ARTCW: possibly delisted; no price data found  (1d 2025-01-01 -> 2026-07-05)
$AXGN: possibly delisted; no price data found  (1d 2025-01-01 -> 2026-07-05)
$AVGU: possibly delisted; no price data found  (1d 2025-01-01 -> 2026-07-05)
$AZTA: possibly delisted; no price data found  (1d 2025-01-01 -> 2026-07-05)
$AURA: possibly delisted; no price data found  (1d 2025-01-01 -> 2026-07-05)
$ARQ: possibly delisted; no price data found  (1d 2025-01-01 -> 2026-07-05)
$ATLN: possibly delisted; no price data found  (1d 2025-01-01 -> 2026-07-05)
$AWRE: possibly delisted; no price data found  (1d 2025-01-01 -> 2026-07-05)
$ARMY: possibly delisted; no price data found  (1d 2025-01-01 -> 2026-07-05)
$ASRV: possibly delisted; no price data found  (1d 2025-01-01 -> 2026-07-05)
$BBGI: possibly delisted; no price data found  (1d 2025-01-01 -> 2026-07-05)
$BCAR: possibly delisted; no price data found  (1d 2025-01-01 -> 2026-07-05)
$ASTLW: possibly delisted; no price data found  (1d 2025-01-01 -> 2026-07-05)
$ARTCU: possibly delisted; no price data found  (1d 2025-01-01 -> 2026-07-05)
$ASPCR: possibly delisted; no price data found  (1d 2025-01-01 -> 2026-07-05)
$ARQT: possibly delisted; no price data found  (1d 2025-01-01 -> 2026-07-05)

200 Failed downloads:
['ATHR', 'AVL', 'ARKR', 'AZI', 'ASST', 'ARMG', 'BCDA', 'ATII', 'ASTS', 'ATEX', 'ATRC', 'AVNW', 'ARVR', 'BAND', 'AYTU', 'AUID', 'BCFN', 'AVGB', 'AUTL', 'AVGO', 'BBCQW', 'BDCIW', 'BACC', 'BCRX', 'ARTW', 'ARXS', 'ASTC', 'ATLX', 'AVBP', 'ASPI', 'AXPG', 'BBCQU', 'BCIC', 'BALQ', 'ATHE', 'ARTV', 'ATLO', 'BCTK', 'AVXX', 'AUMI', 'ARQQ', 'BDCIU', 'ASRT', 'AVGG', 'ATIIW', 'AVUQ', 'BCG', 'ARLP', 'BBOT', 'ASPCU', 'AVT', 'ASLE', 'ARTNA', 'AUROW', 'ASPC', 'AXG', 'ATAI', 'BANFP', 'BBH', 'BCGWW', 'ATLC', 'ASYS', 'BAYAU', 'ASPSW', 'ASTI', 'BBLG', 'ASTL', 'BCYC', 'ATGL', 'BACCR', 'AVGX', 'ARKO', 'AURE', 'BABX', 'BBNX', 'ASTE', 'ASTH', 'ASCI', 'AUR', 'BABU', 'BCAL', 'AVAH', 'BASV', 'ASBPW', 'ATOM', 'AXINR', 'BBSI', 'AZYY', 'BAER', 'AUUD', 'AVAV', 'AXINU', 'AUPH', 'BBB', 'AVS', 'AYA', 'BCLO', 'BDGS', 'BAFN', 'ATIIU', 'BBIO', 'ARQQW', 'ARTC', 'BATRK', 'BBCQ', 'BAIV', 'BASG', 'BDSX', 'ATYR', 'BDCI', 'ATLCZ', 'ATEC', 'ATCX', 'AXSM', 'BBYY', 'BCARW', 'AVXL', 'AVTX', 'ATER', 'ASUR', 'ASMG', 'ASMU', 'BATRA', 'ASPS', 'BANX', 'BCBP', 'ARTL', 'BCTXZ', 'AVXC', 'ATOS', 'AVLN', 'BAYA', 'BBCP', 'ATAT', 'ASPSZ', 'AUGO', 'BCAX', 'AROW', 'BCAB', 'ATLCL', 'AXON', 'BACCU', 'BCTXL', 'AXIN', 'ATPC', 'BANR', 'BBLGW', 'BANL', 'AUDC', 'ATXG', 'AVIR', 'BDTX', 'BAFE', 'ARRY', 'BANF', 'ATNI', 'ASMB', 'BCPC', 'AVOS', 'AUBN', 'ATRA', 'AVX', 'ASO', 'ASBP', 'AXTI', 'AVBH', 'ASND', 'BCARU', 'BDMDW', 'AVO', 'ARVN', 'AVPT', 'ARWR', 'BAYAR', 'AVR', 'BDMD', 'ATLCP', 'BAOS', 'BCML', 'AZ', 'ATRO', 'BAERW', 'BAIG', 'BCTX', 'ARTCW', 'AXGN', 'AVGU', 'AZTA', 'AURA', 'ARQ', 'ATLN', 'AWRE', 'ARMY', 'ASRV', 'BBGI', 'BCAR', 'ASTLW', 'ARTCU', 'ASPCR', 'ARQT']: possibly delisted; no price data found  (1d 2025-01-01 -> 2026-07-05)
$BPYPP: possibly delisted; no price data found  (1d 2025-01-01 -> 2026-07-05)
$BRLS: possibly delisted; no price data found  (1d 2025-01-01 -> 2026-07-05)
$BOOM: possibly delisted; no price data found  (1d 2025-01-01 -> 2026-07-05)
$BEEM: possibly delisted; no price data found  (1d 2025-01-01 -> 2026-07-05)
$BFRI: possibly delisted; no price data found  (1d 2025-01-01 -> 2026-07-05)
$BIAFW: possibly delisted; no price data found  (1d 2025-01-01 -> 2026-07-05)
$BIXIU: possibly delisted; no price data found  (1d 2025-01-01 -> 2026-07-05)
$BLLN: possibly delisted; no price data found  (1d 2025-01-01 -> 2026-07-05)
$BLMN: possibly delisted; no price data found  (1d 2025-01-01 -> 2026-07-05)
$BOLD: possibly delisted; no price data found  (1d 2025-01-01 -> 2026-07-05)
$BRLT: possibly delisted; no price data found  (1d 2025-01-01 -> 2026-07-05)
$BHST: possibly delisted; no price data found  (1d 2025-01-01 -> 2026-07-05)
$BIOA: possibly delisted; no price data found  (1d 2025-01-01 -> 2026-07-05)
$BGMS: possibly delisted; no price data found  (1d 2025-01-01 -> 2026-07-05)
$BKHA: possibly delisted; no price data found  (1d 2025-01-01 -> 2026-07-05)
$BIXI: possibly delisted; no price data found  (1d 2025-01-01 -> 2026-07-05)
$BNGO: possibly delisted; no price data found  (1d 2025-01-01 -> 2026-07-05)
$BEG: possibly delisted; no price data found  (1d 2025-01-01 -> 2026-07-05)
$BPOPM: possibly delisted; no price data found  (1d 2025-01-01 -> 2026-07-05)
$BLRK: possibly delisted; no price data found  (1d 2025-01-01 -> 2026-07-05)
$BRRWW: possibly delisted; no price data found  (1d 2025-01-01 -> 2026-07-05)
$BELT: possibly delisted; no price data found  (1d 2025-01-01 -> 2026-07-05)
$BDYN: possibly delisted; no price data found  (1d 2025-01-01 -> 2026-07-05)
$BMRA: possibly delisted; no price data found  (1d 2025-01-01 -> 2026-07-05)
$BSCR: possibly delisted; no price data found  (1d 2025-01-01 -> 2026-07-05)
$BGM: possibly delisted; no price data found  (1d 2025-01-01 -> 2026-07-05)
$BIOY: possibly delisted; no price data found  (1d 2025-01-01 -> 2026-07-05)
$BKNG: possibly delisted; no price data found  (1d 2025-01-01 -> 2026-07-05)
$BEAT: possibly delisted; no price data found  (1d 2025-01-01 -> 2026-07-05)
$BLUWU: possibly delisted; no price data found  (1d 2025-01-01 -> 2026-07-05)
$BSAAR: possibly delisted; no price data found  (1d 2025-01-01 -> 2026-07-05)
$BNCWZ: possibly delisted; no price data found  (1d 2025-01-01 -> 2026-07-05)
$BEEP: possibly delisted; no price data found  (1d 2025-01-01 -> 2026-07-05)
$BMRN: possibly delisted; no price data found  (1d 2025-01-01 -> 2026-07-05)
$BLZE: possibly delisted; no price data found  (1d 2025-01-01 -> 2026-07-05)
$BNAI: possibly delisted; no price data found  (1d 2025-01-01 -> 2026-07-05)
$BOTT: possibly delisted; no price data found  (1d 2025-01-01 -> 2026-07-05)
$BOTZ: possibly delisted; no price data found  (1d 2025-01-01 -> 2026-07-05)
$BNDW: possibly delisted; no price data found  (1d 2025-01-01 -> 2026-07-05)
$BELFB: possibly delisted; no price data found  (1d 2025-01-01 -> 2026-07-05)
$BITS: possibly delisted; no price data found  (1d 2025-01-01 -> 2026-07-05)
$BHFAN: possibly delisted; no price data found  (1d 2025-01-01 -> 2026-07-05)
$BOLT: possibly delisted; no price data found  (1d 2025-01-01 -> 2026-07-05)
$BSCX: possibly delisted; no price data found  (1d 2025-01-01 -> 2026-07-05)
$BLZRW: possibly delisted; no price data found  (1d 2025-01-01 -> 2026-07-05)
$BKMI: possibly delisted; no price data found  (1d 2025-01-01 -> 2026-07-05)
$BSCS: possibly delisted; no price data found  (1d 2025-01-01 -> 2026-07-05)
$BGL: possibly delisted; no price data found  (1d 2025-01-01 -> 2026-07-05)
$BKR: possibly delisted; no price data found  (1d 2025-01-01 -> 2026-07-05)
$BSCW: possibly delisted; no price data found  (1d 2025-01-01 -> 2026-07-05)
$BPACR: possibly delisted; no price data found  (1d 2025-01-01 -> 2026-07-05)
$BHAV: possibly delisted; no price data found  (1d 2025-01-01 -> 2026-07-05)
$BILI: possibly delisted; no price data found  (1d 2025-01-01 -> 2026-07-05)
$BEEZ: possibly delisted; no price data found  (1d 2025-01-01 -> 2026-07-05)
$BRNS: possibly delisted; no price data found  (1d 2025-01-01 -> 2026-07-05)
$BSBK: possibly delisted; no price data found  (1d 2025-01-01 -> 2026-07-05)
$BSCU: possibly delisted; no price data found  (1d 2025-01-01 -> 2026-07-05)
$BNZI: possibly delisted; no price data found  (1d 2025-01-01 -> 2026-07-05)
$BNZIW: possibly delisted; no price data found  (1d 2025-01-01 -> 2026-07-05)
$BRTX: possibly delisted; no price data found  (1d 2025-01-01 -> 2026-07-05)
$BRHY: possibly delisted; no price data found  (1d 2025-01-01 -> 2026-07-05)
$BEAM: possibly delisted; no price data found  (1d 2025-01-01 -> 2026-07-05)
$BLIN: possibly delisted; no price data found  (1d 2025-01-01 -> 2026-07-05)
$BGLWW: possibly delisted; no price data found  (1d 2025-01-01 -> 2026-07-05)
$BEAGR: possibly delisted; no price data found  (1d 2025-01-01 -> 2026-07-05)
$BRUNW: possibly delisted; no price data found  (1d 2025-01-01 -> 2026-07-05)
$BON: possibly delisted; no price data found  (1d 2025-01-01 -> 2026-07-05)
$BREM: possibly delisted; no price data found  (1d 2025-01-01 -> 2026-07-05)
$BETRW: possibly delisted; no price data found  (1d 2025-01-01 -> 2026-07-05)
$BHDG: possibly delisted; no price data found  (1d 2025-01-01 -> 2026-07-05)
$BMEA: possibly delisted; no price data found  (1d 2025-01-01 -> 2026-07-05)
$BIIB: possibly delisted; no price data found  (1d 2025-01-01 -> 2026-07-05)
$BNR: possibly delisted; no price data found  (1d 2025-01-01 -> 2026-07-05)
$BPAC: possibly delisted; no price data found  (1d 2025-01-01 -> 2026-07-05)
$BLUW: possibly delisted; no price data found  (1d 2025-01-01 -> 2026-07-05)
$BLDP: possibly delisted; no price data found  (1d 2025-01-01 -> 2026-07-05)
$BIS: possibly delisted; no price data found  (1d 2025-01-01 -> 2026-07-05)
$BOXL: possibly delisted; no price data found  (1d 2025-01-01 -> 2026-07-05)
$BGLC: possibly delisted; no price data found  (1d 2025-01-01 -> 2026-07-05)
$BNKK: possibly delisted; no price data found  (1d 2025-01-01 -> 2026-07-05)
$BHRB: possibly delisted; no price data found  (1d 2025-01-01 -> 2026-07-05)
$BLRKW: possibly delisted; no price data found  (1d 2025-01-01 -> 2026-07-05)
$BFC: possibly delisted; no price data found  (1d 2025-01-01 -> 2026-07-05)
$BDVL: possibly delisted; no price data found  (1d 2025-01-01 -> 2026-07-05)
$BIDG: possibly delisted; no price data found  (1d 2025-01-01 -> 2026-07-05)
$BOTJ: possibly delisted; no price data found  (1d 2025-01-01 -> 2026-07-05)
$BRCB: possibly delisted; no price data found  (1d 2025-01-01 -> 2026-07-05)
$BLZRU: possibly delisted; no price data found  (1d 2025-01-01 -> 2026-07-05)
$BRES: possibly delisted; no price data found  (1d 2025-01-01 -> 2026-07-05)
$BLUWW: possibly delisted; no price data found  (1d 2025-01-01 -> 2026-07-05)
$BLZR: possibly delisted; no price data found  (1d 2025-01-01 -> 2026-07-05)
$BSJR: possibly delisted; no price data found  (1d 2025-01-01 -> 2026-07-05)
$BKMS: possibly delisted; no price data found  (1d 2025-01-01 -> 2026-07-05)
$BJRI: possibly delisted; no price data found  (1d 2025-01-01 -> 2026-07-05)
$BHAVR: possibly delisted; no price data found  (1d 2025-01-01 -> 2026-07-05)
$BRKR: possibly delisted; no price data found  (1d 2025-01-01 -> 2026-07-05)
$BMGL: possibly delisted; no price data found  (1d 2025-01-01 -> 2026-07-05)
$BIDU: possibly delisted; no price data found  (1d 2025-01-01 -> 2026-07-05)
$BIVI: possibly delisted; no price data found  (1d 2025-01-01 -> 2026-07-05)
$BSJQ: possibly delisted; no price data found  (1d 2025-01-01 -> 2026-07-05)
$BIRD: possibly delisted; no price data found  (1d 2025-01-01 -> 2026-07-05)
$BRRR: possibly delisted; no price data found  (1d 2025-01-01 -> 2026-07-05)
$BEAG: possibly delisted; no price data found  (1d 2025-01-01 -> 2026-07-05)
$BLFS: possibly delisted; no price data found  (1d 2025-01-01 -> 2026-07-05)
$BMRC: possibly delisted; no price data found  (1d 2025-01-01 -> 2026-07-05)
$BENFW: possibly delisted; no price data found  (1d 2025-01-01 -> 2026-07-05)
$BHFAM: possibly delisted; no price data found  (1d 2025-01-01 -> 2026-07-05)
$BEEX: possibly delisted; no price data found  (1d 2025-01-01 -> 2026-07-05)
$BRNY: possibly delisted; no price data found  (1d 2025-01-01 -> 2026-07-05)
$BHFAO: possibly delisted; no price data found  (1d 2025-01-01 -> 2026-07-05)
$BRBI: possibly delisted; no price data found  (1d 2025-01-01 -> 2026-07-05)
$BKCH: possibly delisted; no price data found  (1d 2025-01-01 -> 2026-07-05)
$BRID: possibly delisted; no price data found  (1d 2025-01-01 -> 2026-07-05)
$BIAF: possibly delisted; no price data found  (1d 2025-01-01 -> 2026-07-05)
$BNCWW: possibly delisted; no price data found  (1d 2025-01-01 -> 2026-07-05)
$BSAAU: possibly delisted; no price data found  (1d 2025-01-01 -> 2026-07-05)
$BEAGU: possibly delisted; no price data found  (1d 2025-01-01 -> 2026-07-05)
$BLRKU: possibly delisted; no price data found  (1d 2025-01-01 -> 2026-07-05)
$BNDP: possibly delisted; no price data found  (1d 2025-01-01 -> 2026-07-05)
$BNC: possibly delisted; no price data found  (1d 2025-01-01 -> 2026-07-05)
$BNTC: possibly delisted; no price data found  (1d 2025-01-01 -> 2026-07-05)
$BSAA: possibly delisted; no price data found  (1d 2025-01-01 -> 2026-07-05)
$BMR: possibly delisted; no price data found  (1d 2025-01-01 -> 2026-07-05)
$BRTR: possibly delisted; no price data found  (1d 2025-01-01 -> 2026-07-05)
$BFRGW: possibly delisted; no price data found  (1d 2025-01-01 -> 2026-07-05)
$BNRG: possibly delisted; no price data found  (1d 2025-01-01 -> 2026-07-05)
$BPOP: possibly delisted; no price data found  (1d 2025-01-01 -> 2026-07-05)
$BMNG: possibly delisted; no price data found  (1d 2025-01-01 -> 2026-07-05)
$BSET: possibly delisted; no price data found  (1d 2025-01-01 -> 2026-07-05)
$BNBX: possibly delisted; no price data found  (1d 2025-01-01 -> 2026-07-05)
$BNTX: possibly delisted; no price data found  (1d 2025-01-01 -> 2026-07-05)
$BPACU: possibly delisted; no price data found  (1d 2025-01-01 -> 2026-07-05)
$BPYPN: possibly delisted; no price data found  (1d 2025-01-01 -> 2026-07-05)
$BMHL: possibly delisted; no price data found  (1d 2025-01-01 -> 2026-07-05)
$BLNK: possibly delisted; no price data found  (1d 2025-01-01 -> 2026-07-05)
$BLKB: possibly delisted; no price data found  (1d 2025-01-01 -> 2026-07-05)
$BFRG: possibly delisted; no price data found  (1d 2025-01-01 -> 2026-07-05)
$BGRN: possibly delisted; no price data found  (1d 2025-01-01 -> 2026-07-05)
$BOF: possibly delisted; no price data found  (1d 2025-01-01 -> 2026-07-05)
$BLBD: possibly delisted; no price data found  (1d 2025-01-01 -> 2026-07-05)
$BGRO: possibly delisted; no price data found  (1d 2025-01-01 -> 2026-07-05)
$BFST: possibly delisted; no price data found  (1d 2025-01-01 -> 2026-07-05)
$BIOX: possibly delisted; no price data found  (1d 2025-01-01 -> 2026-07-05)
$BRZE: possibly delisted; no price data found  (1d 2025-01-01 -> 2026-07-05)
$BELFA: possibly delisted; no price data found  (1d 2025-01-01 -> 2026-07-05)
$BL: possibly delisted; no price data found  (1d 2025-01-01 -> 2026-07-05)
$BJDX: possibly delisted; no price data found  (1d 2025-01-01 -> 2026-07-05)
$BMOP: possibly delisted; no price data found  (1d 2025-01-01 -> 2026-07-05)
$BOEU: possibly delisted; no price data found  (1d 2025-01-01 -> 2026-07-05)
$BRFH: possibly delisted; no price data found  (1d 2025-01-01 -> 2026-07-05)
$BEDY: possibly delisted; no price data found  (1d 2025-01-01 -> 2026-07-05)
$BHF: possibly delisted; no price data found  (1d 2025-01-01 -> 2026-07-05)
$BHFAP: possibly delisted; no price data found  (1d 2025-01-01 -> 2026-07-05)
$BKHAR: possibly delisted; no price data found  (1d 2025-01-01 -> 2026-07-05)
$BLCN: possibly delisted; no price data found  (1d 2025-01-01 -> 2026-07-05)
$BIYA: possibly delisted; no price data found  (1d 2025-01-01 -> 2026-07-05)
$BOSC: possibly delisted; no price data found  (1d 2025-01-01 -> 2026-07-05)
$BOKF: possibly delisted; no price data found  (1d 2025-01-01 -> 2026-07-05)
$BETR: possibly delisted; no price data found  (1d 2025-01-01 -> 2026-07-05)
$BIXIW: possibly delisted; no price data found  (1d 2025-01-01 -> 2026-07-05)
$BSCZ: possibly delisted; no price data found  (1d 2025-01-01 -> 2026-07-05)
$BFRIW: possibly delisted; no price data found  (1d 2025-01-01 -> 2026-07-05)
$BPYPO: possibly delisted; no price data found  (1d 2025-01-01 -> 2026-07-05)
$BPYPM: possibly delisted; no price data found  (1d 2025-01-01 -> 2026-07-05)
$BRKU: possibly delisted; no price data found  (1d 2025-01-01 -> 2026-07-05)
$BLCR: possibly delisted; no price data found  (1d 2025-01-01 -> 2026-07-05)
$BMM: possibly delisted; no price data found  (1d 2025-01-01 -> 2026-07-05)
$BMBL: possibly delisted; no price data found  (1d 2025-01-01 -> 2026-07-05)
$BGDE: possibly delisted; no price data found  (1d 2025-01-01 -> 2026-07-05)
$BGIN: possibly delisted; no price data found  (1d 2025-01-01 -> 2026-07-05)
$BNDX: possibly delisted; no price data found  (1d 2025-01-01 -> 2026-07-05)
$BPRN: possibly delisted; no price data found  (1d 2025-01-01 -> 2026-07-05)
$BRKRP: possibly delisted; no price data found  (1d 2025-01-01 -> 2026-07-05)
$BOEG: possibly delisted; no price data found  (1d 2025-01-01 -> 2026-07-05)
$BSCV: possibly delisted; no price data found  (1d 2025-01-01 -> 2026-07-05)
$BLNE: possibly delisted; no price data found  (1d 2025-01-01 -> 2026-07-05)
$BHAVU: possibly delisted; no price data found  (1d 2025-01-01 -> 2026-07-05)
$BND: possibly delisted; no price data found  (1d 2025-01-01 -> 2026-07-05)
$BIB: possibly delisted; no price data found  (1d 2025-01-01 -> 2026-07-05)
$BRLSW: possibly delisted; no price data found  (1d 2025-01-01 -> 2026-07-05)
$BSCT: possibly delisted; no price data found  (1d 2025-01-01 -> 2026-07-05)
$BEATW: possibly delisted; no price data found  (1d 2025-01-01 -> 2026-07-05)
$BRR: possibly delisted; no price data found  (1d 2025-01-01 -> 2026-07-05)
$BNAIW: possibly delisted; no price data found  (1d 2025-01-01 -> 2026-07-05)
$BRAG: possibly delisted; no price data found  (1d 2025-01-01 -> 2026-07-05)
$BIVIW: possibly delisted; no price data found  (1d 2025-01-01 -> 2026-07-05)
$BLTE: possibly delisted; no price data found  (1d 2025-01-01 -> 2026-07-05)
$BENF: possibly delisted; no price data found  (1d 2025-01-01 -> 2026-07-05)
$BLSG: possibly delisted; no price data found  (1d 2025-01-01 -> 2026-07-05)
$BGC: possibly delisted; no price data found  (1d 2025-01-01 -> 2026-07-05)
$BHFAL: possibly delisted; no price data found  (1d 2025-01-01 -> 2026-07-05)
$BKHAU: possibly delisted; no price data found  (1d 2025-01-01 -> 2026-07-05)
$BSCY: possibly delisted; no price data found  (1d 2025-01-01 -> 2026-07-05)
$BODI: possibly delisted; no price data found  (1d 2025-01-01 -> 2026-07-05)
$BRUN: possibly delisted; no price data found  (1d 2025-01-01 -> 2026-07-05)
$BOT: possibly delisted; no price data found  (1d 2025-01-01 -> 2026-07-05)
$BESO: possibly delisted; no price data found  (1d 2025-01-01 -> 2026-07-05)
$BLIV: possibly delisted; no price data found  (1d 2025-01-01 -> 2026-07-05)
$BSCQ: possibly delisted; no price data found  (1d 2025-01-01 -> 2026-07-05)
$BRAI: possibly delisted; no price data found  (1d 2025-01-01 -> 2026-07-05)

200 Failed downloads:
['BPYPP', 'BRLS', 'BOOM', 'BEEM', 'BFRI', 'BIAFW', 'BIXIU', 'BLLN', 'BLMN', 'BOLD', 'BRLT', 'BHST', 'BIOA', 'BGMS', 'BKHA', 'BIXI', 'BNGO', 'BEG', 'BPOPM', 'BLRK', 'BRRWW', 'BELT', 'BDYN', 'BMRA', 'BSCR', 'BGM', 'BIOY', 'BKNG', 'BEAT', 'BLUWU', 'BSAAR', 'BNCWZ', 'BEEP', 'BMRN', 'BLZE', 'BNAI', 'BOTT', 'BOTZ', 'BNDW', 'BELFB', 'BITS', 'BHFAN', 'BOLT', 'BSCX', 'BLZRW', 'BKMI', 'BSCS', 'BGL', 'BKR', 'BSCW', 'BPACR', 'BHAV', 'BILI', 'BEEZ', 'BRNS', 'BSBK', 'BSCU', 'BNZI', 'BNZIW', 'BRTX', 'BRHY', 'BEAM', 'BLIN', 'BGLWW', 'BEAGR', 'BRUNW', 'BON', 'BREM', 'BETRW', 'BHDG', 'BMEA', 'BIIB', 'BNR', 'BPAC', 'BLUW', 'BLDP', 'BIS', 'BOXL', 'BGLC', 'BNKK', 'BHRB', 'BLRKW', 'BFC', 'BDVL', 'BIDG', 'BOTJ', 'BRCB', 'BLZRU', 'BRES', 'BLUWW', 'BLZR', 'BSJR', 'BKMS', 'BJRI', 'BHAVR', 'BRKR', 'BMGL', 'BIDU', 'BIVI', 'BSJQ', 'BIRD', 'BRRR', 'BEAG', 'BLFS', 'BMRC', 'BENFW', 'BHFAM', 'BEEX', 'BRNY', 'BHFAO', 'BRBI', 'BKCH', 'BRID', 'BIAF', 'BNCWW', 'BSAAU', 'BEAGU', 'BLRKU', 'BNDP', 'BNC', 'BNTC', 'BSAA', 'BMR', 'BRTR', 'BFRGW', 'BNRG', 'BPOP', 'BMNG', 'BSET', 'BNBX', 'BNTX', 'BPACU', 'BPYPN', 'BMHL', 'BLNK', 'BLKB', 'BFRG', 'BGRN', 'BOF', 'BLBD', 'BGRO', 'BFST', 'BIOX', 'BRZE', 'BELFA', 'BL', 'BJDX', 'BMOP', 'BOEU', 'BRFH', 'BEDY', 'BHF', 'BHFAP', 'BKHAR', 'BLCN', 'BIYA', 'BOSC', 'BOKF', 'BETR', 'BIXIW', 'BSCZ', 'BFRIW', 'BPYPO', 'BPYPM', 'BRKU', 'BLCR', 'BMM', 'BMBL', 'BGDE', 'BGIN', 'BNDX', 'BPRN', 'BRKRP', 'BOEG', 'BSCV', 'BLNE', 'BHAVU', 'BND', 'BIB', 'BRLSW', 'BSCT', 'BEATW', 'BRR', 'BNAIW', 'BRAG', 'BIVIW', 'BLTE', 'BENF', 'BLSG', 'BGC', 'BHFAL', 'BKHAU', 'BSCY', 'BODI', 'BRUN', 'BOT', 'BESO', 'BLIV', 'BSCQ', 'BRAI']: possibly delisted; no price data found  (1d 2025-01-01 -> 2026-07-05)
$CCIXU: possibly delisted; no price data found  (1d 2025-01-01 -> 2026-07-05)
$BULG: possibly delisted; no price data found  (1d 2025-01-01 -> 2026-07-05)
$CELC: possibly delisted; no price data found  (1d 2025-01-01 -> 2026-07-05)
$BZFD: possibly delisted; no price data found  (1d 2025-01-01 -> 2026-07-05)
$BZUN: possibly delisted; no price data found  (1d 2025-01-01 -> 2026-07-05)
$BULD: possibly delisted; no price data found  (1d 2025-01-01 -> 2026-07-05)
$BSSX: possibly delisted; no price data found  (1d 2025-01-01 -> 2026-07-05)
$CCNR: possibly delisted; no price data found  (1d 2025-01-01 -> 2026-07-05)
$BSMW: possibly delisted; no price data found  (1d 2025-01-01 -> 2026-07-05)
$BTOC: possibly delisted; no price data found  (1d 2025-01-01 -> 2026-07-05)
$BTTC: possibly delisted; no price data found  (1d 2025-01-01 -> 2026-07-05)
$BVC: possibly delisted; no price data found  (1d 2025-01-01 -> 2026-07-05)
$BULX: possibly delisted; no price data found  (1d 2025-01-01 -> 2026-07-05)
$BTBDW: possibly delisted; no price data found  (1d 2025-01-01 -> 2026-07-05)
$BWFG: possibly delisted; no price data found  (1d 2025-01-01 -> 2026-07-05)
$BU: possibly delisted; no price data found  (1d 2025-01-01 -> 2026-07-05)
$BZ: possibly delisted; no price data found  (1d 2025-01-01 -> 2026-07-05)
$CBRL: possibly delisted; no price data found  (1d 2025-01-01 -> 2026-07-05)
$CCIIU: possibly delisted; no price data found  (1d 2025-01-01 -> 2026-07-05)
$CELH: possibly delisted; no price data found  (1d 2025-01-01 -> 2026-07-05)
$CCXIU: possibly delisted; no price data found  (1d 2025-01-01 -> 2026-07-05)
$CAEP: possibly delisted; no price data found  (1d 2025-01-01 -> 2026-07-05)
$BSJT: possibly delisted; no price data found  (1d 2025-01-01 -> 2026-07-05)
$CANC: possibly delisted; no price data found  (1d 2025-01-01 -> 2026-07-05)
$CATY: possibly delisted; no price data found  (1d 2025-01-01 -> 2026-07-05)
$CENTA: possibly delisted; no price data found  (1d 2025-01-01 -> 2026-07-05)
$CDT: possibly delisted; no price data found  (1d 2025-01-01 -> 2026-07-05)
$CAC: possibly delisted; no price data found  (1d 2025-01-01 -> 2026-07-05)
$CCHH: possibly delisted; no price data found  (1d 2025-01-01 -> 2026-07-05)
$BULL: possibly delisted; no price data found  (1d 2025-01-01 -> 2026-07-05)
$CBUS: possibly delisted; no price data found  (1d 2025-01-01 -> 2026-07-05)
$CCIIW: possibly delisted; no price data found  (1d 2025-01-01 -> 2026-07-05)
$BWB: possibly delisted; no price data found  (1d 2025-01-01 -> 2026-07-05)
$BSMR: possibly delisted; no price data found  (1d 2025-01-01 -> 2026-07-05)
$CDIO: possibly delisted; no price data found  (1d 2025-01-01 -> 2026-07-05)
$CAIQ: possibly delisted; no price data found  (1d 2025-01-01 -> 2026-07-05)
$CCOI: possibly delisted; no price data found  (1d 2025-01-01 -> 2026-07-05)
$CCRN: possibly delisted; no price data found  (1d 2025-01-01 -> 2026-07-05)
$BSMS: possibly delisted; no price data found  (1d 2025-01-01 -> 2026-07-05)
$BZFDW: possibly delisted; no price data found  (1d 2025-01-01 -> 2026-07-05)
$CFO: possibly delisted; no price data found  (1d 2025-01-01 -> 2026-07-05)
$CBFV: possibly delisted; no price data found  (1d 2025-01-01 -> 2026-07-05)
$CDXS: possibly delisted; no price data found  (1d 2025-01-01 -> 2026-07-05)
$BSMT: possibly delisted; no price data found  (1d 2025-01-01 -> 2026-07-05)
$BTBT: possibly delisted; no price data found  (1d 2025-01-01 -> 2026-07-05)
$BUUU: possibly delisted; no price data found  (1d 2025-01-01 -> 2026-07-05)
$CAQ: possibly delisted; no price data found  (1d 2025-01-01 -> 2026-07-05)
$CAQUW: possibly delisted; no price data found  (1d 2025-01-01 -> 2026-07-05)
$BSMU: possibly delisted; no price data found  (1d 2025-01-01 -> 2026-07-05)
$BWEN: possibly delisted; no price data found  (1d 2025-01-01 -> 2026-07-05)
$CCIX: possibly delisted; no price data found  (1d 2025-01-01 -> 2026-07-05)
$CAFG: possibly delisted; no price data found  (1d 2025-01-01 -> 2026-07-05)
$CAR: possibly delisted; no price data found  (1d 2025-01-01 -> 2026-07-05)
$CARY: possibly delisted; no price data found  (1d 2025-01-01 -> 2026-07-05)
$BTF: possibly delisted; no price data found  (1d 2025-01-01 -> 2026-07-05)
$BSJW: possibly delisted; no price data found  (1d 2025-01-01 -> 2026-07-05)
$CCLDO: possibly delisted; no price data found  (1d 2025-01-01 -> 2026-07-05)
$CFFN: possibly delisted; no price data found  (1d 2025-01-01 -> 2026-07-05)
$CENT: possibly delisted; no price data found  (1d 2025-01-01 -> 2026-07-05)
$CASH: possibly delisted; no price data found  (1d 2025-01-01 -> 2026-07-05)
$CDW: possibly delisted; no price data found  (1d 2025-01-01 -> 2026-07-05)
$BUSE: possibly delisted; no price data found  (1d 2025-01-01 -> 2026-07-05)
$CAPR: possibly delisted; no price data found  (1d 2025-01-01 -> 2026-07-05)
$CAPNU: possibly delisted; no price data found  (1d 2025-01-01 -> 2026-07-05)
$BSY: possibly delisted; no price data found  (1d 2025-01-01 -> 2026-07-05)
$CAPNR: possibly delisted; no price data found  (1d 2025-01-01 -> 2026-07-05)
$BSRR: possibly delisted; no price data found  (1d 2025-01-01 -> 2026-07-05)
$BYRN: possibly delisted; no price data found  (1d 2025-01-01 -> 2026-07-05)
$CCB: possibly delisted; no price data found  (1d 2025-01-01 -> 2026-07-05)
$CEPI: possibly delisted; no price data found  (1d 2025-01-01 -> 2026-07-05)
$CEPT: possibly delisted; no price data found  (1d 2025-01-01 -> 2026-07-05)
$BYSI: possibly delisted; no price data found  (1d 2025-01-01 -> 2026-07-05)
$CETX: possibly delisted; no price data found  (1d 2025-01-01 -> 2026-07-05)
$CEVA: possibly delisted; no price data found  (1d 2025-01-01 -> 2026-07-05)
$BSJV: possibly delisted; no price data found  (1d 2025-01-01 -> 2026-07-05)
$BSVO: possibly delisted; no price data found  (1d 2025-01-01 -> 2026-07-05)
$CCSB: possibly delisted; no price data found  (1d 2025-01-01 -> 2026-07-05)
$CDRO: possibly delisted; no price data found  (1d 2025-01-01 -> 2026-07-05)
$CAST: possibly delisted; no price data found  (1d 2025-01-01 -> 2026-07-05)
$BTSGU: possibly delisted; no price data found  (1d 2025-01-01 -> 2026-07-05)
$CAKE: possibly delisted; no price data found  (1d 2025-01-01 -> 2026-07-05)
$BSMQ: possibly delisted; no price data found  (1d 2025-01-01 -> 2026-07-05)
$BTBD: possibly delisted; no price data found  (1d 2025-01-01 -> 2026-07-05)
$CCNE: possibly delisted; no price data found  (1d 2025-01-01 -> 2026-07-05)
$CABR: possibly delisted; no price data found  (1d 2025-01-01 -> 2026-07-05)
$CAPS: possibly delisted; no price data found  (1d 2025-01-01 -> 2026-07-05)
$CDIG: possibly delisted; no price data found  (1d 2025-01-01 -> 2026-07-05)
$CENX: possibly delisted; no price data found  (1d 2025-01-01 -> 2026-07-05)
$CELZ: possibly delisted; no price data found  (1d 2025-01-01 -> 2026-07-05)
$BTGD: possibly delisted; no price data found  (1d 2025-01-01 -> 2026-07-05)
$CD: possibly delisted; no price data found  (1d 2025-01-01 -> 2026-07-05)
$CACC: possibly delisted; no price data found  (1d 2025-01-01 -> 2026-07-05)
$CAPN: possibly delisted; no price data found  (1d 2025-01-01 -> 2026-07-05)
$BZAIW: possibly delisted; no price data found  (1d 2025-01-01 -> 2026-07-05)
$BSMY: possibly delisted; no price data found  (1d 2025-01-01 -> 2026-07-05)
$BWAY: possibly delisted; no price data found  (1d 2025-01-01 -> 2026-07-05)
$CDNA: possibly delisted; no price data found  (1d 2025-01-01 -> 2026-07-05)
$CBK: possibly delisted; no price data found  (1d 2025-01-01 -> 2026-07-05)
$CBNK: possibly delisted; no price data found  (1d 2025-01-01 -> 2026-07-05)
$CENN: possibly delisted; no price data found  (1d 2025-01-01 -> 2026-07-05)
$CEPF: possibly delisted; no price data found  (1d 2025-01-01 -> 2026-07-05)
$CEPO: possibly delisted; no price data found  (1d 2025-01-01 -> 2026-07-05)
$CAMP: possibly delisted; no price data found  (1d 2025-01-01 -> 2026-07-05)
$CDZIP: possibly delisted; no price data found  (1d 2025-01-01 -> 2026-07-05)
$CART: possibly delisted; no price data found  (1d 2025-01-01 -> 2026-07-05)
$CECO: possibly delisted; no price data found  (1d 2025-01-01 -> 2026-07-05)
$CCD: possibly delisted; no price data found  (1d 2025-01-01 -> 2026-07-05)
$CCCC: possibly delisted; no price data found  (1d 2025-01-01 -> 2026-07-05)
$BVFL: possibly delisted; no price data found  (1d 2025-01-01 -> 2026-07-05)
$BTOG: possibly delisted; no price data found  (1d 2025-01-01 -> 2026-07-05)
$CEFA: possibly delisted; no price data found  (1d 2025-01-01 -> 2026-07-05)
$CDTG: possibly delisted; no price data found  (1d 2025-01-01 -> 2026-07-05)
$BTMD: possibly delisted; no price data found  (1d 2025-01-01 -> 2026-07-05)
$BVS: possibly delisted; no price data found  (1d 2025-01-01 -> 2026-07-05)
$BSMV: possibly delisted; no price data found  (1d 2025-01-01 -> 2026-07-05)
$CBAT: possibly delisted; no price data found  (1d 2025-01-01 -> 2026-07-05)
$CBLL: possibly delisted; no price data found  (1d 2025-01-01 -> 2026-07-05)
$CCNEP: possibly delisted; no price data found  (1d 2025-01-01 -> 2026-07-05)
$CELUW: possibly delisted; no price data found  (1d 2025-01-01 -> 2026-07-05)
$BYFC: possibly delisted; no price data found  (1d 2025-01-01 -> 2026-07-05)
$CCBG: possibly delisted; no price data found  (1d 2025-01-01 -> 2026-07-05)
$BWIN: possibly delisted; no price data found  (1d 2025-01-01 -> 2026-07-05)
$CAN: possibly delisted; no price data found  (1d 2025-01-01 -> 2026-07-05)
$BTQ: possibly delisted; no price data found  (1d 2025-01-01 -> 2026-07-05)
$CARZ: possibly delisted; no price data found  (1d 2025-01-01 -> 2026-07-05)
$CASS: possibly delisted; no price data found  (1d 2025-01-01 -> 2026-07-05)
$BTCT: possibly delisted; no price data found  (1d 2025-01-01 -> 2026-07-05)
$BSVN: possibly delisted; no price data found  (1d 2025-01-01 -> 2026-07-05)
$CCC: possibly delisted; no price data found  (1d 2025-01-01 -> 2026-07-05)
$BTAI: possibly delisted; no price data found  (1d 2025-01-01 -> 2026-07-05)
$CAAS: possibly delisted; no price data found  (1d 2025-01-01 -> 2026-07-05)
$CCSO: possibly delisted; no price data found  (1d 2025-01-01 -> 2026-07-05)
$CDC: possibly delisted; no price data found  (1d 2025-01-01 -> 2026-07-05)
$CFBK: possibly delisted; no price data found  (1d 2025-01-01 -> 2026-07-05)
$CCEP: possibly delisted; no price data found  (1d 2025-01-01 -> 2026-07-05)
$BYND: possibly delisted; no price data found  (1d 2025-01-01 -> 2026-07-05)
$CALI: possibly delisted; no price data found  (1d 2025-01-01 -> 2026-07-05)
$CATH: possibly delisted; no price data found  (1d 2025-01-01 -> 2026-07-05)
$BUSEP: possibly delisted; no price data found  (1d 2025-01-01 -> 2026-07-05)
$CDLX: possibly delisted; no price data found  (1d 2025-01-01 -> 2026-07-05)
$CADL: possibly delisted; no price data found  (1d 2025-01-01 -> 2026-07-05)
$BWBBP: possibly delisted; no price data found  (1d 2025-01-01 -> 2026-07-05)
$BULLW: possibly delisted; no price data found  (1d 2025-01-01 -> 2026-07-05)
$CCFE: possibly delisted; no price data found  (1d 2025-01-01 -> 2026-07-05)
$CFFI: possibly delisted; no price data found  (1d 2025-01-01 -> 2026-07-05)
$CARL: possibly delisted; no price data found  (1d 2025-01-01 -> 2026-07-05)
$CAMT: possibly delisted; no price data found  (1d 2025-01-01 -> 2026-07-05)
$CAI: possibly delisted; no price data found  (1d 2025-01-01 -> 2026-07-05)
$BTCS: possibly delisted; no price data found  (1d 2025-01-01 -> 2026-07-05)
$CEPV: possibly delisted; no price data found  (1d 2025-01-01 -> 2026-07-05)
$CCLD: possibly delisted; no price data found  (1d 2025-01-01 -> 2026-07-05)
$CASY: possibly delisted; no price data found  (1d 2025-01-01 -> 2026-07-05)
$CALC: possibly delisted; no price data found  (1d 2025-01-01 -> 2026-07-05)
$CDIOW: possibly delisted; no price data found  (1d 2025-01-01 -> 2026-07-05)
$CCG: possibly delisted; no price data found  (1d 2025-01-01 -> 2026-07-05)
$CCSI: possibly delisted; no price data found  (1d 2025-01-01 -> 2026-07-05)
$CCXI: possibly delisted; no price data found  (1d 2025-01-01 -> 2026-07-05)
$BSJX: possibly delisted; no price data found  (1d 2025-01-01 -> 2026-07-05)
$BUFM: possibly delisted; no price data found  (1d 2025-01-01 -> 2026-07-05)
$BTDR: possibly delisted; no price data found  (1d 2025-01-01 -> 2026-07-05)
$CCGWW: possibly delisted; no price data found  (1d 2025-01-01 -> 2026-07-05)
$CAQUU: possibly delisted; no price data found  (1d 2025-01-01 -> 2026-07-05)
$BTMWW: possibly delisted; no price data found  (1d 2025-01-01 -> 2026-07-05)
$CEG: possibly delisted; no price data found  (1d 2025-01-01 -> 2026-07-05)
$BSMZ: possibly delisted; no price data found  (1d 2025-01-01 -> 2026-07-05)
$CAIIU: possibly delisted; no price data found  (1d 2025-01-01 -> 2026-07-05)
$BTM: possibly delisted; no price data found  (1d 2025-01-01 -> 2026-07-05)
$CDL: possibly delisted; no price data found  (1d 2025-01-01 -> 2026-07-05)
$CABA: possibly delisted; no price data found  (1d 2025-01-01 -> 2026-07-05)
$BZAI: possibly delisted; no price data found  (1d 2025-01-01 -> 2026-07-05)
$BUG: possibly delisted; no price data found  (1d 2025-01-01 -> 2026-07-05)
$CCTG: possibly delisted; no price data found  (1d 2025-01-01 -> 2026-07-05)
$CFA: possibly delisted; no price data found  (1d 2025-01-01 -> 2026-07-05)
$CDNL: possibly delisted; no price data found  (1d 2025-01-01 -> 2026-07-05)
$CCIXW: possibly delisted; no price data found  (1d 2025-01-01 -> 2026-07-05)
$CCXIW: possibly delisted; no price data found  (1d 2025-01-01 -> 2026-07-05)
$CDZI: possibly delisted; no price data found  (1d 2025-01-01 -> 2026-07-05)
$BUFI: possibly delisted; no price data found  (1d 2025-01-01 -> 2026-07-05)
$BTSG: possibly delisted; no price data found  (1d 2025-01-01 -> 2026-07-05)
$CCAP: possibly delisted; no price data found  (1d 2025-01-01 -> 2026-07-05)
$BSJS: possibly delisted; no price data found  (1d 2025-01-01 -> 2026-07-05)
$CETY: possibly delisted; no price data found  (1d 2025-01-01 -> 2026-07-05)
$CARG: possibly delisted; no price data found  (1d 2025-01-01 -> 2026-07-05)
$CELU: possibly delisted; no price data found  (1d 2025-01-01 -> 2026-07-05)
$CDTTW: possibly delisted; no price data found  (1d 2025-01-01 -> 2026-07-05)
$BYAH: possibly delisted; no price data found  (1d 2025-01-01 -> 2026-07-05)
$CBC: possibly delisted; no price data found  (1d 2025-01-01 -> 2026-07-05)
$CBIO: possibly delisted; no price data found  (1d 2025-01-01 -> 2026-07-05)
$CANQ: possibly delisted; no price data found  (1d 2025-01-01 -> 2026-07-05)
$CERT: possibly delisted; no price data found  (1d 2025-01-01 -> 2026-07-05)
$CEPS: possibly delisted; no price data found  (1d 2025-01-01 -> 2026-07-05)
$BUFC: possibly delisted; no price data found  (1d 2025-01-01 -> 2026-07-05)
$BSJU: possibly delisted; no price data found  (1d 2025-01-01 -> 2026-07-05)
$CARE: possibly delisted; no price data found  (1d 2025-01-01 -> 2026-07-05)
$CDNS: possibly delisted; no price data found  (1d 2025-01-01 -> 2026-07-05)
$CCII: possibly delisted; no price data found  (1d 2025-01-01 -> 2026-07-05)
$CDROW: possibly delisted; no price data found  (1d 2025-01-01 -> 2026-07-05)
$BWMN: possibly delisted; no price data found  (1d 2025-01-01 -> 2026-07-05)
$CCEC: possibly delisted; no price data found  (1d 2025-01-01 -> 2026-07-05)
$CBSH: possibly delisted; no price data found  (1d 2025-01-01 -> 2026-07-05)

200 Failed downloads:
['CCIXU', 'BULG', 'CELC', 'BZFD', 'BZUN', 'BULD', 'BSSX', 'CCNR', 'BSMW', 'BTOC', 'BTTC', 'BVC', 'BULX', 'BTBDW', 'BWFG', 'BU', 'BZ', 'CBRL', 'CCIIU', 'CELH', 'CCXIU', 'CAEP', 'BSJT', 'CANC', 'CATY', 'CENTA', 'CDT', 'CAC', 'CCHH', 'BULL', 'CBUS', 'CCIIW', 'BWB', 'BSMR', 'CDIO', 'CAIQ', 'CCOI', 'CCRN', 'BSMS', 'BZFDW', 'CFO', 'CBFV', 'CDXS', 'BSMT', 'BTBT', 'BUUU', 'CAQ', 'CAQUW', 'BSMU', 'BWEN', 'CCIX', 'CAFG', 'CAR', 'CARY', 'BTF', 'BSJW', 'CCLDO', 'CFFN', 'CENT', 'CASH', 'CDW', 'BUSE', 'CAPR', 'CAPNU', 'BSY', 'CAPNR', 'BSRR', 'BYRN', 'CCB', 'CEPI', 'CEPT', 'BYSI', 'CETX', 'CEVA', 'BSJV', 'BSVO', 'CCSB', 'CDRO', 'CAST', 'BTSGU', 'CAKE', 'BSMQ', 'BTBD', 'CCNE', 'CABR', 'CAPS', 'CDIG', 'CENX', 'CELZ', 'BTGD', 'CD', 'CACC', 'CAPN', 'BZAIW', 'BSMY', 'BWAY', 'CDNA', 'CBK', 'CBNK', 'CENN', 'CEPF', 'CEPO', 'CAMP', 'CDZIP', 'CART', 'CECO', 'CCD', 'CCCC', 'BVFL', 'BTOG', 'CEFA', 'CDTG', 'BTMD', 'BVS', 'BSMV', 'CBAT', 'CBLL', 'CCNEP', 'CELUW', 'BYFC', 'CCBG', 'BWIN', 'CAN', 'BTQ', 'CARZ', 'CASS', 'BTCT', 'BSVN', 'CCC', 'BTAI', 'CAAS', 'CCSO', 'CDC', 'CFBK', 'CCEP', 'BYND', 'CALI', 'CATH', 'BUSEP', 'CDLX', 'CADL', 'BWBBP', 'BULLW', 'CCFE', 'CFFI', 'CARL', 'CAMT', 'CAI', 'BTCS', 'CEPV', 'CCLD', 'CASY', 'CALC', 'CDIOW', 'CCG', 'CCSI', 'CCXI', 'BSJX', 'BUFM', 'BTDR', 'CCGWW', 'CAQUU', 'BTMWW', 'CEG', 'BSMZ', 'CAIIU', 'BTM', 'CDL', 'CABA', 'BZAI', 'BUG', 'CCTG', 'CFA', 'CDNL', 'CCIXW', 'CCXIW', 'CDZI', 'BUFI', 'BTSG', 'CCAP', 'BSJS', 'CETY', 'CARG', 'CELU', 'CDTTW', 'BYAH', 'CBC', 'CBIO', 'CANQ', 'CERT', 'CEPS', 'BUFC', 'BSJU', 'CARE', 'CDNS', 'CCII', 'CDROW', 'BWMN', 'CCEC', 'CBSH']: possibly delisted; no price data found  (1d 2025-01-01 -> 2026-07-05)
$CLOA: possibly delisted; no price data found  (1d 2025-01-01 -> 2026-07-05)
$CGNT: possibly delisted; no price data found  (1d 2025-01-01 -> 2026-07-05)
$COIG: possibly delisted; no price data found  (1d 2025-01-01 -> 2026-07-05)
$CNEY: possibly delisted; no price data found  (1d 2025-01-01 -> 2026-07-05)
$CLGN: possibly delisted; no price data found  (1d 2025-01-01 -> 2026-07-05)
$CMPS: possibly delisted; no price data found  (1d 2025-01-01 -> 2026-07-05)
$CHSCL: possibly delisted; no price data found  (1d 2025-01-01 -> 2026-07-05)
$CHCI: possibly delisted; no price data found  (1d 2025-01-01 -> 2026-07-05)
$CHPX: possibly delisted; no price data found  (1d 2025-01-01 -> 2026-07-05)
$CMCO: possibly delisted; no price data found  (1d 2025-01-01 -> 2026-07-05)
$CG: possibly delisted; no price data found  (1d 2025-01-01 -> 2026-07-05)
$CNXC: possibly delisted; no price data found  (1d 2025-01-01 -> 2026-07-05)
$CISS: possibly delisted; no price data found  (1d 2025-01-01 -> 2026-07-05)
$CLOD: possibly delisted; no price data found  (1d 2025-01-01 -> 2026-07-05)
$CNCK: possibly delisted; no price data found  (1d 2025-01-01 -> 2026-07-05)
$CHAR: possibly delisted; no price data found  (1d 2025-01-01 -> 2026-07-05)
$COLA: possibly delisted; no price data found  (1d 2025-01-01 -> 2026-07-05)
$CHI: possibly delisted; no price data found  (1d 2025-01-01 -> 2026-07-05)
$CHSCO: possibly delisted; no price data found  (1d 2025-01-01 -> 2026-07-05)
$CNVS: possibly delisted; no price data found  (1d 2025-01-01 -> 2026-07-05)
$CINF: possibly delisted; no price data found  (1d 2025-01-01 -> 2026-07-05)
$CNDT: possibly delisted; no price data found  (1d 2025-01-01 -> 2026-07-05)
$CHRI: possibly delisted; no price data found  (1d 2025-01-01 -> 2026-07-05)
$CLSK: possibly delisted; no price data found  (1d 2025-01-01 -> 2026-07-05)
$CHR: possibly delisted; no price data found  (1d 2025-01-01 -> 2026-07-05)
$CHSCN: possibly delisted; no price data found  (1d 2025-01-01 -> 2026-07-05)
$CGCTU: possibly delisted; no price data found  (1d 2025-01-01 -> 2026-07-05)
$CMMB: possibly delisted; no price data found  (1d 2025-01-01 -> 2026-07-05)
$COAG: possibly delisted; no price data found  (1d 2025-01-01 -> 2026-07-05)
$CLST: possibly delisted; no price data found  (1d 2025-01-01 -> 2026-07-05)
$COLAU: possibly delisted; no price data found  (1d 2025-01-01 -> 2026-07-05)
$CLYM: possibly delisted; no price data found  (1d 2025-01-01 -> 2026-07-05)
$CLPS: possibly delisted; no price data found  (1d 2025-01-01 -> 2026-07-05)
$CGO: possibly delisted; no price data found  (1d 2025-01-01 -> 2026-07-05)
$CGC: possibly delisted; no price data found  (1d 2025-01-01 -> 2026-07-05)
$CODX: possibly delisted; no price data found  (1d 2025-01-01 -> 2026-07-05)
$CHEF: possibly delisted; no price data found  (1d 2025-01-01 -> 2026-07-05)
$CNOBP: possibly delisted; no price data found  (1d 2025-01-01 -> 2026-07-05)
$CME: possibly delisted; no price data found  (1d 2025-01-01 -> 2026-07-05)
$CNTB: possibly delisted; no price data found  (1d 2025-01-01 -> 2026-07-05)
$CNTX: possibly delisted; no price data found  (1d 2025-01-01 -> 2026-07-05)
$CHECU: possibly delisted; no price data found  (1d 2025-01-01 -> 2026-07-05)
$CMGG: possibly delisted; no price data found  (1d 2025-01-01 -> 2026-07-05)
$CLDX: possibly delisted; no price data found  (1d 2025-01-01 -> 2026-07-05)
$CHAI: possibly delisted; no price data found  (1d 2025-01-01 -> 2026-07-05)
$CGTX: possibly delisted; no price data found  (1d 2025-01-01 -> 2026-07-05)
$CMTL: possibly delisted; no price data found  (1d 2025-01-01 -> 2026-07-05)
$CMRC: possibly delisted; no price data found  (1d 2025-01-01 -> 2026-07-05)
$CHPGR: possibly delisted; no price data found  (1d 2025-01-01 -> 2026-07-05)
$CLOV: possibly delisted; no price data found  (1d 2025-01-01 -> 2026-07-05)
$CMPX: possibly delisted; no price data found  (1d 2025-01-01 -> 2026-07-05)
$CHPS: possibly delisted; no price data found  (1d 2025-01-01 -> 2026-07-05)
$CGABL: possibly delisted; no price data found  (1d 2025-01-01 -> 2026-07-05)
$CLMB: possibly delisted; no price data found  (1d 2025-01-01 -> 2026-07-05)
$CNET: possibly delisted; no price data found  (1d 2025-01-01 -> 2026-07-05)
$CGCT: possibly delisted; no price data found  (1d 2025-01-01 -> 2026-07-05)
$CGTL: possibly delisted; no price data found  (1d 2025-01-01 -> 2026-07-05)
$CMIIW: possibly delisted; no price data found  (1d 2025-01-01 -> 2026-07-05)
$COFS: possibly delisted; no price data found  (1d 2025-01-01 -> 2026-07-05)
$CLRO: possibly delisted; no price data found  (1d 2025-01-01 -> 2026-07-05)
$CGON: possibly delisted; no price data found  (1d 2025-01-01 -> 2026-07-05)
$CNTY: possibly delisted; no price data found  (1d 2025-01-01 -> 2026-07-05)
$CJMB: possibly delisted; no price data found  (1d 2025-01-01 -> 2026-07-05)
$CLFD: possibly delisted; no price data found  (1d 2025-01-01 -> 2026-07-05)
$CLMT: possibly delisted; no price data found  (1d 2025-01-01 -> 2026-07-05)
$CMND: possibly delisted; no price data found  (1d 2025-01-01 -> 2026-07-05)
$CHMG: possibly delisted; no price data found  (1d 2025-01-01 -> 2026-07-05)
$CIVB: possibly delisted; no price data found  (1d 2025-01-01 -> 2026-07-05)
$CHRS: possibly delisted; no price data found  (1d 2025-01-01 -> 2026-07-05)
$CMPR: possibly delisted; no price data found  (1d 2025-01-01 -> 2026-07-05)
$COHU: possibly delisted; no price data found  (1d 2025-01-01 -> 2026-07-05)
$CMTV: possibly delisted; no price data found  (1d 2025-01-01 -> 2026-07-05)
$CLLS: possibly delisted; no price data found  (1d 2025-01-01 -> 2026-07-05)
$CGEN: possibly delisted; no price data found  (1d 2025-01-01 -> 2026-07-05)
$CHY: possibly delisted; no price data found  (1d 2025-01-01 -> 2026-07-05)
$CIGI: possibly delisted; no price data found  (1d 2025-01-01 -> 2026-07-05)
$CLWT: possibly delisted; no price data found  (1d 2025-01-01 -> 2026-07-05)
$COCP: possibly delisted; no price data found  (1d 2025-01-01 -> 2026-07-05)
$CGCTW: possibly delisted; no price data found  (1d 2025-01-01 -> 2026-07-05)
$CLNN: possibly delisted; no price data found  (1d 2025-01-01 -> 2026-07-05)
$COLAR: possibly delisted; no price data found  (1d 2025-01-01 -> 2026-07-05)
$CLIK: possibly delisted; no price data found  (1d 2025-01-01 -> 2026-07-05)
$COCO: possibly delisted; no price data found  (1d 2025-01-01 -> 2026-07-05)
$CHGX: possibly delisted; no price data found  (1d 2025-01-01 -> 2026-07-05)
$CHDN: possibly delisted; no price data found  (1d 2025-01-01 -> 2026-07-05)
$CINGW: possibly delisted; no price data found  (1d 2025-01-01 -> 2026-07-05)
$CGEM: possibly delisted; no price data found  (1d 2025-01-01 -> 2026-07-05)
$CMCSA: possibly delisted; no price data found  (1d 2025-01-01 -> 2026-07-05)
$CHRN: possibly delisted; no price data found  (1d 2025-01-01 -> 2026-07-05)
$CGBD: possibly delisted; no price data found  (1d 2025-01-01 -> 2026-07-05)
$CNTA: possibly delisted; no price data found  (1d 2025-01-01 -> 2026-07-05)
$CHPGU: possibly delisted; no price data found  (1d 2025-01-01 -> 2026-07-05)
$CLIR: possibly delisted; no price data found  (1d 2025-01-01 -> 2026-07-05)
$CLOU: possibly delisted; no price data found  (1d 2025-01-01 -> 2026-07-05)
$CHTR: possibly delisted; no price data found  (1d 2025-01-01 -> 2026-07-05)
$CHW: possibly delisted; no price data found  (1d 2025-01-01 -> 2026-07-05)
$CIBR: possibly delisted; no price data found  (1d 2025-01-01 -> 2026-07-05)
$CHARR: possibly delisted; no price data found  (1d 2025-01-01 -> 2026-07-05)
$CNCG: possibly delisted; no price data found  (1d 2025-01-01 -> 2026-07-05)
$COCH: possibly delisted; no price data found  (1d 2025-01-01 -> 2026-07-05)
$CHSCP: possibly delisted; no price data found  (1d 2025-01-01 -> 2026-07-05)
$CNSP: possibly delisted; no price data found  (1d 2025-01-01 -> 2026-07-05)
$CLSKW: possibly delisted; no price data found  (1d 2025-01-01 -> 2026-07-05)
$CLAR: possibly delisted; no price data found  (1d 2025-01-01 -> 2026-07-05)
$CHSCM: possibly delisted; no price data found  (1d 2025-01-01 -> 2026-07-05)
$CNTN: possibly delisted; no price data found  (1d 2025-01-01 -> 2026-07-05)
$CHYM: possibly delisted; no price data found  (1d 2025-01-01 -> 2026-07-05)
$CLBT: possibly delisted; no price data found  (1d 2025-01-01 -> 2026-07-05)
$CHECW: possibly delisted; no price data found  (1d 2025-01-01 -> 2026-07-05)
$CLSM: possibly delisted; no price data found  (1d 2025-01-01 -> 2026-07-05)
$CHA: possibly delisted; no price data found  (1d 2025-01-01 -> 2026-07-05)
$CNQQ: possibly delisted; no price data found  (1d 2025-01-01 -> 2026-07-05)
$COGT: possibly delisted; no price data found  (1d 2025-01-01 -> 2026-07-05)
$CIFG: possibly delisted; no price data found  (1d 2025-01-01 -> 2026-07-05)
$CIIT: possibly delisted; no price data found  (1d 2025-01-01 -> 2026-07-05)
$CHSN: possibly delisted; no price data found  (1d 2025-01-01 -> 2026-07-05)
$CMIIU: possibly delisted; no price data found  (1d 2025-01-01 -> 2026-07-05)
$CHRW: possibly delisted; no price data found  (1d 2025-01-01 -> 2026-07-05)
$COKE: possibly delisted; no price data found  (1d 2025-01-01 -> 2026-07-05)
$CISO: possibly delisted; no price data found  (1d 2025-01-01 -> 2026-07-05)
$CMBO: possibly delisted; no price data found  (1d 2025-01-01 -> 2026-07-05)
$CODA: possibly delisted; no price data found  (1d 2025-01-01 -> 2026-07-05)
$CLBK: possibly delisted; no price data found  (1d 2025-01-01 -> 2026-07-05)
$CNCKW: possibly delisted; no price data found  (1d 2025-01-01 -> 2026-07-05)
$COIN: possibly delisted; no price data found  (1d 2025-01-01 -> 2026-07-05)
$CING: possibly delisted; no price data found  (1d 2025-01-01 -> 2026-07-05)
$CLRB: possibly delisted; no price data found  (1d 2025-01-01 -> 2026-07-05)
$CHARU: possibly delisted; no price data found  (1d 2025-01-01 -> 2026-07-05)
$CGNX: possibly delisted; no price data found  (1d 2025-01-01 -> 2026-07-05)
$CIFR: possibly delisted; no price data found  (1d 2025-01-01 -> 2026-07-05)
$CHPG: possibly delisted; no price data found  (1d 2025-01-01 -> 2026-07-05)
$CNXN: possibly delisted; no price data found  (1d 2025-01-01 -> 2026-07-05)
$COCHW: possibly delisted; no price data found  (1d 2025-01-01 -> 2026-07-05)
$CNOB: possibly delisted; no price data found  (1d 2025-01-01 -> 2026-07-05)
$CMII: possibly delisted; no price data found  (1d 2025-01-01 -> 2026-07-05)
$CMCT: possibly delisted; no price data found  (1d 2025-01-01 -> 2026-07-05)
$CHRD: possibly delisted; no price data found  (1d 2025-01-01 -> 2026-07-05)
$CHCO: possibly delisted; no price data found  (1d 2025-01-01 -> 2026-07-05)
$CLPT: possibly delisted; no price data found  (1d 2025-01-01 -> 2026-07-05)
$CHEC: possibly delisted; no price data found  (1d 2025-01-01 -> 2026-07-05)
$CHNR: possibly delisted; no price data found  (1d 2025-01-01 -> 2026-07-05)
$CHKP: possibly delisted; no price data found  (1d 2025-01-01 -> 2026-07-05)
$CLNE: possibly delisted; no price data found  (1d 2025-01-01 -> 2026-07-05)

143 Failed downloads:
['CLOA', 'CGNT', 'COIG', 'CNEY', 'CLGN', 'CMPS', 'CHSCL', 'CHCI', 'CHPX', 'CMCO', 'CG', 'CNXC', 'CISS', 'CLOD', 'CNCK', 'CHAR', 'COLA', 'CHI', 'CHSCO', 'CNVS', 'CINF', 'CNDT', 'CHRI', 'CLSK', 'CHR', 'CHSCN', 'CGCTU', 'CMMB', 'COAG', 'CLST', 'COLAU', 'CLYM', 'CLPS', 'CGO', 'CGC', 'CODX', 'CHEF', 'CNOBP', 'CME', 'CNTB', 'CNTX', 'CHECU', 'CMGG', 'CLDX', 'CHAI', 'CGTX', 'CMTL', 'CMRC', 'CHPGR', 'CLOV', 'CMPX', 'CHPS', 'CGABL', 'CLMB', 'CNET', 'CGCT', 'CGTL', 'CMIIW', 'COFS', 'CLRO', 'CGON', 'CNTY', 'CJMB', 'CLFD', 'CLMT', 'CMND', 'CHMG', 'CIVB', 'CHRS', 'CMPR', 'COHU', 'CMTV', 'CLLS', 'CGEN', 'CHY', 'CIGI', 'CLWT', 'COCP', 'CGCTW', 'CLNN', 'COLAR', 'CLIK', 'COCO', 'CHGX', 'CHDN', 'CINGW', 'CGEM', 'CMCSA', 'CHRN', 'CGBD', 'CNTA', 'CHPGU', 'CLIR', 'CLOU', 'CHTR', 'CHW', 'CIBR', 'CHARR', 'CNCG', 'COCH', 'CHSCP', 'CNSP', 'CLSKW', 'CLAR', 'CHSCM', 'CNTN', 'CHYM', 'CLBT', 'CHECW', 'CLSM', 'CHA', 'CNQQ', 'COGT', 'CIFG', 'CIIT', 'CHSN', 'CMIIU', 'CHRW', 'COKE', 'CISO', 'CMBO', 'CODA', 'CLBK', 'CNCKW', 'COIN', 'CING', 'CLRB', 'CHARU', 'CGNX', 'CIFR', 'CHPG', 'CNXN', 'COCHW', 'CNOB', 'CMII', 'CMCT', 'CHRD', 'CHCO', 'CLPT', 'CHEC', 'CHNR', 'CHKP', 'CLNE']: possibly delisted; no price data found  (1d 2025-01-01 -> 2026-07-05)
$APACU: possibly delisted; no price data found  (1d 2025-01-01 -> 2026-07-05)
Failed to get ticker 'AOD' reason: Failed to perform, curl: (28) Connection timed out after 30002 milliseconds. See https://curl.se/libcurl/c/libcurl-errors.html first for more details.
$AOD: possibly delisted; no timezone found
$AQWA: possibly delisted; no price data found  (1d 2025-01-01 -> 2026-07-05)
$AON: possibly delisted; no price data found  (1d 2025-01-01 -> 2026-07-05)
$AMAT: possibly delisted; no price data found  (1d 2025-01-01 -> 2026-07-05)
$APACR: possibly delisted; no price data found  (1d 2025-01-01 -> 2026-07-05)
$IRHOR: possibly delisted; no price data found  (1d 2025-01-01 -> 2026-07-05)
$ANGO: possibly delisted; no price data found  (1d 2025-01-01 -> 2026-07-05)
$AMKR: possibly delisted; no price data found  (1d 2025-01-01 -> 2026-07-05)
$AMWD: possibly delisted; no price data found  (1d 2025-01-01 -> 2026-07-05)
$APM: possibly delisted; no price data found  (1d 2025-01-01 -> 2026-07-05)
Failed to get ticker 'AR' reason: Failed to perform, curl: (28) Connection timed out after 30002 milliseconds. See https://curl.se/libcurl/c/libcurl-errors.html first for more details.
$AR: possibly delisted; no timezone found
$ANIP: possibly delisted; no price data found  (1d 2025-01-01 -> 2026-07-05)
$SLNO: possibly delisted; no price data found  (1d 2025-01-01 -> 2026-07-05)
$APD: possibly delisted; no price data found  (1d 2025-01-01 -> 2026-07-05)
$APGE: possibly delisted; no price data found  (1d 2025-01-01 -> 2026-07-05)
Failed to get ticker 'APAM' reason: Failed to perform, curl: (28) Connection timed out after 30001 milliseconds. See https://curl.se/libcurl/c/libcurl-errors.html first for more details.
$APAM: possibly delisted; no timezone found
$ERNAW: possibly delisted; no price data found  (1d 2025-01-01 -> 2026-07-05)
$APP: possibly delisted; no price data found  (1d 2025-01-01 -> 2026-07-05)
$SSEAR: possibly delisted; no price data found  (1d 2025-01-01 -> 2026-07-05)
$APPX: possibly delisted; no price data found  (1d 2025-01-01 -> 2026-07-05)
$AMX: possibly delisted; no price data found  (1d 2025-01-01 -> 2026-07-05)
$SDHIR: possibly delisted; no price data found  (1d 2025-01-01 -> 2026-07-05)
$AMPG: possibly delisted; no price data found  (1d 2025-01-01 -> 2026-07-05)
$AMPGR: possibly delisted; no price data found  (1d 2025-01-01 -> 2026-07-05)
$ANGH: possibly delisted; no price data found  (1d 2025-01-01 -> 2026-07-05)
$NEXRW: possibly delisted; no price data found  (1d 2025-01-01 -> 2026-07-05)
$AMIX: possibly delisted; no price data found  (1d 2025-01-01 -> 2026-07-05)
$SZZLR: possibly delisted; no price data found  (1d 2025-01-01 -> 2026-07-05)
$BSAAR: possibly delisted; no price data found  (1d 2025-01-01 -> 2026-07-05)
Failed to get ticker 'IOI.KL' reason: Failed to perform, curl: (28) Connection timed out after 30002 milliseconds. See https://curl.se/libcurl/c/libcurl-errors.html first for more details.
$IOI.KL: possibly delisted; no timezone found
$BNCWZ: possibly delisted; no price data found  (1d 2025-01-01 -> 2026-07-05)
$ANY: possibly delisted; no price data found  (1d 2025-01-01 -> 2026-07-05)
$EGHAR: possibly delisted; no price data found  (1d 2025-01-01 -> 2026-07-05)
$AMZU: possibly delisted; no price data found  (1d 2025-01-01 -> 2026-07-05)
$DSACW: possibly delisted; no price data found  (1d 2025-01-01 -> 2026-07-05)
$AMR: possibly delisted; no price data found  (1d 2025-01-01 -> 2026-07-05)
$MESHW: possibly delisted; no price data found  (1d 2025-01-01 -> 2026-07-05)
$TDWDR: possibly delisted; no price data found  (1d 2025-01-01 -> 2026-07-05)
$IDAT: possibly delisted; no price data found  (1d 2025-01-01 -> 2026-07-05)
Failed to get ticker 'AMG' reason: Failed to perform, curl: (28) Connection timed out after 30001 milliseconds. See https://curl.se/libcurl/c/libcurl-errors.html first for more details.
$AMG: possibly delisted; no timezone found
$AMSC: possibly delisted; no price data found  (1d 2025-01-01 -> 2026-07-05)
$AMZD: possibly delisted; no price data found  (1d 2025-01-01 -> 2026-07-05)
Failed to get ticker 'APLE' reason: Failed to perform, curl: (28) Connection timed out after 30005 milliseconds. See https://curl.se/libcurl/c/libcurl-errors.html first for more details.
$APLE: possibly delisted; no timezone found
Failed to get ticker 'AMPY' reason: Failed to perform, curl: (28) Connection timed out after 30002 milliseconds. See https://curl.se/libcurl/c/libcurl-errors.html first for more details.
$AMPY: possibly delisted; no timezone found
$ANDE: possibly delisted; no price data found  (1d 2025-01-01 -> 2026-07-05)
$DHCNL: possibly delisted; no price data found  (1d 2025-01-01 -> 2026-07-05)
Failed to get ticker 'AMRZ' reason: Failed to perform, curl: (28) Connection timed out after 30002 milliseconds. See https://curl.se/libcurl/c/libcurl-errors.html first for more details.
$AMRZ: possibly delisted; no timezone found
$LPCVW: possibly delisted; no price data found  (1d 2025-01-01 -> 2026-07-05)
$WSTNR: possibly delisted; no price data found  (1d 2025-01-01 -> 2026-07-05)
Failed to get ticker 'AMWL' reason: Failed to perform, curl: (28) Connection timed out after 30002 milliseconds. See https://curl.se/libcurl/c/libcurl-errors.html first for more details.
$AMWL: possibly delisted; no timezone found
$MKLYR: possibly delisted; no price data found  (1d 2025-01-01 -> 2026-07-05)
$ALISR: possibly delisted; no price data found  (1d 2025-01-01 -> 2026-07-05)
$AQST: possibly delisted; no price data found  (1d 2025-01-01 -> 2026-07-05)
Failed to get ticker 'HARTA.KL' reason: Failed to perform, curl: (28) Connection timed out after 30001 milliseconds. See https://curl.se/libcurl/c/libcurl-errors.html first for more details.
$HARTA.KL: possibly delisted; no timezone found
$FFIC: possibly delisted; no price data found  (1d 2025-01-01 -> 2026-07-05)
$AME: possibly delisted; no price data found  (1d 2025-01-01 -> 2026-07-05)
$AMST: possibly delisted; no price data found  (1d 2025-01-01 -> 2026-07-05)
$BPACR: possibly delisted; no price data found  (1d 2025-01-01 -> 2026-07-05)
$SCIIR: possibly delisted; no price data found  (1d 2025-01-01 -> 2026-07-05)
$AMAL: possibly delisted; no price data found  (1d 2025-01-01 -> 2026-07-05)
$ANNA: possibly delisted; no price data found  (1d 2025-01-01 -> 2026-07-05)
$AP: possibly delisted; no price data found  (1d 2025-01-01 -> 2026-07-05)
$APXTW: possibly delisted; no price data found  (1d 2025-01-01 -> 2026-07-05)
$ANAB: possibly delisted; no price data found  (1d 2025-01-01 -> 2026-07-05)
$OIOWW: possibly delisted; no price data found  (1d 2025-01-01 -> 2026-07-05)
$FVNNR: possibly delisted; no price data found  (1d 2025-01-01 -> 2026-07-05)
Failed to get ticker 'AMBQ' reason: Failed to perform, curl: (28) Connection timed out after 30001 milliseconds. See https://curl.se/libcurl/c/libcurl-errors.html first for more details.
$AMBQ: possibly delisted; no timezone found
$CCLDO: possibly delisted; no price data found  (1d 2025-01-01 -> 2026-07-05)
$WHLRL: possibly delisted; no price data found  (1d 2025-01-01 -> 2026-07-05)
$BEAGR: possibly delisted; no price data found  (1d 2025-01-01 -> 2026-07-05)
$APLS: possibly delisted; no price data found  (1d 2025-01-01 -> 2026-07-05)
$ANGHW: possibly delisted; no price data found  (1d 2025-01-01 -> 2026-07-05)
$CVGW: possibly delisted; no price data found  (1d 2025-01-01 -> 2026-07-05)
$INACR: possibly delisted; no price data found  (1d 2025-01-01 -> 2026-07-05)
$ALXO: possibly delisted; no price data found  (1d 2025-01-01 -> 2026-07-05)
$AOSL: possibly delisted; no price data found  (1d 2025-01-01 -> 2026-07-05)
$AACOW: possibly delisted; no price data found  (1d 2025-01-01 -> 2026-07-05)
$DTSTW: possibly delisted; no price data found  (1d 2025-01-01 -> 2026-07-05)
$APEI: possibly delisted; no price data found  (1d 2025-01-01 -> 2026-07-05)
$MLACR: possibly delisted; no price data found  (1d 2025-01-01 -> 2026-07-05)
$GRMLW: possibly delisted; no price data found  (1d 2025-01-01 -> 2026-07-05)
$ALZN: possibly delisted; no price data found  (1d 2025-01-01 -> 2026-07-05)
$AXINR: possibly delisted; no price data found  (1d 2025-01-01 -> 2026-07-05)
$KCHVR: possibly delisted; no price data found  (1d 2025-01-01 -> 2026-07-05)
$KFIIR: possibly delisted; no price data found  (1d 2025-01-01 -> 2026-07-05)
$AOHY: possibly delisted; no price data found  (1d 2025-01-01 -> 2026-07-05)
$FORA: possibly delisted; no price data found  (1d 2025-01-01 -> 2026-07-05)
$APPF: possibly delisted; no price data found  (1d 2025-01-01 -> 2026-07-05)
$ALVOW: possibly delisted; no price data found  (1d 2025-01-01 -> 2026-07-05)
$BLRKW: possibly delisted; no price data found  (1d 2025-01-01 -> 2026-07-05)
$ANIX: possibly delisted; no price data found  (1d 2025-01-01 -> 2026-07-05)
$QUMSR: possibly delisted; no price data found  (1d 2025-01-01 -> 2026-07-05)
$ANTA: possibly delisted; no price data found  (1d 2025-01-01 -> 2026-07-05)
$IPCXR: possibly delisted; no price data found  (1d 2025-01-01 -> 2026-07-05)
Failed to get ticker 'ANDG' reason: Failed to perform, curl: (28) Connection timed out after 30001 milliseconds. See https://curl.se/libcurl/c/libcurl-errors.html first for more details.
$ANDG: possibly delisted; no timezone found
Failed to get ticker 'AOS' reason: Failed to perform, curl: (28) Connection timed out after 30001 milliseconds. See https://curl.se/libcurl/c/libcurl-errors.html first for more details.
$AOS: possibly delisted; no timezone found
$AMPL: possibly delisted; no price data found  (1d 2025-01-01 -> 2026-07-05)
Failed to get ticker 'AMTB' reason: Failed to perform, curl: (28) Connection timed out after 30000 milliseconds. See https://curl.se/libcurl/c/libcurl-errors.html first for more details.
$AMTB: possibly delisted; no timezone found
$UCFIW: possibly delisted; no price data found  (1d 2025-01-01 -> 2026-07-05)
$AMD: possibly delisted; no price data found  (1d 2025-01-01 -> 2026-07-05)
$APLD: possibly delisted; no price data found  (1d 2025-01-01 -> 2026-07-05)
$MFICL: possibly delisted; no price data found  (1d 2025-01-01 -> 2026-07-05)
$LCCCR: possibly delisted; no price data found  (1d 2025-01-01 -> 2026-07-05)
$APXT: possibly delisted; no price data found  (1d 2025-01-01 -> 2026-07-05)
$AQMS: possibly delisted; no price data found  (1d 2025-01-01 -> 2026-07-05)
Failed to get ticker 'AQN' reason: Failed to perform, curl: (28) Connection timed out after 30002 milliseconds. See https://curl.se/libcurl/c/libcurl-errors.html first for more details.
$AQN: possibly delisted; no timezone found
$AMID: possibly delisted; no price data found  (1d 2025-01-01 -> 2026-07-05)
Failed to get ticker 'AM' reason: Failed to perform, curl: (28) Connection timed out after 30002 milliseconds. See https://curl.se/libcurl/c/libcurl-errors.html first for more details.
$AM: possibly delisted; no timezone found
Failed to get ticker 'TENAGA.KL' reason: Failed to perform, curl: (28) Connection timed out after 30002 milliseconds. See https://curl.se/libcurl/c/libcurl-errors.html first for more details.
$TENAGA.KL: possibly delisted; no timezone found
$COLAR: possibly delisted; no price data found  (1d 2025-01-01 -> 2026-07-05)
$ANGL: possibly delisted; no price data found  (1d 2025-01-01 -> 2026-07-05)
$APVO: possibly delisted; no price data found  (1d 2025-01-01 -> 2026-07-05)
$LFACW: possibly delisted; no price data found  (1d 2025-01-01 -> 2026-07-05)
$GPACW: possibly delisted; no price data found  (1d 2025-01-01 -> 2026-07-05)
$AMRX: possibly delisted; no price data found  (1d 2025-01-01 -> 2026-07-05)
$CRANR: possibly delisted; no price data found  (1d 2025-01-01 -> 2026-07-05)
Failed to get ticker 'MAXIS.KL' reason: Failed to perform, curl: (28) Connection timed out after 30002 milliseconds. See https://curl.se/libcurl/c/libcurl-errors.html first for more details.
$MAXIS.KL: possibly delisted; no timezone found
$TWLVR: possibly delisted; no price data found  (1d 2025-01-01 -> 2026-07-05)
$AMUN: possibly delisted; no price data found  (1d 2025-01-01 -> 2026-07-05)
Failed to get ticker 'AMBP' reason: Failed to perform, curl: (28) Connection timed out after 30001 milliseconds. See https://curl.se/libcurl/c/libcurl-errors.html first for more details.
$AMBP: possibly delisted; no timezone found
$AEAQW: possibly delisted; no price data found  (1d 2025-01-01 -> 2026-07-05)
$APA: possibly delisted; no price data found  (1d 2025-01-01 -> 2026-07-05)
$AMCX: possibly delisted; no price data found  (1d 2025-01-01 -> 2026-07-05)
$ADACW: possibly delisted; no price data found  (1d 2025-01-01 -> 2026-07-05)
Failed to get ticker 'AN' reason: Failed to perform, curl: (28) Connection timed out after 30002 milliseconds. See https://curl.se/libcurl/c/libcurl-errors.html first for more details.
$AN: possibly delisted; no timezone found
Failed to get ticker 'APTV' reason: Failed to perform, curl: (28) Connection timed out after 30002 milliseconds. See https://curl.se/libcurl/c/libcurl-errors.html first for more details.
$APTV: possibly delisted; no timezone found
Failed to get ticker 'AMTM' reason: Failed to perform, curl: (28) Connection timed out after 30002 milliseconds. See https://curl.se/libcurl/c/libcurl-errors.html first for more details.
$AMTM: possibly delisted; no timezone found
$APXTU: possibly delisted; no price data found  (1d 2025-01-01 -> 2026-07-05)
$APOG: possibly delisted; no price data found  (1d 2025-01-01 -> 2026-07-05)
$HCACR: possibly delisted; no price data found  (1d 2025-01-01 -> 2026-07-05)
$AMDG: possibly delisted; no price data found  (1d 2025-01-01 -> 2026-07-05)
$AOUT: possibly delisted; no price data found  (1d 2025-01-01 -> 2026-07-05)
$APRE: possibly delisted; no price data found  (1d 2025-01-01 -> 2026-07-05)
$AMPGZ: possibly delisted; no price data found  (1d 2025-01-01 -> 2026-07-05)
Failed to get ticker 'MAYBANK.KL' reason: Failed to perform, curl: (28) Connection timed out after 30002 milliseconds. See https://curl.se/libcurl/c/libcurl-errors.html first for more details.
$MAYBANK.KL: possibly delisted; no timezone found
$MMTXW: possibly delisted; no price data found  (1d 2025-01-01 -> 2026-07-05)
$AMBA: possibly delisted; no price data found  (1d 2025-01-01 -> 2026-07-05)
$AMCI: possibly delisted; no price data found  (1d 2025-01-01 -> 2026-07-05)
$API: possibly delisted; no price data found  (1d 2025-01-01 -> 2026-07-05)
$ITHAW: possibly delisted; no price data found  (1d 2025-01-01 -> 2026-07-05)
$WTGUR: possibly delisted; no price data found  (1d 2025-01-01 -> 2026-07-05)
$AMBR: possibly delisted; no price data found  (1d 2025-01-01 -> 2026-07-05)
Failed to get ticker 'ALX' reason: Failed to perform, curl: (28) Connection timed out after 30001 milliseconds. See https://curl.se/libcurl/c/libcurl-errors.html first for more details.
$ALX: possibly delisted; no timezone found
$BCTXL: possibly delisted; no price data found  (1d 2025-01-01 -> 2026-07-05)
$AMSF: possibly delisted; no price data found  (1d 2025-01-01 -> 2026-07-05)
$AMLX: possibly delisted; no price data found  (1d 2025-01-01 -> 2026-07-05)
$ANNX: possibly delisted; no price data found  (1d 2025-01-01 -> 2026-07-05)
$ANTX: possibly delisted; no price data found  (1d 2025-01-01 -> 2026-07-05)
$AMDD: possibly delisted; no price data found  (1d 2025-01-01 -> 2026-07-05)
$VHCPW: possibly delisted; no price data found  (1d 2025-01-01 -> 2026-07-05)
$AMUU: possibly delisted; no price data found  (1d 2025-01-01 -> 2026-07-05)
$AMT: possibly delisted; no price data found  (1d 2025-01-01 -> 2026-07-05)
Failed to get ticker 'AORT' reason: Failed to perform, curl: (28) Connection timed out after 30001 milliseconds. See https://curl.se/libcurl/c/libcurl-errors.html first for more details.
$AORT: possibly delisted; no timezone found
$APYX: possibly delisted; no price data found  (1d 2025-01-01 -> 2026-07-05)
$APAC: possibly delisted; no price data found  (1d 2025-01-01 -> 2026-07-05)
Failed to get ticker 'ANF' reason: Failed to perform, curl: (28) Connection timed out after 30002 milliseconds. See https://curl.se/libcurl/c/libcurl-errors.html first for more details.
$ANF: possibly delisted; no timezone found
$XRXDW: possibly delisted; no price data found  (1d 2025-01-01 -> 2026-07-05)
$ANIK: possibly delisted; no price data found  (1d 2025-01-01 -> 2026-07-05)
$APWC: possibly delisted; no price data found  (1d 2025-01-01 -> 2026-07-05)
$AMP: possibly delisted; no price data found  (1d 2025-01-01 -> 2026-07-05)
$AMRN: possibly delisted; no price data found  (1d 2025-01-01 -> 2026-07-05)
$FGMCR: possibly delisted; no price data found  (1d 2025-01-01 -> 2026-07-05)
$AMGN: possibly delisted; no price data found  (1d 2025-01-01 -> 2026-07-05)
$UYSCR: possibly delisted; no price data found  (1d 2025-01-01 -> 2026-07-05)
$APO: possibly delisted; no price data found  (1d 2025-01-01 -> 2026-07-05)
$APH: possibly delisted; no price data found  (1d 2025-01-01 -> 2026-07-05)
$USGOW: possibly delisted; no price data found  (1d 2025-01-01 -> 2026-07-05)
$HVIIR: possibly delisted; no price data found  (1d 2025-01-01 -> 2026-07-05)
Failed to get ticker 'CIMB.KL' reason: Failed to perform, curl: (28) Connection timed out after 30002 milliseconds. See https://curl.se/libcurl/c/libcurl-errors.html first for more details.
$CIMB.KL: possibly delisted; no timezone found
$AMTD: possibly delisted; no price data found  (1d 2025-01-01 -> 2026-07-05)
$CSGS: possibly delisted; no price data found  (1d 2025-01-01 -> 2026-07-05)
$CRAQR: possibly delisted; no price data found  (1d 2025-01-01 -> 2026-07-05)
$AMPH: possibly delisted; no price data found  (1d 2025-01-01 -> 2026-07-05)
$SNCY: possibly delisted; no price data found  (1d 2025-01-01 -> 2026-07-05)
$AMPX: possibly delisted; no price data found  (1d 2025-01-01 -> 2026-07-05)
Failed to get ticker 'GENTING.KL' reason: Failed to perform, curl: (28) Connection timed out after 30002 milliseconds. See https://curl.se/libcurl/c/libcurl-errors.html first for more details.
$GENTING.KL: possibly delisted; no timezone found
Failed to get ticker 'AMH' reason: Failed to perform, curl: (28) Connection timed out after 30002 milliseconds. See https://curl.se/libcurl/c/libcurl-errors.html first for more details.
$AMH: possibly delisted; no timezone found
$ANNAW: possibly delisted; no price data found  (1d 2025-01-01 -> 2026-07-05)
$NIXXW: possibly delisted; no price data found  (1d 2025-01-01 -> 2026-07-05)
$CCXIW: possibly delisted; no price data found  (1d 2025-01-01 -> 2026-07-05)
$SCPQW: possibly delisted; no price data found  (1d 2025-01-01 -> 2026-07-05)
$GTERR: possibly delisted; no price data found  (1d 2025-01-01 -> 2026-07-05)
$KBONW: possibly delisted; no price data found  (1d 2025-01-01 -> 2026-07-05)
$APPS: possibly delisted; no price data found  (1d 2025-01-01 -> 2026-07-05)
$NTWOW: possibly delisted; no price data found  (1d 2025-01-01 -> 2026-07-05)
$NUCLW: possibly delisted; no price data found  (1d 2025-01-01 -> 2026-07-05)
Failed to get ticker 'AMCR' reason: Failed to perform, curl: (28) Connection timed out after 30002 milliseconds. See https://curl.se/libcurl/c/libcurl-errors.html first for more details.
$AMCR: possibly delisted; no timezone found
$SVAQW: possibly delisted; no price data found  (1d 2025-01-01 -> 2026-07-05)
$GIWWR: possibly delisted; no price data found  (1d 2025-01-01 -> 2026-07-05)
$ANET: possibly delisted; no price data found  (1d 2025-01-01 -> 2026-07-05)
$ANGI: possibly delisted; no price data found  (1d 2025-01-01 -> 2026-07-05)
Failed to get ticker 'AMRC' reason: Failed to perform, curl: (28) Connection timed out after 30002 milliseconds. See https://curl.se/libcurl/c/libcurl-errors.html first for more details.
$AMRC: possibly delisted; no timezone found
$CSHRW: possibly delisted; no price data found  (1d 2025-01-01 -> 2026-07-05)
$APC: possibly delisted; no price data found  (1d 2025-01-01 -> 2026-07-05)
$AOMR: possibly delisted; no price data found  (1d 2025-01-01 -> 2026-07-05)
$EMISR: possibly delisted; no price data found  (1d 2025-01-01 -> 2026-07-05)
$ANVS: possibly delisted; no price data found  (1d 2025-01-01 -> 2026-07-05)
$ASPCR: possibly delisted; no price data found  (1d 2025-01-01 -> 2026-07-05)
Failed to get ticker 'ANRO' reason: Failed to perform, curl: (28) Connection timed out after 30002 milliseconds. See https://curl.se/libcurl/c/libcurl-errors.html first for more details.
$ANRO: possibly delisted; no timezone found

200 Failed downloads:
['APACU', 'AQWA', 'AON', 'AMAT', 'APACR', 'IRHOR', 'ANGO', 'AMKR', 'AMWD', 'APM', 'ANIP', 'SLNO', 'APD', 'APGE', 'ERNAW', 'APP', 'SSEAR', 'APPX', 'AMX', 'SDHIR', 'AMPG', 'AMPGR', 'ANGH', 'NEXRW', 'AMIX', 'SZZLR', 'BSAAR', 'BNCWZ', 'ANY', 'EGHAR', 'AMZU', 'DSACW', 'AMR', 'MESHW', 'TDWDR', 'IDAT', 'AMSC', 'AMZD', 'ANDE', 'DHCNL', 'LPCVW', 'WSTNR', 'MKLYR', 'ALISR', 'AQST', 'FFIC', 'AME', 'AMST', 'BPACR', 'SCIIR', 'AMAL', 'ANNA', 'AP', 'APXTW', 'ANAB', 'OIOWW', 'FVNNR', 'CCLDO', 'WHLRL', 'BEAGR', 'APLS', 'ANGHW', 'CVGW', 'INACR', 'ALXO', 'AOSL', 'AACOW', 'DTSTW', 'APEI', 'MLACR', 'GRMLW', 'ALZN', 'AXINR', 'KCHVR', 'KFIIR', 'AOHY', 'FORA', 'APPF', 'ALVOW', 'BLRKW', 'ANIX', 'QUMSR', 'ANTA', 'IPCXR', 'AMPL', 'UCFIW', 'AMD', 'APLD', 'MFICL', 'LCCCR', 'APXT', 'AQMS', 'AMID', 'COLAR', 'ANGL', 'APVO', 'LFACW', 'GPACW', 'AMRX', 'CRANR', 'TWLVR', 'AMUN', 'AEAQW', 'APA', 'AMCX', 'ADACW', 'APXTU', 'APOG', 'HCACR', 'AMDG', 'AOUT', 'APRE', 'AMPGZ', 'MMTXW', 'AMBA', 'AMCI', 'API', 'ITHAW', 'WTGUR', 'AMBR', 'BCTXL', 'AMSF', 'AMLX', 'ANNX', 'ANTX', 'AMDD', 'VHCPW', 'AMUU', 'AMT', 'APYX', 'APAC', 'XRXDW', 'ANIK', 'APWC', 'AMP', 'AMRN', 'FGMCR', 'AMGN', 'UYSCR', 'APO', 'APH', 'USGOW', 'HVIIR', 'AMTD', 'CSGS', 'CRAQR', 'AMPH', 'SNCY', 'AMPX', 'ANNAW', 'NIXXW', 'CCXIW', 'SCPQW', 'GTERR', 'KBONW', 'APPS', 'NTWOW', 'NUCLW', 'SVAQW', 'GIWWR', 'ANET', 'ANGI', 'CSHRW', 'APC', 'AOMR', 'EMISR', 'ANVS', 'ASPCR']: possibly delisted; no price data found  (1d 2025-01-01 -> 2026-07-05)
['AOD', 'AR', 'APAM', 'IOI.KL', 'AMG', 'APLE', 'AMPY', 'AMRZ', 'AMWL', 'HARTA.KL', 'AMBQ', 'ANDG', 'AOS', 'AMTB', 'AQN', 'AM', 'TENAGA.KL', 'MAXIS.KL', 'AMBP', 'AN', 'APTV', 'AMTM', 'MAYBANK.KL', 'ALX', 'AORT', 'ANF', 'CIMB.KL', 'GENTING.KL', 'AMH', 'AMCR', 'AMRC', 'ANRO']: possibly delisted; no timezone found
Failed to get ticker 'ARCO' reason: Failed to perform, curl: (28) Connection timed out after 30001 milliseconds. See https://curl.se/libcurl/c/libcurl-errors.html first for more details.
$ARCO: possibly delisted; no timezone found
Failed to get ticker 'AVD' reason: Failed to perform, curl: (28) Connection timed out after 30002 milliseconds. See https://curl.se/libcurl/c/libcurl-errors.html first for more details.
$AVD: possibly delisted; no timezone found
$ARI: possibly delisted; no price data found  (1d 2025-01-01 -> 2026-07-05)
$ATHR: possibly delisted; no price data found  (1d 2025-01-01 -> 2026-07-05)
$AVL: possibly delisted; no price data found  (1d 2025-01-01 -> 2026-07-05)
$ARKR: possibly delisted; no price data found  (1d 2025-01-01 -> 2026-07-05)
Failed to get ticker 'ARLO' reason: Failed to perform, curl: (28) Connection timed out after 30002 milliseconds. See https://curl.se/libcurl/c/libcurl-errors.html first for more details.
$ARLO: possibly delisted; no timezone found
Failed to get ticker 'AWF' reason: Failed to perform, curl: (28) Connection timed out after 30002 milliseconds. See https://curl.se/libcurl/c/libcurl-errors.html first for more details.
$AWF: possibly delisted; no timezone found
Failed to get ticker 'BALL' reason: Failed to perform, curl: (28) Connection timed out after 30002 milliseconds. See https://curl.se/libcurl/c/libcurl-errors.html first for more details.
$BALL: possibly delisted; no timezone found
$ASST: possibly delisted; no price data found  (1d 2025-01-01 -> 2026-07-05)
$ARMG: possibly delisted; no price data found  (1d 2025-01-01 -> 2026-07-05)
Failed to get ticker 'AZZ' reason: Failed to perform, curl: (28) Connection timed out after 30002 milliseconds. See https://curl.se/libcurl/c/libcurl-errors.html first for more details.
$AZZ: possibly delisted; no timezone found
Failed to get ticker 'ARX' reason: Failed to perform, curl: (28) Connection timed out after 30002 milliseconds. See https://curl.se/libcurl/c/libcurl-errors.html first for more details.
$ARX: possibly delisted; no timezone found
$ARCC: possibly delisted; no price data found  (1d 2025-01-01 -> 2026-07-05)
$ATII: possibly delisted; no price data found  (1d 2025-01-01 -> 2026-07-05)
$ASTS: possibly delisted; no price data found  (1d 2025-01-01 -> 2026-07-05)
$ATHM: possibly delisted; no price data found  (1d 2025-01-01 -> 2026-07-05)
$ATRC: possibly delisted; no price data found  (1d 2025-01-01 -> 2026-07-05)
$AVNW: possibly delisted; no price data found  (1d 2025-01-01 -> 2026-07-05)
$ARVR: possibly delisted; no price data found  (1d 2025-01-01 -> 2026-07-05)
Failed to get ticker 'ASH' reason: Failed to perform, curl: (28) Connection timed out after 30002 milliseconds. See https://curl.se/libcurl/c/libcurl-errors.html first for more details.
$ASH: possibly delisted; no timezone found
$AYTU: possibly delisted; no price data found  (1d 2025-01-01 -> 2026-07-05)
$AUID: possibly delisted; no price data found  (1d 2025-01-01 -> 2026-07-05)
$ARHS: possibly delisted; no price data found  (1d 2025-01-01 -> 2026-07-05)
$AVGB: possibly delisted; no price data found  (1d 2025-01-01 -> 2026-07-05)
$AUTL: possibly delisted; no price data found  (1d 2025-01-01 -> 2026-07-05)
Failed to get ticker 'AVB' reason: Failed to perform, curl: (28) Connection timed out after 30002 milliseconds. See https://curl.se/libcurl/c/libcurl-errors.html first for more details.
$AVB: possibly delisted; no timezone found
Failed to get ticker 'ARL' reason: Failed to perform, curl: (28) Connection timed out after 30000 milliseconds. See https://curl.se/libcurl/c/libcurl-errors.html first for more details.
$ARL: possibly delisted; no timezone found
Failed to get ticker 'AVA' reason: Failed to perform, curl: (28) Connection timed out after 30001 milliseconds. See https://curl.se/libcurl/c/libcurl-errors.html first for more details.
$AVA: possibly delisted; no timezone found
$AVGO: possibly delisted; no price data found  (1d 2025-01-01 -> 2026-07-05)
$BABA: possibly delisted; no price data found  (1d 2025-01-01 -> 2026-07-05)
Failed to get ticker 'BAH' reason: Failed to perform, curl: (28) Connection timed out after 30001 milliseconds. See https://curl.se/libcurl/c/libcurl-errors.html first for more details.
$BAH: possibly delisted; no timezone found
Failed to get ticker 'BALY' reason: Failed to perform, curl: (28) Connection timed out after 30002 milliseconds. See https://curl.se/libcurl/c/libcurl-errors.html first for more details.
$BALY: possibly delisted; no timezone found
$ARTW: possibly delisted; no price data found  (1d 2025-01-01 -> 2026-07-05)
$ARXS: possibly delisted; no price data found  (1d 2025-01-01 -> 2026-07-05)
$ASTC: possibly delisted; no price data found  (1d 2025-01-01 -> 2026-07-05)
$ATLX: possibly delisted; no price data found  (1d 2025-01-01 -> 2026-07-05)
$AVBP: possibly delisted; no price data found  (1d 2025-01-01 -> 2026-07-05)
$ASPI: possibly delisted; no price data found  (1d 2025-01-01 -> 2026-07-05)
$AU: possibly delisted; no price data found  (1d 2025-01-01 -> 2026-07-05)
Failed to get ticker 'ATO' reason: Failed to perform, curl: (28) Connection timed out after 30000 milliseconds. See https://curl.se/libcurl/c/libcurl-errors.html first for more details.
$ATO: possibly delisted; no timezone found
Failed to get ticker 'ATR' reason: Failed to perform, curl: (28) Connection timed out after 30001 milliseconds. See https://curl.se/libcurl/c/libcurl-errors.html first for more details.
$ATR: possibly delisted; no timezone found
Failed to get ticker 'AWI' reason: Failed to perform, curl: (28) Connection timed out after 30001 milliseconds. See https://curl.se/libcurl/c/libcurl-errors.html first for more details.
$AWI: possibly delisted; no timezone found
Failed to get ticker 'ATEN' reason: Failed to perform, curl: (28) Connection timed out after 30000 milliseconds. See https://curl.se/libcurl/c/libcurl-errors.html first for more details.
$ATEN: possibly delisted; no timezone found
Failed to get ticker 'AVAL' reason: Failed to perform, curl: (28) Connection timed out after 30001 milliseconds. See https://curl.se/libcurl/c/libcurl-errors.html first for more details.
$AVAL: possibly delisted; no timezone found
Failed to get ticker 'AROC' reason: Failed to perform, curl: (28) Connection timed out after 30001 milliseconds. See https://curl.se/libcurl/c/libcurl-errors.html first for more details.
$AROC: possibly delisted; no timezone found
$ATHE: possibly delisted; no price data found  (1d 2025-01-01 -> 2026-07-05)
Failed to get ticker 'ATKR' reason: Failed to perform, curl: (28) Connection timed out after 30001 milliseconds. See https://curl.se/libcurl/c/libcurl-errors.html first for more details.
$ATKR: possibly delisted; no timezone found
$ARTV: possibly delisted; no price data found  (1d 2025-01-01 -> 2026-07-05)
$ATLO: possibly delisted; no price data found  (1d 2025-01-01 -> 2026-07-05)
Failed to get ticker 'AVEX' reason: Failed to perform, curl: (28) Connection timed out after 30001 milliseconds. See https://curl.se/libcurl/c/libcurl-errors.html first for more details.
$AVEX: possibly delisted; no timezone found
$AS: possibly delisted; no price data found  (1d 2025-01-01 -> 2026-07-05)
$ARQQ: possibly delisted; no price data found  (1d 2025-01-01 -> 2026-07-05)
$AUMI: possibly delisted; no price data found  (1d 2025-01-01 -> 2026-07-05)
$ARBE: possibly delisted; no price data found  (1d 2025-01-01 -> 2026-07-05)
$ASRT: possibly delisted; no price data found  (1d 2025-01-01 -> 2026-07-05)
$AVGG: possibly delisted; no price data found  (1d 2025-01-01 -> 2026-07-05)
$ATIIW: possibly delisted; no price data found  (1d 2025-01-01 -> 2026-07-05)
Failed to get ticker 'ASIC' reason: Failed to perform, curl: (28) Connection timed out after 30001 milliseconds. See https://curl.se/libcurl/c/libcurl-errors.html first for more details.
$ASIC: possibly delisted; no timezone found
$AVUQ: possibly delisted; no price data found  (1d 2025-01-01 -> 2026-07-05)
$ARLP: possibly delisted; no price data found  (1d 2025-01-01 -> 2026-07-05)
$AVT: possibly delisted; no price data found  (1d 2025-01-01 -> 2026-07-05)
$ASLE: possibly delisted; no price data found  (1d 2025-01-01 -> 2026-07-05)
$ARTNA: possibly delisted; no price data found  (1d 2025-01-01 -> 2026-07-05)
$ARAY: possibly delisted; no price data found  (1d 2025-01-01 -> 2026-07-05)
$AUROW: possibly delisted; no price data found  (1d 2025-01-01 -> 2026-07-05)
$AREBW: possibly delisted; no price data found  (1d 2025-01-01 -> 2026-07-05)
$ATAI: possibly delisted; no price data found  (1d 2025-01-01 -> 2026-07-05)
$ARBEW: possibly delisted; no price data found  (1d 2025-01-01 -> 2026-07-05)
Failed to get ticker 'AVBC' reason: Failed to perform, curl: (28) Connection timed out after 30002 milliseconds. See https://curl.se/libcurl/c/libcurl-errors.html first for more details.
$AVBC: possibly delisted; no timezone found
$AXG: possibly delisted; no price data found  (1d 2025-01-01 -> 2026-07-05)
$ASYS: possibly delisted; no price data found  (1d 2025-01-01 -> 2026-07-05)
$ATLC: possibly delisted; no price data found  (1d 2025-01-01 -> 2026-07-05)
Failed to get ticker 'AYI' reason: Failed to perform, curl: (28) Connection timed out after 30001 milliseconds. See https://curl.se/libcurl/c/libcurl-errors.html first for more details.
$AYI: possibly delisted; no timezone found
Failed to get ticker 'AVNT' reason: Failed to perform, curl: (28) Connection timed out after 30002 milliseconds. See https://curl.se/libcurl/c/libcurl-errors.html first for more details.
$AVNT: possibly delisted; no timezone found
$ASTI: possibly delisted; no price data found  (1d 2025-01-01 -> 2026-07-05)
$ASTL: possibly delisted; no price data found  (1d 2025-01-01 -> 2026-07-05)
Failed to get ticker 'ATI' reason: Failed to perform, curl: (28) Connection timed out after 30002 milliseconds. See https://curl.se/libcurl/c/libcurl-errors.html first for more details.
$ATI: possibly delisted; no timezone found
$ATGL: possibly delisted; no price data found  (1d 2025-01-01 -> 2026-07-05)
$AVGX: possibly delisted; no price data found  (1d 2025-01-01 -> 2026-07-05)
$ARKO: possibly delisted; no price data found  (1d 2025-01-01 -> 2026-07-05)
$AURE: possibly delisted; no price data found  (1d 2025-01-01 -> 2026-07-05)
Failed to get ticker 'AUB' reason: Failed to perform, curl: (28) Connection timed out after 30001 milliseconds. See https://curl.se/libcurl/c/libcurl-errors.html first for more details.
$AUB: possibly delisted; no timezone found
Failed to get ticker 'AXS' reason: Failed to perform, curl: (28) Connection timed out after 30002 milliseconds. See https://curl.se/libcurl/c/libcurl-errors.html first for more details.
$AXS: possibly delisted; no timezone found
$ASTE: possibly delisted; no price data found  (1d 2025-01-01 -> 2026-07-05)
$AUR: possibly delisted; no price data found  (1d 2025-01-01 -> 2026-07-05)
$ASCI: possibly delisted; no price data found  (1d 2025-01-01 -> 2026-07-05)
$BAC: possibly delisted; no price data found  (1d 2025-01-01 -> 2026-07-05)
$AVAH: possibly delisted; no price data found  (1d 2025-01-01 -> 2026-07-05)
$ASBPW: possibly delisted; no price data found  (1d 2025-01-01 -> 2026-07-05)
$ATOM: possibly delisted; no price data found  (1d 2025-01-01 -> 2026-07-05)
$AUUD: possibly delisted; no price data found  (1d 2025-01-01 -> 2026-07-05)
$AVAV: possibly delisted; no price data found  (1d 2025-01-01 -> 2026-07-05)
$AXINU: possibly delisted; no price data found  (1d 2025-01-01 -> 2026-07-05)
$AUPH: possibly delisted; no price data found  (1d 2025-01-01 -> 2026-07-05)
$ARE: possibly delisted; no price data found  (1d 2025-01-01 -> 2026-07-05)
$ARCB: possibly delisted; no price data found  (1d 2025-01-01 -> 2026-07-05)
$AVS: possibly delisted; no price data found  (1d 2025-01-01 -> 2026-07-05)
Failed to get ticker 'AVTR' reason: Failed to perform, curl: (28) Connection timed out after 30002 milliseconds. See https://curl.se/libcurl/c/libcurl-errors.html first for more details.
$AVTR: possibly delisted; no timezone found
Failed to get ticker 'AXTA' reason: Failed to perform, curl: (28) Connection timed out after 30001 milliseconds. See https://curl.se/libcurl/c/libcurl-errors.html first for more details.
$AXTA: possibly delisted; no timezone found
$AYA: possibly delisted; no price data found  (1d 2025-01-01 -> 2026-07-05)
$BAFN: possibly delisted; no price data found  (1d 2025-01-01 -> 2026-07-05)
$ATIIU: possibly delisted; no price data found  (1d 2025-01-01 -> 2026-07-05)
$BAM: possibly delisted; no price data found  (1d 2025-01-01 -> 2026-07-05)
$ARQQW: possibly delisted; no price data found  (1d 2025-01-01 -> 2026-07-05)
$AREB: possibly delisted; no price data found  (1d 2025-01-01 -> 2026-07-05)
$BAIV: possibly delisted; no price data found  (1d 2025-01-01 -> 2026-07-05)
$ASA: possibly delisted; no price data found  (1d 2025-01-01 -> 2026-07-05)
$ATYR: possibly delisted; no price data found  (1d 2025-01-01 -> 2026-07-05)
$ATEC: possibly delisted; no price data found  (1d 2025-01-01 -> 2026-07-05)
Failed to get ticker 'AUNA' reason: Failed to perform, curl: (28) Connection timed out after 30002 milliseconds. See https://curl.se/libcurl/c/libcurl-errors.html first for more details.
$AUNA: possibly delisted; no timezone found
Failed to get ticker 'AWP' reason: Failed to perform, curl: (28) Connection timed out after 30002 milliseconds. See https://curl.se/libcurl/c/libcurl-errors.html first for more details.
$AWP: possibly delisted; no timezone found
$ASC: possibly delisted; no price data found  (1d 2025-01-01 -> 2026-07-05)
Failed to get ticker 'ATMU' reason: Failed to perform, curl: (28) Connection timed out after 30002 milliseconds. See https://curl.se/libcurl/c/libcurl-errors.html first for more details.
$ATMU: possibly delisted; no timezone found
Failed to get ticker 'AXR' reason: Failed to perform, curl: (28) Connection timed out after 30002 milliseconds. See https://curl.se/libcurl/c/libcurl-errors.html first for more details.
$AXR: possibly delisted; no timezone found
$AVXL: possibly delisted; no price data found  (1d 2025-01-01 -> 2026-07-05)
$AVTX: possibly delisted; no price data found  (1d 2025-01-01 -> 2026-07-05)
$ARM: possibly delisted; no price data found  (1d 2025-01-01 -> 2026-07-05)
Failed to get ticker 'ARMK' reason: Failed to perform, curl: (28) Connection timed out after 30001 milliseconds. See https://curl.se/libcurl/c/libcurl-errors.html first for more details.
$ARMK: possibly delisted; no timezone found
$ATER: possibly delisted; no price data found  (1d 2025-01-01 -> 2026-07-05)
$ASUR: possibly delisted; no price data found  (1d 2025-01-01 -> 2026-07-05)
$ASMG: possibly delisted; no price data found  (1d 2025-01-01 -> 2026-07-05)
$ASPS: possibly delisted; no price data found  (1d 2025-01-01 -> 2026-07-05)
Failed to get ticker 'AWR' reason: Failed to perform, curl: (28) Connection timed out after 30002 milliseconds. See https://curl.se/libcurl/c/libcurl-errors.html first for more details.
$AWR: possibly delisted; no timezone found
$BANX: possibly delisted; no price data found  (1d 2025-01-01 -> 2026-07-05)
$ARTL: possibly delisted; no price data found  (1d 2025-01-01 -> 2026-07-05)
$AVXC: possibly delisted; no price data found  (1d 2025-01-01 -> 2026-07-05)
$ATOS: possibly delisted; no price data found  (1d 2025-01-01 -> 2026-07-05)
$AVLN: possibly delisted; no price data found  (1d 2025-01-01 -> 2026-07-05)
Failed to get ticker 'ASIX' reason: Failed to perform, curl: (28) Connection timed out after 30002 milliseconds. See https://curl.se/libcurl/c/libcurl-errors.html first for more details.
$ASIX: possibly delisted; no timezone found
Failed to get ticker 'ARIS' reason: Failed to perform, curl: (28) Connection timed out after 30002 milliseconds. See https://curl.se/libcurl/c/libcurl-errors.html first for more details.
$ARIS: possibly delisted; no timezone found
Failed to get ticker 'AVNS' reason: Failed to perform, curl: (28) Connection timed out after 30002 milliseconds. See https://curl.se/libcurl/c/libcurl-errors.html first for more details.
$AVNS: possibly delisted; no timezone found
$ATAT: possibly delisted; no price data found  (1d 2025-01-01 -> 2026-07-05)
$AUGO: possibly delisted; no price data found  (1d 2025-01-01 -> 2026-07-05)
$AROW: possibly delisted; no price data found  (1d 2025-01-01 -> 2026-07-05)
$AXON: possibly delisted; no price data found  (1d 2025-01-01 -> 2026-07-05)
$ARBK: possibly delisted; no price data found  (1d 2025-01-01 -> 2026-07-05)
$ASML: possibly delisted; no price data found  (1d 2025-01-01 -> 2026-07-05)
$ASR: possibly delisted; no price data found  (1d 2025-01-01 -> 2026-07-05)
$AXIN: possibly delisted; no price data found  (1d 2025-01-01 -> 2026-07-05)
$ATPC: possibly delisted; no price data found  (1d 2025-01-01 -> 2026-07-05)
$BANR: possibly delisted; no price data found  (1d 2025-01-01 -> 2026-07-05)
Failed to get ticker 'ASPN' reason: Failed to perform, curl: (28) Connection timed out after 30001 milliseconds. See https://curl.se/libcurl/c/libcurl-errors.html first for more details.
$ASPN: possibly delisted; no timezone found
Failed to get ticker 'BARK' reason: Failed to perform, curl: (28) Connection timed out after 30002 milliseconds. See https://curl.se/libcurl/c/libcurl-errors.html first for more details.
$BARK: possibly delisted; no timezone found
$BANL: possibly delisted; no price data found  (1d 2025-01-01 -> 2026-07-05)
Failed to get ticker 'AVK' reason: Failed to perform, curl: (28) Connection timed out after 30001 milliseconds. See https://curl.se/libcurl/c/libcurl-errors.html first for more details.
$AVK: possibly delisted; no timezone found
$AZN: possibly delisted; no price data found  (1d 2025-01-01 -> 2026-07-05)
$AUDC: possibly delisted; no price data found  (1d 2025-01-01 -> 2026-07-05)
$ATXG: possibly delisted; no price data found  (1d 2025-01-01 -> 2026-07-05)
$AVIR: possibly delisted; no price data found  (1d 2025-01-01 -> 2026-07-05)
$ASX: possibly delisted; no price data found  (1d 2025-01-01 -> 2026-07-05)
Failed to get ticker 'ARR' reason: Failed to perform, curl: (28) Connection timed out after 30001 milliseconds. See https://curl.se/libcurl/c/libcurl-errors.html first for more details.
$ARR: possibly delisted; no timezone found
$BAFE: possibly delisted; no price data found  (1d 2025-01-01 -> 2026-07-05)
$ARRY: possibly delisted; no price data found  (1d 2025-01-01 -> 2026-07-05)
$ARES: possibly delisted; no price data found  (1d 2025-01-01 -> 2026-07-05)
$ASG: possibly delisted; no price data found  (1d 2025-01-01 -> 2026-07-05)
$ATNI: possibly delisted; no price data found  (1d 2025-01-01 -> 2026-07-05)
$ASMB: possibly delisted; no price data found  (1d 2025-01-01 -> 2026-07-05)
$AREC: possibly delisted; no price data found  (1d 2025-01-01 -> 2026-07-05)
$BANF: possibly delisted; no price data found  (1d 2025-01-01 -> 2026-07-05)
Failed to get ticker 'ASB' reason: Failed to perform, curl: (28) Connection timed out after 30001 milliseconds. See https://curl.se/libcurl/c/libcurl-errors.html first for more details.
$ASB: possibly delisted; no timezone found
$AUBN: possibly delisted; no price data found  (1d 2025-01-01 -> 2026-07-05)
$ARCT: possibly delisted; no price data found  (1d 2025-01-01 -> 2026-07-05)
$ARBB: possibly delisted; no price data found  (1d 2025-01-01 -> 2026-07-05)
$ATRA: possibly delisted; no price data found  (1d 2025-01-01 -> 2026-07-05)
Failed to get ticker 'ARDT' reason: Failed to perform, curl: (28) Connection timed out after 30001 milliseconds. See https://curl.se/libcurl/c/libcurl-errors.html first for more details.
$ARDT: possibly delisted; no timezone found
$AVX: possibly delisted; no price data found  (1d 2025-01-01 -> 2026-07-05)
$AXP: possibly delisted; no price data found  (1d 2025-01-01 -> 2026-07-05)
Failed to get ticker 'BAP' reason: Failed to perform, curl: (28) Connection timed out after 30001 milliseconds. See https://curl.se/libcurl/c/libcurl-errors.html first for more details.
$BAP: possibly delisted; no timezone found
$ASO: possibly delisted; no price data found  (1d 2025-01-01 -> 2026-07-05)
$ASBP: possibly delisted; no price data found  (1d 2025-01-01 -> 2026-07-05)
$AXTI: possibly delisted; no price data found  (1d 2025-01-01 -> 2026-07-05)
$AVBH: possibly delisted; no price data found  (1d 2025-01-01 -> 2026-07-05)
$B: possibly delisted; no price data found  (1d 2025-01-01 -> 2026-07-05)
$AVO: possibly delisted; no price data found  (1d 2025-01-01 -> 2026-07-05)
$ARVN: possibly delisted; no price data found  (1d 2025-01-01 -> 2026-07-05)
$AVPT: possibly delisted; no price data found  (1d 2025-01-01 -> 2026-07-05)
$ARWR: possibly delisted; no price data found  (1d 2025-01-01 -> 2026-07-05)
$AVR: possibly delisted; no price data found  (1d 2025-01-01 -> 2026-07-05)
$ATLCP: possibly delisted; no price data found  (1d 2025-01-01 -> 2026-07-05)
$BAOS: possibly delisted; no price data found  (1d 2025-01-01 -> 2026-07-05)
Failed to get ticker 'AX' reason: Failed to perform, curl: (28) Connection timed out after 30001 milliseconds. See https://curl.se/libcurl/c/libcurl-errors.html first for more details.
$AX: possibly delisted; no timezone found
Failed to get ticker 'AWK' reason: Failed to perform, curl: (28) Connection timed out after 30001 milliseconds. See https://curl.se/libcurl/c/libcurl-errors.html first for more details.
$AWK: possibly delisted; no timezone found
$AZ: possibly delisted; no price data found  (1d 2025-01-01 -> 2026-07-05)
$ATRO: possibly delisted; no price data found  (1d 2025-01-01 -> 2026-07-05)
$AXIA: possibly delisted; no price data found  (1d 2025-01-01 -> 2026-07-05)
$ARDX: possibly delisted; no price data found  (1d 2025-01-01 -> 2026-07-05)
$AXGN: possibly delisted; no price data found  (1d 2025-01-01 -> 2026-07-05)
$AZTA: possibly delisted; no price data found  (1d 2025-01-01 -> 2026-07-05)
Failed to get ticker 'ASGI' reason: Failed to perform, curl: (28) Connection timed out after 30001 milliseconds. See https://curl.se/libcurl/c/libcurl-errors.html first for more details.
$ASGI: possibly delisted; no timezone found
$AURA: possibly delisted; no price data found  (1d 2025-01-01 -> 2026-07-05)
Failed to get ticker 'ATS' reason: Failed to perform, curl: (28) Connection timed out after 30001 milliseconds. See https://curl.se/libcurl/c/libcurl-errors.html first for more details.
$ATS: possibly delisted; no timezone found
$ARQ: possibly delisted; no price data found  (1d 2025-01-01 -> 2026-07-05)
$AWRE: possibly delisted; no price data found  (1d 2025-01-01 -> 2026-07-05)
Failed to get ticker 'BANC' reason: Failed to perform, curl: (28) Connection timed out after 30001 milliseconds. See https://curl.se/libcurl/c/libcurl-errors.html first for more details.
$BANC: possibly delisted; no timezone found
$ASRV: possibly delisted; no price data found  (1d 2025-01-01 -> 2026-07-05)
Failed to get ticker 'ARDC' reason: Failed to perform, curl: (28) Connection timed out after 30000 milliseconds. See https://curl.se/libcurl/c/libcurl-errors.html first for more details.
$ARDC: possibly delisted; no timezone found
$ASTLW: possibly delisted; no price data found  (1d 2025-01-01 -> 2026-07-05)
Failed to get ticker 'AVY' reason: Failed to perform, curl: (28) Connection timed out after 30001 milliseconds. See https://curl.se/libcurl/c/libcurl-errors.html first for more details.
$AVY: possibly delisted; no timezone found
$ARQT: possibly delisted; no price data found  (1d 2025-01-01 -> 2026-07-05)

200 Failed downloads:
['ARCO', 'AVD', 'ARLO', 'AWF', 'BALL', 'AZZ', 'ARX', 'ASH', 'AVB', 'ARL', 'AVA', 'BAH', 'BALY', 'ATO', 'ATR', 'AWI', 'ATEN', 'AVAL', 'AROC', 'ATKR', 'AVEX', 'ASIC', 'AVBC', 'AYI', 'AVNT', 'ATI', 'AUB', 'AXS', 'AVTR', 'AXTA', 'AUNA', 'AWP', 'ATMU', 'AXR', 'ARMK', 'AWR', 'ASIX', 'ARIS', 'AVNS', 'ASPN', 'BARK', 'AVK', 'ARR', 'ASB', 'ARDT', 'BAP', 'AX', 'AWK', 'ASGI', 'ATS', 'BANC', 'ARDC', 'AVY']: possibly delisted; no timezone found
['ARI', 'ATHR', 'AVL', 'ARKR', 'ASST', 'ARMG', 'ARCC', 'ATII', 'ASTS', 'ATHM', 'ATRC', 'AVNW', 'ARVR', 'AYTU', 'AUID', 'ARHS', 'AVGB', 'AUTL', 'AVGO', 'BABA', 'ARTW', 'ARXS', 'ASTC', 'ATLX', 'AVBP', 'ASPI', 'AU', 'ATHE', 'ARTV', 'ATLO', 'AS', 'ARQQ', 'AUMI', 'ARBE', 'ASRT', 'AVGG', 'ATIIW', 'AVUQ', 'ARLP', 'AVT', 'ASLE', 'ARTNA', 'ARAY', 'AUROW', 'AREBW', 'ATAI', 'ARBEW', 'AXG', 'ASYS', 'ATLC', 'ASTI', 'ASTL', 'ATGL', 'AVGX', 'ARKO', 'AURE', 'ASTE', 'AUR', 'ASCI', 'BAC', 'AVAH', 'ASBPW', 'ATOM', 'AUUD', 'AVAV', 'AXINU', 'AUPH', 'ARE', 'ARCB', 'AVS', 'AYA', 'BAFN', 'ATIIU', 'BAM', 'ARQQW', 'AREB', 'BAIV', 'ASA', 'ATYR', 'ATEC', 'ASC', 'AVXL', 'AVTX', 'ARM', 'ATER', 'ASUR', 'ASMG', 'ASPS', 'BANX', 'ARTL', 'AVXC', 'ATOS', 'AVLN', 'ATAT', 'AUGO', 'AROW', 'AXON', 'ARBK', 'ASML', 'ASR', 'AXIN', 'ATPC', 'BANR', 'BANL', 'AZN', 'AUDC', 'ATXG', 'AVIR', 'ASX', 'BAFE', 'ARRY', 'ARES', 'ASG', 'ATNI', 'ASMB', 'AREC', 'BANF', 'AUBN', 'ARCT', 'ARBB', 'ATRA', 'AVX', 'AXP', 'ASO', 'ASBP', 'AXTI', 'AVBH', 'B', 'AVO', 'ARVN', 'AVPT', 'ARWR', 'AVR', 'ATLCP', 'BAOS', 'AZ', 'ATRO', 'AXIA', 'ARDX', 'AXGN', 'AZTA', 'AURA', 'ARQ', 'AWRE', 'ASRV', 'ASTLW', 'ARQT']: possibly delisted; no price data found  (1d 2025-01-01 -> 2026-07-05)
Failed to get ticker 'BME' reason: Failed to perform, curl: (28) Connection timed out after 30001 milliseconds. See https://curl.se/libcurl/c/libcurl-errors.html first for more details.
$BME: possibly delisted; no timezone found
Failed to get ticker 'BEP' reason: Failed to perform, curl: (28) Connection timed out after 30002 milliseconds. See https://curl.se/libcurl/c/libcurl-errors.html first for more details.
$BEP: possibly delisted; no timezone found
$BEEM: possibly delisted; no price data found  (1d 2025-01-01 -> 2026-07-05)
$BFRI: possibly delisted; no price data found  (1d 2025-01-01 -> 2026-07-05)
$BIAFW: possibly delisted; no price data found  (1d 2025-01-01 -> 2026-07-05)
$BIXIU: possibly delisted; no price data found  (1d 2025-01-01 -> 2026-07-05)
$BLLN: possibly delisted; no price data found  (1d 2025-01-01 -> 2026-07-05)
$BLMN: possibly delisted; no price data found  (1d 2025-01-01 -> 2026-07-05)
Failed to get ticker 'BCC' reason: Failed to perform, curl: (28) Connection timed out after 30002 milliseconds. See https://curl.se/libcurl/c/libcurl-errors.html first for more details.
$BCC: possibly delisted; no timezone found
Failed to get ticker 'BLW' reason: Failed to perform, curl: (28) Connection timed out after 30002 milliseconds. See https://curl.se/libcurl/c/libcurl-errors.html first for more details.
$BLW: possibly delisted; no timezone found
Failed to get ticker 'BMNR' reason: Failed to perform, curl: (28) Connection timed out after 30002 milliseconds. See https://curl.se/libcurl/c/libcurl-errors.html first for more details.
$BMNR: possibly delisted; no timezone found
$BE: possibly delisted; no price data found  (1d 2025-01-01 -> 2026-07-05)
Failed to get ticker 'BHVN' reason: Failed to perform, curl: (28) Connection timed out after 30002 milliseconds. See https://curl.se/libcurl/c/libcurl-errors.html first for more details.
$BHVN: possibly delisted; no timezone found
Failed to get ticker 'BMN' reason: Failed to perform, curl: (28) Connection timed out after 30002 milliseconds. See https://curl.se/libcurl/c/libcurl-errors.html first for more details.
$BMN: possibly delisted; no timezone found
Failed to get ticker 'BBT' reason: Failed to perform, curl: (28) Connection timed out after 30002 milliseconds. See https://curl.se/libcurl/c/libcurl-errors.html first for more details.
$BBT: possibly delisted; no timezone found
$BHST: possibly delisted; no price data found  (1d 2025-01-01 -> 2026-07-05)
$BIOA: possibly delisted; no price data found  (1d 2025-01-01 -> 2026-07-05)
$BGMS: possibly delisted; no price data found  (1d 2025-01-01 -> 2026-07-05)
Failed to get ticker 'BHK' reason: Failed to perform, curl: (28) Connection timed out after 30001 milliseconds. See https://curl.se/libcurl/c/libcurl-errors.html first for more details.
$BHK: possibly delisted; no timezone found
$BIXI: possibly delisted; no price data found  (1d 2025-01-01 -> 2026-07-05)
Failed to get ticker 'BGB' reason: Failed to perform, curl: (28) Connection timed out after 30001 milliseconds. See https://curl.se/libcurl/c/libcurl-errors.html first for more details.
$BGB: possibly delisted; no timezone found
Failed to get ticker 'BHE' reason: Failed to perform, curl: (28) Connection timed out after 30002 milliseconds. See https://curl.se/libcurl/c/libcurl-errors.html first for more details.
$BHE: possibly delisted; no timezone found
Failed to get ticker 'BCSS' reason: Failed to perform, curl: (28) Connection timed out after 30002 milliseconds. See https://curl.se/libcurl/c/libcurl-errors.html first for more details.
$BCSS: possibly delisted; no timezone found
$BLRK: possibly delisted; no price data found  (1d 2025-01-01 -> 2026-07-05)
Failed to get ticker 'BDC' reason: Failed to perform, curl: (28) Connection timed out after 30002 milliseconds. See https://curl.se/libcurl/c/libcurl-errors.html first for more details.
$BDC: possibly delisted; no timezone found
$BDYN: possibly delisted; no price data found  (1d 2025-01-01 -> 2026-07-05)
Failed to get ticker 'BMI' reason: Failed to perform, curl: (28) Connection timed out after 30002 milliseconds. See https://curl.se/libcurl/c/libcurl-errors.html first for more details.
$BMI: possibly delisted; no timezone found
$BGM: possibly delisted; no price data found  (1d 2025-01-01 -> 2026-07-05)
$BKNG: possibly delisted; no price data found  (1d 2025-01-01 -> 2026-07-05)
Failed to get ticker 'BGY' reason: Failed to perform, curl: (28) Connection timed out after 30002 milliseconds. See https://curl.se/libcurl/c/libcurl-errors.html first for more details.
$BGY: possibly delisted; no timezone found
Failed to get ticker 'BG' reason: Failed to perform, curl: (28) Connection timed out after 30002 milliseconds. See https://curl.se/libcurl/c/libcurl-errors.html first for more details.
$BG: possibly delisted; no timezone found
$BDCIW: possibly delisted; no price data found  (1d 2025-01-01 -> 2026-07-05)
$BCRX: possibly delisted; no price data found  (1d 2025-01-01 -> 2026-07-05)
Failed to get ticker 'BKE' reason: Failed to perform, curl: (28) Connection timed out after 30001 milliseconds. See https://curl.se/libcurl/c/libcurl-errors.html first for more details.
$BKE: possibly delisted; no timezone found
Failed to get ticker 'BBY' reason: Failed to perform, curl: (28) Connection timed out after 30002 milliseconds. See https://curl.se/libcurl/c/libcurl-errors.html first for more details.
$BBY: possibly delisted; no timezone found
$BEEP: possibly delisted; no price data found  (1d 2025-01-01 -> 2026-07-05)
Failed to get ticker 'BMA' reason: Failed to perform, curl: (28) Connection timed out after 30001 milliseconds. See https://curl.se/libcurl/c/libcurl-errors.html first for more details.
$BMA: possibly delisted; no timezone found
Failed to get ticker 'BLND' reason: Failed to perform, curl: (28) Connection timed out after 30002 milliseconds. See https://curl.se/libcurl/c/libcurl-errors.html first for more details.
$BLND: possibly delisted; no timezone found
Failed to get ticker 'BMEZ' reason: Failed to perform, curl: (28) Connection timed out after 30002 milliseconds. See https://curl.se/libcurl/c/libcurl-errors.html first for more details.
$BMEZ: possibly delisted; no timezone found
$BCIC: possibly delisted; no price data found  (1d 2025-01-01 -> 2026-07-05)
Failed to get ticker 'BDJ' reason: Failed to perform, curl: (28) Connection timed out after 30002 milliseconds. See https://curl.se/libcurl/c/libcurl-errors.html first for more details.
$BDJ: possibly delisted; no timezone found
$BELFB: possibly delisted; no price data found  (1d 2025-01-01 -> 2026-07-05)
$BITS: possibly delisted; no price data found  (1d 2025-01-01 -> 2026-07-05)
$BHFAN: possibly delisted; no price data found  (1d 2025-01-01 -> 2026-07-05)
$BLZRW: possibly delisted; no price data found  (1d 2025-01-01 -> 2026-07-05)
$BKMI: possibly delisted; no price data found  (1d 2025-01-01 -> 2026-07-05)
$BDCIU: possibly delisted; no price data found  (1d 2025-01-01 -> 2026-07-05)
Failed to get ticker 'BEKE' reason: Failed to perform, curl: (28) Connection timed out after 30002 milliseconds. See https://curl.se/libcurl/c/libcurl-errors.html first for more details.
$BEKE: possibly delisted; no timezone found
$BGL: possibly delisted; no price data found  (1d 2025-01-01 -> 2026-07-05)
$BKR: possibly delisted; no price data found  (1d 2025-01-01 -> 2026-07-05)
Failed to get ticker 'BFH' reason: Failed to perform, curl: (28) Connection timed out after 30002 milliseconds. See https://curl.se/libcurl/c/libcurl-errors.html first for more details.
$BFH: possibly delisted; no timezone found
$BHAV: possibly delisted; no price data found  (1d 2025-01-01 -> 2026-07-05)
$BBOT: possibly delisted; no price data found  (1d 2025-01-01 -> 2026-07-05)
$BEEZ: possibly delisted; no price data found  (1d 2025-01-01 -> 2026-07-05)
$BCGWW: possibly delisted; no price data found  (1d 2025-01-01 -> 2026-07-05)
$BBH: possibly delisted; no price data found  (1d 2025-01-01 -> 2026-07-05)
$BEAM: possibly delisted; no price data found  (1d 2025-01-01 -> 2026-07-05)
$BLIN: possibly delisted; no price data found  (1d 2025-01-01 -> 2026-07-05)
Failed to get ticker 'BGSF' reason: Failed to perform, curl: (28) Connection timed out after 30002 milliseconds. See https://curl.se/libcurl/c/libcurl-errors.html first for more details.
$BGSF: possibly delisted; no timezone found
$BCYC: possibly delisted; no price data found  (1d 2025-01-01 -> 2026-07-05)
$BBLG: possibly delisted; no price data found  (1d 2025-01-01 -> 2026-07-05)
Failed to get ticker 'BKH' reason: Failed to perform, curl: (28) Connection timed out after 30001 milliseconds. See https://curl.se/libcurl/c/libcurl-errors.html first for more details.
$BKH: possibly delisted; no timezone found
$BBDO: possibly delisted; no price data found  (1d 2025-01-01 -> 2026-07-05)
$BBNX: possibly delisted; no price data found  (1d 2025-01-01 -> 2026-07-05)
Failed to get ticker 'BHC' reason: Failed to perform, curl: (28) Connection timed out after 30002 milliseconds. See https://curl.se/libcurl/c/libcurl-errors.html first for more details.
$BHC: possibly delisted; no timezone found
Failed to get ticker 'BEBE' reason: Failed to perform, curl: (28) Connection timed out after 30002 milliseconds. See https://curl.se/libcurl/c/libcurl-errors.html first for more details.
$BEBE: possibly delisted; no timezone found
Failed to get ticker 'BIT' reason: Failed to perform, curl: (28) Connection timed out after 30002 milliseconds. See https://curl.se/libcurl/c/libcurl-errors.html first for more details.
$BIT: possibly delisted; no timezone found
$BCAL: possibly delisted; no price data found  (1d 2025-01-01 -> 2026-07-05)
$BETRW: possibly delisted; no price data found  (1d 2025-01-01 -> 2026-07-05)
Failed to get ticker 'BIRK' reason: Failed to perform, curl: (28) Connection timed out after 30002 milliseconds. See https://curl.se/libcurl/c/libcurl-errors.html first for more details.
$BIRK: possibly delisted; no timezone found
$BDX: possibly delisted; no price data found  (1d 2025-01-01 -> 2026-07-05)
$BMEA: possibly delisted; no price data found  (1d 2025-01-01 -> 2026-07-05)
Failed to get ticker 'BBAR' reason: Failed to perform, curl: (28) Connection timed out after 30002 milliseconds. See https://curl.se/libcurl/c/libcurl-errors.html first for more details.
$BBAR: possibly delisted; no timezone found
$BBSI: possibly delisted; no price data found  (1d 2025-01-01 -> 2026-07-05)
$BIIB: possibly delisted; no price data found  (1d 2025-01-01 -> 2026-07-05)
$BLDP: possibly delisted; no price data found  (1d 2025-01-01 -> 2026-07-05)
$BIS: possibly delisted; no price data found  (1d 2025-01-01 -> 2026-07-05)
Failed to get ticker 'BBW' reason: Failed to perform, curl: (28) Connection timed out after 30002 milliseconds. See https://curl.se/libcurl/c/libcurl-errors.html first for more details.
$BBW: possibly delisted; no timezone found
Failed to get ticker 'BCE' reason: Failed to perform, curl: (28) Connection timed out after 30001 milliseconds. See https://curl.se/libcurl/c/libcurl-errors.html first for more details.
$BCE: possibly delisted; no timezone found
Failed to get ticker 'BGT' reason: Failed to perform, curl: (28) Connection timed out after 30002 milliseconds. See https://curl.se/libcurl/c/libcurl-errors.html first for more details.
$BGT: possibly delisted; no timezone found
$BGLC: possibly delisted; no price data found  (1d 2025-01-01 -> 2026-07-05)
$BHRB: possibly delisted; no price data found  (1d 2025-01-01 -> 2026-07-05)
$BBB: possibly delisted; no price data found  (1d 2025-01-01 -> 2026-07-05)
$BFC: possibly delisted; no price data found  (1d 2025-01-01 -> 2026-07-05)
$BDVL: possibly delisted; no price data found  (1d 2025-01-01 -> 2026-07-05)
Failed to get ticker 'BGS' reason: Failed to perform, curl: (28) Connection timed out after 30001 milliseconds. See https://curl.se/libcurl/c/libcurl-errors.html first for more details.
$BGS: possibly delisted; no timezone found
$BCLO: possibly delisted; no price data found  (1d 2025-01-01 -> 2026-07-05)
$BDGS: possibly delisted; no price data found  (1d 2025-01-01 -> 2026-07-05)
Failed to get ticker 'BEN' reason: Failed to perform, curl: (28) Connection timed out after 30002 milliseconds. See https://curl.se/libcurl/c/libcurl-errors.html first for more details.
$BEN: possibly delisted; no timezone found
$BLZRU: possibly delisted; no price data found  (1d 2025-01-01 -> 2026-07-05)
$BLZR: possibly delisted; no price data found  (1d 2025-01-01 -> 2026-07-05)
$BBIO: possibly delisted; no price data found  (1d 2025-01-01 -> 2026-07-05)
Failed to get ticker 'BCAT' reason: Failed to perform, curl: (28) Connection timed out after 30002 milliseconds. See https://curl.se/libcurl/c/libcurl-errors.html first for more details.
$BCAT: possibly delisted; no timezone found
$BKMS: possibly delisted; no price data found  (1d 2025-01-01 -> 2026-07-05)
$BHAVR: possibly delisted; no price data found  (1d 2025-01-01 -> 2026-07-05)
Failed to get ticker 'BBUC' reason: Failed to perform, curl: (28) Connection timed out after 30001 milliseconds. See https://curl.se/libcurl/c/libcurl-errors.html first for more details.
$BBUC: possibly delisted; no timezone found
Failed to get ticker 'BLD' reason: Failed to perform, curl: (28) Connection timed out after 30002 milliseconds. See https://curl.se/libcurl/c/libcurl-errors.html first for more details.
$BLD: possibly delisted; no timezone found
Failed to get ticker 'BAX' reason: Failed to perform, curl: (28) Connection timed out after 30002 milliseconds. See https://curl.se/libcurl/c/libcurl-errors.html first for more details.
$BAX: possibly delisted; no timezone found
$BDSX: possibly delisted; no price data found  (1d 2025-01-01 -> 2026-07-05)
$BIDU: possibly delisted; no price data found  (1d 2025-01-01 -> 2026-07-05)
$BIVI: possibly delisted; no price data found  (1d 2025-01-01 -> 2026-07-05)
$BIRD: possibly delisted; no price data found  (1d 2025-01-01 -> 2026-07-05)
$BBD: possibly delisted; no price data found  (1d 2025-01-01 -> 2026-07-05)
$BEAG: possibly delisted; no price data found  (1d 2025-01-01 -> 2026-07-05)
$BDCI: possibly delisted; no price data found  (1d 2025-01-01 -> 2026-07-05)
$BLFS: possibly delisted; no price data found  (1d 2025-01-01 -> 2026-07-05)
Failed to get ticker 'BDN' reason: Failed to perform, curl: (6) Could not resolve host: query1.finance.yahoo.com. See https://curl.se/libcurl/c/libcurl-errors.html first for more details.
$BDN: possibly delisted; no timezone found
$BENFW: possibly delisted; no price data found  (1d 2025-01-01 -> 2026-07-05)
$BCARW: possibly delisted; no price data found  (1d 2025-01-01 -> 2026-07-05)
$BEEX: possibly delisted; no price data found  (1d 2025-01-01 -> 2026-07-05)
$BHFAM: possibly delisted; no price data found  (1d 2025-01-01 -> 2026-07-05)
Failed to get ticker 'BC' reason: Failed to perform, curl: (6) Could not resolve host: query1.finance.yahoo.com. See https://curl.se/libcurl/c/libcurl-errors.html first for more details.
$BC: possibly delisted; no timezone found
$BHFAO: possibly delisted; no price data found  (1d 2025-01-01 -> 2026-07-05)
Failed to get ticker 'BETA' reason: Failed to perform, curl: (6) Could not resolve host: query1.finance.yahoo.com. See https://curl.se/libcurl/c/libcurl-errors.html first for more details.
$BETA: possibly delisted; no timezone found
$BKCH: possibly delisted; no price data found  (1d 2025-01-01 -> 2026-07-05)
Failed to get ticker 'BKSY' reason: Failed to perform, curl: (6) Could not resolve host: query1.finance.yahoo.com. See https://curl.se/libcurl/c/libcurl-errors.html first for more details.
$BKSY: possibly delisted; no timezone found
Failed to get ticker 'BEPC' reason: Failed to perform, curl: (6) Could not resolve host: query1.finance.yahoo.com. See https://curl.se/libcurl/c/libcurl-errors.html first for more details.
$BEPC: possibly delisted; no timezone found
$BCTXZ: possibly delisted; no price data found  (1d 2025-01-01 -> 2026-07-05)
$BCBP: possibly delisted; no price data found  (1d 2025-01-01 -> 2026-07-05)
$BEAGU: possibly delisted; no price data found  (1d 2025-01-01 -> 2026-07-05)
$BLK: possibly delisted; no price data found  (1d 2025-01-01 -> 2026-07-05)
$BLRKU: possibly delisted; no price data found  (1d 2025-01-01 -> 2026-07-05)
$BBDC: possibly delisted; no price data found  (1d 2025-01-01 -> 2026-07-05)
Failed to get ticker 'BBN' reason: Failed to perform, curl: (28) Connection timed out after 30002 milliseconds. See https://curl.se/libcurl/c/libcurl-errors.html first for more details.
$BBN: possibly delisted; no timezone found
$BFRGW: possibly delisted; no price data found  (1d 2025-01-01 -> 2026-07-05)
Failed to get ticker 'BHR' reason: Failed to perform, curl: (28) Connection timed out after 30000 milliseconds. See https://curl.se/libcurl/c/libcurl-errors.html first for more details.
$BHR: possibly delisted; no timezone found
$BBCP: possibly delisted; no price data found  (1d 2025-01-01 -> 2026-07-05)
$BBVA: possibly delisted; no price data found  (1d 2025-01-01 -> 2026-07-05)
Failed to get ticker 'BBWI' reason: Failed to perform, curl: (28) Connection timed out after 30001 milliseconds. See https://curl.se/libcurl/c/libcurl-errors.html first for more details.
$BBWI: possibly delisted; no timezone found
$BCAX: possibly delisted; no price data found  (1d 2025-01-01 -> 2026-07-05)
$BMHL: possibly delisted; no price data found  (1d 2025-01-01 -> 2026-07-05)
Failed to get ticker 'BLCO' reason: Failed to perform, curl: (28) Connection timed out after 30000 milliseconds. See https://curl.se/libcurl/c/libcurl-errors.html first for more details.
$BLCO: possibly delisted; no timezone found
Failed to get ticker 'BGSI' reason: Failed to perform, curl: (28) Connection timed out after 30002 milliseconds. See https://curl.se/libcurl/c/libcurl-errors.html first for more details.
$BGSI: possibly delisted; no timezone found
$BMO: possibly delisted; no price data found  (1d 2025-01-01 -> 2026-07-05)
$BLKB: possibly delisted; no price data found  (1d 2025-01-01 -> 2026-07-05)
$BFRG: possibly delisted; no price data found  (1d 2025-01-01 -> 2026-07-05)
$BGRN: possibly delisted; no price data found  (1d 2025-01-01 -> 2026-07-05)
$BLBD: possibly delisted; no price data found  (1d 2025-01-01 -> 2026-07-05)
$BGRO: possibly delisted; no price data found  (1d 2025-01-01 -> 2026-07-05)
$BFST: possibly delisted; no price data found  (1d 2025-01-01 -> 2026-07-05)
$BBLGW: possibly delisted; no price data found  (1d 2025-01-01 -> 2026-07-05)
Failed to get ticker 'BHV' reason: Failed to perform, curl: (28) Connection timed out after 30001 milliseconds. See https://curl.se/libcurl/c/libcurl-errors.html first for more details.
$BHV: possibly delisted; no timezone found
$BIOX: possibly delisted; no price data found  (1d 2025-01-01 -> 2026-07-05)
$BELFA: possibly delisted; no price data found  (1d 2025-01-01 -> 2026-07-05)
Failed to get ticker 'BKV' reason: Failed to perform, curl: (28) Connection timed out after 30002 milliseconds. See https://curl.se/libcurl/c/libcurl-errors.html first for more details.
$BKV: possibly delisted; no timezone found
Failed to get ticker 'BKT' reason: Failed to perform, curl: (28) Connection timed out after 30002 milliseconds. See https://curl.se/libcurl/c/libcurl-errors.html first for more details.
$BKT: possibly delisted; no timezone found
Failed to get ticker 'BLX' reason: Failed to perform, curl: (28) Connection timed out after 30000 milliseconds. See https://curl.se/libcurl/c/libcurl-errors.html first for more details.
$BLX: possibly delisted; no timezone found
$BCS: possibly delisted; no price data found  (1d 2025-01-01 -> 2026-07-05)
$BL: possibly delisted; no price data found  (1d 2025-01-01 -> 2026-07-05)
$BHP: possibly delisted; no price data found  (1d 2025-01-01 -> 2026-07-05)
$BJDX: possibly delisted; no price data found  (1d 2025-01-01 -> 2026-07-05)
$BMOP: possibly delisted; no price data found  (1d 2025-01-01 -> 2026-07-05)
$BEDY: possibly delisted; no price data found  (1d 2025-01-01 -> 2026-07-05)
$BHF: possibly delisted; no price data found  (1d 2025-01-01 -> 2026-07-05)
$BDTX: possibly delisted; no price data found  (1d 2025-01-01 -> 2026-07-05)
$BHFAP: possibly delisted; no price data found  (1d 2025-01-01 -> 2026-07-05)
Failed to get ticker 'BFS' reason: Failed to perform, curl: (28) Connection timed out after 30001 milliseconds. See https://curl.se/libcurl/c/libcurl-errors.html first for more details.
$BFS: possibly delisted; no timezone found
$BLCN: possibly delisted; no price data found  (1d 2025-01-01 -> 2026-07-05)
$BIYA: possibly delisted; no price data found  (1d 2025-01-01 -> 2026-07-05)
Failed to get ticker 'BH' reason: Failed to perform, curl: (28) Connection timed out after 30002 milliseconds. See https://curl.se/libcurl/c/libcurl-errors.html first for more details.
$BH: possibly delisted; no timezone found
$BCPC: possibly delisted; no price data found  (1d 2025-01-01 -> 2026-07-05)
Failed to get ticker 'BIPC' reason: Failed to perform, curl: (28) Connection timed out after 30000 milliseconds. See https://curl.se/libcurl/c/libcurl-errors.html first for more details.
$BIPC: possibly delisted; no timezone found
Failed to get ticker 'BCH' reason: Failed to perform, curl: (28) Connection timed out after 30002 milliseconds. See https://curl.se/libcurl/c/libcurl-errors.html first for more details.
$BCH: possibly delisted; no timezone found
$BIXIW: possibly delisted; no price data found  (1d 2025-01-01 -> 2026-07-05)
Failed to get ticker 'BGX' reason: Failed to perform, curl: (28) Connection timed out after 30001 milliseconds. See https://curl.se/libcurl/c/libcurl-errors.html first for more details.
$BGX: possibly delisted; no timezone found
$BFRIW: possibly delisted; no price data found  (1d 2025-01-01 -> 2026-07-05)
Failed to get ticker 'BLDR' reason: Failed to perform, curl: (28) Connection timed out after 30002 milliseconds. See https://curl.se/libcurl/c/libcurl-errors.html first for more details.
$BLDR: possibly delisted; no timezone found
$BCSF: possibly delisted; no price data found  (1d 2025-01-01 -> 2026-07-05)
$BCARU: possibly delisted; no price data found  (1d 2025-01-01 -> 2026-07-05)
Failed to get ticker 'BCO' reason: Failed to perform, curl: (28) Connection timed out after 30001 milliseconds. See https://curl.se/libcurl/c/libcurl-errors.html first for more details.
$BCO: possibly delisted; no timezone found
Failed to get ticker 'BB' reason: Failed to perform, curl: (28) Connection timed out after 30001 milliseconds. See https://curl.se/libcurl/c/libcurl-errors.html first for more details.
$BB: possibly delisted; no timezone found
$BLCR: possibly delisted; no price data found  (1d 2025-01-01 -> 2026-07-05)
$BMM: possibly delisted; no price data found  (1d 2025-01-01 -> 2026-07-05)
$BDMDW: possibly delisted; no price data found  (1d 2025-01-01 -> 2026-07-05)
$BMBL: possibly delisted; no price data found  (1d 2025-01-01 -> 2026-07-05)
$BGIN: possibly delisted; no price data found  (1d 2025-01-01 -> 2026-07-05)
$BDMD: possibly delisted; no price data found  (1d 2025-01-01 -> 2026-07-05)
$BLNE: possibly delisted; no price data found  (1d 2025-01-01 -> 2026-07-05)
$BHAVU: possibly delisted; no price data found  (1d 2025-01-01 -> 2026-07-05)
$BK: possibly delisted; no price data found  (1d 2025-01-01 -> 2026-07-05)
Failed to get ticker 'BGH' reason: Failed to perform, curl: (28) Connection timed out after 30001 milliseconds. See https://curl.se/libcurl/c/libcurl-errors.html first for more details.
$BGH: possibly delisted; no timezone found
$BCML: possibly delisted; no price data found  (1d 2025-01-01 -> 2026-07-05)
$BIB: possibly delisted; no price data found  (1d 2025-01-01 -> 2026-07-05)
Failed to get ticker 'BKKT' reason: Failed to perform, curl: (28) Connection timed out after 30000 milliseconds. See https://curl.se/libcurl/c/libcurl-errors.html first for more details.
$BKKT: possibly delisted; no timezone found
Failed to get ticker 'BLSH' reason: Failed to perform, curl: (28) Connection timed out after 30001 milliseconds. See https://curl.se/libcurl/c/libcurl-errors.html first for more details.
$BLSH: possibly delisted; no timezone found
Failed to get ticker 'BKU' reason: Failed to perform, curl: (28) Connection timed out after 30000 milliseconds. See https://curl.se/libcurl/c/libcurl-errors.html first for more details.
$BKU: possibly delisted; no timezone found
Failed to get ticker 'BBAI' reason: Failed to perform, curl: (28) Connection timed out after 30001 milliseconds. See https://curl.se/libcurl/c/libcurl-errors.html first for more details.
$BBAI: possibly delisted; no timezone found
$BCTX: possibly delisted; no price data found  (1d 2025-01-01 -> 2026-07-05)
Failed to get ticker 'BIP' reason: Failed to perform, curl: (28) Connection timed out after 30001 milliseconds. See https://curl.se/libcurl/c/libcurl-errors.html first for more details.
$BIP: possibly delisted; no timezone found
$BIVIW: possibly delisted; no price data found  (1d 2025-01-01 -> 2026-07-05)
$BLTE: possibly delisted; no price data found  (1d 2025-01-01 -> 2026-07-05)
Failed to get ticker 'BCX' reason: Failed to perform, curl: (28) Connection timed out after 30001 milliseconds. See https://curl.se/libcurl/c/libcurl-errors.html first for more details.
$BCX: possibly delisted; no timezone found
$BENF: possibly delisted; no price data found  (1d 2025-01-01 -> 2026-07-05)
$BGC: possibly delisted; no price data found  (1d 2025-01-01 -> 2026-07-05)
$BHFAL: possibly delisted; no price data found  (1d 2025-01-01 -> 2026-07-05)
Failed to get ticker 'BGR' reason: Failed to perform, curl: (28) Connection timed out after 30001 milliseconds. See https://curl.se/libcurl/c/libcurl-errors.html first for more details.
$BGR: possibly delisted; no timezone found
Failed to get ticker 'BFLY' reason: Failed to perform, curl: (28) Connection timed out after 30001 milliseconds. See https://curl.se/libcurl/c/libcurl-errors.html first for more details.
$BFLY: possibly delisted; no timezone found
$BCAR: possibly delisted; no price data found  (1d 2025-01-01 -> 2026-07-05)
$BLIV: possibly delisted; no price data found  (1d 2025-01-01 -> 2026-07-05)
Failed to get ticker 'BIO' reason: Failed to perform, curl: (28) Connection timed out after 30000 milliseconds. See https://curl.se/libcurl/c/libcurl-errors.html first for more details.
$BIO: possibly delisted; no timezone found

200 Failed downloads:
['BME', 'BEP', 'BCC', 'BLW', 'BMNR', 'BHVN', 'BMN', 'BBT', 'BHK', 'BGB', 'BHE', 'BCSS', 'BDC', 'BMI', 'BGY', 'BG', 'BKE', 'BBY', 'BMA', 'BLND', 'BMEZ', 'BDJ', 'BEKE', 'BFH', 'BGSF', 'BKH', 'BHC', 'BEBE', 'BIT', 'BIRK', 'BBAR', 'BBW', 'BCE', 'BGT', 'BGS', 'BEN', 'BCAT', 'BBUC', 'BLD', 'BAX', 'BDN', 'BC', 'BETA', 'BKSY', 'BEPC', 'BBN', 'BHR', 'BBWI', 'BLCO', 'BGSI', 'BHV', 'BKV', 'BKT', 'BLX', 'BFS', 'BH', 'BIPC', 'BCH', 'BGX', 'BLDR', 'BCO', 'BB', 'BGH', 'BKKT', 'BLSH', 'BKU', 'BBAI', 'BIP', 'BCX', 'BGR', 'BFLY', 'BIO']: possibly delisted; no timezone found
['BEEM', 'BFRI', 'BIAFW', 'BIXIU', 'BLLN', 'BLMN', 'BE', 'BHST', 'BIOA', 'BGMS', 'BIXI', 'BLRK', 'BDYN', 'BGM', 'BKNG', 'BDCIW', 'BCRX', 'BEEP', 'BCIC', 'BELFB', 'BITS', 'BHFAN', 'BLZRW', 'BKMI', 'BDCIU', 'BGL', 'BKR', 'BHAV', 'BBOT', 'BEEZ', 'BCGWW', 'BBH', 'BEAM', 'BLIN', 'BCYC', 'BBLG', 'BBDO', 'BBNX', 'BCAL', 'BETRW', 'BDX', 'BMEA', 'BBSI', 'BIIB', 'BLDP', 'BIS', 'BGLC', 'BHRB', 'BBB', 'BFC', 'BDVL', 'BCLO', 'BDGS', 'BLZRU', 'BLZR', 'BBIO', 'BKMS', 'BHAVR', 'BDSX', 'BIDU', 'BIVI', 'BIRD', 'BBD', 'BEAG', 'BDCI', 'BLFS', 'BENFW', 'BCARW', 'BEEX', 'BHFAM', 'BHFAO', 'BKCH', 'BCTXZ', 'BCBP', 'BEAGU', 'BLK', 'BLRKU', 'BBDC', 'BFRGW', 'BBCP', 'BBVA', 'BCAX', 'BMHL', 'BMO', 'BLKB', 'BFRG', 'BGRN', 'BLBD', 'BGRO', 'BFST', 'BBLGW', 'BIOX', 'BELFA', 'BCS', 'BL', 'BHP', 'BJDX', 'BMOP', 'BEDY', 'BHF', 'BDTX', 'BHFAP', 'BLCN', 'BIYA', 'BCPC', 'BIXIW', 'BFRIW', 'BCSF', 'BCARU', 'BLCR', 'BMM', 'BDMDW', 'BMBL', 'BGIN', 'BDMD', 'BLNE', 'BHAVU', 'BK', 'BCML', 'BIB', 'BCTX', 'BIVIW', 'BLTE', 'BENF', 'BGC', 'BHFAL', 'BCAR', 'BLIV']: possibly delisted; no price data found  (1d 2025-01-01 -> 2026-07-05)
$BPYPP: possibly delisted; no price data found  (1d 2025-01-01 -> 2026-07-05)
$BOOM: possibly delisted; no price data found  (1d 2025-01-01 -> 2026-07-05)
Failed to get ticker 'BTGO' reason: Failed to perform, curl: (28) Connection timed out after 30000 milliseconds. See https://curl.se/libcurl/c/libcurl-errors.html first for more details.
$BTGO: possibly delisted; no timezone found
Failed to get ticker 'BRX' reason: Failed to perform, curl: (28) Connection timed out after 30001 milliseconds. See https://curl.se/libcurl/c/libcurl-errors.html first for more details.
$BRX: possibly delisted; no timezone found
$BZFD: possibly delisted; no price data found  (1d 2025-01-01 -> 2026-07-05)
$BZUN: possibly delisted; no price data found  (1d 2025-01-01 -> 2026-07-05)
$BOLD: possibly delisted; no price data found  (1d 2025-01-01 -> 2026-07-05)
$BULD: possibly delisted; no price data found  (1d 2025-01-01 -> 2026-07-05)
$BRLT: possibly delisted; no price data found  (1d 2025-01-01 -> 2026-07-05)
$BSSX: possibly delisted; no price data found  (1d 2025-01-01 -> 2026-07-05)
Failed to get ticker 'BUI' reason: Failed to perform, curl: (28) Connection timed out after 30001 milliseconds. See https://curl.se/libcurl/c/libcurl-errors.html first for more details.
$BUI: possibly delisted; no timezone found
$BSX: possibly delisted; no price data found  (1d 2025-01-01 -> 2026-07-05)
$BSMW: possibly delisted; no price data found  (1d 2025-01-01 -> 2026-07-05)
Failed to get ticker 'BSTZ' reason: Failed to perform, curl: (28) Connection timed out after 30001 milliseconds. See https://curl.se/libcurl/c/libcurl-errors.html first for more details.
$BSTZ: possibly delisted; no timezone found
$BNGO: possibly delisted; no price data found  (1d 2025-01-01 -> 2026-07-05)
$BTOC: possibly delisted; no price data found  (1d 2025-01-01 -> 2026-07-05)
$BTTC: possibly delisted; no price data found  (1d 2025-01-01 -> 2026-07-05)
$BVC: possibly delisted; no price data found  (1d 2025-01-01 -> 2026-07-05)
Failed to get ticker 'BSAC' reason: Failed to perform, curl: (28) Connection timed out after 30000 milliseconds. See https://curl.se/libcurl/c/libcurl-errors.html first for more details.
$BSAC: possibly delisted; no timezone found
$BTBDW: possibly delisted; no price data found  (1d 2025-01-01 -> 2026-07-05)
$BWFG: possibly delisted; no price data found  (1d 2025-01-01 -> 2026-07-05)
$BRRWW: possibly delisted; no price data found  (1d 2025-01-01 -> 2026-07-05)
$BZ: possibly delisted; no price data found  (1d 2025-01-01 -> 2026-07-05)
Failed to get ticker 'BYD' reason: Failed to perform, curl: (28) Connection timed out after 30001 milliseconds. See https://curl.se/libcurl/c/libcurl-errors.html first for more details.
$BYD: possibly delisted; no timezone found
$BMRA: possibly delisted; no price data found  (1d 2025-01-01 -> 2026-07-05)
$BSCR: possibly delisted; no price data found  (1d 2025-01-01 -> 2026-07-05)
$BSJT: possibly delisted; no price data found  (1d 2025-01-01 -> 2026-07-05)
Failed to get ticker 'BNL' reason: Failed to perform, curl: (28) Connection timed out after 30000 milliseconds. See https://curl.se/libcurl/c/libcurl-errors.html first for more details.
$BNL: possibly delisted; no timezone found
Failed to get ticker 'BOH' reason: Failed to perform, curl: (28) Connection timed out after 30001 milliseconds. See https://curl.se/libcurl/c/libcurl-errors.html first for more details.
$BOH: possibly delisted; no timezone found
$CAC: possibly delisted; no price data found  (1d 2025-01-01 -> 2026-07-05)
Failed to get ticker 'BTO' reason: Failed to perform, curl: (28) Connection timed out after 30002 milliseconds. See https://curl.se/libcurl/c/libcurl-errors.html first for more details.
$BTO: possibly delisted; no timezone found
$BMRN: possibly delisted; no price data found  (1d 2025-01-01 -> 2026-07-05)
Failed to get ticker 'BR' reason: Failed to perform, curl: (28) Connection timed out after 30001 milliseconds. See https://curl.se/libcurl/c/libcurl-errors.html first for more details.
$BR: possibly delisted; no timezone found
$BWB: possibly delisted; no price data found  (1d 2025-01-01 -> 2026-07-05)
$BSMR: possibly delisted; no price data found  (1d 2025-01-01 -> 2026-07-05)
$BNS: possibly delisted; no price data found  (1d 2025-01-01 -> 2026-07-05)
Failed to get ticker 'BXMT' reason: Failed to perform, curl: (28) Connection timed out after 30001 milliseconds. See https://curl.se/libcurl/c/libcurl-errors.html first for more details.
$BXMT: possibly delisted; no timezone found
$BOTZ: possibly delisted; no price data found  (1d 2025-01-01 -> 2026-07-05)
$BNDW: possibly delisted; no price data found  (1d 2025-01-01 -> 2026-07-05)
$BSCX: possibly delisted; no price data found  (1d 2025-01-01 -> 2026-07-05)
$BOLT: possibly delisted; no price data found  (1d 2025-01-01 -> 2026-07-05)
$BUD: possibly delisted; no price data found  (1d 2025-01-01 -> 2026-07-05)
$BSMS: possibly delisted; no price data found  (1d 2025-01-01 -> 2026-07-05)
Failed to get ticker 'BTX' reason: Failed to perform, curl: (28) Connection timed out after 30002 milliseconds. See https://curl.se/libcurl/c/libcurl-errors.html first for more details.
$BTX: possibly delisted; no timezone found
$BZFDW: possibly delisted; no price data found  (1d 2025-01-01 -> 2026-07-05)
$BSCS: possibly delisted; no price data found  (1d 2025-01-01 -> 2026-07-05)
$BSMT: possibly delisted; no price data found  (1d 2025-01-01 -> 2026-07-05)
$BTBT: possibly delisted; no price data found  (1d 2025-01-01 -> 2026-07-05)
$BSBR: possibly delisted; no price data found  (1d 2025-01-01 -> 2026-07-05)
$BSCW: possibly delisted; no price data found  (1d 2025-01-01 -> 2026-07-05)
Failed to get ticker 'BTU' reason: Failed to perform, curl: (28) Connection timed out after 30001 milliseconds. See https://curl.se/libcurl/c/libcurl-errors.html first for more details.
$BTU: possibly delisted; no timezone found
$BUUU: possibly delisted; no price data found  (1d 2025-01-01 -> 2026-07-05)
Failed to get ticker 'BWG' reason: Failed to perform, curl: (28) Connection timed out after 30002 milliseconds. See https://curl.se/libcurl/c/libcurl-errors.html first for more details.
$BWG: possibly delisted; no timezone found
$BSMU: possibly delisted; no price data found  (1d 2025-01-01 -> 2026-07-05)
$BWEN: possibly delisted; no price data found  (1d 2025-01-01 -> 2026-07-05)
$BRNS: possibly delisted; no price data found  (1d 2025-01-01 -> 2026-07-05)
$BSBK: possibly delisted; no price data found  (1d 2025-01-01 -> 2026-07-05)
Failed to get ticker 'BTT' reason: Failed to perform, curl: (28) Connection timed out after 30002 milliseconds. See https://curl.se/libcurl/c/libcurl-errors.html first for more details.
$BTT: possibly delisted; no timezone found
$BSCU: possibly delisted; no price data found  (1d 2025-01-01 -> 2026-07-05)
Failed to get ticker 'BSM' reason: Failed to perform, curl: (28) Connection timed out after 30001 milliseconds. See https://curl.se/libcurl/c/libcurl-errors.html first for more details.
$BSM: possibly delisted; no timezone found
Failed to get ticker 'CAF' reason: Failed to perform, curl: (28) Connection timed out after 30002 milliseconds. See https://curl.se/libcurl/c/libcurl-errors.html first for more details.
$CAF: possibly delisted; no timezone found
$BNZI: possibly delisted; no price data found  (1d 2025-01-01 -> 2026-07-05)
$BNZIW: possibly delisted; no price data found  (1d 2025-01-01 -> 2026-07-05)
$BRTX: possibly delisted; no price data found  (1d 2025-01-01 -> 2026-07-05)
$CAFG: possibly delisted; no price data found  (1d 2025-01-01 -> 2026-07-05)
$BRHY: possibly delisted; no price data found  (1d 2025-01-01 -> 2026-07-05)
Failed to get ticker 'BPRE' reason: Failed to perform, curl: (28) Connection timed out after 30001 milliseconds. See https://curl.se/libcurl/c/libcurl-errors.html first for more details.
$BPRE: possibly delisted; no timezone found
$BTF: possibly delisted; no price data found  (1d 2025-01-01 -> 2026-07-05)
Failed to get ticker 'BORR' reason: Failed to perform, curl: (28) Connection timed out after 30002 milliseconds. See https://curl.se/libcurl/c/libcurl-errors.html first for more details.
$BORR: possibly delisted; no timezone found
$BSJW: possibly delisted; no price data found  (1d 2025-01-01 -> 2026-07-05)
Failed to get ticker 'BUR' reason: Failed to perform, curl: (28) Connection timed out after 30002 milliseconds. See https://curl.se/libcurl/c/libcurl-errors.html first for more details.
$BUR: possibly delisted; no timezone found
Failed to get ticker 'BOOT' reason: Failed to perform, curl: (28) Connection timed out after 30002 milliseconds. See https://curl.se/libcurl/c/libcurl-errors.html first for more details.
$BOOT: possibly delisted; no timezone found
Failed to get ticker 'BOND' reason: Failed to perform, curl: (28) Connection timed out after 30001 milliseconds. See https://curl.se/libcurl/c/libcurl-errors.html first for more details.
$BOND: possibly delisted; no timezone found
$BUSE: possibly delisted; no price data found  (1d 2025-01-01 -> 2026-07-05)
Failed to get ticker 'CACI' reason: Failed to perform, curl: (28) Connection timed out after 30002 milliseconds. See https://curl.se/libcurl/c/libcurl-errors.html first for more details.
$CACI: possibly delisted; no timezone found
Failed to get ticker 'BXC' reason: Failed to perform, curl: (28) Connection timed out after 30001 milliseconds. See https://curl.se/libcurl/c/libcurl-errors.html first for more details.
$BXC: possibly delisted; no timezone found
Failed to get ticker 'BST' reason: Failed to perform, curl: (28) Connection timed out after 30002 milliseconds. See https://curl.se/libcurl/c/libcurl-errors.html first for more details.
$BST: possibly delisted; no timezone found
$BON: possibly delisted; no price data found  (1d 2025-01-01 -> 2026-07-05)
$BSY: possibly delisted; no price data found  (1d 2025-01-01 -> 2026-07-05)
$CAH: possibly delisted; no price data found  (1d 2025-01-01 -> 2026-07-05)
$BSRR: possibly delisted; no price data found  (1d 2025-01-01 -> 2026-07-05)
Failed to get ticker 'BOE' reason: Failed to perform, curl: (28) Connection timed out after 30002 milliseconds. See https://curl.se/libcurl/c/libcurl-errors.html first for more details.
$BOE: possibly delisted; no timezone found
$BYRN: possibly delisted; no price data found  (1d 2025-01-01 -> 2026-07-05)
$BNR: possibly delisted; no price data found  (1d 2025-01-01 -> 2026-07-05)
$BSJV: possibly delisted; no price data found  (1d 2025-01-01 -> 2026-07-05)
$BSVO: possibly delisted; no price data found  (1d 2025-01-01 -> 2026-07-05)
$BP: possibly delisted; no price data found  (1d 2025-01-01 -> 2026-07-05)
$BOXL: possibly delisted; no price data found  (1d 2025-01-01 -> 2026-07-05)
$BNKK: possibly delisted; no price data found  (1d 2025-01-01 -> 2026-07-05)
Failed to get ticker 'BRSP' reason: Failed to perform, curl: (28) Connection timed out after 30002 milliseconds. See https://curl.se/libcurl/c/libcurl-errors.html first for more details.
$BRSP: possibly delisted; no timezone found
$BTSGU: possibly delisted; no price data found  (1d 2025-01-01 -> 2026-07-05)
$CAKE: possibly delisted; no price data found  (1d 2025-01-01 -> 2026-07-05)
$BSMQ: possibly delisted; no price data found  (1d 2025-01-01 -> 2026-07-05)
$BOTJ: possibly delisted; no price data found  (1d 2025-01-01 -> 2026-07-05)
$BTBD: possibly delisted; no price data found  (1d 2025-01-01 -> 2026-07-05)
Failed to get ticker 'BWXT' reason: Failed to perform, curl: (28) Connection timed out after 30002 milliseconds. See https://curl.se/libcurl/c/libcurl-errors.html first for more details.
$BWXT: possibly delisted; no timezone found
$CABR: possibly delisted; no price data found  (1d 2025-01-01 -> 2026-07-05)
$BSJR: possibly delisted; no price data found  (1d 2025-01-01 -> 2026-07-05)
$BTGD: possibly delisted; no price data found  (1d 2025-01-01 -> 2026-07-05)
$CACC: possibly delisted; no price data found  (1d 2025-01-01 -> 2026-07-05)
$BRKR: possibly delisted; no price data found  (1d 2025-01-01 -> 2026-07-05)
Failed to get ticker 'BNED' reason: Failed to perform, curl: (28) Connection timed out after 30002 milliseconds. See https://curl.se/libcurl/c/libcurl-errors.html first for more details.
$BNED: possibly delisted; no timezone found
Failed to get ticker 'BTZ' reason: Failed to perform, curl: (28) Connection timed out after 30001 milliseconds. See https://curl.se/libcurl/c/libcurl-errors.html first for more details.
$BTZ: possibly delisted; no timezone found
$BX: possibly delisted; no price data found  (1d 2025-01-01 -> 2026-07-05)
$BZAIW: possibly delisted; no price data found  (1d 2025-01-01 -> 2026-07-05)
$BSMY: possibly delisted; no price data found  (1d 2025-01-01 -> 2026-07-05)
Failed to get ticker 'BZH' reason: Failed to perform, curl: (28) Connection timed out after 30002 milliseconds. See https://curl.se/libcurl/c/libcurl-errors.html first for more details.
$BZH: possibly delisted; no timezone found
$BWAY: possibly delisted; no price data found  (1d 2025-01-01 -> 2026-07-05)
$BSJQ: possibly delisted; no price data found  (1d 2025-01-01 -> 2026-07-05)
Failed to get ticker 'BWLP' reason: Failed to perform, curl: (28) Connection timed out after 30002 milliseconds. See https://curl.se/libcurl/c/libcurl-errors.html first for more details.
$BWLP: possibly delisted; no timezone found
$BMRC: possibly delisted; no price data found  (1d 2025-01-01 -> 2026-07-05)
Failed to get ticker 'BRW' reason: Failed to perform, curl: (28) Connection timed out after 30002 milliseconds. See https://curl.se/libcurl/c/libcurl-errors.html first for more details.
$BRW: possibly delisted; no timezone found
$BRNY: possibly delisted; no price data found  (1d 2025-01-01 -> 2026-07-05)
Failed to get ticker 'BY' reason: Failed to perform, curl: (28) Connection timed out after 30002 milliseconds. See https://curl.se/libcurl/c/libcurl-errors.html first for more details.
$BY: possibly delisted; no timezone found
$BRBI: possibly delisted; no price data found  (1d 2025-01-01 -> 2026-07-05)
$BRID: possibly delisted; no price data found  (1d 2025-01-01 -> 2026-07-05)
Failed to get ticker 'BRO' reason: Failed to perform, curl: (28) Connection timed out after 30002 milliseconds. See https://curl.se/libcurl/c/libcurl-errors.html first for more details.
$BRO: possibly delisted; no timezone found
$BTOG: possibly delisted; no price data found  (1d 2025-01-01 -> 2026-07-05)
$BVFL: possibly delisted; no price data found  (1d 2025-01-01 -> 2026-07-05)
$BNCWW: possibly delisted; no price data found  (1d 2025-01-01 -> 2026-07-05)
$BSAAU: possibly delisted; no price data found  (1d 2025-01-01 -> 2026-07-05)
$BTMD: possibly delisted; no price data found  (1d 2025-01-01 -> 2026-07-05)
$BVS: possibly delisted; no price data found  (1d 2025-01-01 -> 2026-07-05)
$BNC: possibly delisted; no price data found  (1d 2025-01-01 -> 2026-07-05)
$BNTC: possibly delisted; no price data found  (1d 2025-01-01 -> 2026-07-05)
$BSMV: possibly delisted; no price data found  (1d 2025-01-01 -> 2026-07-05)
$BSAA: possibly delisted; no price data found  (1d 2025-01-01 -> 2026-07-05)
$BMR: possibly delisted; no price data found  (1d 2025-01-01 -> 2026-07-05)
$BYFC: possibly delisted; no price data found  (1d 2025-01-01 -> 2026-07-05)
$BRTR: possibly delisted; no price data found  (1d 2025-01-01 -> 2026-07-05)
$BWIN: possibly delisted; no price data found  (1d 2025-01-01 -> 2026-07-05)
$BNRG: possibly delisted; no price data found  (1d 2025-01-01 -> 2026-07-05)
$BTQ: possibly delisted; no price data found  (1d 2025-01-01 -> 2026-07-05)
$BPOP: possibly delisted; no price data found  (1d 2025-01-01 -> 2026-07-05)
Failed to get ticker 'CAAP' reason: Failed to perform, curl: (28) Connection timed out after 30002 milliseconds. See https://curl.se/libcurl/c/libcurl-errors.html first for more details.
$CAAP: possibly delisted; no timezone found
$BSET: possibly delisted; no price data found  (1d 2025-01-01 -> 2026-07-05)
$BTCT: possibly delisted; no price data found  (1d 2025-01-01 -> 2026-07-05)
$BNBX: possibly delisted; no price data found  (1d 2025-01-01 -> 2026-07-05)
$BNTX: possibly delisted; no price data found  (1d 2025-01-01 -> 2026-07-05)
$BPYPN: possibly delisted; no price data found  (1d 2025-01-01 -> 2026-07-05)
$BSVN: possibly delisted; no price data found  (1d 2025-01-01 -> 2026-07-05)
$BMY: possibly delisted; no price data found  (1d 2025-01-01 -> 2026-07-05)
$CAAS: possibly delisted; no price data found  (1d 2025-01-01 -> 2026-07-05)
$C: possibly delisted; no price data found  (1d 2025-01-01 -> 2026-07-05)
Failed to get ticker 'BWA' reason: Failed to perform, curl: (28) Connection timed out after 30000 milliseconds. See https://curl.se/libcurl/c/libcurl-errors.html first for more details.
$BWA: possibly delisted; no timezone found
$BYND: possibly delisted; no price data found  (1d 2025-01-01 -> 2026-07-05)
Failed to get ticker 'BOC' reason: Failed to perform, curl: (28) Connection timed out after 30002 milliseconds. See https://curl.se/libcurl/c/libcurl-errors.html first for more details.
$BOC: possibly delisted; no timezone found
$BUSEP: possibly delisted; no price data found  (1d 2025-01-01 -> 2026-07-05)
$CADL: possibly delisted; no price data found  (1d 2025-01-01 -> 2026-07-05)
$BWBBP: possibly delisted; no price data found  (1d 2025-01-01 -> 2026-07-05)
$BULLW: possibly delisted; no price data found  (1d 2025-01-01 -> 2026-07-05)
Failed to get ticker 'BRSL' reason: Failed to perform, curl: (28) Connection timed out after 30002 milliseconds. See https://curl.se/libcurl/c/libcurl-errors.html first for more details.
$BRSL: possibly delisted; no timezone found
Failed to get ticker 'BUXX' reason: Failed to perform, curl: (28) Connection timed out after 30002 milliseconds. See https://curl.se/libcurl/c/libcurl-errors.html first for more details.
$BUXX: possibly delisted; no timezone found
Failed to get ticker 'BSL' reason: Failed to perform, curl: (28) Connection timed out after 30001 milliseconds. See https://curl.se/libcurl/c/libcurl-errors.html first for more details.
$BSL: possibly delisted; no timezone found
$BOEU: possibly delisted; no price data found  (1d 2025-01-01 -> 2026-07-05)
$CAI: possibly delisted; no price data found  (1d 2025-01-01 -> 2026-07-05)
Failed to get ticker 'BOW' reason: Failed to perform, curl: (28) Connection timed out after 30000 milliseconds. See https://curl.se/libcurl/c/libcurl-errors.html first for more details.
$BOW: possibly delisted; no timezone found
$BTCS: possibly delisted; no price data found  (1d 2025-01-01 -> 2026-07-05)
Failed to get ticker 'CAG' reason: Failed to perform, curl: (28) Connection timed out after 30002 milliseconds. See https://curl.se/libcurl/c/libcurl-errors.html first for more details.
$CAG: possibly delisted; no timezone found
Failed to get ticker 'BXP' reason: Failed to perform, curl: (28) Connection timed out after 30000 milliseconds. See https://curl.se/libcurl/c/libcurl-errors.html first for more details.
$BXP: possibly delisted; no timezone found
$BOSC: possibly delisted; no price data found  (1d 2025-01-01 -> 2026-07-05)
$BOKF: possibly delisted; no price data found  (1d 2025-01-01 -> 2026-07-05)
Failed to get ticker 'BWMX' reason: Failed to perform, curl: (28) Connection timed out after 30000 milliseconds. See https://curl.se/libcurl/c/libcurl-errors.html first for more details.
$BWMX: possibly delisted; no timezone found
$BTDR: possibly delisted; no price data found  (1d 2025-01-01 -> 2026-07-05)
$BTI: possibly delisted; no price data found  (1d 2025-01-01 -> 2026-07-05)
$BPYPO: possibly delisted; no price data found  (1d 2025-01-01 -> 2026-07-05)
$BPYPM: possibly delisted; no price data found  (1d 2025-01-01 -> 2026-07-05)
$BRKU: possibly delisted; no price data found  (1d 2025-01-01 -> 2026-07-05)
Failed to get ticker 'BV' reason: Failed to perform, curl: (28) Connection timed out after 30001 milliseconds. See https://curl.se/libcurl/c/libcurl-errors.html first for more details.
$BV: possibly delisted; no timezone found
$BTM: possibly delisted; no price data found  (1d 2025-01-01 -> 2026-07-05)
Failed to get ticker 'BRIE' reason: Failed to perform, curl: (28) Connection timed out after 30001 milliseconds. See https://curl.se/libcurl/c/libcurl-errors.html first for more details.
$BRIE: possibly delisted; no timezone found
$BSCV: possibly delisted; no price data found  (1d 2025-01-01 -> 2026-07-05)
Failed to get ticker 'BNT' reason: Failed to perform, curl: (28) Connection timed out after 30001 milliseconds. See https://curl.se/libcurl/c/libcurl-errors.html first for more details.
$BNT: possibly delisted; no timezone found
$BNDX: possibly delisted; no price data found  (1d 2025-01-01 -> 2026-07-05)
$BZAI: possibly delisted; no price data found  (1d 2025-01-01 -> 2026-07-05)
$BPRN: possibly delisted; no price data found  (1d 2025-01-01 -> 2026-07-05)
$BRKRP: possibly delisted; no price data found  (1d 2025-01-01 -> 2026-07-05)
$BUG: possibly delisted; no price data found  (1d 2025-01-01 -> 2026-07-05)
$CABA: possibly delisted; no price data found  (1d 2025-01-01 -> 2026-07-05)
$BND: possibly delisted; no price data found  (1d 2025-01-01 -> 2026-07-05)
$BTSG: possibly delisted; no price data found  (1d 2025-01-01 -> 2026-07-05)
$BSJS: possibly delisted; no price data found  (1d 2025-01-01 -> 2026-07-05)
$BSCT: possibly delisted; no price data found  (1d 2025-01-01 -> 2026-07-05)
Failed to get ticker 'BOBS' reason: Failed to perform, curl: (28) Connection timed out after 30000 milliseconds. See https://curl.se/libcurl/c/libcurl-errors.html first for more details.
$BOBS: possibly delisted; no timezone found
$BRR: possibly delisted; no price data found  (1d 2025-01-01 -> 2026-07-05)
Failed to get ticker 'BTE' reason: Failed to perform, curl: (28) Connection timed out after 30001 milliseconds. See https://curl.se/libcurl/c/libcurl-errors.html first for more details.
$BTE: possibly delisted; no timezone found
$BNAIW: possibly delisted; no price data found  (1d 2025-01-01 -> 2026-07-05)
$BYAH: possibly delisted; no price data found  (1d 2025-01-01 -> 2026-07-05)
Failed to get ticker 'CABO' reason: Failed to perform, curl: (28) Connection timed out after 30001 milliseconds. See https://curl.se/libcurl/c/libcurl-errors.html first for more details.
$CABO: possibly delisted; no timezone found
$BN: possibly delisted; no price data found  (1d 2025-01-01 -> 2026-07-05)
$BRAG: possibly delisted; no price data found  (1d 2025-01-01 -> 2026-07-05)
Failed to get ticker 'BRC' reason: Failed to perform, curl: (28) Connection timed out after 30000 milliseconds. See https://curl.se/libcurl/c/libcurl-errors.html first for more details.
$BRC: possibly delisted; no timezone found
Failed to get ticker 'BRT' reason: Failed to perform, curl: (28) Connection timed out after 30000 milliseconds. See https://curl.se/libcurl/c/libcurl-errors.html first for more details.
$BRT: possibly delisted; no timezone found
$BSJU: possibly delisted; no price data found  (1d 2025-01-01 -> 2026-07-05)
$BSCY: possibly delisted; no price data found  (1d 2025-01-01 -> 2026-07-05)
Failed to get ticker 'BRBR' reason: Failed to perform, curl: (28) Connection timed out after 30001 milliseconds. See https://curl.se/libcurl/c/libcurl-errors.html first for more details.
$BRBR: possibly delisted; no timezone found
$BODI: possibly delisted; no price data found  (1d 2025-01-01 -> 2026-07-05)
Failed to get ticker 'BVN' reason: Failed to perform, curl: (28) Connection timed out after 30000 milliseconds. See https://curl.se/libcurl/c/libcurl-errors.html first for more details.
$BVN: possibly delisted; no timezone found
$BXSL: possibly delisted; no price data found  (1d 2025-01-01 -> 2026-07-05)
$BSCQ: possibly delisted; no price data found  (1d 2025-01-01 -> 2026-07-05)

200 Failed downloads:
['BPYPP', 'BOOM', 'BZFD', 'BZUN', 'BOLD', 'BULD', 'BRLT', 'BSSX', 'BSX', 'BSMW', 'BNGO', 'BTOC', 'BTTC', 'BVC', 'BTBDW', 'BWFG', 'BRRWW', 'BZ', 'BMRA', 'BSCR', 'BSJT', 'CAC', 'BMRN', 'BWB', 'BSMR', 'BNS', 'BOTZ', 'BNDW', 'BSCX', 'BOLT', 'BUD', 'BSMS', 'BZFDW', 'BSCS', 'BSMT', 'BTBT', 'BSBR', 'BSCW', 'BUUU', 'BSMU', 'BWEN', 'BRNS', 'BSBK', 'BSCU', 'BNZI', 'BNZIW', 'BRTX', 'CAFG', 'BRHY', 'BTF', 'BSJW', 'BUSE', 'BON', 'BSY', 'CAH', 'BSRR', 'BYRN', 'BNR', 'BSJV', 'BSVO', 'BP', 'BOXL', 'BNKK', 'BTSGU', 'CAKE', 'BSMQ', 'BOTJ', 'BTBD', 'CABR', 'BSJR', 'BTGD', 'CACC', 'BRKR', 'BX', 'BZAIW', 'BSMY', 'BWAY', 'BSJQ', 'BMRC', 'BRNY', 'BRBI', 'BRID', 'BTOG', 'BVFL', 'BNCWW', 'BSAAU', 'BTMD', 'BVS', 'BNC', 'BNTC', 'BSMV', 'BSAA', 'BMR', 'BYFC', 'BRTR', 'BWIN', 'BNRG', 'BTQ', 'BPOP', 'BSET', 'BTCT', 'BNBX', 'BNTX', 'BPYPN', 'BSVN', 'BMY', 'CAAS', 'C', 'BYND', 'BUSEP', 'CADL', 'BWBBP', 'BULLW', 'BOEU', 'CAI', 'BTCS', 'BOSC', 'BOKF', 'BTDR', 'BTI', 'BPYPO', 'BPYPM', 'BRKU', 'BTM', 'BSCV', 'BNDX', 'BZAI', 'BPRN', 'BRKRP', 'BUG', 'CABA', 'BND', 'BTSG', 'BSJS', 'BSCT', 'BRR', 'BNAIW', 'BYAH', 'BN', 'BRAG', 'BSJU', 'BSCY', 'BODI', 'BXSL', 'BSCQ']: possibly delisted; no price data found  (1d 2025-01-01 -> 2026-07-05)
['BTGO', 'BRX', 'BUI', 'BSTZ', 'BSAC', 'BYD', 'BNL', 'BOH', 'BTO', 'BR', 'BXMT', 'BTX', 'BTU', 'BWG', 'BTT', 'BSM', 'CAF', 'BPRE', 'BORR', 'BUR', 'BOOT', 'BOND', 'CACI', 'BXC', 'BST', 'BOE', 'BRSP', 'BWXT', 'BNED', 'BTZ', 'BZH', 'BWLP', 'BRW', 'BY', 'BRO', 'CAAP', 'BWA', 'BOC', 'BRSL', 'BUXX', 'BSL', 'BOW', 'CAG', 'BXP', 'BWMX', 'BV', 'BRIE', 'BNT', 'BOBS', 'BTE', 'CABO', 'BRC', 'BRT', 'BRBR', 'BVN']: possibly delisted; no timezone found
$CGNT: possibly delisted; no price data found  (1d 2025-01-01 -> 2026-07-05)
$CELC: possibly delisted; no price data found  (1d 2025-01-01 -> 2026-07-05)
Failed to get ticker 'CLB' reason: Failed to perform, curl: (28) Connection timed out after 30001 milliseconds. See https://curl.se/libcurl/c/libcurl-errors.html first for more details.
$CLB: possibly delisted; no timezone found
$CHSCL: possibly delisted; no price data found  (1d 2025-01-01 -> 2026-07-05)
$CHCI: possibly delisted; no price data found  (1d 2025-01-01 -> 2026-07-05)
Failed to get ticker 'CION' reason: Failed to perform, curl: (28) Connection timed out after 30000 milliseconds. See https://curl.se/libcurl/c/libcurl-errors.html first for more details.
$CION: possibly delisted; no timezone found
$CCNR: possibly delisted; no price data found  (1d 2025-01-01 -> 2026-07-05)
$CG: possibly delisted; no price data found  (1d 2025-01-01 -> 2026-07-05)
$CHKP: possibly delisted; no price data found  (1d 2025-01-01 -> 2026-07-05)
Failed to get ticker 'CEE' reason: Failed to perform, curl: (28) Connection timed out after 30001 milliseconds. See https://curl.se/libcurl/c/libcurl-errors.html first for more details.
$CEE: possibly delisted; no timezone found
$CISS: possibly delisted; no price data found  (1d 2025-01-01 -> 2026-07-05)
Failed to get ticker 'CAPL' reason: Failed to perform, curl: (28) Connection timed out after 30001 milliseconds. See https://curl.se/libcurl/c/libcurl-errors.html first for more details.
$CAPL: possibly delisted; no timezone found
$CBRL: possibly delisted; no price data found  (1d 2025-01-01 -> 2026-07-05)
Failed to get ticker 'CEPU' reason: Failed to perform, curl: (28) Connection timed out after 30002 milliseconds. See https://curl.se/libcurl/c/libcurl-errors.html first for more details.
$CEPU: possibly delisted; no timezone found
$CCIIU: possibly delisted; no price data found  (1d 2025-01-01 -> 2026-07-05)
$CELH: possibly delisted; no price data found  (1d 2025-01-01 -> 2026-07-05)
$CCXIU: possibly delisted; no price data found  (1d 2025-01-01 -> 2026-07-05)
$CANC: possibly delisted; no price data found  (1d 2025-01-01 -> 2026-07-05)
$CATY: possibly delisted; no price data found  (1d 2025-01-01 -> 2026-07-05)
$CENTA: possibly delisted; no price data found  (1d 2025-01-01 -> 2026-07-05)
$CHI: possibly delisted; no price data found  (1d 2025-01-01 -> 2026-07-05)
$CHSCO: possibly delisted; no price data found  (1d 2025-01-01 -> 2026-07-05)
$CINF: possibly delisted; no price data found  (1d 2025-01-01 -> 2026-07-05)
Failed to get ticker 'CBAN' reason: Failed to perform, curl: (28) Connection timed out after 30002 milliseconds. See https://curl.se/libcurl/c/libcurl-errors.html first for more details.
$CBAN: possibly delisted; no timezone found
$CHR: possibly delisted; no price data found  (1d 2025-01-01 -> 2026-07-05)
$CHSCN: possibly delisted; no price data found  (1d 2025-01-01 -> 2026-07-05)
$CCHH: possibly delisted; no price data found  (1d 2025-01-01 -> 2026-07-05)
$CCIIW: possibly delisted; no price data found  (1d 2025-01-01 -> 2026-07-05)
$CDIO: possibly delisted; no price data found  (1d 2025-01-01 -> 2026-07-05)
$CB: possibly delisted; no price data found  (1d 2025-01-01 -> 2026-07-05)
$CCOI: possibly delisted; no price data found  (1d 2025-01-01 -> 2026-07-05)
Failed to get ticker 'CHCT' reason: Failed to perform, curl: (28) Connection timed out after 30002 milliseconds. See https://curl.se/libcurl/c/libcurl-errors.html first for more details.
$CHCT: possibly delisted; no timezone found
$CGO: possibly delisted; no price data found  (1d 2025-01-01 -> 2026-07-05)
$CGC: possibly delisted; no price data found  (1d 2025-01-01 -> 2026-07-05)
$CCRN: possibly delisted; no price data found  (1d 2025-01-01 -> 2026-07-05)
$CHEF: possibly delisted; no price data found  (1d 2025-01-01 -> 2026-07-05)
Failed to get ticker 'CIF' reason: Failed to perform, curl: (28) Connection timed out after 30001 milliseconds. See https://curl.se/libcurl/c/libcurl-errors.html first for more details.
$CIF: possibly delisted; no timezone found
$CFO: possibly delisted; no price data found  (1d 2025-01-01 -> 2026-07-05)
$CBFV: possibly delisted; no price data found  (1d 2025-01-01 -> 2026-07-05)
$CDXS: possibly delisted; no price data found  (1d 2025-01-01 -> 2026-07-05)
$CHECU: possibly delisted; no price data found  (1d 2025-01-01 -> 2026-07-05)
Failed to get ticker 'CBZ' reason: Failed to perform, curl: (28) Connection timed out after 30002 milliseconds. See https://curl.se/libcurl/c/libcurl-errors.html first for more details.
$CBZ: possibly delisted; no timezone found
Failed to get ticker 'CDLR' reason: Failed to perform, curl: (28) Connection timed out after 30001 milliseconds. See https://curl.se/libcurl/c/libcurl-errors.html first for more details.
$CDLR: possibly delisted; no timezone found
Failed to get ticker 'CIMO' reason: Failed to perform, curl: (28) Connection timed out after 30002 milliseconds. See https://curl.se/libcurl/c/libcurl-errors.html first for more details.
$CIMO: possibly delisted; no timezone found
$CLDX: possibly delisted; no price data found  (1d 2025-01-01 -> 2026-07-05)
$CARY: possibly delisted; no price data found  (1d 2025-01-01 -> 2026-07-05)
Failed to get ticker 'CCU' reason: Failed to perform, curl: (28) Connection timed out after 30002 milliseconds. See https://curl.se/libcurl/c/libcurl-errors.html first for more details.
$CCU: possibly delisted; no timezone found
Failed to get ticker 'CBL' reason: Failed to perform, curl: (28) Connection timed out after 30002 milliseconds. See https://curl.se/libcurl/c/libcurl-errors.html first for more details.
$CBL: possibly delisted; no timezone found
Failed to get ticker 'CC' reason: Failed to perform, curl: (28) Connection timed out after 30001 milliseconds. See https://curl.se/libcurl/c/libcurl-errors.html first for more details.
$CC: possibly delisted; no timezone found
Failed to get ticker 'CALY' reason: Failed to perform, curl: (28) Connection timed out after 30001 milliseconds. See https://curl.se/libcurl/c/libcurl-errors.html first for more details.
$CALY: possibly delisted; no timezone found
$CENT: possibly delisted; no price data found  (1d 2025-01-01 -> 2026-07-05)
$CFFN: possibly delisted; no price data found  (1d 2025-01-01 -> 2026-07-05)
Failed to get ticker 'CII' reason: Failed to perform, curl: (28) Connection timed out after 30002 milliseconds. See https://curl.se/libcurl/c/libcurl-errors.html first for more details.
$CII: possibly delisted; no timezone found
$CASH: possibly delisted; no price data found  (1d 2025-01-01 -> 2026-07-05)
$CDW: possibly delisted; no price data found  (1d 2025-01-01 -> 2026-07-05)
$CHPS: possibly delisted; no price data found  (1d 2025-01-01 -> 2026-07-05)
$CAPR: possibly delisted; no price data found  (1d 2025-01-01 -> 2026-07-05)
$CHEC: possibly delisted; no price data found  (1d 2025-01-01 -> 2026-07-05)
$CGTL: possibly delisted; no price data found  (1d 2025-01-01 -> 2026-07-05)
Failed to get ticker 'CHE' reason: Failed to perform, curl: (28) Connection timed out after 30002 milliseconds. See https://curl.se/libcurl/c/libcurl-errors.html first for more details.
$CHE: possibly delisted; no timezone found
$CGON: possibly delisted; no price data found  (1d 2025-01-01 -> 2026-07-05)
$CALM: possibly delisted; no price data found  (1d 2025-01-01 -> 2026-07-05)
Failed to get ticker 'CDRE' reason: Failed to perform, curl: (28) Connection timed out after 30002 milliseconds. See https://curl.se/libcurl/c/libcurl-errors.html first for more details.
$CDRE: possibly delisted; no timezone found
$CEPI: possibly delisted; no price data found  (1d 2025-01-01 -> 2026-07-05)
$CETX: possibly delisted; no price data found  (1d 2025-01-01 -> 2026-07-05)
$CEVA: possibly delisted; no price data found  (1d 2025-01-01 -> 2026-07-05)
$CJMB: possibly delisted; no price data found  (1d 2025-01-01 -> 2026-07-05)
Failed to get ticker 'CIA' reason: Failed to perform, curl: (28) Connection timed out after 30002 milliseconds. See https://curl.se/libcurl/c/libcurl-errors.html first for more details.
$CIA: possibly delisted; no timezone found
$CCSB: possibly delisted; no price data found  (1d 2025-01-01 -> 2026-07-05)
$CCL: possibly delisted; no price data found  (1d 2025-01-01 -> 2026-07-05)
$CHMG: possibly delisted; no price data found  (1d 2025-01-01 -> 2026-07-05)
$CIVB: possibly delisted; no price data found  (1d 2025-01-01 -> 2026-07-05)
$CHRS: possibly delisted; no price data found  (1d 2025-01-01 -> 2026-07-05)
$CCNE: possibly delisted; no price data found  (1d 2025-01-01 -> 2026-07-05)
Failed to get ticker 'CIG' reason: Failed to perform, curl: (28) Connection timed out after 30001 milliseconds. See https://curl.se/libcurl/c/libcurl-errors.html first for more details.
$CIG: possibly delisted; no timezone found
$CAPS: possibly delisted; no price data found  (1d 2025-01-01 -> 2026-07-05)
Failed to get ticker 'CLDT' reason: Failed to perform, curl: (28) Connection timed out after 30002 milliseconds. See https://curl.se/libcurl/c/libcurl-errors.html first for more details.
$CLDT: possibly delisted; no timezone found
$CENX: possibly delisted; no price data found  (1d 2025-01-01 -> 2026-07-05)
$CBRS: possibly delisted; no price data found  (1d 2025-01-01 -> 2026-07-05)
$CELZ: possibly delisted; no price data found  (1d 2025-01-01 -> 2026-07-05)
$CD: possibly delisted; no price data found  (1d 2025-01-01 -> 2026-07-05)
Failed to get ticker 'CATO' reason: Failed to perform, curl: (28) Connection timed out after 30002 milliseconds. See https://curl.se/libcurl/c/libcurl-errors.html first for more details.
$CATO: possibly delisted; no timezone found
Failed to get ticker 'CHH' reason: Failed to perform, curl: (28) Connection timed out after 30002 milliseconds. See https://curl.se/libcurl/c/libcurl-errors.html first for more details.
$CHH: possibly delisted; no timezone found
Failed to get ticker 'CINT' reason: Failed to perform, curl: (28) Connection timed out after 30001 milliseconds. See https://curl.se/libcurl/c/libcurl-errors.html first for more details.
$CINT: possibly delisted; no timezone found
$CGEN: possibly delisted; no price data found  (1d 2025-01-01 -> 2026-07-05)
$CDNA: possibly delisted; no price data found  (1d 2025-01-01 -> 2026-07-05)
$CHY: possibly delisted; no price data found  (1d 2025-01-01 -> 2026-07-05)
$CIGI: possibly delisted; no price data found  (1d 2025-01-01 -> 2026-07-05)
Failed to get ticker 'CDE' reason: Failed to perform, curl: (28) Connection timed out after 30002 milliseconds. See https://curl.se/libcurl/c/libcurl-errors.html first for more details.
$CDE: possibly delisted; no timezone found
$CBK: possibly delisted; no price data found  (1d 2025-01-01 -> 2026-07-05)
$CBNK: possibly delisted; no price data found  (1d 2025-01-01 -> 2026-07-05)
$CENN: possibly delisted; no price data found  (1d 2025-01-01 -> 2026-07-05)
$CEPF: possibly delisted; no price data found  (1d 2025-01-01 -> 2026-07-05)
$CL: possibly delisted; no price data found  (1d 2025-01-01 -> 2026-07-05)
$CAMP: possibly delisted; no price data found  (1d 2025-01-01 -> 2026-07-05)
Failed to get ticker 'CCIF' reason: Failed to perform, curl: (28) Connection timed out after 30002 milliseconds. See https://curl.se/libcurl/c/libcurl-errors.html first for more details.
$CCIF: possibly delisted; no timezone found
$CDZIP: possibly delisted; no price data found  (1d 2025-01-01 -> 2026-07-05)
Failed to get ticker 'CHGG' reason: Failed to perform, curl: (28) Connection timed out after 30002 milliseconds. See https://curl.se/libcurl/c/libcurl-errors.html first for more details.
$CHGG: possibly delisted; no timezone found
$CART: possibly delisted; no price data found  (1d 2025-01-01 -> 2026-07-05)
Failed to get ticker 'CAVA' reason: Failed to perform, curl: (28) Connection timed out after 30002 milliseconds. See https://curl.se/libcurl/c/libcurl-errors.html first for more details.
$CAVA: possibly delisted; no timezone found
$CCD: possibly delisted; no price data found  (1d 2025-01-01 -> 2026-07-05)
Failed to get ticker 'CBNA' reason: Failed to perform, curl: (28) Connection timed out after 30001 milliseconds. See https://curl.se/libcurl/c/libcurl-errors.html first for more details.
$CBNA: possibly delisted; no timezone found
$CCCC: possibly delisted; no price data found  (1d 2025-01-01 -> 2026-07-05)
$CHGX: possibly delisted; no price data found  (1d 2025-01-01 -> 2026-07-05)
$CHDN: possibly delisted; no price data found  (1d 2025-01-01 -> 2026-07-05)
$CAT: possibly delisted; no price data found  (1d 2025-01-01 -> 2026-07-05)
$CEFA: possibly delisted; no price data found  (1d 2025-01-01 -> 2026-07-05)
$CDTG: possibly delisted; no price data found  (1d 2025-01-01 -> 2026-07-05)
$CINGW: possibly delisted; no price data found  (1d 2025-01-01 -> 2026-07-05)
$CGEM: possibly delisted; no price data found  (1d 2025-01-01 -> 2026-07-05)
$CHRN: possibly delisted; no price data found  (1d 2025-01-01 -> 2026-07-05)
Failed to get ticker 'CIM' reason: Failed to perform, curl: (28) Connection timed out after 30002 milliseconds. See https://curl.se/libcurl/c/libcurl-errors.html first for more details.
$CIM: possibly delisted; no timezone found
$CGBD: possibly delisted; no price data found  (1d 2025-01-01 -> 2026-07-05)
$CBAT: possibly delisted; no price data found  (1d 2025-01-01 -> 2026-07-05)
$CBLL: possibly delisted; no price data found  (1d 2025-01-01 -> 2026-07-05)
$CCNEP: possibly delisted; no price data found  (1d 2025-01-01 -> 2026-07-05)
Failed to get ticker 'CALX' reason: Failed to perform, curl: (28) Connection timed out after 30002 milliseconds. See https://curl.se/libcurl/c/libcurl-errors.html first for more details.
$CALX: possibly delisted; no timezone found
$CCBG: possibly delisted; no price data found  (1d 2025-01-01 -> 2026-07-05)
$CAN: possibly delisted; no price data found  (1d 2025-01-01 -> 2026-07-05)
$CARZ: possibly delisted; no price data found  (1d 2025-01-01 -> 2026-07-05)
$CASS: possibly delisted; no price data found  (1d 2025-01-01 -> 2026-07-05)
$CHTR: possibly delisted; no price data found  (1d 2025-01-01 -> 2026-07-05)
$CHW: possibly delisted; no price data found  (1d 2025-01-01 -> 2026-07-05)
$CIBR: possibly delisted; no price data found  (1d 2025-01-01 -> 2026-07-05)
$CARR: possibly delisted; no price data found  (1d 2025-01-01 -> 2026-07-05)
$CCSO: possibly delisted; no price data found  (1d 2025-01-01 -> 2026-07-05)
$CFBK: possibly delisted; no price data found  (1d 2025-01-01 -> 2026-07-05)
$CDC: possibly delisted; no price data found  (1d 2025-01-01 -> 2026-07-05)
Failed to get ticker 'CFR' reason: Failed to perform, curl: (28) Connection timed out after 30002 milliseconds. See https://curl.se/libcurl/c/libcurl-errors.html first for more details.
$CFR: possibly delisted; no timezone found
$CCEP: possibly delisted; no price data found  (1d 2025-01-01 -> 2026-07-05)
$CALI: possibly delisted; no price data found  (1d 2025-01-01 -> 2026-07-05)
$CATH: possibly delisted; no price data found  (1d 2025-01-01 -> 2026-07-05)
$CHSCP: possibly delisted; no price data found  (1d 2025-01-01 -> 2026-07-05)
Failed to get ticker 'CBU' reason: Failed to perform, curl: (28) Connection timed out after 30001 milliseconds. See https://curl.se/libcurl/c/libcurl-errors.html first for more details.
$CBU: possibly delisted; no timezone found
Failed to get ticker 'CCID' reason: Failed to perform, curl: (28) Connection timed out after 30001 milliseconds. See https://curl.se/libcurl/c/libcurl-errors.html first for more details.
$CCID: possibly delisted; no timezone found
$CDLX: possibly delisted; no price data found  (1d 2025-01-01 -> 2026-07-05)
Failed to get ticker 'CE' reason: Failed to perform, curl: (28) Connection timed out after 30002 milliseconds. See https://curl.se/libcurl/c/libcurl-errors.html first for more details.
$CE: possibly delisted; no timezone found
$CCJ: possibly delisted; no price data found  (1d 2025-01-01 -> 2026-07-05)
$CFFI: possibly delisted; no price data found  (1d 2025-01-01 -> 2026-07-05)
$CARL: possibly delisted; no price data found  (1d 2025-01-01 -> 2026-07-05)
$CAMT: possibly delisted; no price data found  (1d 2025-01-01 -> 2026-07-05)
$CLAR: possibly delisted; no price data found  (1d 2025-01-01 -> 2026-07-05)
$CHSCM: possibly delisted; no price data found  (1d 2025-01-01 -> 2026-07-05)
Failed to get ticker 'CIB' reason: Failed to perform, curl: (28) Connection timed out after 30002 milliseconds. See https://curl.se/libcurl/c/libcurl-errors.html first for more details.
$CIB: possibly delisted; no timezone found
$CEPV: possibly delisted; no price data found  (1d 2025-01-01 -> 2026-07-05)
$CASY: possibly delisted; no price data found  (1d 2025-01-01 -> 2026-07-05)
$CHYM: possibly delisted; no price data found  (1d 2025-01-01 -> 2026-07-05)
$CLBT: possibly delisted; no price data found  (1d 2025-01-01 -> 2026-07-05)
$CHECW: possibly delisted; no price data found  (1d 2025-01-01 -> 2026-07-05)
$CALC: possibly delisted; no price data found  (1d 2025-01-01 -> 2026-07-05)
$CHA: possibly delisted; no price data found  (1d 2025-01-01 -> 2026-07-05)
Failed to get ticker 'CCK' reason: Failed to perform, curl: (28) Connection timed out after 30001 milliseconds. See https://curl.se/libcurl/c/libcurl-errors.html first for more details.
$CCK: possibly delisted; no timezone found
$CCG: possibly delisted; no price data found  (1d 2025-01-01 -> 2026-07-05)
$CCSI: possibly delisted; no price data found  (1d 2025-01-01 -> 2026-07-05)
$CCXI: possibly delisted; no price data found  (1d 2025-01-01 -> 2026-07-05)
$CDIOW: possibly delisted; no price data found  (1d 2025-01-01 -> 2026-07-05)
$CIIT: possibly delisted; no price data found  (1d 2025-01-01 -> 2026-07-05)
Failed to get ticker 'CFG' reason: Failed to perform, curl: (28) Connection timed out after 30001 milliseconds. See https://curl.se/libcurl/c/libcurl-errors.html first for more details.
$CFG: possibly delisted; no timezone found
$CCGWW: possibly delisted; no price data found  (1d 2025-01-01 -> 2026-07-05)
$CEG: possibly delisted; no price data found  (1d 2025-01-01 -> 2026-07-05)
Failed to get ticker 'CHMI' reason: Failed to perform, curl: (28) Connection timed out after 30001 milliseconds. See https://curl.se/libcurl/c/libcurl-errors.html first for more details.
$CHMI: possibly delisted; no timezone found
$CHSN: possibly delisted; no price data found  (1d 2025-01-01 -> 2026-07-05)
$CDL: possibly delisted; no price data found  (1d 2025-01-01 -> 2026-07-05)
$CHRW: possibly delisted; no price data found  (1d 2025-01-01 -> 2026-07-05)
Failed to get ticker 'CANG' reason: Failed to perform, curl: (28) Connection timed out after 30001 milliseconds. See https://curl.se/libcurl/c/libcurl-errors.html first for more details.
$CANG: possibly delisted; no timezone found
$CISO: possibly delisted; no price data found  (1d 2025-01-01 -> 2026-07-05)
$CCTG: possibly delisted; no price data found  (1d 2025-01-01 -> 2026-07-05)
$CFA: possibly delisted; no price data found  (1d 2025-01-01 -> 2026-07-05)
Failed to get ticker 'CDP' reason: Failed to perform, curl: (28) Connection timed out after 30001 milliseconds. See https://curl.se/libcurl/c/libcurl-errors.html first for more details.
$CDP: possibly delisted; no timezone found
$CDNL: possibly delisted; no price data found  (1d 2025-01-01 -> 2026-07-05)
Failed to get ticker 'CGV' reason: Failed to perform, curl: (28) Connection timed out after 30000 milliseconds. See https://curl.se/libcurl/c/libcurl-errors.html first for more details.
$CGV: possibly delisted; no timezone found
$CCI: possibly delisted; no price data found  (1d 2025-01-01 -> 2026-07-05)
$CDZI: possibly delisted; no price data found  (1d 2025-01-01 -> 2026-07-05)
$CCAP: possibly delisted; no price data found  (1d 2025-01-01 -> 2026-07-05)
$CETY: possibly delisted; no price data found  (1d 2025-01-01 -> 2026-07-05)
$CARG: possibly delisted; no price data found  (1d 2025-01-01 -> 2026-07-05)
$CING: possibly delisted; no price data found  (1d 2025-01-01 -> 2026-07-05)
$CBC: possibly delisted; no price data found  (1d 2025-01-01 -> 2026-07-05)
$CBIO: possibly delisted; no price data found  (1d 2025-01-01 -> 2026-07-05)
$CANQ: possibly delisted; no price data found  (1d 2025-01-01 -> 2026-07-05)
$CGNX: possibly delisted; no price data found  (1d 2025-01-01 -> 2026-07-05)
$CERT: possibly delisted; no price data found  (1d 2025-01-01 -> 2026-07-05)
$CIFR: possibly delisted; no price data found  (1d 2025-01-01 -> 2026-07-05)
$CI: possibly delisted; no price data found  (1d 2025-01-01 -> 2026-07-05)
$CARE: possibly delisted; no price data found  (1d 2025-01-01 -> 2026-07-05)
Failed to get ticker 'CHD' reason: Failed to perform, curl: (28) Connection timed out after 30001 milliseconds. See https://curl.se/libcurl/c/libcurl-errors.html first for more details.
$CHD: possibly delisted; no timezone found
Failed to get ticker 'CF' reason: Failed to perform, curl: (28) Connection timed out after 30001 milliseconds. See https://curl.se/libcurl/c/libcurl-errors.html first for more details.
$CF: possibly delisted; no timezone found
$CIEN: possibly delisted; no price data found  (1d 2025-01-01 -> 2026-07-05)
Failed to get ticker 'CARS' reason: Failed to perform, curl: (28) Connection timed out after 30001 milliseconds. See https://curl.se/libcurl/c/libcurl-errors.html first for more details.
$CARS: possibly delisted; no timezone found
$CCII: possibly delisted; no price data found  (1d 2025-01-01 -> 2026-07-05)
$CHCO: possibly delisted; no price data found  (1d 2025-01-01 -> 2026-07-05)
$CHRD: possibly delisted; no price data found  (1d 2025-01-01 -> 2026-07-05)
Failed to get ticker 'CHT' reason: Failed to perform, curl: (28) Connection timed out after 30001 milliseconds. See https://curl.se/libcurl/c/libcurl-errors.html first for more details.
$CHT: possibly delisted; no timezone found
$CDROW: possibly delisted; no price data found  (1d 2025-01-01 -> 2026-07-05)
$CGAU: possibly delisted; no price data found  (1d 2025-01-01 -> 2026-07-05)
$CCEC: possibly delisted; no price data found  (1d 2025-01-01 -> 2026-07-05)
$CHNR: possibly delisted; no price data found  (1d 2025-01-01 -> 2026-07-05)
$CCS: possibly delisted; no price data found  (1d 2025-01-01 -> 2026-07-05)
Failed to get ticker 'CBT' reason: Failed to perform, curl: (28) Connection timed out after 30002 milliseconds. See https://curl.se/libcurl/c/libcurl-errors.html first for more details.
$CBT: possibly delisted; no timezone found
$CBSH: possibly delisted; no price data found  (1d 2025-01-01 -> 2026-07-05)

200 Failed downloads:
['CGNT', 'CELC', 'CHSCL', 'CHCI', 'CCNR', 'CG', 'CHKP', 'CISS', 'CBRL', 'CCIIU', 'CELH', 'CCXIU', 'CANC', 'CATY', 'CENTA', 'CHI', 'CHSCO', 'CINF', 'CHR', 'CHSCN', 'CCHH', 'CCIIW', 'CDIO', 'CB', 'CCOI', 'CGO', 'CGC', 'CCRN', 'CHEF', 'CFO', 'CBFV', 'CDXS', 'CHECU', 'CLDX', 'CARY', 'CENT', 'CFFN', 'CASH', 'CDW', 'CHPS', 'CAPR', 'CHEC', 'CGTL', 'CGON', 'CALM', 'CEPI', 'CETX', 'CEVA', 'CJMB', 'CCSB', 'CCL', 'CHMG', 'CIVB', 'CHRS', 'CCNE', 'CAPS', 'CENX', 'CBRS', 'CELZ', 'CD', 'CGEN', 'CDNA', 'CHY', 'CIGI', 'CBK', 'CBNK', 'CENN', 'CEPF', 'CL', 'CAMP', 'CDZIP', 'CART', 'CCD', 'CCCC', 'CHGX', 'CHDN', 'CAT', 'CEFA', 'CDTG', 'CINGW', 'CGEM', 'CHRN', 'CGBD', 'CBAT', 'CBLL', 'CCNEP', 'CCBG', 'CAN', 'CARZ', 'CASS', 'CHTR', 'CHW', 'CIBR', 'CARR', 'CCSO', 'CFBK', 'CDC', 'CCEP', 'CALI', 'CATH', 'CHSCP', 'CDLX', 'CCJ', 'CFFI', 'CARL', 'CAMT', 'CLAR', 'CHSCM', 'CEPV', 'CASY', 'CHYM', 'CLBT', 'CHECW', 'CALC', 'CHA', 'CCG', 'CCSI', 'CCXI', 'CDIOW', 'CIIT', 'CCGWW', 'CEG', 'CHSN', 'CDL', 'CHRW', 'CISO', 'CCTG', 'CFA', 'CDNL', 'CCI', 'CDZI', 'CCAP', 'CETY', 'CARG', 'CING', 'CBC', 'CBIO', 'CANQ', 'CGNX', 'CERT', 'CIFR', 'CI', 'CARE', 'CIEN', 'CCII', 'CHCO', 'CHRD', 'CDROW', 'CGAU', 'CCEC', 'CHNR', 'CCS', 'CBSH']: possibly delisted; no price data found  (1d 2025-01-01 -> 2026-07-05)
['CLB', 'CION', 'CEE', 'CAPL', 'CEPU', 'CBAN', 'CHCT', 'CIF', 'CBZ', 'CDLR', 'CIMO', 'CCU', 'CBL', 'CC', 'CALY', 'CII', 'CHE', 'CDRE', 'CIA', 'CIG', 'CLDT', 'CATO', 'CHH', 'CINT', 'CDE', 'CCIF', 'CHGG', 'CAVA', 'CBNA', 'CIM', 'CALX', 'CFR', 'CBU', 'CCID', 'CE', 'CIB', 'CCK', 'CFG', 'CHMI', 'CANG', 'CDP', 'CGV', 'CHD', 'CF', 'CARS', 'CHT', 'CBT']: possibly delisted; no timezone found
Failed to get ticker 'CSV' reason: Failed to perform, curl: (28) Connection timed out after 30002 milliseconds. See https://curl.se/libcurl/c/libcurl-errors.html first for more details.
$CSV: possibly delisted; no timezone found
$CRVL: possibly delisted; no price data found  (1d 2025-01-01 -> 2026-07-05)
$CLOA: possibly delisted; no price data found  (1d 2025-01-01 -> 2026-07-05)
$CMI: possibly delisted; no price data found  (1d 2025-01-01 -> 2026-07-05)
$CNEY: possibly delisted; no price data found  (1d 2025-01-01 -> 2026-07-05)
$COLL: possibly delisted; no price data found  (1d 2025-01-01 -> 2026-07-05)
$CLGN: possibly delisted; no price data found  (1d 2025-01-01 -> 2026-07-05)
$CMPS: possibly delisted; no price data found  (1d 2025-01-01 -> 2026-07-05)
Failed to get ticker 'CPT' reason: Failed to perform, curl: (28) Connection timed out after 30001 milliseconds. See https://curl.se/libcurl/c/libcurl-errors.html first for more details.
$CPT: possibly delisted; no timezone found
$CMCO: possibly delisted; no price data found  (1d 2025-01-01 -> 2026-07-05)
Failed to get ticker 'CLPR' reason: Failed to perform, curl: (28) Connection timed out after 30001 milliseconds. See https://curl.se/libcurl/c/libcurl-errors.html first for more details.
$CLPR: possibly delisted; no timezone found
$CRWD: possibly delisted; no price data found  (1d 2025-01-01 -> 2026-07-05)
$CNXC: possibly delisted; no price data found  (1d 2025-01-01 -> 2026-07-05)
Failed to get ticker 'CLX' reason: Failed to perform, curl: (28) Connection timed out after 30002 milliseconds. See https://curl.se/libcurl/c/libcurl-errors.html first for more details.
$CLX: possibly delisted; no timezone found
Failed to get ticker 'COTY' reason: Failed to perform, curl: (28) Connection timed out after 30002 milliseconds. See https://curl.se/libcurl/c/libcurl-errors.html first for more details.
$COTY: possibly delisted; no timezone found
$CMRE: possibly delisted; no price data found  (1d 2025-01-01 -> 2026-07-05)
$CRDL: possibly delisted; no price data found  (1d 2025-01-01 -> 2026-07-05)
$COPJ: possibly delisted; no price data found  (1d 2025-01-01 -> 2026-07-05)
Failed to get ticker 'CTEV' reason: Failed to perform, curl: (28) Connection timed out after 30002 milliseconds. See https://curl.se/libcurl/c/libcurl-errors.html first for more details.
$CTEV: possibly delisted; no timezone found
$CRNX: possibly delisted; no price data found  (1d 2025-01-01 -> 2026-07-05)
$CNVS: possibly delisted; no price data found  (1d 2025-01-01 -> 2026-07-05)
$CROX: possibly delisted; no price data found  (1d 2025-01-01 -> 2026-07-05)
$CSWC: possibly delisted; no price data found  (1d 2025-01-01 -> 2026-07-05)
$CNDT: possibly delisted; no price data found  (1d 2025-01-01 -> 2026-07-05)
Failed to get ticker 'CNS' reason: Failed to perform, curl: (28) Connection timed out after 30002 milliseconds. See https://curl.se/libcurl/c/libcurl-errors.html first for more details.
$CNS: possibly delisted; no timezone found
$CMMB: possibly delisted; no price data found  (1d 2025-01-01 -> 2026-07-05)
$CLSK: possibly delisted; no price data found  (1d 2025-01-01 -> 2026-07-05)
$COAG: possibly delisted; no price data found  (1d 2025-01-01 -> 2026-07-05)
$CPHC: possibly delisted; no price data found  (1d 2025-01-01 -> 2026-07-05)
Failed to get ticker 'CRGY' reason: Failed to perform, curl: (28) Connection timed out after 30001 milliseconds. See https://curl.se/libcurl/c/libcurl-errors.html first for more details.
$CRGY: possibly delisted; no timezone found
$CLST: possibly delisted; no price data found  (1d 2025-01-01 -> 2026-07-05)
$CRM: possibly delisted; no price data found  (1d 2025-01-01 -> 2026-07-05)
Failed to get ticker 'CSTM' reason: Failed to perform, curl: (28) Connection timed out after 30002 milliseconds. See https://curl.se/libcurl/c/libcurl-errors.html first for more details.
$CSTM: possibly delisted; no timezone found
$CLYM: possibly delisted; no price data found  (1d 2025-01-01 -> 2026-07-05)
$CRMT: possibly delisted; no price data found  (1d 2025-01-01 -> 2026-07-05)
$CLPS: possibly delisted; no price data found  (1d 2025-01-01 -> 2026-07-05)
Failed to get ticker 'CRS' reason: Failed to perform, curl: (28) Connection timed out after 30001 milliseconds. See https://curl.se/libcurl/c/libcurl-errors.html first for more details.
$CRS: possibly delisted; no timezone found
$CTMX: possibly delisted; no price data found  (1d 2025-01-01 -> 2026-07-05)
Failed to get ticker 'CRC' reason: Failed to perform, curl: (28) Connection timed out after 30001 milliseconds. See https://curl.se/libcurl/c/libcurl-errors.html first for more details.
$CRC: possibly delisted; no timezone found
$CRAN: possibly delisted; no price data found  (1d 2025-01-01 -> 2026-07-05)
Failed to get ticker 'CMSA' reason: Failed to perform, curl: (28) Connection timed out after 30002 milliseconds. See https://curl.se/libcurl/c/libcurl-errors.html first for more details.
$CMSA: possibly delisted; no timezone found
Failed to get ticker 'CRL' reason: Failed to perform, curl: (28) Connection timed out after 30002 milliseconds. See https://curl.se/libcurl/c/libcurl-errors.html first for more details.
$CRL: possibly delisted; no timezone found
$CREG: possibly delisted; no price data found  (1d 2025-01-01 -> 2026-07-05)
Failed to get ticker 'CSW' reason: Failed to perform, curl: (28) Connection timed out after 30002 milliseconds. See https://curl.se/libcurl/c/libcurl-errors.html first for more details.
$CSW: possibly delisted; no timezone found
$CODX: possibly delisted; no price data found  (1d 2025-01-01 -> 2026-07-05)
$CSCO: possibly delisted; no price data found  (1d 2025-01-01 -> 2026-07-05)
$CNOBP: possibly delisted; no price data found  (1d 2025-01-01 -> 2026-07-05)
$CME: possibly delisted; no price data found  (1d 2025-01-01 -> 2026-07-05)
$CORT: possibly delisted; no price data found  (1d 2025-01-01 -> 2026-07-05)
$CNTB: possibly delisted; no price data found  (1d 2025-01-01 -> 2026-07-05)
$CNTX: possibly delisted; no price data found  (1d 2025-01-01 -> 2026-07-05)
$CRSR: possibly delisted; no price data found  (1d 2025-01-01 -> 2026-07-05)
$CRDO: possibly delisted; no price data found  (1d 2025-01-01 -> 2026-07-05)
Failed to get ticker 'CRK' reason: Failed to perform, curl: (28) Connection timed out after 30002 milliseconds. See https://curl.se/libcurl/c/libcurl-errors.html first for more details.
$CRK: possibly delisted; no timezone found
Failed to get ticker 'CMP' reason: Failed to perform, curl: (28) Connection timed out after 30002 milliseconds. See https://curl.se/libcurl/c/libcurl-errors.html first for more details.
$CMP: possibly delisted; no timezone found
$CRVO: possibly delisted; no price data found  (1d 2025-01-01 -> 2026-07-05)
$CPBI: possibly delisted; no price data found  (1d 2025-01-01 -> 2026-07-05)
$CSAI: possibly delisted; no price data found  (1d 2025-01-01 -> 2026-07-05)
Failed to get ticker 'CMBT' reason: Failed to perform, curl: (28) Connection timed out after 30001 milliseconds. See https://curl.se/libcurl/c/libcurl-errors.html first for more details.
$CMBT: possibly delisted; no timezone found
$CPB: possibly delisted; no price data found  (1d 2025-01-01 -> 2026-07-05)
$CMTL: possibly delisted; no price data found  (1d 2025-01-01 -> 2026-07-05)
$CPZ: possibly delisted; no price data found  (1d 2025-01-01 -> 2026-07-05)
Failed to get ticker 'CMDB' reason: Failed to perform, curl: (28) Connection timed out after 30002 milliseconds. See https://curl.se/libcurl/c/libcurl-errors.html first for more details.
$CMDB: possibly delisted; no timezone found
$CMRC: possibly delisted; no price data found  (1d 2025-01-01 -> 2026-07-05)
$CRAI: possibly delisted; no price data found  (1d 2025-01-01 -> 2026-07-05)
Failed to get ticker 'CSL' reason: Failed to perform, curl: (28) Connection timed out after 30002 milliseconds. See https://curl.se/libcurl/c/libcurl-errors.html first for more details.
$CSL: possibly delisted; no timezone found
$CSHR: possibly delisted; no price data found  (1d 2025-01-01 -> 2026-07-05)
$CRBU: possibly delisted; no price data found  (1d 2025-01-01 -> 2026-07-05)
$CMPX: possibly delisted; no price data found  (1d 2025-01-01 -> 2026-07-05)
$CLMB: possibly delisted; no price data found  (1d 2025-01-01 -> 2026-07-05)
$CNET: possibly delisted; no price data found  (1d 2025-01-01 -> 2026-07-05)
$CRAQU: possibly delisted; no price data found  (1d 2025-01-01 -> 2026-07-05)
$COFS: possibly delisted; no price data found  (1d 2025-01-01 -> 2026-07-05)
$CLRO: possibly delisted; no price data found  (1d 2025-01-01 -> 2026-07-05)
Failed to get ticker 'CPA' reason: Failed to perform, curl: (28) Connection timed out after 30002 milliseconds. See https://curl.se/libcurl/c/libcurl-errors.html first for more details.
$CPA: possibly delisted; no timezone found
Failed to get ticker 'CNC' reason: Failed to perform, curl: (28) Connection timed out after 30002 milliseconds. See https://curl.se/libcurl/c/libcurl-errors.html first for more details.
$CNC: possibly delisted; no timezone found
Failed to get ticker 'CNNE' reason: Failed to perform, curl: (28) Connection timed out after 30002 milliseconds. See https://curl.se/libcurl/c/libcurl-errors.html first for more details.
$CNNE: possibly delisted; no timezone found
$CRUS: possibly delisted; no price data found  (1d 2025-01-01 -> 2026-07-05)
$CRGOW: possibly delisted; no price data found  (1d 2025-01-01 -> 2026-07-05)
$CLFD: possibly delisted; no price data found  (1d 2025-01-01 -> 2026-07-05)
Failed to get ticker 'CPAC' reason: Failed to perform, curl: (28) Connection timed out after 30002 milliseconds. See https://curl.se/libcurl/c/libcurl-errors.html first for more details.
$CPAC: possibly delisted; no timezone found
$CMND: possibly delisted; no price data found  (1d 2025-01-01 -> 2026-07-05)
Failed to get ticker 'CLH' reason: Failed to perform, curl: (28) Connection timed out after 30001 milliseconds. See https://curl.se/libcurl/c/libcurl-errors.html first for more details.
$CLH: possibly delisted; no timezone found
$CPRX: possibly delisted; no price data found  (1d 2025-01-01 -> 2026-07-05)
Failed to get ticker 'CNR' reason: Failed to perform, curl: (28) Connection timed out after 30002 milliseconds. See https://curl.se/libcurl/c/libcurl-errors.html first for more details.
$CNR: possibly delisted; no timezone found
Failed to get ticker 'CMCM' reason: Failed to perform, curl: (28) Connection timed out after 30002 milliseconds. See https://curl.se/libcurl/c/libcurl-errors.html first for more details.
$CMCM: possibly delisted; no timezone found
Failed to get ticker 'CRI' reason: Failed to perform, curl: (28) Connection timed out after 30001 milliseconds. See https://curl.se/libcurl/c/libcurl-errors.html first for more details.
$CRI: possibly delisted; no timezone found
$CRVS: possibly delisted; no price data found  (1d 2025-01-01 -> 2026-07-05)
$CSGP: possibly delisted; no price data found  (1d 2025-01-01 -> 2026-07-05)
Failed to get ticker 'CPF' reason: Failed to perform, curl: (28) Connection timed out after 30002 milliseconds. See https://curl.se/libcurl/c/libcurl-errors.html first for more details.
$CPF: possibly delisted; no timezone found
$COHU: possibly delisted; no price data found  (1d 2025-01-01 -> 2026-07-05)
$CMTV: possibly delisted; no price data found  (1d 2025-01-01 -> 2026-07-05)
Failed to get ticker 'CMC' reason: Failed to perform, curl: (28) Connection timed out after 30002 milliseconds. See https://curl.se/libcurl/c/libcurl-errors.html first for more details.
$CMC: possibly delisted; no timezone found
Failed to get ticker 'CON' reason: Failed to perform, curl: (28) Connection timed out after 30002 milliseconds. See https://curl.se/libcurl/c/libcurl-errors.html first for more details.
$CON: possibly delisted; no timezone found
$COOTW: possibly delisted; no price data found  (1d 2025-01-01 -> 2026-07-05)
Failed to get ticker 'CPK' reason: Failed to perform, curl: (28) Connection timed out after 30002 milliseconds. See https://curl.se/libcurl/c/libcurl-errors.html first for more details.
$CPK: possibly delisted; no timezone found
$CRAQ: possibly delisted; no price data found  (1d 2025-01-01 -> 2026-07-05)
$CLLS: possibly delisted; no price data found  (1d 2025-01-01 -> 2026-07-05)
Failed to get ticker 'CNM' reason: Failed to perform, curl: (28) Connection timed out after 30001 milliseconds. See https://curl.se/libcurl/c/libcurl-errors.html first for more details.
$CNM: possibly delisted; no timezone found
$CPLS: possibly delisted; no price data found  (1d 2025-01-01 -> 2026-07-05)
$COLM: possibly delisted; no price data found  (1d 2025-01-01 -> 2026-07-05)
$CLWT: possibly delisted; no price data found  (1d 2025-01-01 -> 2026-07-05)
$COCP: possibly delisted; no price data found  (1d 2025-01-01 -> 2026-07-05)
$CLNN: possibly delisted; no price data found  (1d 2025-01-01 -> 2026-07-05)
Failed to get ticker 'CNK' reason: Failed to perform, curl: (28) Connection timed out after 30002 milliseconds. See https://curl.se/libcurl/c/libcurl-errors.html first for more details.
$CNK: possibly delisted; no timezone found
Failed to get ticker 'CLF' reason: Failed to perform, curl: (28) Connection timed out after 30001 milliseconds. See https://curl.se/libcurl/c/libcurl-errors.html first for more details.
$CLF: possibly delisted; no timezone found
$CLIK: possibly delisted; no price data found  (1d 2025-01-01 -> 2026-07-05)
Failed to get ticker 'CNP' reason: Failed to perform, curl: (28) Connection timed out after 30002 milliseconds. See https://curl.se/libcurl/c/libcurl-errors.html first for more details.
$CNP: possibly delisted; no timezone found
$COMT: possibly delisted; no price data found  (1d 2025-01-01 -> 2026-07-05)
$CSB: possibly delisted; no price data found  (1d 2025-01-01 -> 2026-07-05)
$COCO: possibly delisted; no price data found  (1d 2025-01-01 -> 2026-07-05)
$COWS: possibly delisted; no price data found  (1d 2025-01-01 -> 2026-07-05)
Failed to get ticker 'CSAN' reason: Failed to perform, curl: (28) Connection timed out after 30002 milliseconds. See https://curl.se/libcurl/c/libcurl-errors.html first for more details.
$CSAN: possibly delisted; no timezone found
$CPSS: possibly delisted; no price data found  (1d 2025-01-01 -> 2026-07-05)
Failed to get ticker 'CMTG' reason: Failed to perform, curl: (28) Connection timed out after 30002 milliseconds. See https://curl.se/libcurl/c/libcurl-errors.html first for more details.
$CMTG: possibly delisted; no timezone found
$CMCSA: possibly delisted; no price data found  (1d 2025-01-01 -> 2026-07-05)
$CRE: possibly delisted; no price data found  (1d 2025-01-01 -> 2026-07-05)
$CRNT: possibly delisted; no price data found  (1d 2025-01-01 -> 2026-07-05)
Failed to get ticker 'CLW' reason: Failed to perform, curl: (28) Connection timed out after 30002 milliseconds. See https://curl.se/libcurl/c/libcurl-errors.html first for more details.
$CLW: possibly delisted; no timezone found
Failed to get ticker 'CSR' reason: Failed to perform, curl: (28) Connection timed out after 30002 milliseconds. See https://curl.se/libcurl/c/libcurl-errors.html first for more details.
$CSR: possibly delisted; no timezone found
$CNTA: possibly delisted; no price data found  (1d 2025-01-01 -> 2026-07-05)
Failed to get ticker 'COUR' reason: Failed to perform, curl: (28) Connection timed out after 30002 milliseconds. See https://curl.se/libcurl/c/libcurl-errors.html first for more details.
$COUR: possibly delisted; no timezone found
$CRBP: possibly delisted; no price data found  (1d 2025-01-01 -> 2026-07-05)
$CLIR: possibly delisted; no price data found  (1d 2025-01-01 -> 2026-07-05)
$CP: possibly delisted; no price data found  (1d 2025-01-01 -> 2026-07-05)
$CRDF: possibly delisted; no price data found  (1d 2025-01-01 -> 2026-07-05)
$CTBI: possibly delisted; no price data found  (1d 2025-01-01 -> 2026-07-05)
Failed to get ticker 'CNH' reason: Failed to perform, curl: (28) Connection timed out after 30001 milliseconds. See https://curl.se/libcurl/c/libcurl-errors.html first for more details.
$CNH: possibly delisted; no timezone found
$CRSP: possibly delisted; no price data found  (1d 2025-01-01 -> 2026-07-05)
Failed to get ticker 'CRT' reason: Failed to perform, curl: (28) Connection timed out after 30001 milliseconds. See https://curl.se/libcurl/c/libcurl-errors.html first for more details.
$CRT: possibly delisted; no timezone found
$COHR: possibly delisted; no price data found  (1d 2025-01-01 -> 2026-07-05)
$COR: possibly delisted; no price data found  (1d 2025-01-01 -> 2026-07-05)
Failed to get ticker 'CNO' reason: Failed to perform, curl: (28) Connection timed out after 30002 milliseconds. See https://curl.se/libcurl/c/libcurl-errors.html first for more details.
$CNO: possibly delisted; no timezone found
$CORO: possibly delisted; no price data found  (1d 2025-01-01 -> 2026-07-05)
Failed to get ticker 'CNMD' reason: Failed to perform, curl: (28) Connection timed out after 30002 milliseconds. See https://curl.se/libcurl/c/libcurl-errors.html first for more details.
$CNMD: possibly delisted; no timezone found
$COCH: possibly delisted; no price data found  (1d 2025-01-01 -> 2026-07-05)
$CONI: possibly delisted; no price data found  (1d 2025-01-01 -> 2026-07-05)
$COLB: possibly delisted; no price data found  (1d 2025-01-01 -> 2026-07-05)
Failed to get ticker 'CODI' reason: Failed to perform, curl: (28) Connection timed out after 30002 milliseconds. See https://curl.se/libcurl/c/libcurl-errors.html first for more details.
$CODI: possibly delisted; no timezone found
$COST: possibly delisted; no price data found  (1d 2025-01-01 -> 2026-07-05)
$CSPI: possibly delisted; no price data found  (1d 2025-01-01 -> 2026-07-05)
Failed to get ticker 'CQP' reason: Failed to perform, curl: (28) Connection timed out after 30001 milliseconds. See https://curl.se/libcurl/c/libcurl-errors.html first for more details.
$CQP: possibly delisted; no timezone found
$CRIS: possibly delisted; no price data found  (1d 2025-01-01 -> 2026-07-05)
Failed to get ticker 'CR' reason: Failed to perform, curl: (28) Connection timed out after 30001 milliseconds. See https://curl.se/libcurl/c/libcurl-errors.html first for more details.
$CR: possibly delisted; no timezone found
$CLSKW: possibly delisted; no price data found  (1d 2025-01-01 -> 2026-07-05)
$CNQ: possibly delisted; no price data found  (1d 2025-01-01 -> 2026-07-05)
$COYA: possibly delisted; no price data found  (1d 2025-01-01 -> 2026-07-05)
Failed to get ticker 'CNA' reason: Failed to perform, curl: (28) Connection timed out after 30001 milliseconds. See https://curl.se/libcurl/c/libcurl-errors.html first for more details.
$CNA: possibly delisted; no timezone found
$CRANU: possibly delisted; no price data found  (1d 2025-01-01 -> 2026-07-05)
$CNTN: possibly delisted; no price data found  (1d 2025-01-01 -> 2026-07-05)
$CTNT: possibly delisted; no price data found  (1d 2025-01-01 -> 2026-07-05)
Failed to get ticker 'CPAI' reason: Failed to perform, curl: (28) Connection timed out after 30001 milliseconds. See https://curl.se/libcurl/c/libcurl-errors.html first for more details.
$CPAI: possibly delisted; no timezone found
$CTEC: possibly delisted; no price data found  (1d 2025-01-01 -> 2026-07-05)
$CLSM: possibly delisted; no price data found  (1d 2025-01-01 -> 2026-07-05)
$CTKB: possibly delisted; no price data found  (1d 2025-01-01 -> 2026-07-05)
$COGT: possibly delisted; no price data found  (1d 2025-01-01 -> 2026-07-05)
$COWG: possibly delisted; no price data found  (1d 2025-01-01 -> 2026-07-05)
$CPRT: possibly delisted; no price data found  (1d 2025-01-01 -> 2026-07-05)
$CPOP: possibly delisted; no price data found  (1d 2025-01-01 -> 2026-07-05)
$CRTO: possibly delisted; no price data found  (1d 2025-01-01 -> 2026-07-05)
Failed to get ticker 'CNF' reason: Failed to perform, curl: (28) Connection timed out after 30001 milliseconds. See https://curl.se/libcurl/c/libcurl-errors.html first for more details.
$CNF: possibly delisted; no timezone found
$COF: possibly delisted; no price data found  (1d 2025-01-01 -> 2026-07-05)
Failed to get ticker 'COSO' reason: Failed to perform, curl: (28) Connection timed out after 30001 milliseconds. See https://curl.se/libcurl/c/libcurl-errors.html first for more details.
$COSO: possibly delisted; no timezone found
$CRCT: possibly delisted; no price data found  (1d 2025-01-01 -> 2026-07-05)
$COP: possibly delisted; no price data found  (1d 2025-01-01 -> 2026-07-05)
Failed to get ticker 'COLD' reason: Failed to perform, curl: (28) Connection timed out after 30002 milliseconds. See https://curl.se/libcurl/c/libcurl-errors.html first for more details.
$COLD: possibly delisted; no timezone found
Failed to get ticker 'CPS' reason: Failed to perform, curl: (28) Connection timed out after 30002 milliseconds. See https://curl.se/libcurl/c/libcurl-errors.html first for more details.
$CPS: possibly delisted; no timezone found
$CSQ: possibly delisted; no price data found  (1d 2025-01-01 -> 2026-07-05)
$COKE: possibly delisted; no price data found  (1d 2025-01-01 -> 2026-07-05)
$CRNC: possibly delisted; no price data found  (1d 2025-01-01 -> 2026-07-05)
$CSTL: possibly delisted; no price data found  (1d 2025-01-01 -> 2026-07-05)
$CTNM: possibly delisted; no price data found  (1d 2025-01-01 -> 2026-07-05)
$CRESY: possibly delisted; no price data found  (1d 2025-01-01 -> 2026-07-05)
Failed to get ticker 'CLVT' reason: Failed to perform, curl: (28) Connection timed out after 30001 milliseconds. See https://curl.se/libcurl/c/libcurl-errors.html first for more details.
$CLVT: possibly delisted; no timezone found
Failed to get ticker 'CNX' reason: Failed to perform, curl: (28) Connection timed out after 30002 milliseconds. See https://curl.se/libcurl/c/libcurl-errors.html first for more details.
$CNX: possibly delisted; no timezone found
Failed to get ticker 'COOK' reason: Failed to perform, curl: (28) Connection timed out after 30001 milliseconds. See https://curl.se/libcurl/c/libcurl-errors.html first for more details.
$COOK: possibly delisted; no timezone found
$CODA: possibly delisted; no price data found  (1d 2025-01-01 -> 2026-07-05)
$CSX: possibly delisted; no price data found  (1d 2025-01-01 -> 2026-07-05)
Failed to get ticker 'CRBG' reason: Failed to perform, curl: (28) Connection timed out after 30002 milliseconds. See https://curl.se/libcurl/c/libcurl-errors.html first for more details.
$CRBG: possibly delisted; no timezone found
$CRWS: possibly delisted; no price data found  (1d 2025-01-01 -> 2026-07-05)
$CRH: possibly delisted; no price data found  (1d 2025-01-01 -> 2026-07-05)
$CNCKW: possibly delisted; no price data found  (1d 2025-01-01 -> 2026-07-05)
$COIN: possibly delisted; no price data found  (1d 2025-01-01 -> 2026-07-05)
$CLRB: possibly delisted; no price data found  (1d 2025-01-01 -> 2026-07-05)
Failed to get ticker 'CMS' reason: Failed to perform, curl: (28) Connection timed out after 30001 milliseconds. See https://curl.se/libcurl/c/libcurl-errors.html first for more details.
$CMS: possibly delisted; no timezone found
$CRGO: possibly delisted; no price data found  (1d 2025-01-01 -> 2026-07-05)
$CRMD: possibly delisted; no price data found  (1d 2025-01-01 -> 2026-07-05)
$CTAS: possibly delisted; no price data found  (1d 2025-01-01 -> 2026-07-05)
$CNXN: possibly delisted; no price data found  (1d 2025-01-01 -> 2026-07-05)
$COCHW: possibly delisted; no price data found  (1d 2025-01-01 -> 2026-07-05)
$CSTE: possibly delisted; no price data found  (1d 2025-01-01 -> 2026-07-05)
$CNOB: possibly delisted; no price data found  (1d 2025-01-01 -> 2026-07-05)
$CSIQ: possibly delisted; no price data found  (1d 2025-01-01 -> 2026-07-05)
$CM: possibly delisted; no price data found  (1d 2025-01-01 -> 2026-07-05)
$CMCT: possibly delisted; no price data found  (1d 2025-01-01 -> 2026-07-05)
$COPP: possibly delisted; no price data found  (1d 2025-01-01 -> 2026-07-05)
$CLPT: possibly delisted; no price data found  (1d 2025-01-01 -> 2026-07-05)
$COSM: possibly delisted; no price data found  (1d 2025-01-01 -> 2026-07-05)
$CNI: possibly delisted; no price data found  (1d 2025-01-01 -> 2026-07-05)
$CLNE: possibly delisted; no price data found  (1d 2025-01-01 -> 2026-07-05)

200 Failed downloads:
['CSV', 'CPT', 'CLPR', 'CLX', 'COTY', 'CTEV', 'CNS', 'CRGY', 'CSTM', 'CRS', 'CRC', 'CMSA', 'CRL', 'CSW', 'CRK', 'CMP', 'CMBT', 'CMDB', 'CSL', 'CPA', 'CNC', 'CNNE', 'CPAC', 'CLH', 'CNR', 'CMCM', 'CRI', 'CPF', 'CMC', 'CON', 'CPK', 'CNM', 'CNK', 'CLF', 'CNP', 'CSAN', 'CMTG', 'CLW', 'CSR', 'COUR', 'CNH', 'CRT', 'CNO', 'CNMD', 'CODI', 'CQP', 'CR', 'CNA', 'CPAI', 'CNF', 'COSO', 'COLD', 'CPS', 'CLVT', 'CNX', 'COOK', 'CRBG', 'CMS']: possibly delisted; no timezone found
['CRVL', 'CLOA', 'CMI', 'CNEY', 'COLL', 'CLGN', 'CMPS', 'CMCO', 'CRWD', 'CNXC', 'CMRE', 'CRDL', 'COPJ', 'CRNX', 'CNVS', 'CROX', 'CSWC', 'CNDT', 'CMMB', 'CLSK', 'COAG', 'CPHC', 'CLST', 'CRM', 'CLYM', 'CRMT', 'CLPS', 'CTMX', 'CRAN', 'CREG', 'CODX', 'CSCO', 'CNOBP', 'CME', 'CORT', 'CNTB', 'CNTX', 'CRSR', 'CRDO', 'CRVO', 'CPBI', 'CSAI', 'CPB', 'CMTL', 'CPZ', 'CMRC', 'CRAI', 'CSHR', 'CRBU', 'CMPX', 'CLMB', 'CNET', 'CRAQU', 'COFS', 'CLRO', 'CRUS', 'CRGOW', 'CLFD', 'CMND', 'CPRX', 'CRVS', 'CSGP', 'COHU', 'CMTV', 'COOTW', 'CRAQ', 'CLLS', 'CPLS', 'COLM', 'CLWT', 'COCP', 'CLNN', 'CLIK', 'COMT', 'CSB', 'COCO', 'COWS', 'CPSS', 'CMCSA', 'CRE', 'CRNT', 'CNTA', 'CRBP', 'CLIR', 'CP', 'CRDF', 'CTBI', 'CRSP', 'COHR', 'COR', 'CORO', 'COCH', 'CONI', 'COLB', 'COST', 'CSPI', 'CRIS', 'CLSKW', 'CNQ', 'COYA', 'CRANU', 'CNTN', 'CTNT', 'CTEC', 'CLSM', 'CTKB', 'COGT', 'COWG', 'CPRT', 'CPOP', 'CRTO', 'COF', 'CRCT', 'COP', 'CSQ', 'COKE', 'CRNC', 'CSTL', 'CTNM', 'CRESY', 'CODA', 'CSX', 'CRWS', 'CRH', 'CNCKW', 'COIN', 'CLRB', 'CRGO', 'CRMD', 'CTAS', 'CNXN', 'COCHW', 'CSTE', 'CNOB', 'CSIQ', 'CM', 'CMCT', 'COPP', 'CLPT', 'COSM', 'CNI', 'CLNE']: possibly delisted; no price data found  (1d 2025-01-01 -> 2026-07-05)
$DLHC: possibly delisted; no price data found  (1d 2025-01-01 -> 2026-07-05)
Failed to get ticker 'DHT' reason: Failed to perform, curl: (28) Connection timed out after 30002 milliseconds. See https://curl.se/libcurl/c/libcurl-errors.html first for more details.
$DHT: possibly delisted; no timezone found
$CVE: possibly delisted; no price data found  (1d 2025-01-01 -> 2026-07-05)
$DFTX: possibly delisted; no price data found  (1d 2025-01-01 -> 2026-07-05)
Failed to get ticker 'DCO' reason: Failed to perform, curl: (28) Connection timed out after 30001 milliseconds. See https://curl.se/libcurl/c/libcurl-errors.html first for more details.
$DCO: possibly delisted; no timezone found
Failed to get ticker 'CTO' reason: Failed to perform, curl: (28) Connection timed out after 30002 milliseconds. See https://curl.se/libcurl/c/libcurl-errors.html first for more details.
$CTO: possibly delisted; no timezone found
Failed to get ticker 'CXE' reason: Failed to perform, curl: (28) Connection timed out after 30001 milliseconds. See https://curl.se/libcurl/c/libcurl-errors.html first for more details.
$CXE: possibly delisted; no timezone found
$DAVEW: possibly delisted; no price data found  (1d 2025-01-01 -> 2026-07-05)
Failed to get ticker 'DMO' reason: Failed to perform, curl: (28) Connection timed out after 30001 milliseconds. See https://curl.se/libcurl/c/libcurl-errors.html first for more details.
$DMO: possibly delisted; no timezone found
$DMRC: possibly delisted; no price data found  (1d 2025-01-01 -> 2026-07-05)
Failed to get ticker 'CVI' reason: Failed to perform, curl: (28) Connection timed out after 30001 milliseconds. See https://curl.se/libcurl/c/libcurl-errors.html first for more details.
$CVI: possibly delisted; no timezone found
$CYCUW: possibly delisted; no price data found  (1d 2025-01-01 -> 2026-07-05)
Failed to get ticker 'DLX' reason: Failed to perform, curl: (28) Connection timed out after 30001 milliseconds. See https://curl.se/libcurl/c/libcurl-errors.html first for more details.
$DLX: possibly delisted; no timezone found
Failed to get ticker 'CXW' reason: Failed to perform, curl: (28) Connection timed out after 30000 milliseconds. See https://curl.se/libcurl/c/libcurl-errors.html first for more details.
$CXW: possibly delisted; no timezone found
$DAAQW: possibly delisted; no price data found  (1d 2025-01-01 -> 2026-07-05)
$CVBF: possibly delisted; no price data found  (1d 2025-01-01 -> 2026-07-05)
$D: possibly delisted; no price data found  (1d 2025-01-01 -> 2026-07-05)
$DRIV: possibly delisted; no price data found  (1d 2025-01-01 -> 2026-07-05)
$DFLIW: possibly delisted; no price data found  (1d 2025-01-01 -> 2026-07-05)
$CWCO: possibly delisted; no price data found  (1d 2025-01-01 -> 2026-07-05)
Failed to get ticker 'CTRI' reason: Failed to perform, curl: (28) Connection timed out after 30000 milliseconds. See https://curl.se/libcurl/c/libcurl-errors.html first for more details.
$CTRI: possibly delisted; no timezone found
$CTRM: possibly delisted; no price data found  (1d 2025-01-01 -> 2026-07-05)
$CXAI: possibly delisted; no price data found  (1d 2025-01-01 -> 2026-07-05)
Failed to get ticker 'DCH' reason: Failed to perform, curl: (28) Connection timed out after 30000 milliseconds. See https://curl.se/libcurl/c/libcurl-errors.html first for more details.
$DCH: possibly delisted; no timezone found
Failed to get ticker 'DIVY' reason: Failed to perform, curl: (28) Connection timed out after 30000 milliseconds. See https://curl.se/libcurl/c/libcurl-errors.html first for more details.
$DIVY: possibly delisted; no timezone found
$DIVD: possibly delisted; no price data found  (1d 2025-01-01 -> 2026-07-05)
Failed to get ticker 'DNA' reason: Failed to perform, curl: (28) Connection timed out after 30000 milliseconds. See https://curl.se/libcurl/c/libcurl-errors.html first for more details.
$DNA: possibly delisted; no timezone found
$DJCO: possibly delisted; no price data found  (1d 2025-01-01 -> 2026-07-05)
$CZWI: possibly delisted; no price data found  (1d 2025-01-01 -> 2026-07-05)
$DCX: possibly delisted; no price data found  (1d 2025-01-01 -> 2026-07-05)
$DCOY: possibly delisted; no price data found  (1d 2025-01-01 -> 2026-07-05)
Failed to get ticker 'DAR' reason: Failed to perform, curl: (28) Connection timed out after 30001 milliseconds. See https://curl.se/libcurl/c/libcurl-errors.html first for more details.
$DAR: possibly delisted; no timezone found
$DHI: possibly delisted; no price data found  (1d 2025-01-01 -> 2026-07-05)
Failed to get ticker 'DAVA' reason: Failed to perform, curl: (28) Connection timed out after 30001 milliseconds. See https://curl.se/libcurl/c/libcurl-errors.html first for more details.
$DAVA: possibly delisted; no timezone found
$CXSE: possibly delisted; no price data found  (1d 2025-01-01 -> 2026-07-05)
$DNMXW: possibly delisted; no price data found  (1d 2025-01-01 -> 2026-07-05)
$CUPR: possibly delisted; no price data found  (1d 2025-01-01 -> 2026-07-05)
$DGCB: possibly delisted; no price data found  (1d 2025-01-01 -> 2026-07-05)
$DMLP: possibly delisted; no price data found  (1d 2025-01-01 -> 2026-07-05)
Failed to get ticker 'CVEO' reason: Failed to perform, curl: (28) Connection timed out after 30000 milliseconds. See https://curl.se/libcurl/c/libcurl-errors.html first for more details.
$CVEO: possibly delisted; no timezone found
$DAL: possibly delisted; no price data found  (1d 2025-01-01 -> 2026-07-05)
Failed to get ticker 'CWAN' reason: Failed to perform, curl: (28) Connection timed out after 30001 milliseconds. See https://curl.se/libcurl/c/libcurl-errors.html first for more details.
$CWAN: possibly delisted; no timezone found
$DDOG: possibly delisted; no price data found  (1d 2025-01-01 -> 2026-07-05)
$DMXF: possibly delisted; no price data found  (1d 2025-01-01 -> 2026-07-05)
Failed to get ticker 'CWEN' reason: Failed to perform, curl: (28) Connection timed out after 30001 milliseconds. See https://curl.se/libcurl/c/libcurl-errors.html first for more details.
$CWEN: possibly delisted; no timezone found
Failed to get ticker 'CUBE' reason: Failed to perform, curl: (28) Connection timed out after 30000 milliseconds. See https://curl.se/libcurl/c/libcurl-errors.html first for more details.
$CUBE: possibly delisted; no timezone found
$CVLT: possibly delisted; no price data found  (1d 2025-01-01 -> 2026-07-05)
Failed to get ticker 'DBI' reason: Failed to perform, curl: (28) Connection timed out after 30001 milliseconds. See https://curl.se/libcurl/c/libcurl-errors.html first for more details.
$DBI: possibly delisted; no timezone found
Failed to get ticker 'DHF' reason: Failed to perform, curl: (28) Connection timed out after 30000 milliseconds. See https://curl.se/libcurl/c/libcurl-errors.html first for more details.
$DHF: possibly delisted; no timezone found
$CYCU: possibly delisted; no price data found  (1d 2025-01-01 -> 2026-07-05)
Failed to get ticker 'DBRG' reason: Failed to perform, curl: (28) Connection timed out after 30001 milliseconds. See https://curl.se/libcurl/c/libcurl-errors.html first for more details.
$DBRG: possibly delisted; no timezone found
$DFLI: possibly delisted; no price data found  (1d 2025-01-01 -> 2026-07-05)
$DNMXU: possibly delisted; no price data found  (1d 2025-01-01 -> 2026-07-05)
Failed to get ticker 'DRD' reason: Failed to perform, curl: (28) Connection timed out after 30001 milliseconds. See https://curl.se/libcurl/c/libcurl-errors.html first for more details.
$DRD: possibly delisted; no timezone found
Failed to get ticker 'DEC' reason: Failed to perform, curl: (28) Connection timed out after 30000 milliseconds. See https://curl.se/libcurl/c/libcurl-errors.html first for more details.
$DEC: possibly delisted; no timezone found
Failed to get ticker 'DMA' reason: Failed to perform, curl: (28) Connection timed out after 30001 milliseconds. See https://curl.se/libcurl/c/libcurl-errors.html first for more details.
$DMA: possibly delisted; no timezone found
$DE: possibly delisted; no price data found  (1d 2025-01-01 -> 2026-07-05)
Failed to get ticker 'DGX' reason: Failed to perform, curl: (28) Connection timed out after 30002 milliseconds. See https://curl.se/libcurl/c/libcurl-errors.html first for more details.
$DGX: possibly delisted; no timezone found
$DEO: possibly delisted; no price data found  (1d 2025-01-01 -> 2026-07-05)
$DEFT: possibly delisted; no price data found  (1d 2025-01-01 -> 2026-07-05)
$DERM: possibly delisted; no price data found  (1d 2025-01-01 -> 2026-07-05)
$DFGX: possibly delisted; no price data found  (1d 2025-01-01 -> 2026-07-05)
Failed to get ticker 'DOCS' reason: Failed to perform, curl: (28) Connection timed out after 30002 milliseconds. See https://curl.se/libcurl/c/libcurl-errors.html first for more details.
$DOCS: possibly delisted; no timezone found
Failed to get ticker 'DOW' reason: Failed to perform, curl: (28) Connection timed out after 30002 milliseconds. See https://curl.se/libcurl/c/libcurl-errors.html first for more details.
$DOW: possibly delisted; no timezone found
$DGNX: possibly delisted; no price data found  (1d 2025-01-01 -> 2026-07-05)
$DLR: possibly delisted; no price data found  (1d 2025-01-01 -> 2026-07-05)
$CVKD: possibly delisted; no price data found  (1d 2025-01-01 -> 2026-07-05)
$CXIIU: possibly delisted; no price data found  (1d 2025-01-01 -> 2026-07-05)
$CTW: possibly delisted; no price data found  (1d 2025-01-01 -> 2026-07-05)
Failed to get ticker 'CTS' reason: Failed to perform, curl: (28) Connection timed out after 30002 milliseconds. See https://curl.se/libcurl/c/libcurl-errors.html first for more details.
$CTS: possibly delisted; no timezone found
$DECO: possibly delisted; no price data found  (1d 2025-01-01 -> 2026-07-05)
$DIS: possibly delisted; no price data found  (1d 2025-01-01 -> 2026-07-05)
$DELL: possibly delisted; no price data found  (1d 2025-01-01 -> 2026-07-05)
Failed to get ticker 'DG' reason: Failed to perform, curl: (28) Connection timed out after 30001 milliseconds. See https://curl.se/libcurl/c/libcurl-errors.html first for more details.
$DG: possibly delisted; no timezone found
$CVRX: possibly delisted; no price data found  (1d 2025-01-01 -> 2026-07-05)
$CUE: possibly delisted; no price data found  (1d 2025-01-01 -> 2026-07-05)
Failed to get ticker 'CTRE' reason: Failed to perform, curl: (28) Connection timed out after 30002 milliseconds. See https://curl.se/libcurl/c/libcurl-errors.html first for more details.
$CTRE: possibly delisted; no timezone found
Failed to get ticker 'DOUG' reason: Failed to perform, curl: (28) Connection timed out after 30001 milliseconds. See https://curl.se/libcurl/c/libcurl-errors.html first for more details.
$DOUG: possibly delisted; no timezone found
$DPRO: possibly delisted; no price data found  (1d 2025-01-01 -> 2026-07-05)
Failed to get ticker 'DEI' reason: Failed to perform, curl: (28) Connection timed out after 30002 milliseconds. See https://curl.se/libcurl/c/libcurl-errors.html first for more details.
$DEI: possibly delisted; no timezone found
$DOYU: possibly delisted; no price data found  (1d 2025-01-01 -> 2026-07-05)
$DMAC: possibly delisted; no price data found  (1d 2025-01-01 -> 2026-07-05)
Failed to get ticker 'CURB' reason: Failed to perform, curl: (28) Connection timed out after 30002 milliseconds. See https://curl.se/libcurl/c/libcurl-errors.html first for more details.
$CURB: possibly delisted; no timezone found
$CYTK: possibly delisted; no price data found  (1d 2025-01-01 -> 2026-07-05)
Failed to get ticker 'DEA' reason: Failed to perform, curl: (28) Connection timed out after 30002 milliseconds. See https://curl.se/libcurl/c/libcurl-errors.html first for more details.
$DEA: possibly delisted; no timezone found
Failed to get ticker 'CXT' reason: Failed to perform, curl: (28) Connection timed out after 30002 milliseconds. See https://curl.se/libcurl/c/libcurl-errors.html first for more details.
$CXT: possibly delisted; no timezone found
$CYCN: possibly delisted; no price data found  (1d 2025-01-01 -> 2026-07-05)
Failed to get ticker 'DOLE' reason: Failed to perform, curl: (28) Connection timed out after 30002 milliseconds. See https://curl.se/libcurl/c/libcurl-errors.html first for more details.
$DOLE: possibly delisted; no timezone found
$CZAR: possibly delisted; no price data found  (1d 2025-01-01 -> 2026-07-05)
$DAAQ: possibly delisted; no price data found  (1d 2025-01-01 -> 2026-07-05)
$DGICA: possibly delisted; no price data found  (1d 2025-01-01 -> 2026-07-05)
Failed to get ticker 'DKS' reason: Failed to perform, curl: (28) Connection timed out after 30002 milliseconds. See https://curl.se/libcurl/c/libcurl-errors.html first for more details.
$DKS: possibly delisted; no timezone found
$DHC: possibly delisted; no price data found  (1d 2025-01-01 -> 2026-07-05)
Failed to get ticker 'DNP' reason: Failed to perform, curl: (28) Connection timed out after 30001 milliseconds. See https://curl.se/libcurl/c/libcurl-errors.html first for more details.
$DNP: possibly delisted; no timezone found
$CYPH: possibly delisted; no price data found  (1d 2025-01-01 -> 2026-07-05)
$CVNA: possibly delisted; no price data found  (1d 2025-01-01 -> 2026-07-05)
Failed to get ticker 'DPG' reason: Failed to perform, curl: (28) Connection timed out after 30001 milliseconds. See https://curl.se/libcurl/c/libcurl-errors.html first for more details.
$DPG: possibly delisted; no timezone found
$DCBO: possibly delisted; no price data found  (1d 2025-01-01 -> 2026-07-05)
$DFDVW: possibly delisted; no price data found  (1d 2025-01-01 -> 2026-07-05)
Failed to get ticker 'DK' reason: Failed to perform, curl: (28) Connection timed out after 30002 milliseconds. See https://curl.se/libcurl/c/libcurl-errors.html first for more details.
$DK: possibly delisted; no timezone found
$DALI: possibly delisted; no price data found  (1d 2025-01-01 -> 2026-07-05)
Failed to get ticker 'DBL' reason: Failed to perform, curl: (28) Connection timed out after 30001 milliseconds. See https://curl.se/libcurl/c/libcurl-errors.html first for more details.
$DBL: possibly delisted; no timezone found
$CYRX: possibly delisted; no price data found  (1d 2025-01-01 -> 2026-07-05)
Failed to get ticker 'DECK' reason: Failed to perform, curl: (28) Connection timed out after 30002 milliseconds. See https://curl.se/libcurl/c/libcurl-errors.html first for more details.
$DECK: possibly delisted; no timezone found
Failed to get ticker 'CUBI' reason: Failed to perform, curl: (28) Connection timed out after 30002 milliseconds. See https://curl.se/libcurl/c/libcurl-errors.html first for more details.
$CUBI: possibly delisted; no timezone found
$DDI: possibly delisted; no price data found  (1d 2025-01-01 -> 2026-07-05)
$DAIO: possibly delisted; no price data found  (1d 2025-01-01 -> 2026-07-05)
$CZFS: possibly delisted; no price data found  (1d 2025-01-01 -> 2026-07-05)
$DGICB: possibly delisted; no price data found  (1d 2025-01-01 -> 2026-07-05)
$CXAIW: possibly delisted; no price data found  (1d 2025-01-01 -> 2026-07-05)
$DGRE: possibly delisted; no price data found  (1d 2025-01-01 -> 2026-07-05)
$DAVE: possibly delisted; no price data found  (1d 2025-01-01 -> 2026-07-05)
$CVS: possibly delisted; no price data found  (1d 2025-01-01 -> 2026-07-05)
$DBVT: possibly delisted; no price data found  (1d 2025-01-01 -> 2026-07-05)
$DIOD: possibly delisted; no price data found  (1d 2025-01-01 -> 2026-07-05)
$CZNC: possibly delisted; no price data found  (1d 2025-01-01 -> 2026-07-05)
Failed to get ticker 'CXH' reason: Failed to perform, curl: (28) Connection timed out after 30001 milliseconds. See https://curl.se/libcurl/c/libcurl-errors.html first for more details.
$CXH: possibly delisted; no timezone found
Failed to get ticker 'DCI' reason: Failed to perform, curl: (28) Connection timed out after 30001 milliseconds. See https://curl.se/libcurl/c/libcurl-errors.html first for more details.
$DCI: possibly delisted; no timezone found
$DGXX: possibly delisted; no price data found  (1d 2025-01-01 -> 2026-07-05)
Failed to get ticker 'DOV' reason: Failed to perform, curl: (28) Connection timed out after 30002 milliseconds. See https://curl.se/libcurl/c/libcurl-errors.html first for more details.
$DOV: possibly delisted; no timezone found
$DDIV: possibly delisted; no price data found  (1d 2025-01-01 -> 2026-07-05)
Failed to get ticker 'CYH' reason: Failed to perform, curl: (28) Connection timed out after 30002 milliseconds. See https://curl.se/libcurl/c/libcurl-errors.html first for more details.
$CYH: possibly delisted; no timezone found
Failed to get ticker 'DDS' reason: Failed to perform, curl: (28) Connection timed out after 30002 milliseconds. See https://curl.se/libcurl/c/libcurl-errors.html first for more details.
$DDS: possibly delisted; no timezone found
Failed to get ticker 'DQ' reason: Failed to perform, curl: (28) Connection timed out after 30002 milliseconds. See https://curl.se/libcurl/c/libcurl-errors.html first for more details.
$DQ: possibly delisted; no timezone found
$DMRA: possibly delisted; no price data found  (1d 2025-01-01 -> 2026-07-05)
Failed to get ticker 'CVLG' reason: Failed to perform, curl: (28) Connection timed out after 30002 milliseconds. See https://curl.se/libcurl/c/libcurl-errors.html first for more details.
$CVLG: possibly delisted; no timezone found
Failed to get ticker 'DAN' reason: Failed to perform, curl: (28) Connection timed out after 30002 milliseconds. See https://curl.se/libcurl/c/libcurl-errors.html first for more details.
$DAN: possibly delisted; no timezone found
Failed to get ticker 'DD' reason: Failed to perform, curl: (28) Connection timed out after 30002 milliseconds. See https://curl.se/libcurl/c/libcurl-errors.html first for more details.
$DD: possibly delisted; no timezone found
$DINO: possibly delisted; no price data found  (1d 2025-01-01 -> 2026-07-05)
$CWBC: possibly delisted; no price data found  (1d 2025-01-01 -> 2026-07-05)
Failed to get ticker 'DFNSW' reason: Failed to perform, curl: (28) Connection timed out after 30002 milliseconds. See https://curl.se/libcurl/c/libcurl-errors.html first for more details.
$DFNSW: possibly delisted; no timezone found
Failed to get ticker 'CX' reason: Failed to perform, curl: (28) Connection timed out after 30002 milliseconds. See https://curl.se/libcurl/c/libcurl-errors.html first for more details.
$CX: possibly delisted; no timezone found
$DLO: possibly delisted; no price data found  (1d 2025-01-01 -> 2026-07-05)
$DAPP: possibly delisted; no price data found  (1d 2025-01-01 -> 2026-07-05)
$DAX: possibly delisted; no price data found  (1d 2025-01-01 -> 2026-07-05)
$CURI: possibly delisted; no price data found  (1d 2025-01-01 -> 2026-07-05)
Failed to get ticker 'DIN' reason: Failed to perform, curl: (28) Connection timed out after 30002 milliseconds. See https://curl.se/libcurl/c/libcurl-errors.html first for more details.
$DIN: possibly delisted; no timezone found
$DLPN: possibly delisted; no price data found  (1d 2025-01-01 -> 2026-07-05)
$CTSH: possibly delisted; no price data found  (1d 2025-01-01 -> 2026-07-05)
$CVV: possibly delisted; no price data found  (1d 2025-01-01 -> 2026-07-05)
$DOO: possibly delisted; no price data found  (1d 2025-01-01 -> 2026-07-05)
$CULP: possibly delisted; no price data found  (1d 2025-01-01 -> 2026-07-05)
Failed to get ticker 'DNOW' reason: Failed to perform, curl: (28) Connection timed out after 30001 milliseconds. See https://curl.se/libcurl/c/libcurl-errors.html first for more details.
$DNOW: possibly delisted; no timezone found
$DH: possibly delisted; no price data found  (1d 2025-01-01 -> 2026-07-05)
Failed to get ticker 'DDD' reason: Failed to perform, curl: (28) Connection timed out after 30001 milliseconds. See https://curl.se/libcurl/c/libcurl-errors.html first for more details.
$DDD: possibly delisted; no timezone found
Failed to get ticker 'DMB' reason: Failed to perform, curl: (28) Connection timed out after 30002 milliseconds. See https://curl.se/libcurl/c/libcurl-errors.html first for more details.
$DMB: possibly delisted; no timezone found
Failed to get ticker 'DHX' reason: Failed to perform, curl: (28) Connection timed out after 30002 milliseconds. See https://curl.se/libcurl/c/libcurl-errors.html first for more details.
$DHX: possibly delisted; no timezone found
$DOX: possibly delisted; no price data found  (1d 2025-01-01 -> 2026-07-05)
$DFGP: possibly delisted; no price data found  (1d 2025-01-01 -> 2026-07-05)
$CVX: possibly delisted; no price data found  (1d 2025-01-01 -> 2026-07-05)
Failed to get ticker 'DFH' reason: Failed to perform, curl: (28) Connection timed out after 30002 milliseconds. See https://curl.se/libcurl/c/libcurl-errors.html first for more details.
$DFH: possibly delisted; no timezone found
$DKI: possibly delisted; no price data found  (1d 2025-01-01 -> 2026-07-05)
Failed to get ticker 'DLNG' reason: Failed to perform, curl: (28) Connection timed out after 30002 milliseconds. See https://curl.se/libcurl/c/libcurl-errors.html first for more details.
$DLNG: possibly delisted; no timezone found
$DNTH: possibly delisted; no price data found  (1d 2025-01-01 -> 2026-07-05)
$CV: possibly delisted; no price data found  (1d 2025-01-01 -> 2026-07-05)
$CUSD: possibly delisted; no price data found  (1d 2025-01-01 -> 2026-07-05)
$CTXR: possibly delisted; no price data found  (1d 2025-01-01 -> 2026-07-05)
$CVGI: possibly delisted; no price data found  (1d 2025-01-01 -> 2026-07-05)
$DHR: possibly delisted; no price data found  (1d 2025-01-01 -> 2026-07-05)
$DLTH: possibly delisted; no price data found  (1d 2025-01-01 -> 2026-07-05)
Failed to get ticker 'DCOM' reason: Failed to perform, curl: (28) Connection timed out after 30002 milliseconds. See https://curl.se/libcurl/c/libcurl-errors.html first for more details.
$DCOM: possibly delisted; no timezone found
$CURX: possibly delisted; no price data found  (1d 2025-01-01 -> 2026-07-05)
$CYN: possibly delisted; no price data found  (1d 2025-01-01 -> 2026-07-05)
Failed to get ticker 'CUZ' reason: Failed to perform, curl: (28) Connection timed out after 30002 milliseconds. See https://curl.se/libcurl/c/libcurl-errors.html first for more details.
$CUZ: possibly delisted; no timezone found
$DORM: possibly delisted; no price data found  (1d 2025-01-01 -> 2026-07-05)
$DFSCW: possibly delisted; no price data found  (1d 2025-01-01 -> 2026-07-05)
Failed to get ticker 'CWH' reason: Failed to perform, curl: (28) Connection timed out after 30001 milliseconds. See https://curl.se/libcurl/c/libcurl-errors.html first for more details.
$CWH: possibly delisted; no timezone found
$DAC: possibly delisted; no price data found  (1d 2025-01-01 -> 2026-07-05)
$DNUT: possibly delisted; no price data found  (1d 2025-01-01 -> 2026-07-05)
Failed to get ticker 'DOC' reason: Failed to perform, curl: (28) Connection timed out after 30002 milliseconds. See https://curl.se/libcurl/c/libcurl-errors.html first for more details.
$DOC: possibly delisted; no timezone found
$DGRW: possibly delisted; no price data found  (1d 2025-01-01 -> 2026-07-05)
$DIBS: possibly delisted; no price data found  (1d 2025-01-01 -> 2026-07-05)
$DJTWW: possibly delisted; no price data found  (1d 2025-01-01 -> 2026-07-05)
$DCTH: possibly delisted; no price data found  (1d 2025-01-01 -> 2026-07-05)
Failed to get ticker 'CWT' reason: Failed to perform, curl: (28) Connection timed out after 30002 milliseconds. See https://curl.se/libcurl/c/libcurl-errors.html first for more details.
$CWT: possibly delisted; no timezone found
Failed to get ticker 'DLY' reason: Failed to perform, curl: (28) Connection timed out after 30002 milliseconds. See https://curl.se/libcurl/c/libcurl-errors.html first for more details.
$DLY: possibly delisted; no timezone found
$CTVA: possibly delisted; no price data found  (1d 2025-01-01 -> 2026-07-05)
$DNLI: possibly delisted; no price data found  (1d 2025-01-01 -> 2026-07-05)
$DPZ: possibly delisted; no price data found  (1d 2025-01-01 -> 2026-07-05)
Failed to get ticker 'DRI' reason: Failed to perform, curl: (28) Connection timed out after 30001 milliseconds. See https://curl.se/libcurl/c/libcurl-errors.html first for more details.
$DRI: possibly delisted; no timezone found
$CVCO: possibly delisted; no price data found  (1d 2025-01-01 -> 2026-07-05)
$DAAQU: possibly delisted; no price data found  (1d 2025-01-01 -> 2026-07-05)
Failed to get ticker 'DFP' reason: Failed to perform, curl: (28) Connection timed out after 30001 milliseconds. See https://curl.se/libcurl/c/libcurl-errors.html first for more details.
$DFP: possibly delisted; no timezone found
$DEMZ: possibly delisted; no price data found  (1d 2025-01-01 -> 2026-07-05)
Failed to get ticker 'CYD' reason: Failed to perform, curl: (28) Connection timed out after 30002 milliseconds. See https://curl.se/libcurl/c/libcurl-errors.html first for more details.
$CYD: possibly delisted; no timezone found
$DGRS: possibly delisted; no price data found  (1d 2025-01-01 -> 2026-07-05)
Failed to get ticker 'CWD' reason: Failed to perform, curl: (28) Connection timed out after 30002 milliseconds. See https://curl.se/libcurl/c/libcurl-errors.html first for more details.
$CWD: possibly delisted; no timezone found
$DFNS: possibly delisted; no price data found  (1d 2025-01-01 -> 2026-07-05)
Failed to get ticker 'DLB' reason: Failed to perform, curl: (28) Connection timed out after 30002 milliseconds. See https://curl.se/libcurl/c/libcurl-errors.html first for more details.
$DLB: possibly delisted; no timezone found
Failed to get ticker 'CW' reason: Failed to perform, curl: (28) Connection timed out after 30001 milliseconds. See https://curl.se/libcurl/c/libcurl-errors.html first for more details.
$CW: possibly delisted; no timezone found
Failed to get ticker 'DKL' reason: Failed to perform, curl: (28) Connection timed out after 30002 milliseconds. See https://curl.se/libcurl/c/libcurl-errors.html first for more details.
$DKL: possibly delisted; no timezone found
$DNMX: possibly delisted; no price data found  (1d 2025-01-01 -> 2026-07-05)
$DRH: possibly delisted; no price data found  (1d 2025-01-01 -> 2026-07-05)
$DRIO: possibly delisted; no price data found  (1d 2025-01-01 -> 2026-07-05)
Failed to get ticker 'DRLL' reason: Failed to perform, curl: (28) Connection timed out after 30002 milliseconds. See https://curl.se/libcurl/c/libcurl-errors.html first for more details.
$DRLL: possibly delisted; no timezone found
$DOGZ: possibly delisted; no price data found  (1d 2025-01-01 -> 2026-07-05)
$DB: possibly delisted; no price data found  (1d 2025-01-01 -> 2026-07-05)
$DFSC: possibly delisted; no price data found  (1d 2025-01-01 -> 2026-07-05)
$DAKT: possibly delisted; no price data found  (1d 2025-01-01 -> 2026-07-05)
$DCGO: possibly delisted; no price data found  (1d 2025-01-01 -> 2026-07-05)

200 Failed downloads:
['DLHC', 'CVE', 'DFTX', 'DAVEW', 'DMRC', 'CYCUW', 'DAAQW', 'CVBF', 'D', 'DRIV', 'DFLIW', 'CWCO', 'CTRM', 'CXAI', 'DIVD', 'DJCO', 'CZWI', 'DCX', 'DCOY', 'DHI', 'CXSE', 'DNMXW', 'CUPR', 'DGCB', 'DMLP', 'DAL', 'DDOG', 'DMXF', 'CVLT', 'CYCU', 'DFLI', 'DNMXU', 'DE', 'DEO', 'DEFT', 'DERM', 'DFGX', 'DGNX', 'DLR', 'CVKD', 'CXIIU', 'CTW', 'DECO', 'DIS', 'DELL', 'CVRX', 'CUE', 'DPRO', 'DOYU', 'DMAC', 'CYTK', 'CYCN', 'CZAR', 'DAAQ', 'DGICA', 'DHC', 'CYPH', 'CVNA', 'DCBO', 'DFDVW', 'DALI', 'CYRX', 'DDI', 'DAIO', 'CZFS', 'DGICB', 'CXAIW', 'DGRE', 'DAVE', 'CVS', 'DBVT', 'DIOD', 'CZNC', 'DGXX', 'DDIV', 'DMRA', 'DINO', 'CWBC', 'DLO', 'DAPP', 'DAX', 'CURI', 'DLPN', 'CTSH', 'CVV', 'DOO', 'CULP', 'DH', 'DOX', 'DFGP', 'CVX', 'DKI', 'DNTH', 'CV', 'CUSD', 'CTXR', 'CVGI', 'DHR', 'DLTH', 'CURX', 'CYN', 'DORM', 'DFSCW', 'DAC', 'DNUT', 'DGRW', 'DIBS', 'DJTWW', 'DCTH', 'CTVA', 'DNLI', 'DPZ', 'CVCO', 'DAAQU', 'DEMZ', 'DGRS', 'DFNS', 'DNMX', 'DRH', 'DRIO', 'DOGZ', 'DB', 'DFSC', 'DAKT', 'DCGO']: possibly delisted; no price data found  (1d 2025-01-01 -> 2026-07-05)
['DHT', 'DCO', 'CTO', 'CXE', 'DMO', 'CVI', 'DLX', 'CXW', 'CTRI', 'DCH', 'DIVY', 'DNA', 'DAR', 'DAVA', 'CVEO', 'CWAN', 'CWEN', 'CUBE', 'DBI', 'DHF', 'DBRG', 'DRD', 'DEC', 'DMA', 'DGX', 'DOCS', 'DOW', 'CTS', 'DG', 'CTRE', 'DOUG', 'DEI', 'CURB', 'DEA', 'CXT', 'DOLE', 'DKS', 'DNP', 'DPG', 'DK', 'DBL', 'DECK', 'CUBI', 'CXH', 'DCI', 'DOV', 'CYH', 'DDS', 'DQ', 'CVLG', 'DAN', 'DD', 'DFNSW', 'CX', 'DIN', 'DNOW', 'DDD', 'DMB', 'DHX', 'DFH', 'DLNG', 'DCOM', 'CUZ', 'CWH', 'DOC', 'CWT', 'DLY', 'DRI', 'DFP', 'CYD', 'CWD', 'DLB', 'CW', 'DKL', 'DRLL']: possibly delisted; no timezone found
$EME: possibly delisted; no price data found  (1d 2025-01-01 -> 2026-07-05)
Failed to get ticker 'ENS' reason: Failed to perform, curl: (28) Connection timed out after 30002 milliseconds. See https://curl.se/libcurl/c/libcurl-errors.html first for more details.
$ENS: possibly delisted; no timezone found
Failed to get ticker 'ELS' reason: Failed to perform, curl: (28) Connection timed out after 30002 milliseconds. See https://curl.se/libcurl/c/libcurl-errors.html first for more details.
$ELS: possibly delisted; no timezone found
Failed to get ticker 'DTE' reason: Failed to perform, curl: (28) Connection timed out after 30001 milliseconds. See https://curl.se/libcurl/c/libcurl-errors.html first for more details.
$DTE: possibly delisted; no timezone found
$DXLG: possibly delisted; no price data found  (1d 2025-01-01 -> 2026-07-05)
$EBMT: possibly delisted; no price data found  (1d 2025-01-01 -> 2026-07-05)
$EFC: possibly delisted; no price data found  (1d 2025-01-01 -> 2026-07-05)
Failed to get ticker 'EFR' reason: Failed to perform, curl: (28) Connection timed out after 30002 milliseconds. See https://curl.se/libcurl/c/libcurl-errors.html first for more details.
$EFR: possibly delisted; no timezone found
Failed to get ticker 'EIC' reason: Failed to perform, curl: (28) Connection timed out after 30002 milliseconds. See https://curl.se/libcurl/c/libcurl-errors.html first for more details.
$EIC: possibly delisted; no timezone found
$EMCB: possibly delisted; no price data found  (1d 2025-01-01 -> 2026-07-05)
Failed to get ticker 'EFTY' reason: Failed to perform, curl: (28) Connection timed out after 30002 milliseconds. See https://curl.se/libcurl/c/libcurl-errors.html first for more details.
$EFTY: possibly delisted; no timezone found
$EGAN: possibly delisted; no price data found  (1d 2025-01-01 -> 2026-07-05)
$ELIL: possibly delisted; no price data found  (1d 2025-01-01 -> 2026-07-05)
Failed to get ticker 'DY' reason: Failed to perform, curl: (28) Connection timed out after 30002 milliseconds. See https://curl.se/libcurl/c/libcurl-errors.html first for more details.
$DY: possibly delisted; no timezone found
Failed to get ticker 'ECG' reason: Failed to perform, curl: (28) Connection timed out after 30002 milliseconds. See https://curl.se/libcurl/c/libcurl-errors.html first for more details.
$ECG: possibly delisted; no timezone found
Failed to get ticker 'EIX' reason: Failed to perform, curl: (28) Connection timed out after 30002 milliseconds. See https://curl.se/libcurl/c/libcurl-errors.html first for more details.
$EIX: possibly delisted; no timezone found
$ENLV: possibly delisted; no price data found  (1d 2025-01-01 -> 2026-07-05)
$DRTSW: possibly delisted; no price data found  (1d 2025-01-01 -> 2026-07-05)
$DYORW: possibly delisted; no price data found  (1d 2025-01-01 -> 2026-07-05)
$EIKN: possibly delisted; no price data found  (1d 2025-01-01 -> 2026-07-05)
Failed to get ticker 'EMF' reason: Failed to perform, curl: (28) Connection timed out after 30002 milliseconds. See https://curl.se/libcurl/c/libcurl-errors.html first for more details.
$EMF: possibly delisted; no timezone found
$DXR: possibly delisted; no price data found  (1d 2025-01-01 -> 2026-07-05)
Failed to get ticker 'EC' reason: Failed to perform, curl: (28) Connection timed out after 30002 milliseconds. See https://curl.se/libcurl/c/libcurl-errors.html first for more details.
$EC: possibly delisted; no timezone found
$ECX: possibly delisted; no price data found  (1d 2025-01-01 -> 2026-07-05)
Failed to get ticker 'EAI' reason: Failed to perform, curl: (28) Connection timed out after 30001 milliseconds. See https://curl.se/libcurl/c/libcurl-errors.html first for more details.
$EAI: possibly delisted; no timezone found
Failed to get ticker 'EGP' reason: Failed to perform, curl: (28) Connection timed out after 30002 milliseconds. See https://curl.se/libcurl/c/libcurl-errors.html first for more details.
$EGP: possibly delisted; no timezone found
$ENSG: possibly delisted; no price data found  (1d 2025-01-01 -> 2026-07-05)
$EBI: possibly delisted; no price data found  (1d 2025-01-01 -> 2026-07-05)
$DVQQ: possibly delisted; no price data found  (1d 2025-01-01 -> 2026-07-05)
$EJH: possibly delisted; no price data found  (1d 2025-01-01 -> 2026-07-05)
Failed to get ticker 'EFT' reason: Failed to perform, curl: (28) Connection timed out after 30002 milliseconds. See https://curl.se/libcurl/c/libcurl-errors.html first for more details.
$EFT: possibly delisted; no timezone found
$DXCM: possibly delisted; no price data found  (1d 2025-01-01 -> 2026-07-05)
$ED: possibly delisted; no price data found  (1d 2025-01-01 -> 2026-07-05)
$DYORU: possibly delisted; no price data found  (1d 2025-01-01 -> 2026-07-05)
$DXST: possibly delisted; no price data found  (1d 2025-01-01 -> 2026-07-05)
Failed to get ticker 'DXC' reason: Failed to perform, curl: (28) Connection timed out after 30002 milliseconds. See https://curl.se/libcurl/c/libcurl-errors.html first for more details.
$DXC: possibly delisted; no timezone found
$DRUG: possibly delisted; no price data found  (1d 2025-01-01 -> 2026-07-05)
$E: possibly delisted; no price data found  (1d 2025-01-01 -> 2026-07-05)
$EHTH: possibly delisted; no price data found  (1d 2025-01-01 -> 2026-07-05)
$ELMT: possibly delisted; no price data found  (1d 2025-01-01 -> 2026-07-05)
Failed to get ticker 'ECC' reason: Failed to perform, curl: (28) Connection timed out after 30002 milliseconds. See https://curl.se/libcurl/c/libcurl-errors.html first for more details.
$ECC: possibly delisted; no timezone found
Failed to get ticker 'EDF' reason: Failed to perform, curl: (28) Connection timed out after 30002 milliseconds. See https://curl.se/libcurl/c/libcurl-errors.html first for more details.
$EDF: possibly delisted; no timezone found
Failed to get ticker 'DTM' reason: Failed to perform, curl: (28) Connection timed out after 30000 milliseconds. See https://curl.se/libcurl/c/libcurl-errors.html first for more details.
$DTM: possibly delisted; no timezone found
Failed to get ticker 'EGY' reason: Failed to perform, curl: (28) Connection timed out after 30002 milliseconds. See https://curl.se/libcurl/c/libcurl-errors.html first for more details.
$EGY: possibly delisted; no timezone found
$EHGO: possibly delisted; no price data found  (1d 2025-01-01 -> 2026-07-05)
$ELFY: possibly delisted; no price data found  (1d 2025-01-01 -> 2026-07-05)
$EART: possibly delisted; no price data found  (1d 2025-01-01 -> 2026-07-05)
$ELOG: possibly delisted; no price data found  (1d 2025-01-01 -> 2026-07-05)
Failed to get ticker 'ECAT' reason: Failed to perform, curl: (28) Connection timed out after 30001 milliseconds. See https://curl.se/libcurl/c/libcurl-errors.html first for more details.
$ECAT: possibly delisted; no timezone found
$ELVA: possibly delisted; no price data found  (1d 2025-01-01 -> 2026-07-05)
$EFSC: possibly delisted; no price data found  (1d 2025-01-01 -> 2026-07-05)
$ELTK: possibly delisted; no price data found  (1d 2025-01-01 -> 2026-07-05)
$DRTS: possibly delisted; no price data found  (1d 2025-01-01 -> 2026-07-05)
$ECL: possibly delisted; no price data found  (1d 2025-01-01 -> 2026-07-05)
$EEMA: possibly delisted; no price data found  (1d 2025-01-01 -> 2026-07-05)
$ELDN: possibly delisted; no price data found  (1d 2025-01-01 -> 2026-07-05)
Failed to get ticker 'ELF' reason: Failed to perform, curl: (28) Connection timed out after 30001 milliseconds. See https://curl.se/libcurl/c/libcurl-errors.html first for more details.
$ELF: possibly delisted; no timezone found
Failed to get ticker 'EMBJ' reason: Failed to perform, curl: (28) Connection timed out after 30000 milliseconds. See https://curl.se/libcurl/c/libcurl-errors.html first for more details.
$EMBJ: possibly delisted; no timezone found
Failed to get ticker 'EFX' reason: Failed to perform, curl: (28) Connection timed out after 30001 milliseconds. See https://curl.se/libcurl/c/libcurl-errors.html first for more details.
$EFX: possibly delisted; no timezone found
$EGHAU: possibly delisted; no price data found  (1d 2025-01-01 -> 2026-07-05)
Failed to get ticker 'ECVT' reason: Failed to perform, curl: (28) Connection timed out after 30001 milliseconds. See https://curl.se/libcurl/c/libcurl-errors.html first for more details.
$ECVT: possibly delisted; no timezone found
Failed to get ticker 'EBF' reason: Failed to perform, curl: (28) Connection timed out after 30002 milliseconds. See https://curl.se/libcurl/c/libcurl-errors.html first for more details.
$EBF: possibly delisted; no timezone found
$DSAC: possibly delisted; no price data found  (1d 2025-01-01 -> 2026-07-05)
$DYTA: possibly delisted; no price data found  (1d 2025-01-01 -> 2026-07-05)
$ECBK: possibly delisted; no price data found  (1d 2025-01-01 -> 2026-07-05)
$DRMAW: possibly delisted; no price data found  (1d 2025-01-01 -> 2026-07-05)
Failed to get ticker 'ECO' reason: Failed to perform, curl: (28) Connection timed out after 30001 milliseconds. See https://curl.se/libcurl/c/libcurl-errors.html first for more details.
$ECO: possibly delisted; no timezone found
Failed to get ticker 'EMN' reason: Failed to perform, curl: (28) Connection timed out after 30000 milliseconds. See https://curl.se/libcurl/c/libcurl-errors.html first for more details.
$EMN: possibly delisted; no timezone found
Failed to get ticker 'ENOV' reason: Failed to perform, curl: (28) Connection timed out after 30000 milliseconds. See https://curl.se/libcurl/c/libcurl-errors.html first for more details.
$ENOV: possibly delisted; no timezone found
Failed to get ticker 'EL' reason: Failed to perform, curl: (28) Connection timed out after 30001 milliseconds. See https://curl.se/libcurl/c/libcurl-errors.html first for more details.
$EL: possibly delisted; no timezone found
$ELUT: possibly delisted; no price data found  (1d 2025-01-01 -> 2026-07-05)
$EDIT: possibly delisted; no price data found  (1d 2025-01-01 -> 2026-07-05)
$EMXF: possibly delisted; no price data found  (1d 2025-01-01 -> 2026-07-05)
$EFRA: possibly delisted; no price data found  (1d 2025-01-01 -> 2026-07-05)
Failed to get ticker 'DSX' reason: Failed to perform, curl: (28) Connection timed out after 30002 milliseconds. See https://curl.se/libcurl/c/libcurl-errors.html first for more details.
$DSX: possibly delisted; no timezone found
$DSGR: possibly delisted; no price data found  (1d 2025-01-01 -> 2026-07-05)
Failed to get ticker 'DTF' reason: Failed to perform, curl: (28) Connection timed out after 30001 milliseconds. See https://curl.se/libcurl/c/libcurl-errors.html first for more details.
$DTF: possibly delisted; no timezone found
$ENPH: possibly delisted; no price data found  (1d 2025-01-01 -> 2026-07-05)
$DYOR: possibly delisted; no price data found  (1d 2025-01-01 -> 2026-07-05)
Failed to get ticker 'EAF' reason: Failed to perform, curl: (28) Connection timed out after 30000 milliseconds. See https://curl.se/libcurl/c/libcurl-errors.html first for more details.
$EAF: possibly delisted; no timezone found
$DRS: possibly delisted; no price data found  (1d 2025-01-01 -> 2026-07-05)
$DSGN: possibly delisted; no price data found  (1d 2025-01-01 -> 2026-07-05)
$DUOL: possibly delisted; no price data found  (1d 2025-01-01 -> 2026-07-05)
$EBC: possibly delisted; no price data found  (1d 2025-01-01 -> 2026-07-05)
Failed to get ticker 'DSTX' reason: Failed to perform, curl: (28) Connection timed out after 30002 milliseconds. See https://curl.se/libcurl/c/libcurl-errors.html first for more details.
$DSTX: possibly delisted; no timezone found
$ENB: possibly delisted; no price data found  (1d 2025-01-01 -> 2026-07-05)
$EHLD: possibly delisted; no price data found  (1d 2025-01-01 -> 2026-07-05)
$DVOL: possibly delisted; no price data found  (1d 2025-01-01 -> 2026-07-05)
Failed to get ticker 'ELME' reason: Failed to perform, curl: (28) Connection timed out after 30001 milliseconds. See https://curl.se/libcurl/c/libcurl-errors.html first for more details.
$ELME: possibly delisted; no timezone found
Failed to get ticker 'EIIA' reason: Failed to perform, curl: (28) Connection timed out after 30000 milliseconds. See https://curl.se/libcurl/c/libcurl-errors.html first for more details.
$EIIA: possibly delisted; no timezone found
$EDHL: possibly delisted; no price data found  (1d 2025-01-01 -> 2026-07-05)
$EMPG: possibly delisted; no price data found  (1d 2025-01-01 -> 2026-07-05)
$ELAB: possibly delisted; no price data found  (1d 2025-01-01 -> 2026-07-05)
$DWAW: possibly delisted; no price data found  (1d 2025-01-01 -> 2026-07-05)
$ECOW: possibly delisted; no price data found  (1d 2025-01-01 -> 2026-07-05)
$DWUS: possibly delisted; no price data found  (1d 2025-01-01 -> 2026-07-05)
$DYN: possibly delisted; no price data found  (1d 2025-01-01 -> 2026-07-05)
$DUOT: possibly delisted; no price data found  (1d 2025-01-01 -> 2026-07-05)
Failed to get ticker 'EFOR' reason: Failed to perform, curl: (28) Connection timed out after 30001 milliseconds. See https://curl.se/libcurl/c/libcurl-errors.html first for more details.
$EFOR: possibly delisted; no timezone found
$DYFI: possibly delisted; no price data found  (1d 2025-01-01 -> 2026-07-05)
$EBAY: possibly delisted; no price data found  (1d 2025-01-01 -> 2026-07-05)
$EFAS: possibly delisted; no price data found  (1d 2025-01-01 -> 2026-07-05)
$EFSCP: possibly delisted; no price data found  (1d 2025-01-01 -> 2026-07-05)
$EGO: possibly delisted; no price data found  (1d 2025-01-01 -> 2026-07-05)
$DWTX: possibly delisted; no price data found  (1d 2025-01-01 -> 2026-07-05)
$ENTA: possibly delisted; no price data found  (1d 2025-01-01 -> 2026-07-05)
$DVLU: possibly delisted; no price data found  (1d 2025-01-01 -> 2026-07-05)
$EMPD: possibly delisted; no price data found  (1d 2025-01-01 -> 2026-07-05)
$DTST: possibly delisted; no price data found  (1d 2025-01-01 -> 2026-07-05)
$DUKH: possibly delisted; no price data found  (1d 2025-01-01 -> 2026-07-05)
$DWSH: possibly delisted; no price data found  (1d 2025-01-01 -> 2026-07-05)
Failed to get ticker 'EMO' reason: Failed to perform, curl: (28) Connection timed out after 30001 milliseconds. See https://curl.se/libcurl/c/libcurl-errors.html first for more details.
$EMO: possibly delisted; no timezone found
$EFOI: possibly delisted; no price data found  (1d 2025-01-01 -> 2026-07-05)
$EMXC: possibly delisted; no price data found  (1d 2025-01-01 -> 2026-07-05)
$EGBN: possibly delisted; no price data found  (1d 2025-01-01 -> 2026-07-05)
Failed to get ticker 'EHI' reason: Failed to perform, curl: (28) Connection timed out after 30002 milliseconds. See https://curl.se/libcurl/c/libcurl-errors.html first for more details.
$EHI: possibly delisted; no timezone found
Failed to get ticker 'ENJ' reason: Failed to perform, curl: (28) Connection timed out after 30002 milliseconds. See https://curl.se/libcurl/c/libcurl-errors.html first for more details.
$ENJ: possibly delisted; no timezone found
Failed to get ticker 'EG' reason: Failed to perform, curl: (28) Connection timed out after 30002 milliseconds. See https://curl.se/libcurl/c/libcurl-errors.html first for more details.
$EG: possibly delisted; no timezone found
$EMBC: possibly delisted; no price data found  (1d 2025-01-01 -> 2026-07-05)
$EDTK: possibly delisted; no price data found  (1d 2025-01-01 -> 2026-07-05)
$EML: possibly delisted; no price data found  (1d 2025-01-01 -> 2026-07-05)
$EH: possibly delisted; no price data found  (1d 2025-01-01 -> 2026-07-05)
$ENTG: possibly delisted; no price data found  (1d 2025-01-01 -> 2026-07-05)
$EMEQ: possibly delisted; no price data found  (1d 2025-01-01 -> 2026-07-05)
$DVY: possibly delisted; no price data found  (1d 2025-01-01 -> 2026-07-05)
Failed to get ticker 'EMD' reason: Failed to perform, curl: (28) Connection timed out after 30002 milliseconds. See https://curl.se/libcurl/c/libcurl-errors.html first for more details.
$EMD: possibly delisted; no timezone found
$DSACU: possibly delisted; no price data found  (1d 2025-01-01 -> 2026-07-05)
Failed to get ticker 'EMA' reason: Failed to perform, curl: (28) Connection timed out after 30002 milliseconds. See https://curl.se/libcurl/c/libcurl-errors.html first for more details.
$EMA: possibly delisted; no timezone found
Failed to get ticker 'DSMC' reason: Failed to perform, curl: (28) Connection timed out after 30002 milliseconds. See https://curl.se/libcurl/c/libcurl-errors.html first for more details.
$DSMC: possibly delisted; no timezone found
$EBON: possibly delisted; no price data found  (1d 2025-01-01 -> 2026-07-05)
$DUO: possibly delisted; no price data found  (1d 2025-01-01 -> 2026-07-05)
$DVN: possibly delisted; no price data found  (1d 2025-01-01 -> 2026-07-05)
Failed to get ticker 'DSL' reason: Failed to perform, curl: (28) Connection timed out after 30002 milliseconds. See https://curl.se/libcurl/c/libcurl-errors.html first for more details.
$DSL: possibly delisted; no timezone found
$DXPE: possibly delisted; no price data found  (1d 2025-01-01 -> 2026-07-05)
$EEFT: possibly delisted; no price data found  (1d 2025-01-01 -> 2026-07-05)
$DUKX: possibly delisted; no price data found  (1d 2025-01-01 -> 2026-07-05)
$DSP: possibly delisted; no price data found  (1d 2025-01-01 -> 2026-07-05)
$EMR: possibly delisted; no price data found  (1d 2025-01-01 -> 2026-07-05)
$DSWL: possibly delisted; no price data found  (1d 2025-01-01 -> 2026-07-05)
$ELVR: possibly delisted; no price data found  (1d 2025-01-01 -> 2026-07-05)
Failed to get ticker 'EE' reason: Failed to perform, curl: (28) Connection timed out after 30003 milliseconds. See https://curl.se/libcurl/c/libcurl-errors.html first for more details.
$EE: possibly delisted; no timezone found
$ECPG: possibly delisted; no price data found  (1d 2025-01-01 -> 2026-07-05)
Failed to get ticker 'ECCC' reason: Failed to perform, curl: (28) Connection timed out after 30001 milliseconds. See https://curl.se/libcurl/c/libcurl-errors.html first for more details.
$ECCC: possibly delisted; no timezone found
Failed to get ticker 'ENR' reason: Failed to perform, curl: (28) Connection timed out after 30002 milliseconds. See https://curl.se/libcurl/c/libcurl-errors.html first for more details.
$ENR: possibly delisted; no timezone found
Failed to get ticker 'ELPC' reason: Failed to perform, curl: (28) Connection timed out after 30002 milliseconds. See https://curl.se/libcurl/c/libcurl-errors.html first for more details.
$ELPC: possibly delisted; no timezone found
$ELSE: possibly delisted; no price data found  (1d 2025-01-01 -> 2026-07-05)
$EGGQ: possibly delisted; no price data found  (1d 2025-01-01 -> 2026-07-05)
$ELTX: possibly delisted; no price data found  (1d 2025-01-01 -> 2026-07-05)
$ELV: possibly delisted; no price data found  (1d 2025-01-01 -> 2026-07-05)
Failed to get ticker 'EAT' reason: Failed to perform, curl: (28) Connection timed out after 30002 milliseconds. See https://curl.se/libcurl/c/libcurl-errors.html first for more details.
$EAT: possibly delisted; no timezone found
$ENGNW: possibly delisted; no price data found  (1d 2025-01-01 -> 2026-07-05)
$EGHA: possibly delisted; no price data found  (1d 2025-01-01 -> 2026-07-05)
$EBIZ: possibly delisted; no price data found  (1d 2025-01-01 -> 2026-07-05)
Failed to get ticker 'EICA' reason: Failed to perform, curl: (28) Connection timed out after 30002 milliseconds. See https://curl.se/libcurl/c/libcurl-errors.html first for more details.
$EICA: possibly delisted; no timezone found
$ENDW: possibly delisted; no price data found  (1d 2025-01-01 -> 2026-07-05)
$DTIL: possibly delisted; no price data found  (1d 2025-01-01 -> 2026-07-05)
$DTCR: possibly delisted; no price data found  (1d 2025-01-01 -> 2026-07-05)
$DRMA: possibly delisted; no price data found  (1d 2025-01-01 -> 2026-07-05)
$DVAL: possibly delisted; no price data found  (1d 2025-01-01 -> 2026-07-05)
$EFSI: possibly delisted; no price data found  (1d 2025-01-01 -> 2026-07-05)
Failed to get ticker 'DV' reason: Failed to perform, curl: (28) Connection timed out after 30002 milliseconds. See https://curl.se/libcurl/c/libcurl-errors.html first for more details.
$DV: possibly delisted; no timezone found
Failed to get ticker 'DTW' reason: Failed to perform, curl: (28) Connection timed out after 30001 milliseconds. See https://curl.se/libcurl/c/libcurl-errors.html first for more details.
$DTW: possibly delisted; no timezone found
Failed to get ticker 'DSU' reason: Failed to perform, curl: (28) Connection timed out after 30002 milliseconds. See https://curl.se/libcurl/c/libcurl-errors.html first for more details.
$DSU: possibly delisted; no timezone found
Failed to get ticker 'EEA' reason: Failed to perform, curl: (28) Connection timed out after 30002 milliseconds. See https://curl.se/libcurl/c/libcurl-errors.html first for more details.
$EEA: possibly delisted; no timezone found
$ELVN: possibly delisted; no price data found  (1d 2025-01-01 -> 2026-07-05)
$EMB: possibly delisted; no price data found  (1d 2025-01-01 -> 2026-07-05)
Failed to get ticker 'EEX' reason: Failed to perform, curl: (28) Connection timed out after 30001 milliseconds. See https://curl.se/libcurl/c/libcurl-errors.html first for more details.
$EEX: possibly delisted; no timezone found
$ELE: possibly delisted; no price data found  (1d 2025-01-01 -> 2026-07-05)
$DTI: possibly delisted; no price data found  (1d 2025-01-01 -> 2026-07-05)
Failed to get ticker 'ENIC' reason: Failed to perform, curl: (28) Connection timed out after 30001 milliseconds. See https://curl.se/libcurl/c/libcurl-errors.html first for more details.
$ENIC: possibly delisted; no timezone found
Failed to get ticker 'EBS' reason: Failed to perform, curl: (28) Connection timed out after 30002 milliseconds. See https://curl.se/libcurl/c/libcurl-errors.html first for more details.
$EBS: possibly delisted; no timezone found
$EMIF: possibly delisted; no price data found  (1d 2025-01-01 -> 2026-07-05)
$DWAS: possibly delisted; no price data found  (1d 2025-01-01 -> 2026-07-05)
Failed to get ticker 'ELAN' reason: Failed to perform, curl: (28) Connection timed out after 30002 milliseconds. See https://curl.se/libcurl/c/libcurl-errors.html first for more details.
$ELAN: possibly delisted; no timezone found
$DTCX: possibly delisted; no price data found  (1d 2025-01-01 -> 2026-07-05)
$EEIQ: possibly delisted; no price data found  (1d 2025-01-01 -> 2026-07-05)
$EMIS: possibly delisted; no price data found  (1d 2025-01-01 -> 2026-07-05)
Failed to get ticker 'EIG' reason: Failed to perform, curl: (28) Connection timed out after 30002 milliseconds. See https://curl.se/libcurl/c/libcurl-errors.html first for more details.
$EIG: possibly delisted; no timezone found
$DVSP: possibly delisted; no price data found  (1d 2025-01-01 -> 2026-07-05)
$DUK: possibly delisted; no price data found  (1d 2025-01-01 -> 2026-07-05)
$EA: possibly delisted; no price data found  (1d 2025-01-01 -> 2026-07-05)
Failed to get ticker 'EDN' reason: Failed to perform, curl: (28) Connection timed out after 30002 milliseconds. See https://curl.se/libcurl/c/libcurl-errors.html first for more details.
$EDN: possibly delisted; no timezone found
Failed to get ticker 'EARN' reason: Failed to perform, curl: (28) Connection timed out after 30002 milliseconds. See https://curl.se/libcurl/c/libcurl-errors.html first for more details.
$EARN: possibly delisted; no timezone found
$ENGN: possibly delisted; no price data found  (1d 2025-01-01 -> 2026-07-05)
Failed to get ticker 'EMP' reason: Failed to perform, curl: (28) Connection timed out after 30002 milliseconds. See https://curl.se/libcurl/c/libcurl-errors.html first for more details.
$EMP: possibly delisted; no timezone found
$DVLT: possibly delisted; no price data found  (1d 2025-01-01 -> 2026-07-05)
Failed to get ticker 'DX' reason: Failed to perform, curl: (28) Connection timed out after 30002 milliseconds. See https://curl.se/libcurl/c/libcurl-errors.html first for more details.
$DX: possibly delisted; no timezone found
Failed to get ticker 'EHAB' reason: Failed to perform, curl: (28) Connection timed out after 30002 milliseconds. See https://curl.se/libcurl/c/libcurl-errors.html first for more details.
$EHAB: possibly delisted; no timezone found
$DYAI: possibly delisted; no price data found  (1d 2025-01-01 -> 2026-07-05)
$EDSA: possibly delisted; no price data found  (1d 2025-01-01 -> 2026-07-05)
Failed to get ticker 'DSM' reason: Failed to perform, curl: (28) Connection timed out after 30002 milliseconds. See https://curl.se/libcurl/c/libcurl-errors.html first for more details.
$DSM: possibly delisted; no timezone found
Failed to get ticker 'ELBM' reason: Failed to perform, curl: (28) Connection timed out after 30001 milliseconds. See https://curl.se/libcurl/c/libcurl-errors.html first for more details.
$ELBM: possibly delisted; no timezone found
$DSGX: possibly delisted; no price data found  (1d 2025-01-01 -> 2026-07-05)
Failed to get ticker 'EDD' reason: Failed to perform, curl: (28) Connection timed out after 30002 milliseconds. See https://curl.se/libcurl/c/libcurl-errors.html first for more details.
$EDD: possibly delisted; no timezone found
Failed to get ticker 'DXYZ' reason: Failed to perform, curl: (28) Connection timed out after 30002 milliseconds. See https://curl.se/libcurl/c/libcurl-errors.html first for more details.
$DXYZ: possibly delisted; no timezone found
Failed to get ticker 'EFXT' reason: Failed to perform, curl: (28) Connection timed out after 30002 milliseconds. See https://curl.se/libcurl/c/libcurl-errors.html first for more details.
$EFXT: possibly delisted; no timezone found
Failed to get ticker 'EDU' reason: Failed to perform, curl: (28) Connection timed out after 30002 milliseconds. See https://curl.se/libcurl/c/libcurl-errors.html first for more details.
$EDU: possibly delisted; no timezone found
$EDRY: possibly delisted; no price data found  (1d 2025-01-01 -> 2026-07-05)
$EDUC: possibly delisted; no price data found  (1d 2025-01-01 -> 2026-07-05)
Failed to get ticker 'EHC' reason: Failed to perform, curl: (28) Connection timed out after 30002 milliseconds. See https://curl.se/libcurl/c/libcurl-errors.html first for more details.
$EHC: possibly delisted; no timezone found

200 Failed downloads:
['EME', 'DXLG', 'EBMT', 'EFC', 'EMCB', 'EGAN', 'ELIL', 'ENLV', 'DRTSW', 'DYORW', 'EIKN', 'DXR', 'ECX', 'ENSG', 'EBI', 'DVQQ', 'EJH', 'DXCM', 'ED', 'DYORU', 'DXST', 'DRUG', 'E', 'EHTH', 'ELMT', 'EHGO', 'ELFY', 'EART', 'ELOG', 'ELVA', 'EFSC', 'ELTK', 'DRTS', 'ECL', 'EEMA', 'ELDN', 'EGHAU', 'DSAC', 'DYTA', 'ECBK', 'DRMAW', 'ELUT', 'EDIT', 'EMXF', 'EFRA', 'DSGR', 'ENPH', 'DYOR', 'DRS', 'DSGN', 'DUOL', 'EBC', 'ENB', 'EHLD', 'DVOL', 'EDHL', 'EMPG', 'ELAB', 'DWAW', 'ECOW', 'DWUS', 'DYN', 'DUOT', 'DYFI', 'EBAY', 'EFAS', 'EFSCP', 'EGO', 'DWTX', 'ENTA', 'DVLU', 'EMPD', 'DTST', 'DUKH', 'DWSH', 'EFOI', 'EMXC', 'EGBN', 'EMBC', 'EDTK', 'EML', 'EH', 'ENTG', 'EMEQ', 'DVY', 'DSACU', 'EBON', 'DUO', 'DVN', 'DXPE', 'EEFT', 'DUKX', 'DSP', 'EMR', 'DSWL', 'ELVR', 'ECPG', 'ELSE', 'EGGQ', 'ELTX', 'ELV', 'ENGNW', 'EGHA', 'EBIZ', 'ENDW', 'DTIL', 'DTCR', 'DRMA', 'DVAL', 'EFSI', 'ELVN', 'EMB', 'ELE', 'DTI', 'EMIF', 'DWAS', 'DTCX', 'EEIQ', 'EMIS', 'DVSP', 'DUK', 'EA', 'ENGN', 'DVLT', 'DYAI', 'EDSA', 'DSGX', 'EDRY', 'EDUC']: possibly delisted; no price data found  (1d 2025-01-01 -> 2026-07-05)
['ENS', 'ELS', 'DTE', 'EFR', 'EIC', 'EFTY', 'DY', 'ECG', 'EIX', 'EMF', 'EC', 'EAI', 'EGP', 'EFT', 'DXC', 'ECC', 'EDF', 'DTM', 'EGY', 'ECAT', 'ELF', 'EMBJ', 'EFX', 'ECVT', 'EBF', 'ECO', 'EMN', 'ENOV', 'EL', 'DSX', 'DTF', 'EAF', 'DSTX', 'ELME', 'EIIA', 'EFOR', 'EMO', 'EHI', 'ENJ', 'EG', 'EMD', 'EMA', 'DSMC', 'DSL', 'EE', 'ECCC', 'ENR', 'ELPC', 'EAT', 'EICA', 'DV', 'DTW', 'DSU', 'EEA', 'EEX', 'ENIC', 'EBS', 'ELAN', 'EIG', 'EDN', 'EARN', 'EMP', 'DX', 'EHAB', 'DSM', 'ELBM', 'EDD', 'DXYZ', 'EFXT', 'EDU', 'EHC']: possibly delisted; no timezone found
Failed to get ticker 'EVC' reason: Failed to perform, curl: (28) Connection timed out after 30002 milliseconds. See https://curl.se/libcurl/c/libcurl-errors.html first for more details.
$EVC: possibly delisted; no timezone found
$FANG: possibly delisted; no price data found  (1d 2025-01-01 -> 2026-07-05)
$FCEF: possibly delisted; no price data found  (1d 2025-01-01 -> 2026-07-05)
$EW: possibly delisted; no price data found  (1d 2025-01-01 -> 2026-07-05)
$FATE: possibly delisted; no price data found  (1d 2025-01-01 -> 2026-07-05)
$EQNR: possibly delisted; no price data found  (1d 2025-01-01 -> 2026-07-05)
$FDBC: possibly delisted; no price data found  (1d 2025-01-01 -> 2026-07-05)
$FEIM: possibly delisted; no price data found  (1d 2025-01-01 -> 2026-07-05)
Failed to get ticker 'EPC' reason: Failed to perform, curl: (28) Connection timed out after 30001 milliseconds. See https://curl.se/libcurl/c/libcurl-errors.html first for more details.
$EPC: possibly delisted; no timezone found
$FDSB: possibly delisted; no price data found  (1d 2025-01-01 -> 2026-07-05)
Failed to get ticker 'EVAC' reason: Failed to perform, curl: (28) Connection timed out after 30001 milliseconds. See https://curl.se/libcurl/c/libcurl-errors.html first for more details.
$EVAC: possibly delisted; no timezone found
$ESN: possibly delisted; no price data found  (1d 2025-01-01 -> 2026-07-05)
Failed to get ticker 'FDS' reason: Failed to perform, curl: (28) Connection timed out after 30001 milliseconds. See https://curl.se/libcurl/c/libcurl-errors.html first for more details.
$FDS: possibly delisted; no timezone found
Failed to get ticker 'ETV' reason: Failed to perform, curl: (28) Connection timed out after 30001 milliseconds. See https://curl.se/libcurl/c/libcurl-errors.html first for more details.
$ETV: possibly delisted; no timezone found
Failed to get ticker 'EPAC' reason: Failed to perform, curl: (28) Connection timed out after 30001 milliseconds. See https://curl.se/libcurl/c/libcurl-errors.html first for more details.
$EPAC: possibly delisted; no timezone found
$FAST: possibly delisted; no price data found  (1d 2025-01-01 -> 2026-07-05)
$FAAR: possibly delisted; no price data found  (1d 2025-01-01 -> 2026-07-05)
Failed to get ticker 'ERO' reason: Failed to perform, curl: (28) Connection timed out after 30001 milliseconds. See https://curl.se/libcurl/c/libcurl-errors.html first for more details.
$ERO: possibly delisted; no timezone found
$FBLG: possibly delisted; no price data found  (1d 2025-01-01 -> 2026-07-05)
$ETR: possibly delisted; no price data found  (1d 2025-01-01 -> 2026-07-05)
Failed to get ticker 'ESRT' reason: Failed to perform, curl: (28) Connection timed out after 30001 milliseconds. See https://curl.se/libcurl/c/libcurl-errors.html first for more details.
$ESRT: possibly delisted; no timezone found
$FDMT: possibly delisted; no price data found  (1d 2025-01-01 -> 2026-07-05)
$EVER: possibly delisted; no price data found  (1d 2025-01-01 -> 2026-07-05)
$FDNI: possibly delisted; no price data found  (1d 2025-01-01 -> 2026-07-05)
$FBLA: possibly delisted; no price data found  (1d 2025-01-01 -> 2026-07-05)
$FBIOP: possibly delisted; no price data found  (1d 2025-01-01 -> 2026-07-05)
$EXPO: possibly delisted; no price data found  (1d 2025-01-01 -> 2026-07-05)
$EWBC: possibly delisted; no price data found  (1d 2025-01-01 -> 2026-07-05)
$EWZS: possibly delisted; no price data found  (1d 2025-01-01 -> 2026-07-05)
$ETD: possibly delisted; no price data found  (1d 2025-01-01 -> 2026-07-05)
$ETG: possibly delisted; no price data found  (1d 2025-01-01 -> 2026-07-05)
Failed to get ticker 'EOI' reason: Failed to perform, curl: (28) Connection timed out after 30001 milliseconds. See https://curl.se/libcurl/c/libcurl-errors.html first for more details.
$EOI: possibly delisted; no timezone found
$EVGN: possibly delisted; no price data found  (1d 2025-01-01 -> 2026-07-05)
Failed to get ticker 'EVG' reason: Failed to perform, curl: (28) Connection timed out after 30001 milliseconds. See https://curl.se/libcurl/c/libcurl-errors.html first for more details.
$EVG: possibly delisted; no timezone found
Failed to get ticker 'FCRX' reason: Failed to perform, curl: (28) Connection timed out after 30001 milliseconds. See https://curl.se/libcurl/c/libcurl-errors.html first for more details.
$FCRX: possibly delisted; no timezone found
Failed to get ticker 'EVTC' reason: Failed to perform, curl: (28) Connection timed out after 30001 milliseconds. See https://curl.se/libcurl/c/libcurl-errors.html first for more details.
$EVTC: possibly delisted; no timezone found
$FDTS: possibly delisted; no price data found  (1d 2025-01-01 -> 2026-07-05)
$EPSM: possibly delisted; no price data found  (1d 2025-01-01 -> 2026-07-05)
$EVOXW: possibly delisted; no price data found  (1d 2025-01-01 -> 2026-07-05)
Failed to get ticker 'FCRS' reason: Failed to perform, curl: (28) Connection timed out after 30001 milliseconds. See https://curl.se/libcurl/c/libcurl-errors.html first for more details.
$FCRS: possibly delisted; no timezone found
$FDCF: possibly delisted; no price data found  (1d 2025-01-01 -> 2026-07-05)
$EVOXU: possibly delisted; no price data found  (1d 2025-01-01 -> 2026-07-05)
$EOLS: possibly delisted; no price data found  (1d 2025-01-01 -> 2026-07-05)
$FCUV: possibly delisted; no price data found  (1d 2025-01-01 -> 2026-07-05)
$FBNC: possibly delisted; no price data found  (1d 2025-01-01 -> 2026-07-05)
$FBOT: possibly delisted; no price data found  (1d 2025-01-01 -> 2026-07-05)
$FAMI: possibly delisted; no price data found  (1d 2025-01-01 -> 2026-07-05)
$ESQ: possibly delisted; no price data found  (1d 2025-01-01 -> 2026-07-05)
$EQPT: possibly delisted; no price data found  (1d 2025-01-01 -> 2026-07-05)
Failed to get ticker 'FBK' reason: Failed to perform, curl: (28) Connection timed out after 30002 milliseconds. See https://curl.se/libcurl/c/libcurl-errors.html first for more details.
$FBK: possibly delisted; no timezone found
$ENVB: possibly delisted; no price data found  (1d 2025-01-01 -> 2026-07-05)
$ESOA: possibly delisted; no price data found  (1d 2025-01-01 -> 2026-07-05)
$EVLVW: possibly delisted; no price data found  (1d 2025-01-01 -> 2026-07-05)
$EWJV: possibly delisted; no price data found  (1d 2025-01-01 -> 2026-07-05)
Failed to get ticker 'EVN' reason: Failed to perform, curl: (28) Connection timed out after 30001 milliseconds. See https://curl.se/libcurl/c/libcurl-errors.html first for more details.
$EVN: possibly delisted; no timezone found
$ESCA: possibly delisted; no price data found  (1d 2025-01-01 -> 2026-07-05)
$ENTX: possibly delisted; no price data found  (1d 2025-01-01 -> 2026-07-05)
$ETO: possibly delisted; no price data found  (1d 2025-01-01 -> 2026-07-05)
$FDUS: possibly delisted; no price data found  (1d 2025-01-01 -> 2026-07-05)
Failed to get ticker 'EVEX' reason: Failed to perform, curl: (28) Connection timed out after 30002 milliseconds. See https://curl.se/libcurl/c/libcurl-errors.html first for more details.
$EVEX: possibly delisted; no timezone found
$ESGD: possibly delisted; no price data found  (1d 2025-01-01 -> 2026-07-05)
Failed to get ticker 'EVR' reason: Failed to perform, curl: (28) Connection timed out after 30001 milliseconds. See https://curl.se/libcurl/c/libcurl-errors.html first for more details.
$EVR: possibly delisted; no timezone found
$ETOR: possibly delisted; no price data found  (1d 2025-01-01 -> 2026-07-05)
Failed to get ticker 'FAF' reason: Failed to perform, curl: (28) Connection timed out after 30001 milliseconds. See https://curl.se/libcurl/c/libcurl-errors.html first for more details.
$FAF: possibly delisted; no timezone found
Failed to get ticker 'ETX' reason: Failed to perform, curl: (28) Connection timed out after 30001 milliseconds. See https://curl.se/libcurl/c/libcurl-errors.html first for more details.
$ETX: possibly delisted; no timezone found
Failed to get ticker 'FEDU' reason: Failed to perform, curl: (28) Connection timed out after 30002 milliseconds. See https://curl.se/libcurl/c/libcurl-errors.html first for more details.
$FEDU: possibly delisted; no timezone found
$FEED: possibly delisted; no price data found  (1d 2025-01-01 -> 2026-07-05)
Failed to get ticker 'EYE' reason: Failed to perform, curl: (28) Connection timed out after 30002 milliseconds. See https://curl.se/libcurl/c/libcurl-errors.html first for more details.
$EYE: possibly delisted; no timezone found
$FA: possibly delisted; no price data found  (1d 2025-01-01 -> 2026-07-05)
$FCAL: possibly delisted; no price data found  (1d 2025-01-01 -> 2026-07-05)
$EVGO: possibly delisted; no price data found  (1d 2025-01-01 -> 2026-07-05)
$FCFS: possibly delisted; no price data found  (1d 2025-01-01 -> 2026-07-05)
$FABC: possibly delisted; no price data found  (1d 2025-01-01 -> 2026-07-05)
$FCNCP: possibly delisted; no price data found  (1d 2025-01-01 -> 2026-07-05)
$F: possibly delisted; no price data found  (1d 2025-01-01 -> 2026-07-05)
$FCVT: possibly delisted; no price data found  (1d 2025-01-01 -> 2026-07-05)
$FCBC: possibly delisted; no price data found  (1d 2025-01-01 -> 2026-07-05)
$EZGO: possibly delisted; no price data found  (1d 2025-01-01 -> 2026-07-05)
Failed to get ticker 'EXK' reason: Failed to perform, curl: (28) Connection timed out after 30002 milliseconds. See https://curl.se/libcurl/c/libcurl-errors.html first for more details.
$EXK: possibly delisted; no timezone found
$FBIO: possibly delisted; no price data found  (1d 2025-01-01 -> 2026-07-05)
$ERET: possibly delisted; no price data found  (1d 2025-01-01 -> 2026-07-05)
Failed to get ticker 'EVH' reason: Failed to perform, curl: (28) Connection timed out after 30002 milliseconds. See https://curl.se/libcurl/c/libcurl-errors.html first for more details.
$EVH: possibly delisted; no timezone found
Failed to get ticker 'ESE' reason: Failed to perform, curl: (28) Connection timed out after 30001 milliseconds. See https://curl.se/libcurl/c/libcurl-errors.html first for more details.
$ESE: possibly delisted; no timezone found
$EZRA: possibly delisted; no price data found  (1d 2025-01-01 -> 2026-07-05)
$FDIF: possibly delisted; no price data found  (1d 2025-01-01 -> 2026-07-05)
$ENZL: possibly delisted; no price data found  (1d 2025-01-01 -> 2026-07-05)
Failed to get ticker 'EXP' reason: Failed to perform, curl: (28) Connection timed out after 30002 milliseconds. See https://curl.se/libcurl/c/libcurl-errors.html first for more details.
$EXP: possibly delisted; no timezone found
$FDX: possibly delisted; no price data found  (1d 2025-01-01 -> 2026-07-05)
$ERII: possibly delisted; no price data found  (1d 2025-01-01 -> 2026-07-05)
$EVGOW: possibly delisted; no price data found  (1d 2025-01-01 -> 2026-07-05)
$EQRR: possibly delisted; no price data found  (1d 2025-01-01 -> 2026-07-05)
$EQIX: possibly delisted; no price data found  (1d 2025-01-01 -> 2026-07-05)
$EZPW: possibly delisted; no price data found  (1d 2025-01-01 -> 2026-07-05)
Failed to get ticker 'FCT' reason: Failed to perform, curl: (28) Connection timed out after 30001 milliseconds. See https://curl.se/libcurl/c/libcurl-errors.html first for more details.
$FCT: possibly delisted; no timezone found
$FCCO: possibly delisted; no price data found  (1d 2025-01-01 -> 2026-07-05)
Failed to get ticker 'EXPD' reason: Failed to perform, curl: (28) Connection timed out after 30001 milliseconds. See https://curl.se/libcurl/c/libcurl-errors.html first for more details.
$EXPD: possibly delisted; no timezone found
$EVCM: possibly delisted; no price data found  (1d 2025-01-01 -> 2026-07-05)
Failed to get ticker 'EOS' reason: Failed to perform, curl: (28) Connection timed out after 30001 milliseconds. See https://curl.se/libcurl/c/libcurl-errors.html first for more details.
$EOS: possibly delisted; no timezone found
Failed to get ticker 'EXR' reason: Failed to perform, curl: (28) Connection timed out after 30001 milliseconds. See https://curl.se/libcurl/c/libcurl-errors.html first for more details.
$EXR: possibly delisted; no timezone found
Failed to get ticker 'FBRT' reason: Failed to perform, curl: (28) Connection timed out after 30002 milliseconds. See https://curl.se/libcurl/c/libcurl-errors.html first for more details.
$FBRT: possibly delisted; no timezone found
Failed to get ticker 'ETW' reason: Failed to perform, curl: (28) Connection timed out after 30002 milliseconds. See https://curl.se/libcurl/c/libcurl-errors.html first for more details.
$ETW: possibly delisted; no timezone found
$FCA: possibly delisted; no price data found  (1d 2025-01-01 -> 2026-07-05)
Failed to get ticker 'FE' reason: Failed to perform, curl: (28) Connection timed out after 30002 milliseconds. See https://curl.se/libcurl/c/libcurl-errors.html first for more details.
$FE: possibly delisted; no timezone found
$FCNCO: possibly delisted; no price data found  (1d 2025-01-01 -> 2026-07-05)
$EXLS: possibly delisted; no price data found  (1d 2025-01-01 -> 2026-07-05)
$EQ: possibly delisted; no price data found  (1d 2025-01-01 -> 2026-07-05)
$EXPE: possibly delisted; no price data found  (1d 2025-01-01 -> 2026-07-05)
Failed to get ticker 'EOT' reason: Failed to perform, curl: (28) Connection timed out after 30001 milliseconds. See https://curl.se/libcurl/c/libcurl-errors.html first for more details.
$EOT: possibly delisted; no timezone found
$FDFF: possibly delisted; no price data found  (1d 2025-01-01 -> 2026-07-05)
Failed to get ticker 'EPAM' reason: Failed to perform, curl: (28) Connection timed out after 30002 milliseconds. See https://curl.se/libcurl/c/libcurl-errors.html first for more details.
$EPAM: possibly delisted; no timezone found
$EXE: possibly delisted; no price data found  (1d 2025-01-01 -> 2026-07-05)
Failed to get ticker 'EQH' reason: Failed to perform, curl: (28) Connection timed out after 30001 milliseconds. See https://curl.se/libcurl/c/libcurl-errors.html first for more details.
$EQH: possibly delisted; no timezone found
$ETN: possibly delisted; no price data found  (1d 2025-01-01 -> 2026-07-05)
Failed to get ticker 'EQR' reason: Failed to perform, curl: (28) Connection timed out after 30002 milliseconds. See https://curl.se/libcurl/c/libcurl-errors.html first for more details.
$EQR: possibly delisted; no timezone found
$FALN: possibly delisted; no price data found  (1d 2025-01-01 -> 2026-07-05)
$EQT: possibly delisted; no price data found  (1d 2025-01-01 -> 2026-07-05)
Failed to get ticker 'ETB' reason: Failed to perform, curl: (28) Connection timed out after 30002 milliseconds. See https://curl.se/libcurl/c/libcurl-errors.html first for more details.
$ETB: possibly delisted; no timezone found
Failed to get ticker 'EPRT' reason: Failed to perform, curl: (28) Connection timed out after 30002 milliseconds. See https://curl.se/libcurl/c/libcurl-errors.html first for more details.
$EPRT: possibly delisted; no timezone found
$EXC: possibly delisted; no price data found  (1d 2025-01-01 -> 2026-07-05)
$EYEG: possibly delisted; no price data found  (1d 2025-01-01 -> 2026-07-05)
Failed to get ticker 'FBP' reason: Failed to perform, curl: (28) Connection timed out after 30001 milliseconds. See https://curl.se/libcurl/c/libcurl-errors.html first for more details.
$FBP: possibly delisted; no timezone found
$ESNT: possibly delisted; no price data found  (1d 2025-01-01 -> 2026-07-05)
$ESGU: possibly delisted; no price data found  (1d 2025-01-01 -> 2026-07-05)
Failed to get ticker 'FCF' reason: Failed to perform, curl: (28) Connection timed out after 30002 milliseconds. See https://curl.se/libcurl/c/libcurl-errors.html first for more details.
$FCF: possibly delisted; no timezone found
$ESLT: possibly delisted; no price data found  (1d 2025-01-01 -> 2026-07-05)
Failed to get ticker 'FDP' reason: Failed to perform, curl: (28) Connection timed out after 30001 milliseconds. See https://curl.se/libcurl/c/libcurl-errors.html first for more details.
$FDP: possibly delisted; no timezone found
$FDIQ: possibly delisted; no price data found  (1d 2025-01-01 -> 2026-07-05)
Failed to get ticker 'FCN' reason: Failed to perform, curl: (28) Connection timed out after 30002 milliseconds. See https://curl.se/libcurl/c/libcurl-errors.html first for more details.
$FCN: possibly delisted; no timezone found
$EPD: possibly delisted; no price data found  (1d 2025-01-01 -> 2026-07-05)
$FBIZ: possibly delisted; no price data found  (1d 2025-01-01 -> 2026-07-05)
$EXFY: possibly delisted; no price data found  (1d 2025-01-01 -> 2026-07-05)
$FCAP: possibly delisted; no price data found  (1d 2025-01-01 -> 2026-07-05)
Failed to get ticker 'ETY' reason: Failed to perform, curl: (28) Connection timed out after 30002 milliseconds. See https://curl.se/libcurl/c/libcurl-errors.html first for more details.
$ETY: possibly delisted; no timezone found
Failed to get ticker 'ETJ' reason: Failed to perform, curl: (28) Connection timed out after 30001 milliseconds. See https://curl.se/libcurl/c/libcurl-errors.html first for more details.
$ETJ: possibly delisted; no timezone found
$FAD: possibly delisted; no price data found  (1d 2025-01-01 -> 2026-07-05)
$ERIC: possibly delisted; no price data found  (1d 2025-01-01 -> 2026-07-05)
Failed to get ticker 'ES' reason: Failed to perform, curl: (28) Connection timed out after 30002 milliseconds. See https://curl.se/libcurl/c/libcurl-errors.html first for more details.
$ES: possibly delisted; no timezone found
Failed to get ticker 'EOD' reason: Failed to perform, curl: (28) Connection timed out after 30002 milliseconds. See https://curl.se/libcurl/c/libcurl-errors.html first for more details.
$EOD: possibly delisted; no timezone found
$FAB: possibly delisted; no price data found  (1d 2025-01-01 -> 2026-07-05)
Failed to get ticker 'EPR' reason: Failed to perform, curl: (28) Connection timed out after 30002 milliseconds. See https://curl.se/libcurl/c/libcurl-errors.html first for more details.
$EPR: possibly delisted; no timezone found
$ET: possibly delisted; no price data found  (1d 2025-01-01 -> 2026-07-05)
$ESTA: possibly delisted; no price data found  (1d 2025-01-01 -> 2026-07-05)
Failed to get ticker 'EXG' reason: Failed to perform, curl: (28) Connection timed out after 30002 milliseconds. See https://curl.se/libcurl/c/libcurl-errors.html first for more details.
$EXG: possibly delisted; no timezone found
$EVO: possibly delisted; no price data found  (1d 2025-01-01 -> 2026-07-05)
$FBGL: possibly delisted; no price data found  (1d 2025-01-01 -> 2026-07-05)
Failed to get ticker 'ESTC' reason: Failed to perform, curl: (28) Connection timed out after 30002 milliseconds. See https://curl.se/libcurl/c/libcurl-errors.html first for more details.
$ESTC: possibly delisted; no timezone found
$FEAM: possibly delisted; no price data found  (1d 2025-01-01 -> 2026-07-05)
$FDT: possibly delisted; no price data found  (1d 2025-01-01 -> 2026-07-05)
$FBRX: possibly delisted; no price data found  (1d 2025-01-01 -> 2026-07-05)
$FEAT: possibly delisted; no price data found  (1d 2025-01-01 -> 2026-07-05)
$EXEL: possibly delisted; no price data found  (1d 2025-01-01 -> 2026-07-05)
$EOG: possibly delisted; no price data found  (1d 2025-01-01 -> 2026-07-05)
$FDIG: possibly delisted; no price data found  (1d 2025-01-01 -> 2026-07-05)
$FCTE: possibly delisted; no price data found  (1d 2025-01-01 -> 2026-07-05)
$EUDA: possibly delisted; no price data found  (1d 2025-01-01 -> 2026-07-05)
Failed to get ticker 'EVTR' reason: Failed to perform, curl: (28) Connection timed out after 30002 milliseconds. See https://curl.se/libcurl/c/libcurl-errors.html first for more details.
$EVTR: possibly delisted; no timezone found
Failed to get ticker 'EVMN' reason: Failed to perform, curl: (28) Connection timed out after 30002 milliseconds. See https://curl.se/libcurl/c/libcurl-errors.html first for more details.
$EVMN: possibly delisted; no timezone found
Failed to get ticker 'ESI' reason: Failed to perform, curl: (28) Connection timed out after 30000 milliseconds. See https://curl.se/libcurl/c/libcurl-errors.html first for more details.
$ESI: possibly delisted; no timezone found
$ESPO: possibly delisted; no price data found  (1d 2025-01-01 -> 2026-07-05)
$EVSD: possibly delisted; no price data found  (1d 2025-01-01 -> 2026-07-05)
$EWTX: possibly delisted; no price data found  (1d 2025-01-01 -> 2026-07-05)
$FACTU: possibly delisted; no price data found  (1d 2025-01-01 -> 2026-07-05)
$FACTW: possibly delisted; no price data found  (1d 2025-01-01 -> 2026-07-05)
Failed to get ticker 'ESAB' reason: Failed to perform, curl: (28) Connection timed out after 30002 milliseconds. See https://curl.se/libcurl/c/libcurl-errors.html first for more details.
$ESAB: possibly delisted; no timezone found
$ERIE: possibly delisted; no price data found  (1d 2025-01-01 -> 2026-07-05)
Failed to get ticker 'EVT' reason: Failed to perform, curl: (28) Connection timed out after 30002 milliseconds. See https://curl.se/libcurl/c/libcurl-errors.html first for more details.
$EVT: possibly delisted; no timezone found
$FBL: possibly delisted; no price data found  (1d 2025-01-01 -> 2026-07-05)
$EUFN: possibly delisted; no price data found  (1d 2025-01-01 -> 2026-07-05)
$FEBO: possibly delisted; no price data found  (1d 2025-01-01 -> 2026-07-05)
$ERNA: possibly delisted; no price data found  (1d 2025-01-01 -> 2026-07-05)
$EVRG: possibly delisted; no price data found  (1d 2025-01-01 -> 2026-07-05)
$ESMV: possibly delisted; no price data found  (1d 2025-01-01 -> 2026-07-05)
$EVOX: possibly delisted; no price data found  (1d 2025-01-01 -> 2026-07-05)
$ERAS: possibly delisted; no price data found  (1d 2025-01-01 -> 2026-07-05)
Failed to get ticker 'ENVA' reason: Failed to perform, curl: (28) Connection timed out after 30001 milliseconds. See https://curl.se/libcurl/c/libcurl-errors.html first for more details.
$ENVA: possibly delisted; no timezone found
Failed to get ticker 'FCPT' reason: Failed to perform, curl: (28) Connection timed out after 30001 milliseconds. See https://curl.se/libcurl/c/libcurl-errors.html first for more details.
$FCPT: possibly delisted; no timezone found
$ESEA: possibly delisted; no price data found  (1d 2025-01-01 -> 2026-07-05)
$EVYM: possibly delisted; no price data found  (1d 2025-01-01 -> 2026-07-05)
$EOSE: possibly delisted; no price data found  (1d 2025-01-01 -> 2026-07-05)
Failed to get ticker 'ETSY' reason: Failed to perform, curl: (28) Connection timed out after 30000 milliseconds. See https://curl.se/libcurl/c/libcurl-errors.html first for more details.
$ETSY: possibly delisted; no timezone found
Failed to get ticker 'FEGE' reason: Failed to perform, curl: (28) Connection timed out after 30000 milliseconds. See https://curl.se/libcurl/c/libcurl-errors.html first for more details.
$FEGE: possibly delisted; no timezone found
$EYPT: possibly delisted; no price data found  (1d 2025-01-01 -> 2026-07-05)
$EVMT: possibly delisted; no price data found  (1d 2025-01-01 -> 2026-07-05)
$EPRX: possibly delisted; no price data found  (1d 2025-01-01 -> 2026-07-05)
Failed to get ticker 'EQBK' reason: Failed to perform, curl: (28) Connection timed out after 30001 milliseconds. See https://curl.se/libcurl/c/libcurl-errors.html first for more details.
$EQBK: possibly delisted; no timezone found
$ESGE: possibly delisted; no price data found  (1d 2025-01-01 -> 2026-07-05)
$ETEC: possibly delisted; no price data found  (1d 2025-01-01 -> 2026-07-05)
Failed to get ticker 'FBIN' reason: Failed to perform, curl: (28) Connection timed out after 30001 milliseconds. See https://curl.se/libcurl/c/libcurl-errors.html first for more details.
$FBIN: possibly delisted; no timezone found
$FCX: possibly delisted; no price data found  (1d 2025-01-01 -> 2026-07-05)
$EPSN: possibly delisted; no price data found  (1d 2025-01-01 -> 2026-07-05)
$ENVX: possibly delisted; no price data found  (1d 2025-01-01 -> 2026-07-05)
$FDIV: possibly delisted; no price data found  (1d 2025-01-01 -> 2026-07-05)
$ETS: possibly delisted; no price data found  (1d 2025-01-01 -> 2026-07-05)
$FCEL: possibly delisted; no price data found  (1d 2025-01-01 -> 2026-07-05)
$FCNCA: possibly delisted; no price data found  (1d 2025-01-01 -> 2026-07-05)
Failed to get ticker 'EQS' reason: Failed to perform, curl: (28) Connection timed out after 30001 milliseconds. See https://curl.se/libcurl/c/libcurl-errors.html first for more details.
$EQS: possibly delisted; no timezone found
Failed to get ticker 'EVF' reason: Failed to perform, curl: (28) Connection timed out after 30000 milliseconds. See https://curl.se/libcurl/c/libcurl-errors.html first for more details.
$EVF: possibly delisted; no timezone found
$EU: possibly delisted; no price data found  (1d 2025-01-01 -> 2026-07-05)
$FATN: possibly delisted; no price data found  (1d 2025-01-01 -> 2026-07-05)
Failed to get ticker 'ESS' reason: Failed to perform, curl: (28) Connection timed out after 30001 milliseconds. See https://curl.se/libcurl/c/libcurl-errors.html first for more details.
$ESS: possibly delisted; no timezone found

200 Failed downloads:
['EVC', 'EPC', 'EVAC', 'FDS', 'ETV', 'EPAC', 'ERO', 'ESRT', 'EOI', 'EVG', 'FCRX', 'EVTC', 'FCRS', 'FBK', 'EVN', 'EVEX', 'EVR', 'FAF', 'ETX', 'FEDU', 'EYE', 'EXK', 'EVH', 'ESE', 'EXP', 'FCT', 'EXPD', 'EOS', 'EXR', 'FBRT', 'ETW', 'FE', 'EOT', 'EPAM', 'EQH', 'EQR', 'ETB', 'EPRT', 'FBP', 'FCF', 'FDP', 'FCN', 'ETY', 'ETJ', 'ES', 'EOD', 'EPR', 'EXG', 'ESTC', 'EVTR', 'EVMN', 'ESI', 'ESAB', 'EVT', 'ENVA', 'FCPT', 'ETSY', 'FEGE', 'EQBK', 'FBIN', 'EQS', 'EVF', 'ESS']: possibly delisted; no timezone found
['FANG', 'FCEF', 'EW', 'FATE', 'EQNR', 'FDBC', 'FEIM', 'FDSB', 'ESN', 'FAST', 'FAAR', 'FBLG', 'ETR', 'FDMT', 'EVER', 'FDNI', 'FBLA', 'FBIOP', 'EXPO', 'EWBC', 'EWZS', 'ETD', 'ETG', 'EVGN', 'FDTS', 'EPSM', 'EVOXW', 'FDCF', 'EVOXU', 'EOLS', 'FCUV', 'FBNC', 'FBOT', 'FAMI', 'ESQ', 'EQPT', 'ENVB', 'ESOA', 'EVLVW', 'EWJV', 'ESCA', 'ENTX', 'ETO', 'FDUS', 'ESGD', 'ETOR', 'FEED', 'FA', 'FCAL', 'EVGO', 'FCFS', 'FABC', 'FCNCP', 'F', 'FCVT', 'FCBC', 'EZGO', 'FBIO', 'ERET', 'EZRA', 'FDIF', 'ENZL', 'FDX', 'ERII', 'EVGOW', 'EQRR', 'EQIX', 'EZPW', 'FCCO', 'EVCM', 'FCA', 'FCNCO', 'EXLS', 'EQ', 'EXPE', 'FDFF', 'EXE', 'ETN', 'FALN', 'EQT', 'EXC', 'EYEG', 'ESNT', 'ESGU', 'ESLT', 'FDIQ', 'EPD', 'FBIZ', 'EXFY', 'FCAP', 'FAD', 'ERIC', 'FAB', 'ET', 'ESTA', 'EVO', 'FBGL', 'FEAM', 'FDT', 'FBRX', 'FEAT', 'EXEL', 'EOG', 'FDIG', 'FCTE', 'EUDA', 'ESPO', 'EVSD', 'EWTX', 'FACTU', 'FACTW', 'ERIE', 'FBL', 'EUFN', 'FEBO', 'ERNA', 'EVRG', 'ESMV', 'EVOX', 'ERAS', 'ESEA', 'EVYM', 'EOSE', 'EYPT', 'EVMT', 'EPRX', 'ESGE', 'ETEC', 'FCX', 'EPSN', 'ENVX', 'FDIV', 'ETS', 'FCEL', 'FCNCA', 'EU', 'FATN']: possibly delisted; no price data found  (1d 2025-01-01 -> 2026-07-05)
Failed to get ticker 'FIS' reason: Failed to perform, curl: (28) Connection timed out after 30000 milliseconds. See https://curl.se/libcurl/c/libcurl-errors.html first for more details.
$FIS: possibly delisted; no timezone found
$FPXI: possibly delisted; no price data found  (1d 2025-01-01 -> 2026-07-05)
$FFIV: possibly delisted; no price data found  (1d 2025-01-01 -> 2026-07-05)
$FRSH: possibly delisted; no price data found  (1d 2025-01-01 -> 2026-07-05)
$FFBC: possibly delisted; no price data found  (1d 2025-01-01 -> 2026-07-05)
Failed to get ticker 'FTV' reason: Failed to perform, curl: (28) Connection timed out after 30001 milliseconds. See https://curl.se/libcurl/c/libcurl-errors.html first for more details.
$FTV: possibly delisted; no timezone found
$FGMCU: possibly delisted; no price data found  (1d 2025-01-01 -> 2026-07-05)
$FRAF: possibly delisted; no price data found  (1d 2025-01-01 -> 2026-07-05)
$FLDB: possibly delisted; no price data found  (1d 2025-01-01 -> 2026-07-05)
$FMSTW: possibly delisted; no price data found  (1d 2025-01-01 -> 2026-07-05)
Failed to get ticker 'FRT' reason: Failed to perform, curl: (28) Connection timed out after 30001 milliseconds. See https://curl.se/libcurl/c/libcurl-errors.html first for more details.
$FRT: possibly delisted; no timezone found
$FIVY: possibly delisted; no price data found  (1d 2025-01-01 -> 2026-07-05)
$FNX: possibly delisted; no price data found  (1d 2025-01-01 -> 2026-07-05)
$FTRI: possibly delisted; no price data found  (1d 2025-01-01 -> 2026-07-05)
$FTFT: possibly delisted; no price data found  (1d 2025-01-01 -> 2026-07-05)
Failed to get ticker 'FINS' reason: Failed to perform, curl: (28) Connection timed out after 30001 milliseconds. See https://curl.se/libcurl/c/libcurl-errors.html first for more details.
$FINS: possibly delisted; no timezone found
$FIP: possibly delisted; no price data found  (1d 2025-01-01 -> 2026-07-05)
$FIEE: possibly delisted; no price data found  (1d 2025-01-01 -> 2026-07-05)
$FLC: possibly delisted; no price data found  (1d 2025-01-01 -> 2026-07-05)
$FMAO: possibly delisted; no price data found  (1d 2025-01-01 -> 2026-07-05)
$FEMB: possibly delisted; no price data found  (1d 2025-01-01 -> 2026-07-05)
$FSCS: possibly delisted; no price data found  (1d 2025-01-01 -> 2026-07-05)
$FTRE: possibly delisted; no price data found  (1d 2025-01-01 -> 2026-07-05)
$FITB: possibly delisted; no price data found  (1d 2025-01-01 -> 2026-07-05)
$FSLR: possibly delisted; no price data found  (1d 2025-01-01 -> 2026-07-05)
Failed to get ticker 'FTS' reason: Failed to perform, curl: (28) Connection timed out after 30002 milliseconds. See https://curl.se/libcurl/c/libcurl-errors.html first for more details.
$FTS: possibly delisted; no timezone found
$FEMY: possibly delisted; no price data found  (1d 2025-01-01 -> 2026-07-05)
$FID: possibly delisted; no price data found  (1d 2025-01-01 -> 2026-07-05)
Failed to get ticker 'FHI' reason: Failed to perform, curl: (28) Connection timed out after 30002 milliseconds. See https://curl.se/libcurl/c/libcurl-errors.html first for more details.
$FHI: possibly delisted; no timezone found
$FEMS: possibly delisted; no price data found  (1d 2025-01-01 -> 2026-07-05)
Failed to get ticker 'FLO' reason: Failed to perform, curl: (28) Connection timed out after 30001 milliseconds. See https://curl.se/libcurl/c/libcurl-errors.html first for more details.
$FLO: possibly delisted; no timezone found
$FRD: possibly delisted; no price data found  (1d 2025-01-01 -> 2026-07-05)
$FSBC: possibly delisted; no price data found  (1d 2025-01-01 -> 2026-07-05)
$FKWL: possibly delisted; no price data found  (1d 2025-01-01 -> 2026-07-05)
Failed to get ticker 'FLNG' reason: Failed to perform, curl: (28) Connection timed out after 30002 milliseconds. See https://curl.se/libcurl/c/libcurl-errors.html first for more details.
$FLNG: possibly delisted; no timezone found
Failed to get ticker 'FLOC' reason: Failed to perform, curl: (28) Connection timed out after 30002 milliseconds. See https://curl.se/libcurl/c/libcurl-errors.html first for more details.
$FLOC: possibly delisted; no timezone found
$FMTM: possibly delisted; no price data found  (1d 2025-01-01 -> 2026-07-05)
$FT: possibly delisted; no price data found  (1d 2025-01-01 -> 2026-07-05)
$FOFO: possibly delisted; no price data found  (1d 2025-01-01 -> 2026-07-05)
Failed to get ticker 'FOF' reason: Failed to perform, curl: (28) Connection timed out after 30002 milliseconds. See https://curl.se/libcurl/c/libcurl-errors.html first for more details.
$FOF: possibly delisted; no timezone found
$FNUC: possibly delisted; no price data found  (1d 2025-01-01 -> 2026-07-05)
$FRMEP: possibly delisted; no price data found  (1d 2025-01-01 -> 2026-07-05)
$FMNB: possibly delisted; no price data found  (1d 2025-01-01 -> 2026-07-05)
$FRMM: possibly delisted; no price data found  (1d 2025-01-01 -> 2026-07-05)
$FIGX: possibly delisted; no price data found  (1d 2025-01-01 -> 2026-07-05)
$FSEA: possibly delisted; no price data found  (1d 2025-01-01 -> 2026-07-05)
Failed to get ticker 'FTI' reason: Failed to perform, curl: (28) Connection timed out after 30002 milliseconds. See https://curl.se/libcurl/c/libcurl-errors.html first for more details.
$FTI: possibly delisted; no timezone found
$FMFC: possibly delisted; no price data found  (1d 2025-01-01 -> 2026-07-05)
$FLWS: possibly delisted; no price data found  (1d 2025-01-01 -> 2026-07-05)
$FTQI: possibly delisted; no price data found  (1d 2025-01-01 -> 2026-07-05)
Failed to get ticker 'FEOE' reason: Failed to perform, curl: (28) Connection timed out after 30002 milliseconds. See https://curl.se/libcurl/c/libcurl-errors.html first for more details.
$FEOE: possibly delisted; no timezone found
$FNRN: possibly delisted; no price data found  (1d 2025-01-01 -> 2026-07-05)
Failed to get ticker 'FOR' reason: Failed to perform, curl: (28) Connection timed out after 30002 milliseconds. See https://curl.se/libcurl/c/libcurl-errors.html first for more details.
$FOR: possibly delisted; no timezone found
Failed to get ticker 'FIXT' reason: Failed to perform, curl: (28) Connection timed out after 30002 milliseconds. See https://curl.se/libcurl/c/libcurl-errors.html first for more details.
$FIXT: possibly delisted; no timezone found
$FGNX: possibly delisted; no price data found  (1d 2025-01-01 -> 2026-07-05)
$FMY: possibly delisted; no price data found  (1d 2025-01-01 -> 2026-07-05)
$FROG: possibly delisted; no price data found  (1d 2025-01-01 -> 2026-07-05)
$FPA: possibly delisted; no price data found  (1d 2025-01-01 -> 2026-07-05)
Failed to get ticker 'FTK' reason: Failed to perform, curl: (28) Connection timed out after 30002 milliseconds. See https://curl.se/libcurl/c/libcurl-errors.html first for more details.
$FTK: possibly delisted; no timezone found
$FIX: possibly delisted; no price data found  (1d 2025-01-01 -> 2026-07-05)
Failed to get ticker 'FNF' reason: Failed to perform, curl: (28) Connection timed out after 30002 milliseconds. See https://curl.se/libcurl/c/libcurl-errors.html first for more details.
$FNF: possibly delisted; no timezone found
Failed to get ticker 'FOA' reason: Failed to perform, curl: (28) Connection timed out after 30002 milliseconds. See https://curl.se/libcurl/c/libcurl-errors.html first for more details.
$FOA: possibly delisted; no timezone found
$FIGXU: possibly delisted; no price data found  (1d 2025-01-01 -> 2026-07-05)
$FORR: possibly delisted; no price data found  (1d 2025-01-01 -> 2026-07-05)
$FINW: possibly delisted; no price data found  (1d 2025-01-01 -> 2026-07-05)
$FFA: possibly delisted; no price data found  (1d 2025-01-01 -> 2026-07-05)
Failed to get ticker 'FPS' reason: Failed to perform, curl: (28) Connection timed out after 30002 milliseconds. See https://curl.se/libcurl/c/libcurl-errors.html first for more details.
$FPS: possibly delisted; no timezone found
Failed to get ticker 'FG' reason: Failed to perform, curl: (28) Connection timed out after 30001 milliseconds. See https://curl.se/libcurl/c/libcurl-errors.html first for more details.
$FG: possibly delisted; no timezone found
$FTXH: possibly delisted; no price data found  (1d 2025-01-01 -> 2026-07-05)
$FTSL: possibly delisted; no price data found  (1d 2025-01-01 -> 2026-07-05)
$FNWB: possibly delisted; no price data found  (1d 2025-01-01 -> 2026-07-05)
$FGI: possibly delisted; no price data found  (1d 2025-01-01 -> 2026-07-05)
$FOX: possibly delisted; no price data found  (1d 2025-01-01 -> 2026-07-05)
$FGBI: possibly delisted; no price data found  (1d 2025-01-01 -> 2026-07-05)
$FLN: possibly delisted; no price data found  (1d 2025-01-01 -> 2026-07-05)
$FKU: possibly delisted; no price data found  (1d 2025-01-01 -> 2026-07-05)
$FLNA: possibly delisted; no price data found  (1d 2025-01-01 -> 2026-07-05)
Failed to get ticker 'FSK' reason: Failed to perform, curl: (28) Connection timed out after 30002 milliseconds. See https://curl.se/libcurl/c/libcurl-errors.html first for more details.
$FSK: possibly delisted; no timezone found
Failed to get ticker 'FTW' reason: Failed to perform, curl: (28) Connection timed out after 30001 milliseconds. See https://curl.se/libcurl/c/libcurl-errors.html first for more details.
$FTW: possibly delisted; no timezone found
$FHB: possibly delisted; no price data found  (1d 2025-01-01 -> 2026-07-05)
$FICS: possibly delisted; no price data found  (1d 2025-01-01 -> 2026-07-05)
Failed to get ticker 'FNB' reason: Failed to perform, curl: (28) Connection timed out after 30002 milliseconds. See https://curl.se/libcurl/c/libcurl-errors.html first for more details.
$FNB: possibly delisted; no timezone found
$FIVE: possibly delisted; no price data found  (1d 2025-01-01 -> 2026-07-05)
Failed to get ticker 'FN' reason: Failed to perform, curl: (28) Connection timed out after 30002 milliseconds. See https://curl.se/libcurl/c/libcurl-errors.html first for more details.
$FN: possibly delisted; no timezone found
$FFIN: possibly delisted; no price data found  (1d 2025-01-01 -> 2026-07-05)
$FTHI: possibly delisted; no price data found  (1d 2025-01-01 -> 2026-07-05)
Failed to get ticker 'FLS' reason: Failed to perform, curl: (28) Connection timed out after 30001 milliseconds. See https://curl.se/libcurl/c/libcurl-errors.html first for more details.
$FLS: possibly delisted; no timezone found
$FTAIM: possibly delisted; no price data found  (1d 2025-01-01 -> 2026-07-05)
Failed to get ticker 'FIGS' reason: Failed to perform, curl: (28) Connection timed out after 30002 milliseconds. See https://curl.se/libcurl/c/libcurl-errors.html first for more details.
$FIGS: possibly delisted; no timezone found
$FELE: possibly delisted; no price data found  (1d 2025-01-01 -> 2026-07-05)
$FLXS: possibly delisted; no price data found  (1d 2025-01-01 -> 2026-07-05)
Failed to get ticker 'FICO' reason: Failed to perform, curl: (28) Connection timed out after 30001 milliseconds. See https://curl.se/libcurl/c/libcurl-errors.html first for more details.
$FICO: possibly delisted; no timezone found
$FGNXP: possibly delisted; no price data found  (1d 2025-01-01 -> 2026-07-05)
$FITBP: possibly delisted; no price data found  (1d 2025-01-01 -> 2026-07-05)
$FHTX: possibly delisted; no price data found  (1d 2025-01-01 -> 2026-07-05)
Failed to get ticker 'FMS' reason: Failed to perform, curl: (28) Connection timed out after 30002 milliseconds. See https://curl.se/libcurl/c/libcurl-errors.html first for more details.
$FMS: possibly delisted; no timezone found
Failed to get ticker 'FR' reason: Failed to perform, curl: (28) Connection timed out after 30002 milliseconds. See https://curl.se/libcurl/c/libcurl-errors.html first for more details.
$FR: possibly delisted; no timezone found
$FRME: possibly delisted; no price data found  (1d 2025-01-01 -> 2026-07-05)
Failed to get ticker 'FSSL' reason: Failed to perform, curl: (28) Connection timed out after 30002 milliseconds. See https://curl.se/libcurl/c/libcurl-errors.html first for more details.
$FSSL: possibly delisted; no timezone found
$FRST: possibly delisted; no price data found  (1d 2025-01-01 -> 2026-07-05)
$FORTY: possibly delisted; no price data found  (1d 2025-01-01 -> 2026-07-05)
$FRBA: possibly delisted; no price data found  (1d 2025-01-01 -> 2026-07-05)
Failed to get ticker 'FSCO' reason: Failed to perform, curl: (28) Connection timed out after 30002 milliseconds. See https://curl.se/libcurl/c/libcurl-errors.html first for more details.
$FSCO: possibly delisted; no timezone found
$FLYW: possibly delisted; no price data found  (1d 2025-01-01 -> 2026-07-05)
$FIGR: possibly delisted; no price data found  (1d 2025-01-01 -> 2026-07-05)
$FMET: possibly delisted; no price data found  (1d 2025-01-01 -> 2026-07-05)
$FNY: possibly delisted; no price data found  (1d 2025-01-01 -> 2026-07-05)
$FRSX: possibly delisted; no price data found  (1d 2025-01-01 -> 2026-07-05)
$FEP: possibly delisted; no price data found  (1d 2025-01-01 -> 2026-07-05)
$FRPH: possibly delisted; no price data found  (1d 2025-01-01 -> 2026-07-05)
$FTLF: possibly delisted; no price data found  (1d 2025-01-01 -> 2026-07-05)
Failed to get ticker 'FTWO' reason: Failed to perform, curl: (28) Connection timed out after 30002 milliseconds. See https://curl.se/libcurl/c/libcurl-errors.html first for more details.
$FTWO: possibly delisted; no timezone found
$FGM: possibly delisted; no price data found  (1d 2025-01-01 -> 2026-07-05)
$FEX: possibly delisted; no price data found  (1d 2025-01-01 -> 2026-07-05)
$FTEK: possibly delisted; no price data found  (1d 2025-01-01 -> 2026-07-05)
$FIZZ: possibly delisted; no price data found  (1d 2025-01-01 -> 2026-07-05)
$FOSL: possibly delisted; no price data found  (1d 2025-01-01 -> 2026-07-05)
$FINX: possibly delisted; no price data found  (1d 2025-01-01 -> 2026-07-05)
$FIBK: possibly delisted; no price data found  (1d 2025-01-01 -> 2026-07-05)
$FISV: possibly delisted; no price data found  (1d 2025-01-01 -> 2026-07-05)
$FMX: possibly delisted; no price data found  (1d 2025-01-01 -> 2026-07-05)
$FSTR: possibly delisted; no price data found  (1d 2025-01-01 -> 2026-07-05)
$FNK: possibly delisted; no price data found  (1d 2025-01-01 -> 2026-07-05)
$FNWD: possibly delisted; no price data found  (1d 2025-01-01 -> 2026-07-05)
Failed to get ticker 'FLR' reason: Failed to perform, curl: (28) Connection timed out after 30001 milliseconds. See https://curl.se/libcurl/c/libcurl-errors.html first for more details.
$FLR: possibly delisted; no timezone found
Failed to get ticker 'FMC' reason: Failed to perform, curl: (28) Connection timed out after 30002 milliseconds. See https://curl.se/libcurl/c/libcurl-errors.html first for more details.
$FMC: possibly delisted; no timezone found
Failed to get ticker 'FTHY' reason: Failed to perform, curl: (28) Connection timed out after 30002 milliseconds. See https://curl.se/libcurl/c/libcurl-errors.html first for more details.
$FTHY: possibly delisted; no timezone found
$FMBH: possibly delisted; no price data found  (1d 2025-01-01 -> 2026-07-05)
Failed to get ticker 'FIG' reason: Failed to perform, curl: (28) Connection timed out after 30002 milliseconds. See https://curl.se/libcurl/c/libcurl-errors.html first for more details.
$FIG: possibly delisted; no timezone found
$FTXG: possibly delisted; no price data found  (1d 2025-01-01 -> 2026-07-05)
$FEM: possibly delisted; no price data found  (1d 2025-01-01 -> 2026-07-05)
Failed to get ticker 'FMN' reason: Failed to perform, curl: (28) Connection timed out after 30002 milliseconds. See https://curl.se/libcurl/c/libcurl-errors.html first for more details.
$FMN: possibly delisted; no timezone found
$FTGC: possibly delisted; no price data found  (1d 2025-01-01 -> 2026-07-05)
Failed to get ticker 'FSM' reason: Failed to perform, curl: (28) Connection timed out after 30002 milliseconds. See https://curl.se/libcurl/c/libcurl-errors.html first for more details.
$FSM: possibly delisted; no timezone found
$FLGT: possibly delisted; no price data found  (1d 2025-01-01 -> 2026-07-05)
$FTAIN: possibly delisted; no price data found  (1d 2025-01-01 -> 2026-07-05)
$FSV: possibly delisted; no price data found  (1d 2025-01-01 -> 2026-07-05)
$FRPT: possibly delisted; no price data found  (1d 2025-01-01 -> 2026-07-05)
$FIXD: possibly delisted; no price data found  (1d 2025-01-01 -> 2026-07-05)
Failed to get ticker 'FSS' reason: Failed to perform, curl: (28) Connection timed out after 30002 milliseconds. See https://curl.se/libcurl/c/libcurl-errors.html first for more details.
$FSS: possibly delisted; no timezone found
$FJP: possibly delisted; no price data found  (1d 2025-01-01 -> 2026-07-05)
$FLY: possibly delisted; no price data found  (1d 2025-01-01 -> 2026-07-05)
Failed to get ticker 'FPI' reason: Failed to perform, curl: (28) Connection timed out after 30002 milliseconds. See https://curl.se/libcurl/c/libcurl-errors.html first for more details.
$FPI: possibly delisted; no timezone found
$FITBM: possibly delisted; no price data found  (1d 2025-01-01 -> 2026-07-05)
$FSUN: possibly delisted; no price data found  (1d 2025-01-01 -> 2026-07-05)
$FISI: possibly delisted; no price data found  (1d 2025-01-01 -> 2026-07-05)
$FONR: possibly delisted; no price data found  (1d 2025-01-01 -> 2026-07-05)
Failed to get ticker 'FLXR' reason: Failed to perform, curl: (28) Connection timed out after 30002 milliseconds. See https://curl.se/libcurl/c/libcurl-errors.html first for more details.
$FLXR: possibly delisted; no timezone found
Failed to get ticker 'FET' reason: Failed to perform, curl: (28) Connection timed out after 30002 milliseconds. See https://curl.se/libcurl/c/libcurl-errors.html first for more details.
$FET: possibly delisted; no timezone found
$FTDS: possibly delisted; no price data found  (1d 2025-01-01 -> 2026-07-05)
$FMUN: possibly delisted; no price data found  (1d 2025-01-01 -> 2026-07-05)
$FPXE: possibly delisted; no price data found  (1d 2025-01-01 -> 2026-07-05)
$FGMC: possibly delisted; no price data found  (1d 2025-01-01 -> 2026-07-05)
$FLD: possibly delisted; no price data found  (1d 2025-01-01 -> 2026-07-05)
$FTHM: possibly delisted; no price data found  (1d 2025-01-01 -> 2026-07-05)
$FENC: possibly delisted; no price data found  (1d 2025-01-01 -> 2026-07-05)
Failed to get ticker 'FPH' reason: Failed to perform, curl: (28) Connection timed out after 30001 milliseconds. See https://curl.se/libcurl/c/libcurl-errors.html first for more details.
$FPH: possibly delisted; no timezone found
Failed to get ticker 'FHN' reason: Failed to perform, curl: (28) Connection timed out after 30000 milliseconds. See https://curl.se/libcurl/c/libcurl-errors.html first for more details.
$FHN: possibly delisted; no timezone found
$FTC: possibly delisted; no price data found  (1d 2025-01-01 -> 2026-07-05)
$FOXA: possibly delisted; no price data found  (1d 2025-01-01 -> 2026-07-05)
Failed to get ticker 'FENG' reason: Failed to perform, curl: (28) Connection timed out after 30001 milliseconds. See https://curl.se/libcurl/c/libcurl-errors.html first for more details.
$FENG: possibly delisted; no timezone found
$FTRK: possibly delisted; no price data found  (1d 2025-01-01 -> 2026-07-05)
$FMB: possibly delisted; no price data found  (1d 2025-01-01 -> 2026-07-05)
$FITBI: possibly delisted; no price data found  (1d 2025-01-01 -> 2026-07-05)
$FSZ: possibly delisted; no price data found  (1d 2025-01-01 -> 2026-07-05)
$FSBW: possibly delisted; no price data found  (1d 2025-01-01 -> 2026-07-05)
$FNLC: possibly delisted; no price data found  (1d 2025-01-01 -> 2026-07-05)
$FIGXW: possibly delisted; no price data found  (1d 2025-01-01 -> 2026-07-05)
$FERG: possibly delisted; no price data found  (1d 2025-01-01 -> 2026-07-05)
$FNV: possibly delisted; no price data found  (1d 2025-01-01 -> 2026-07-05)
$FLX: possibly delisted; no price data found  (1d 2025-01-01 -> 2026-07-05)
$FSLY: possibly delisted; no price data found  (1d 2025-01-01 -> 2026-07-05)
Failed to get ticker 'FF' reason: Failed to perform, curl: (28) Connection timed out after 30000 milliseconds. See https://curl.se/libcurl/c/libcurl-errors.html first for more details.
$FF: possibly delisted; no timezone found
$FIVN: possibly delisted; no price data found  (1d 2025-01-01 -> 2026-07-05)
Failed to get ticker 'FLUT' reason: Failed to perform, curl: (28) Connection timed out after 30001 milliseconds. See https://curl.se/libcurl/c/libcurl-errors.html first for more details.
$FLUT: possibly delisted; no timezone found
$FTAG: possibly delisted; no price data found  (1d 2025-01-01 -> 2026-07-05)
$FTSM: possibly delisted; no price data found  (1d 2025-01-01 -> 2026-07-05)
Failed to get ticker 'FPF' reason: Failed to perform, curl: (28) Connection timed out after 30001 milliseconds. See https://curl.se/libcurl/c/libcurl-errors.html first for more details.
$FPF: possibly delisted; no timezone found
$FMUB: possibly delisted; no price data found  (1d 2025-01-01 -> 2026-07-05)
$FMHI: possibly delisted; no price data found  (1d 2025-01-01 -> 2026-07-05)
$FFC: possibly delisted; no price data found  (1d 2025-01-01 -> 2026-07-05)
Failed to get ticker 'FLG' reason: Failed to perform, curl: (28) Connection timed out after 30000 milliseconds. See https://curl.se/libcurl/c/libcurl-errors.html first for more details.
$FLG: possibly delisted; no timezone found
$FORM: possibly delisted; no price data found  (1d 2025-01-01 -> 2026-07-05)
$FINV: possibly delisted; no price data found  (1d 2025-01-01 -> 2026-07-05)
$FOXF: possibly delisted; no price data found  (1d 2025-01-01 -> 2026-07-05)
$FER: possibly delisted; no price data found  (1d 2025-01-01 -> 2026-07-05)
$FGIWW: possibly delisted; no price data found  (1d 2025-01-01 -> 2026-07-05)
$FITBO: possibly delisted; no price data found  (1d 2025-01-01 -> 2026-07-05)
$FMST: possibly delisted; no price data found  (1d 2025-01-01 -> 2026-07-05)
$FLDDW: possibly delisted; no price data found  (1d 2025-01-01 -> 2026-07-05)
$FTAI: possibly delisted; no price data found  (1d 2025-01-01 -> 2026-07-05)
$FEUZ: possibly delisted; no price data found  (1d 2025-01-01 -> 2026-07-05)
Failed to get ticker 'FRO' reason: Failed to perform, curl: (28) Connection timed out after 30001 milliseconds. See https://curl.se/libcurl/c/libcurl-errors.html first for more details.
$FRO: possibly delisted; no timezone found
$FGBIP: possibly delisted; no price data found  (1d 2025-01-01 -> 2026-07-05)
$FTA: possibly delisted; no price data found  (1d 2025-01-01 -> 2026-07-05)
Failed to get ticker 'FRA' reason: Failed to perform, curl: (28) Connection timed out after 30001 milliseconds. See https://curl.se/libcurl/c/libcurl-errors.html first for more details.
$FRA: possibly delisted; no timezone found
$FTGS: possibly delisted; no price data found  (1d 2025-01-01 -> 2026-07-05)
$FLYE: possibly delisted; no price data found  (1d 2025-01-01 -> 2026-07-05)
$FTCS: possibly delisted; no price data found  (1d 2025-01-01 -> 2026-07-05)
$FEPI: possibly delisted; no price data found  (1d 2025-01-01 -> 2026-07-05)

200 Failed downloads:
['FIS', 'FTV', 'FRT', 'FINS', 'FTS', 'FHI', 'FLO', 'FLNG', 'FLOC', 'FOF', 'FTI', 'FEOE', 'FOR', 'FIXT', 'FTK', 'FNF', 'FOA', 'FPS', 'FG', 'FSK', 'FTW', 'FNB', 'FN', 'FLS', 'FIGS', 'FICO', 'FMS', 'FR', 'FSSL', 'FSCO', 'FTWO', 'FLR', 'FMC', 'FTHY', 'FIG', 'FMN', 'FSM', 'FSS', 'FPI', 'FLXR', 'FET', 'FPH', 'FHN', 'FENG', 'FF', 'FLUT', 'FPF', 'FLG', 'FRO', 'FRA']: possibly delisted; no timezone found
['FPXI', 'FFIV', 'FRSH', 'FFBC', 'FGMCU', 'FRAF', 'FLDB', 'FMSTW', 'FIVY', 'FNX', 'FTRI', 'FTFT', 'FIP', 'FIEE', 'FLC', 'FMAO', 'FEMB', 'FSCS', 'FTRE', 'FITB', 'FSLR', 'FEMY', 'FID', 'FEMS', 'FRD', 'FSBC', 'FKWL', 'FMTM', 'FT', 'FOFO', 'FNUC', 'FRMEP', 'FMNB', 'FRMM', 'FIGX', 'FSEA', 'FMFC', 'FLWS', 'FTQI', 'FNRN', 'FGNX', 'FMY', 'FROG', 'FPA', 'FIX', 'FIGXU', 'FORR', 'FINW', 'FFA', 'FTXH', 'FTSL', 'FNWB', 'FGI', 'FOX', 'FGBI', 'FLN', 'FKU', 'FLNA', 'FHB', 'FICS', 'FIVE', 'FFIN', 'FTHI', 'FTAIM', 'FELE', 'FLXS', 'FGNXP', 'FITBP', 'FHTX', 'FRME', 'FRST', 'FORTY', 'FRBA', 'FLYW', 'FIGR', 'FMET', 'FNY', 'FRSX', 'FEP', 'FRPH', 'FTLF', 'FGM', 'FEX', 'FTEK', 'FIZZ', 'FOSL', 'FINX', 'FIBK', 'FISV', 'FMX', 'FSTR', 'FNK', 'FNWD', 'FMBH', 'FTXG', 'FEM', 'FTGC', 'FLGT', 'FTAIN', 'FSV', 'FRPT', 'FIXD', 'FJP', 'FLY', 'FITBM', 'FSUN', 'FISI', 'FONR', 'FTDS', 'FMUN', 'FPXE', 'FGMC', 'FLD', 'FTHM', 'FENC', 'FTC', 'FOXA', 'FTRK', 'FMB', 'FITBI', 'FSZ', 'FSBW', 'FNLC', 'FIGXW', 'FERG', 'FNV', 'FLX', 'FSLY', 'FIVN', 'FTAG', 'FTSM', 'FMUB', 'FMHI', 'FFC', 'FORM', 'FINV', 'FOXF', 'FER', 'FGIWW', 'FITBO', 'FMST', 'FLDDW', 'FTAI', 'FEUZ', 'FGBIP', 'FTA', 'FTGS', 'FLYE', 'FTCS', 'FEPI']: possibly delisted; no price data found  (1d 2025-01-01 -> 2026-07-05)
$GLMD: possibly delisted; no price data found  (1d 2025-01-01 -> 2026-07-05)
$GNOM: possibly delisted; no price data found  (1d 2025-01-01 -> 2026-07-05)
Failed to get ticker 'GOOS' reason: Failed to perform, curl: (28) Connection timed out after 30002 milliseconds. See https://curl.se/libcurl/c/libcurl-errors.html first for more details.
$GOOS: possibly delisted; no timezone found
$GDRX: possibly delisted; no price data found  (1d 2025-01-01 -> 2026-07-05)
$GGLL: possibly delisted; no price data found  (1d 2025-01-01 -> 2026-07-05)
$FULC: possibly delisted; no price data found  (1d 2025-01-01 -> 2026-07-05)
Failed to get ticker 'GGT' reason: Failed to perform, curl: (28) Connection timed out after 30001 milliseconds. See https://curl.se/libcurl/c/libcurl-errors.html first for more details.
$GGT: possibly delisted; no timezone found
$GEV: possibly delisted; no price data found  (1d 2025-01-01 -> 2026-07-05)
$GHRS: possibly delisted; no price data found  (1d 2025-01-01 -> 2026-07-05)
$GLBS: possibly delisted; no price data found  (1d 2025-01-01 -> 2026-07-05)
$GLIBK: possibly delisted; no price data found  (1d 2025-01-01 -> 2026-07-05)
$FUND: possibly delisted; no price data found  (1d 2025-01-01 -> 2026-07-05)
$GILT: possibly delisted; no price data found  (1d 2025-01-01 -> 2026-07-05)
Failed to get ticker 'GDO' reason: Failed to perform, curl: (28) Connection timed out after 30001 milliseconds. See https://curl.se/libcurl/c/libcurl-errors.html first for more details.
$GDO: possibly delisted; no timezone found
$GNPX: possibly delisted; no price data found  (1d 2025-01-01 -> 2026-07-05)
$GLE: possibly delisted; no price data found  (1d 2025-01-01 -> 2026-07-05)
$GENB: possibly delisted; no price data found  (1d 2025-01-01 -> 2026-07-05)
$FYT: possibly delisted; no price data found  (1d 2025-01-01 -> 2026-07-05)
$GNMA: possibly delisted; no price data found  (1d 2025-01-01 -> 2026-07-05)
$GDEVW: possibly delisted; no price data found  (1d 2025-01-01 -> 2026-07-05)
$GDC: possibly delisted; no price data found  (1d 2025-01-01 -> 2026-07-05)
Failed to get ticker 'GCV' reason: Failed to perform, curl: (28) Connection timed out after 30001 milliseconds. See https://curl.se/libcurl/c/libcurl-errors.html first for more details.
$GCV: possibly delisted; no timezone found
$GLOO: possibly delisted; no price data found  (1d 2025-01-01 -> 2026-07-05)
$GNLN: possibly delisted; no price data found  (1d 2025-01-01 -> 2026-07-05)
Failed to get ticker 'GPC' reason: Failed to perform, curl: (28) Connection timed out after 30001 milliseconds. See https://curl.se/libcurl/c/libcurl-errors.html first for more details.
$GPC: possibly delisted; no timezone found
$GLOW: possibly delisted; no price data found  (1d 2025-01-01 -> 2026-07-05)
$FUNC: possibly delisted; no price data found  (1d 2025-01-01 -> 2026-07-05)
$FTXN: possibly delisted; no price data found  (1d 2025-01-01 -> 2026-07-05)
Failed to get ticker 'FVR' reason: Failed to perform, curl: (28) Connection timed out after 30002 milliseconds. See https://curl.se/libcurl/c/libcurl-errors.html first for more details.
$FVR: possibly delisted; no timezone found
$GELS: possibly delisted; no price data found  (1d 2025-01-01 -> 2026-07-05)
$FVN: possibly delisted; no price data found  (1d 2025-01-01 -> 2026-07-05)
$FXNC: possibly delisted; no price data found  (1d 2025-01-01 -> 2026-07-05)
$GLW: possibly delisted; no price data found  (1d 2025-01-01 -> 2026-07-05)
$GFS: possibly delisted; no price data found  (1d 2025-01-01 -> 2026-07-05)
$GEOS: possibly delisted; no price data found  (1d 2025-01-01 -> 2026-07-05)
$GDTC: possibly delisted; no price data found  (1d 2025-01-01 -> 2026-07-05)
$GEG: possibly delisted; no price data found  (1d 2025-01-01 -> 2026-07-05)
Failed to get ticker 'GIL' reason: Failed to perform, curl: (28) Connection timed out after 30002 milliseconds. See https://curl.se/libcurl/c/libcurl-errors.html first for more details.
$GIL: possibly delisted; no timezone found
$GFAIW: possibly delisted; no price data found  (1d 2025-01-01 -> 2026-07-05)
$GKAT: possibly delisted; no price data found  (1d 2025-01-01 -> 2026-07-05)
$GGLS: possibly delisted; no price data found  (1d 2025-01-01 -> 2026-07-05)
$GLIBA: possibly delisted; no price data found  (1d 2025-01-01 -> 2026-07-05)
$GM: possibly delisted; no price data found  (1d 2025-01-01 -> 2026-07-05)
$GMAB: possibly delisted; no price data found  (1d 2025-01-01 -> 2026-07-05)
$GGAL: possibly delisted; no price data found  (1d 2025-01-01 -> 2026-07-05)
Failed to get ticker 'GEL' reason: Failed to perform, curl: (28) Connection timed out after 30000 milliseconds. See https://curl.se/libcurl/c/libcurl-errors.html first for more details.
$GEL: possibly delisted; no timezone found
$GLUE: possibly delisted; no price data found  (1d 2025-01-01 -> 2026-07-05)
$GNTA: possibly delisted; no price data found  (1d 2025-01-01 -> 2026-07-05)
Failed to get ticker 'GEF' reason: Failed to perform, curl: (28) Connection timed out after 30000 milliseconds. See https://curl.se/libcurl/c/libcurl-errors.html first for more details.
$GEF: possibly delisted; no timezone found
$GEHC: possibly delisted; no price data found  (1d 2025-01-01 -> 2026-07-05)
$GINX: possibly delisted; no price data found  (1d 2025-01-01 -> 2026-07-05)
$GMHS: possibly delisted; no price data found  (1d 2025-01-01 -> 2026-07-05)
Failed to get ticker 'GLOB' reason: Failed to perform, curl: (28) Connection timed out after 30001 milliseconds. See https://curl.se/libcurl/c/libcurl-errors.html first for more details.
$GLOB: possibly delisted; no timezone found
Failed to get ticker 'GNL' reason: Failed to perform, curl: (28) Connection timed out after 30001 milliseconds. See https://curl.se/libcurl/c/libcurl-errors.html first for more details.
$GNL: possibly delisted; no timezone found
Failed to get ticker 'GIC' reason: Failed to perform, curl: (28) Connection timed out after 30001 milliseconds. See https://curl.se/libcurl/c/libcurl-errors.html first for more details.
$GIC: possibly delisted; no timezone found
$GD: possibly delisted; no price data found  (1d 2025-01-01 -> 2026-07-05)
Failed to get ticker 'GGG' reason: Failed to perform, curl: (28) Connection timed out after 30002 milliseconds. See https://curl.se/libcurl/c/libcurl-errors.html first for more details.
$GGG: possibly delisted; no timezone found
$GPAC: possibly delisted; no price data found  (1d 2025-01-01 -> 2026-07-05)
Failed to get ticker 'GLP' reason: Failed to perform, curl: (28) Connection timed out after 30002 milliseconds. See https://curl.se/libcurl/c/libcurl-errors.html first for more details.
$GLP: possibly delisted; no timezone found
$GAMB: possibly delisted; no price data found  (1d 2025-01-01 -> 2026-07-05)
$GLSI: possibly delisted; no price data found  (1d 2025-01-01 -> 2026-07-05)
$FV: possibly delisted; no price data found  (1d 2025-01-01 -> 2026-07-05)
Failed to get ticker 'GEO' reason: Failed to perform, curl: (28) Connection timed out after 30002 milliseconds. See https://curl.se/libcurl/c/libcurl-errors.html first for more details.
$GEO: possibly delisted; no timezone found
$GALT: possibly delisted; no price data found  (1d 2025-01-01 -> 2026-07-05)
$GNLX: possibly delisted; no price data found  (1d 2025-01-01 -> 2026-07-05)
$GNSS: possibly delisted; no price data found  (1d 2025-01-01 -> 2026-07-05)
$FUTU: possibly delisted; no price data found  (1d 2025-01-01 -> 2026-07-05)
$GOVI: possibly delisted; no price data found  (1d 2025-01-01 -> 2026-07-05)
Failed to get ticker 'GDV' reason: Failed to perform, curl: (28) Connection timed out after 30002 milliseconds. See https://curl.se/libcurl/c/libcurl-errors.html first for more details.
$GDV: possibly delisted; no timezone found
$GEVO: possibly delisted; no price data found  (1d 2025-01-01 -> 2026-07-05)
$FTXR: possibly delisted; no price data found  (1d 2025-01-01 -> 2026-07-05)
$GPACU: possibly delisted; no price data found  (1d 2025-01-01 -> 2026-07-05)
