2026-06-20 00:03:39+0800  [scan_slice_klse]  begin
2026-06-20 00:03:39,763 - INFO - scan_slice bucket=klse size=119
Telegram credentials not configured
Failed to initialize ML signal enhancer: 'SignalEnhancer' object has no attribute 'is_ready'
Failed to initialize ML signal enhancer: 'SignalEnhancer' object has no attribute 'is_ready'
2026-06-20 00:03:48,607 - __main__ - INFO - Starting manual Buffett Monitor scan...
2026-06-20 00:03:48,607 - buffett.scanner - INFO - Starting weekly scan...
2026-06-20 00:03:48,639 - buffett.scanner - INFO - Scanning 119 specified tickers...
2026-06-20 00:03:49,461 - buffett.scanner - ERROR - Error processing 0041.KL: '>' not supported between instances of 'str' and 'int'
2026-06-20 00:03:50,439 - buffett.scanner - INFO - 0097.KL: SELL signal (QS: 28.6, Moat: NARROW)
2026-06-20 00:03:50,903 - buffett.scanner - INFO - 0128.KL: SELL signal (QS: 28.6, Moat: NARROW)
2026-06-20 00:03:51,343 - buffett.scanner - INFO - 0138.KL: SELL signal (QS: 42.9, Moat: NARROW)
2026-06-20 00:03:51,740 - buffett.scanner - INFO - 0159.KL: SELL signal (QS: 0.0, Moat: NARROW)
2026-06-20 00:03:52,161 - buffett.scanner - INFO - 0163.KL: SELL signal (QS: 14.3, Moat: NARROW)
2026-06-20 00:03:52,598 - buffett.scanner - INFO - 0172.KL: SELL signal (QS: 28.6, Moat: NARROW)
2026-06-20 00:03:53,022 - buffett.scanner - INFO - 0182.KL: SELL signal (QS: 14.3, Moat: NARROW)
2026-06-20 00:03:53,022 - buffett.scanner - INFO - Progress: 10/119
2026-06-20 00:03:53,477 - buffett.scanner - INFO - 0193.KL: SELL signal (QS: 14.3, Moat: NARROW)
2026-06-20 00:03:53,913 - buffett.scanner - INFO - 0213.KL: SELL signal (QS: 42.9, Moat: NARROW)
2026-06-20 00:03:54,367 - buffett.scanner - INFO - 0226.KL: SELL signal (QS: 42.9, Moat: NARROW)
2026-06-20 00:03:54,834 - buffett.scanner - INFO - 0259.KL: SELL signal (QS: 28.6, Moat: NARROW)
2026-06-20 00:03:55,097 - yfinance - ERROR - HTTP Error 404: {"quoteSummary":{"result":null,"error":{"code":"Not Found","description":"Quote not found for symbol: 0294.KL"}}}
2026-06-20 00:03:55,144 - buffett.fetchers - WARNING - Alpha Vantage API key not configured
2026-06-20 00:03:55,329 - httpx - INFO - HTTP Request: GET https://www.malaysiastock.biz/Corporate-Infomation.aspx?securitycode=0294 "HTTP/1.1 302 Found"
2026-06-20 00:03:55,355 - httpx - INFO - HTTP Request: GET https://www.malaysiastock.biz/PageNotFound.aspx "HTTP/1.1 200 OK"
2026-06-20 00:03:55,379 - buffett.fetchers - INFO - Successfully scraped price for 0294 from malaysiastock.biz: RM None
2026-06-20 00:03:55,417 - buffett.scanner - INFO - 0294.KL: SELL signal (QS: 0.0, Moat: NARROW)
2026-06-20 00:03:55,862 - buffett.scanner - INFO - 03019.KL: SELL signal (QS: 42.9, Moat: NARROW)
2026-06-20 00:03:56,302 - buffett.scanner - INFO - 0311.KL: SELL signal (QS: 14.3, Moat: NARROW)
2026-06-20 00:03:56,865 - buffett.scanner - INFO - 0356.KL: SELL signal (QS: 14.3, Moat: NARROW)
2026-06-20 00:03:57,365 - buffett.scanner - INFO - 0388.KL: SELL signal (QS: 28.6, Moat: NARROW)
2026-06-20 00:03:57,833 - buffett.scanner - INFO - 0398.KL: SELL signal (QS: 14.3, Moat: NARROW)
2026-06-20 00:03:57,833 - buffett.scanner - INFO - Progress: 20/119
2026-06-20 00:03:58,090 - yfinance - ERROR - HTTP Error 404: {"quoteSummary":{"result":null,"error":{"code":"Not Found","description":"Quote not found for symbol: 0426.KL"}}}
2026-06-20 00:03:58,139 - buffett.fetchers - WARNING - Alpha Vantage API key not configured
2026-06-20 00:03:58,204 - httpx - INFO - HTTP Request: GET https://www.malaysiastock.biz/Corporate-Infomation.aspx?securitycode=0426 "HTTP/1.1 302 Found"
2026-06-20 00:03:58,231 - httpx - INFO - HTTP Request: GET https://www.malaysiastock.biz/PageNotFound.aspx "HTTP/1.1 200 OK"
2026-06-20 00:03:58,254 - buffett.fetchers - INFO - Successfully scraped price for 0426 from malaysiastock.biz: RM None
2026-06-20 00:03:58,293 - buffett.scanner - INFO - 0426.KL: SELL signal (QS: 0.0, Moat: NARROW)
2026-06-20 00:03:58,667 - yfinance - ERROR - HTTP Error 404: {"quoteSummary":{"result":null,"error":{"code":"Not Found","description":"Quote not found for symbol: 0473.KL"}}}
2026-06-20 00:03:58,714 - buffett.fetchers - WARNING - Alpha Vantage API key not configured
2026-06-20 00:03:58,795 - httpx - INFO - HTTP Request: GET https://www.malaysiastock.biz/Corporate-Infomation.aspx?securitycode=0473 "HTTP/1.1 302 Found"
2026-06-20 00:03:58,823 - httpx - INFO - HTTP Request: GET https://www.malaysiastock.biz/PageNotFound.aspx "HTTP/1.1 200 OK"
2026-06-20 00:03:58,845 - buffett.fetchers - INFO - Successfully scraped price for 0473 from malaysiastock.biz: RM None
2026-06-20 00:03:58,883 - buffett.scanner - INFO - 0473.KL: SELL signal (QS: 0.0, Moat: NARROW)
2026-06-20 00:03:59,136 - yfinance - ERROR - HTTP Error 404: {"quoteSummary":{"result":null,"error":{"code":"Not Found","description":"Quote not found for symbol: 0514.KL"}}}
2026-06-20 00:03:59,186 - buffett.fetchers - WARNING - Alpha Vantage API key not configured
2026-06-20 00:03:59,254 - httpx - INFO - HTTP Request: GET https://www.malaysiastock.biz/Corporate-Infomation.aspx?securitycode=0514 "HTTP/1.1 302 Found"
2026-06-20 00:03:59,283 - httpx - INFO - HTTP Request: GET https://www.malaysiastock.biz/PageNotFound.aspx "HTTP/1.1 200 OK"
2026-06-20 00:03:59,308 - buffett.fetchers - INFO - Successfully scraped price for 0514 from malaysiastock.biz: RM None
2026-06-20 00:03:59,347 - buffett.scanner - INFO - 0514.KL: SELL signal (QS: 0.0, Moat: NARROW)
2026-06-20 00:03:59,607 - yfinance - ERROR - HTTP Error 404: {"quoteSummary":{"result":null,"error":{"code":"Not Found","description":"Quote not found for symbol: 0525.KL"}}}
2026-06-20 00:03:59,654 - buffett.fetchers - WARNING - Alpha Vantage API key not configured
2026-06-20 00:03:59,771 - httpx - INFO - HTTP Request: GET https://www.malaysiastock.biz/Corporate-Infomation.aspx?securitycode=0525 "HTTP/1.1 302 Found"
2026-06-20 00:03:59,799 - httpx - INFO - HTTP Request: GET https://www.malaysiastock.biz/PageNotFound.aspx "HTTP/1.1 200 OK"
2026-06-20 00:03:59,830 - buffett.fetchers - INFO - Successfully scraped price for 0525 from malaysiastock.biz: RM None
2026-06-20 00:03:59,869 - buffett.scanner - INFO - 0525.KL: SELL signal (QS: 0.0, Moat: NARROW)
2026-06-20 00:04:00,412 - buffett.scanner - INFO - 1023.KL: SELL signal (QS: 42.9, Moat: NARROW)
2026-06-20 00:04:00,879 - buffett.scanner - INFO - 1066.KL: SELL signal (QS: 57.1, Moat: NARROW)
2026-06-20 00:04:01,288 - buffett.scanner - INFO - 1082.KL: SELL signal (QS: 57.1, Moat: NARROW)
2026-06-20 00:04:01,714 - buffett.scanner - INFO - 1155.KL: SELL signal (QS: 57.1, Moat: NARROW)
2026-06-20 00:04:02,103 - buffett.scanner - INFO - 1295.KL: SELL signal (QS: 42.9, Moat: NARROW)
2026-06-20 00:04:02,568 - yfinance - ERROR - HTTP Error 404: {"quoteSummary":{"result":null,"error":{"code":"Not Found","description":"Quote not found for symbol: 2282.KL"}}}
2026-06-20 00:04:02,615 - buffett.fetchers - WARNING - Alpha Vantage API key not configured
2026-06-20 00:04:02,684 - httpx - INFO - HTTP Request: GET https://www.malaysiastock.biz/Corporate-Infomation.aspx?securitycode=2282 "HTTP/1.1 302 Found"
2026-06-20 00:04:02,712 - httpx - INFO - HTTP Request: GET https://www.malaysiastock.biz/PageNotFound.aspx "HTTP/1.1 200 OK"
2026-06-20 00:04:02,735 - buffett.fetchers - INFO - Successfully scraped price for 2282 from malaysiastock.biz: RM None
2026-06-20 00:04:02,779 - buffett.scanner - INFO - 2282.KL: SELL signal (QS: 0.0, Moat: NARROW)
2026-06-20 00:04:02,780 - buffett.scanner - INFO - Progress: 30/119
2026-06-20 00:04:03,499 - yfinance - ERROR - HTTP Error 404: {"quoteSummary":{"result":null,"error":{"code":"Not Found","description":"Quote not found for symbol: 2365.KL"}}}
2026-06-20 00:04:03,546 - buffett.fetchers - WARNING - Alpha Vantage API key not configured
2026-06-20 00:04:03,623 - httpx - INFO - HTTP Request: GET https://www.malaysiastock.biz/Corporate-Infomation.aspx?securitycode=2365 "HTTP/1.1 302 Found"
2026-06-20 00:04:03,656 - httpx - INFO - HTTP Request: GET https://www.malaysiastock.biz/PageNotFound.aspx "HTTP/1.1 200 OK"
2026-06-20 00:04:03,680 - buffett.fetchers - INFO - Successfully scraped price for 2365 from malaysiastock.biz: RM None
2026-06-20 00:04:03,721 - buffett.scanner - INFO - 2365.KL: SELL signal (QS: 0.0, Moat: NARROW)
2026-06-20 00:04:04,217 - buffett.scanner - INFO - 2445.KL: SELL signal (QS: 0.0, Moat: NARROW)
2026-06-20 00:04:04,683 - buffett.scanner - INFO - 2488.KL: SELL signal (QS: 57.1, Moat: NARROW)
2026-06-20 00:04:05,096 - buffett.scanner - INFO - 3026.KL: SELL signal (QS: 0.0, Moat: NARROW)
2026-06-20 00:04:05,559 - buffett.scanner - INFO - 3034.KL: SELL signal (QS: 57.1, Moat: NARROW)
2026-06-20 00:04:05,813 - yfinance - ERROR - HTTP Error 404: {"quoteSummary":{"result":null,"error":{"code":"Not Found","description":"Quote not found for symbol: 3035.KL"}}}
2026-06-20 00:04:05,865 - buffett.fetchers - WARNING - Alpha Vantage API key not configured
2026-06-20 00:04:05,954 - httpx - INFO - HTTP Request: GET https://www.malaysiastock.biz/Corporate-Infomation.aspx?securitycode=3035 "HTTP/1.1 302 Found"
2026-06-20 00:04:05,986 - httpx - INFO - HTTP Request: GET https://www.malaysiastock.biz/PageNotFound.aspx "HTTP/1.1 200 OK"
2026-06-20 00:04:06,018 - buffett.fetchers - INFO - Successfully scraped price for 3035 from malaysiastock.biz: RM None
2026-06-20 00:04:06,065 - buffett.scanner - INFO - 3035.KL: SELL signal (QS: 0.0, Moat: NARROW)
2026-06-20 00:04:06,554 - buffett.scanner - INFO - 3182.KL: SELL signal (QS: 14.3, Moat: NARROW)
2026-06-20 00:04:06,834 - yfinance - ERROR - HTTP Error 404: {"quoteSummary":{"result":null,"error":{"code":"Not Found","description":"Quote not found for symbol: 3229.KL"}}}
2026-06-20 00:04:06,881 - buffett.fetchers - WARNING - Alpha Vantage API key not configured
2026-06-20 00:04:06,954 - httpx - INFO - HTTP Request: GET https://www.malaysiastock.biz/Corporate-Infomation.aspx?securitycode=3229 "HTTP/1.1 302 Found"
2026-06-20 00:04:06,983 - httpx - INFO - HTTP Request: GET https://www.malaysiastock.biz/PageNotFound.aspx "HTTP/1.1 200 OK"
2026-06-20 00:04:07,006 - buffett.fetchers - INFO - Successfully scraped price for 3229 from malaysiastock.biz: RM None
2026-06-20 00:04:07,042 - buffett.scanner - INFO - 3229.KL: SELL signal (QS: 0.0, Moat: NARROW)
2026-06-20 00:04:07,494 - buffett.scanner - INFO - 3395.KL: SELL signal (QS: 14.3, Moat: NARROW)
2026-06-20 00:04:07,495 - buffett.scanner - INFO - Progress: 40/119
2026-06-20 00:04:07,946 - buffett.scanner - INFO - 3816.KL: SELL signal (QS: 42.9, Moat: NARROW)
2026-06-20 00:04:08,821 - buffett.scanner - INFO - 4588.KL: SELL signal (QS: 0.0, Moat: NARROW)
2026-06-20 00:04:09,246 - buffett.scanner - INFO - 4707.KL: SELL signal (QS: 14.3, Moat: NARROW)
2026-06-20 00:04:09,674 - buffett.scanner - INFO - 4715.KL: SELL signal (QS: 28.6, Moat: NARROW)
2026-06-20 00:04:10,162 - buffett.scanner - INFO - 4723.KL: SELL signal (QS: 57.1, Moat: NARROW)
2026-06-20 00:04:10,556 - buffett.scanner - INFO - 4782.KL: SELL signal (QS: 0.0, Moat: NARROW)
2026-06-20 00:04:10,990 - buffett.scanner - INFO - 4863.KL: SELL signal (QS: 0.0, Moat: NARROW)
2026-06-20 00:04:11,453 - buffett.scanner - INFO - 5001.KL: SELL signal (QS: 0.0, Moat: NARROW)
2026-06-20 00:04:11,928 - buffett.scanner - INFO - 5005.KL: SELL signal (QS: 0.0, Moat: NARROW)
2026-06-20 00:04:11,928 - buffett.scanner - INFO - Progress: 50/119
2026-06-20 00:04:12,326 - buffett.scanner - INFO - 5014.KL: SELL signal (QS: 0.0, Moat: NARROW)
2026-06-20 00:04:13,223 - buffett.scanner - INFO - 5016.KL: SELL signal (QS: 14.3, Moat: NARROW)
2026-06-20 00:04:14,139 - buffett.scanner - INFO - 5031.KL: SELL signal (QS: 14.3, Moat: NARROW)
2026-06-20 00:04:14,993 - buffett.scanner - INFO - 5100.KL: SELL signal (QS: 57.1, Moat: NARROW)
2026-06-20 00:04:15,408 - buffett.scanner - INFO - 5108.KL: SELL signal (QS: 42.9, Moat: NARROW)
2026-06-20 00:04:15,851 - buffett.scanner - INFO - 5109.KL: SELL signal (QS: 57.1, Moat: NARROW)
2026-06-20 00:04:16,362 - buffett.scanner - INFO - Progress: 60/119
2026-06-20 00:04:16,798 - buffett.scanner - INFO - 5117.KL: SELL signal (QS: 0.0, Moat: NARROW)
2026-06-20 00:04:17,056 - yfinance - ERROR - HTTP Error 404: {"quoteSummary":{"result":null,"error":{"code":"Not Found","description":"Quote not found for symbol: 5118.KL"}}}
2026-06-20 00:04:17,105 - buffett.fetchers - WARNING - Alpha Vantage API key not configured
2026-06-20 00:04:17,194 - httpx - INFO - HTTP Request: GET https://www.malaysiastock.biz/Corporate-Infomation.aspx?securitycode=5118 "HTTP/1.1 302 Found"
2026-06-20 00:04:17,227 - httpx - INFO - HTTP Request: GET https://www.malaysiastock.biz/PageNotFound.aspx "HTTP/1.1 200 OK"
2026-06-20 00:04:17,258 - buffett.fetchers - INFO - Successfully scraped price for 5118 from malaysiastock.biz: RM None
2026-06-20 00:04:17,297 - buffett.scanner - INFO - 5118.KL: SELL signal (QS: 0.0, Moat: NARROW)
2026-06-20 00:04:17,711 - buffett.scanner - INFO - 5122.KL: SELL signal (QS: 0.0, Moat: NARROW)
2026-06-20 00:04:18,223 - buffett.scanner - INFO - 5123.KL: SELL signal (QS: 57.1, Moat: NARROW)
2026-06-20 00:04:19,094 - buffett.scanner - INFO - 5163.KL: SELL signal (QS: 42.9, Moat: NARROW)
2026-06-20 00:04:19,614 - buffett.scanner - INFO - 5166.KL: SELL signal (QS: 57.1, Moat: NARROW)
2026-06-20 00:04:20,070 - buffett.scanner - INFO - 5168.KL: SELL signal (QS: 28.6, Moat: NARROW)
2026-06-20 00:04:20,586 - buffett.scanner - INFO - 5180.KL: SELL signal (QS: 57.1, Moat: NARROW)
2026-06-20 00:04:20,840 - yfinance - ERROR - HTTP Error 404: {"quoteSummary":{"result":null,"error":{"code":"Not Found","description":"Quote not found for symbol: 5181.KL"}}}
2026-06-20 00:04:20,889 - buffett.fetchers - WARNING - Alpha Vantage API key not configured
2026-06-20 00:04:20,990 - httpx - INFO - HTTP Request: GET https://www.malaysiastock.biz/Corporate-Infomation.aspx?securitycode=5181 "HTTP/1.1 302 Found"
2026-06-20 00:04:21,023 - httpx - INFO - HTTP Request: GET https://www.malaysiastock.biz/PageNotFound.aspx "HTTP/1.1 200 OK"
2026-06-20 00:04:21,045 - buffett.fetchers - INFO - Successfully scraped price for 5181 from malaysiastock.biz: RM None
2026-06-20 00:04:21,083 - buffett.scanner - INFO - 5181.KL: SELL signal (QS: 0.0, Moat: NARROW)
2026-06-20 00:04:21,083 - buffett.scanner - INFO - Progress: 70/119
2026-06-20 00:04:21,526 - buffett.scanner - INFO - 5182.KL: SELL signal (QS: 42.9, Moat: NARROW)
2026-06-20 00:04:21,971 - buffett.scanner - INFO - 5183.KL: SELL signal (QS: 14.3, Moat: NARROW)
2026-06-20 00:04:22,415 - buffett.scanner - INFO - 5185.KL: SELL signal (QS: 57.1, Moat: NARROW)
2026-06-20 00:04:22,850 - buffett.scanner - INFO - 5188.KL: SELL signal (QS: 28.6, Moat: NARROW)
2026-06-20 00:04:23,282 - buffett.scanner - INFO - 5200.KL: SELL signal (QS: 57.1, Moat: NARROW)
2026-06-20 00:04:23,700 - buffett.scanner - INFO - 5202.KL: SELL signal (QS: 14.3, Moat: NARROW)
2026-06-20 00:04:24,198 - buffett.scanner - INFO - 5211.KL: SELL signal (QS: 57.1, Moat: NARROW)
2026-06-20 00:04:24,554 - buffett.scanner - INFO - 5215.KL: SELL signal (QS: 0.0, Moat: NARROW)
2026-06-20 00:04:24,984 - buffett.scanner - INFO - 5216.KL: SELL signal (QS: 42.9, Moat: NARROW)
2026-06-20 00:04:25,426 - buffett.scanner - INFO - 5225.KL: SELL signal (QS: 0.0, Moat: NARROW)
2026-06-20 00:04:25,427 - buffett.scanner - INFO - Progress: 80/119
2026-06-20 00:04:25,819 - buffett.scanner - INFO - 5227.KL: SELL signal (QS: 28.6, Moat: NARROW)
2026-06-20 00:04:26,233 - buffett.scanner - INFO - 5242.KL: SELL signal (QS: 57.1, Moat: NARROW)
2026-06-20 00:04:26,681 - buffett.scanner - INFO - 5246.KL: SELL signal (QS: 0.0, Moat: NARROW)
2026-06-20 00:04:27,121 - buffett.scanner - INFO - 5250.KL: SELL signal (QS: 14.3, Moat: NARROW)
2026-06-20 00:04:28,023 - buffett.scanner - INFO - 5258.KL: SELL signal (QS: 57.1, Moat: NARROW)
2026-06-20 00:04:28,278 - yfinance - ERROR - HTTP Error 404: {"quoteSummary":{"result":null,"error":{"code":"Not Found","description":"Quote not found for symbol: 5262.KL"}}}
2026-06-20 00:04:28,327 - buffett.fetchers - WARNING - Alpha Vantage API key not configured
2026-06-20 00:04:28,418 - httpx - INFO - HTTP Request: GET https://www.malaysiastock.biz/Corporate-Infomation.aspx?securitycode=5262 "HTTP/1.1 302 Found"
2026-06-20 00:04:28,449 - httpx - INFO - HTTP Request: GET https://www.malaysiastock.biz/PageNotFound.aspx "HTTP/1.1 200 OK"
2026-06-20 00:04:28,472 - buffett.fetchers - INFO - Successfully scraped price for 5262 from malaysiastock.biz: RM None
2026-06-20 00:04:28,511 - buffett.scanner - INFO - 5262.KL: SELL signal (QS: 0.0, Moat: NARROW)
2026-06-20 00:04:29,083 - buffett.scanner - INFO - 5263.KL: SELL signal (QS: 14.3, Moat: NARROW)
2026-06-20 00:04:29,475 - buffett.scanner - INFO - 5266.KL: SELL signal (QS: 0.0, Moat: NARROW)
2026-06-20 00:04:29,741 - yfinance - ERROR - HTTP Error 404: {"quoteSummary":{"result":null,"error":{"code":"Not Found","description":"Quote not found for symbol: 5270.KL"}}}
2026-06-20 00:04:29,790 - buffett.fetchers - WARNING - Alpha Vantage API key not configured
2026-06-20 00:04:29,874 - httpx - INFO - HTTP Request: GET https://www.malaysiastock.biz/Corporate-Infomation.aspx?securitycode=5270 "HTTP/1.1 200 OK"
2026-06-20 00:04:29,913 - buffett.fetchers - INFO - Successfully scraped price for 5270 from malaysiastock.biz: RM 0.505
2026-06-20 00:04:29,952 - buffett.scanner - INFO - 5270.KL: SELL signal (QS: 0.0, Moat: NARROW)
2026-06-20 00:04:29,952 - buffett.scanner - INFO - Progress: 90/119
2026-06-20 00:04:30,365 - buffett.scanner - INFO - 5288.KL: SELL signal (QS: 28.6, Moat: NARROW)
2026-06-20 00:04:30,786 - buffett.scanner - INFO - 5296.KL: SELL signal (QS: 28.6, Moat: NARROW)
2026-06-20 00:04:31,191 - buffett.scanner - INFO - 5302.KL: SELL signal (QS: 28.6, Moat: NARROW)
2026-06-20 00:04:31,658 - buffett.scanner - INFO - 5308.KL: SELL signal (QS: 42.9, Moat: NARROW)
2026-06-20 00:04:32,064 - buffett.scanner - INFO - 5347.KL: SELL signal (QS: 0.0, Moat: NARROW)
2026-06-20 00:04:32,522 - buffett.scanner - INFO - 5398.KL: SELL signal (QS: 28.6, Moat: NARROW)
2026-06-20 00:04:32,938 - buffett.scanner - INFO - 5681.KL: SELL signal (QS: 14.3, Moat: NARROW)
2026-06-20 00:04:33,196 - yfinance - ERROR - HTTP Error 404: {"quoteSummary":{"result":null,"error":{"code":"Not Found","description":"Quote not found for symbol: 5735.KL"}}}
2026-06-20 00:04:33,255 - buffett.fetchers - WARNING - Alpha Vantage API key not configured
2026-06-20 00:04:33,329 - httpx - INFO - HTTP Request: GET https://www.malaysiastock.biz/Corporate-Infomation.aspx?securitycode=5735 "HTTP/1.1 302 Found"
2026-06-20 00:04:33,356 - httpx - INFO - HTTP Request: GET https://www.malaysiastock.biz/PageNotFound.aspx "HTTP/1.1 200 OK"
2026-06-20 00:04:33,378 - buffett.fetchers - INFO - Successfully scraped price for 5735 from malaysiastock.biz: RM None
2026-06-20 00:04:33,414 - buffett.scanner - INFO - 5735.KL: SELL signal (QS: 0.0, Moat: NARROW)
2026-06-20 00:04:33,843 - buffett.scanner - INFO - 5819.KL: SELL signal (QS: 57.1, Moat: NARROW)
2026-06-20 00:04:34,094 - yfinance - ERROR - HTTP Error 404: {"quoteSummary":{"result":null,"error":{"code":"Not Found","description":"Quote not found for symbol: 5926.KL"}}}
2026-06-20 00:04:34,147 - buffett.fetchers - WARNING - Alpha Vantage API key not configured
2026-06-20 00:04:34,221 - httpx - INFO - HTTP Request: GET https://www.malaysiastock.biz/Corporate-Infomation.aspx?securitycode=5926 "HTTP/1.1 302 Found"
2026-06-20 00:04:34,564 - httpx - INFO - HTTP Request: GET https://www.malaysiastock.biz/PageNotFound.aspx "HTTP/1.1 200 OK"
2026-06-20 00:04:34,605 - buffett.fetchers - INFO - Successfully scraped price for 5926 from malaysiastock.biz: RM None
2026-06-20 00:04:34,652 - buffett.scanner - INFO - 5926.KL: SELL signal (QS: 0.0, Moat: NARROW)
2026-06-20 00:04:34,652 - buffett.scanner - INFO - Progress: 100/119
2026-06-20 00:04:35,108 - buffett.scanner - ERROR - Error processing 5932.KL: '>' not supported between instances of 'str' and 'int'
2026-06-20 00:04:35,649 - buffett.scanner - INFO - 6012.KL: SELL signal (QS: 14.3, Moat: NARROW)
2026-06-20 00:04:35,903 - yfinance - ERROR - HTTP Error 404: {"quoteSummary":{"result":null,"error":{"code":"Not Found","description":"Quote not found for symbol: 6013.KL"}}}
2026-06-20 00:04:35,950 - buffett.fetchers - WARNING - Alpha Vantage API key not configured
2026-06-20 00:04:36,029 - httpx - INFO - HTTP Request: GET https://www.malaysiastock.biz/Corporate-Infomation.aspx?securitycode=6013 "HTTP/1.1 302 Found"
2026-06-20 00:04:36,058 - httpx - INFO - HTTP Request: GET https://www.malaysiastock.biz/PageNotFound.aspx "HTTP/1.1 200 OK"
2026-06-20 00:04:36,081 - buffett.fetchers - INFO - Successfully scraped price for 6013 from malaysiastock.biz: RM None
2026-06-20 00:04:36,120 - buffett.scanner - INFO - 6013.KL: SELL signal (QS: 0.0, Moat: NARROW)
2026-06-20 00:04:36,584 - buffett.scanner - INFO - 6033.KL: SELL signal (QS: 28.6, Moat: NARROW)
2026-06-20 00:04:37,328 - yfinance - ERROR - HTTP Error 404: {"quoteSummary":{"result":null,"error":{"code":"Not Found","description":"Quote not found for symbol: 6155.KL"}}}
2026-06-20 00:04:37,374 - buffett.fetchers - WARNING - Alpha Vantage API key not configured
2026-06-20 00:04:37,447 - httpx - INFO - HTTP Request: GET https://www.malaysiastock.biz/Corporate-Infomation.aspx?securitycode=6155 "HTTP/1.1 302 Found"
2026-06-20 00:04:37,479 - httpx - INFO - HTTP Request: GET https://www.malaysiastock.biz/PageNotFound.aspx "HTTP/1.1 200 OK"
2026-06-20 00:04:37,502 - buffett.fetchers - INFO - Successfully scraped price for 6155 from malaysiastock.biz: RM None
2026-06-20 00:04:37,540 - buffett.scanner - INFO - 6155.KL: SELL signal (QS: 0.0, Moat: NARROW)
2026-06-20 00:04:37,793 - yfinance - ERROR - HTTP Error 404: {"quoteSummary":{"result":null,"error":{"code":"Not Found","description":"Quote not found for symbol: 6664.KL"}}}
2026-06-20 00:04:37,849 - buffett.fetchers - WARNING - Alpha Vantage API key not configured
2026-06-20 00:04:37,924 - httpx - INFO - HTTP Request: GET https://www.malaysiastock.biz/Corporate-Infomation.aspx?securitycode=6664 "HTTP/1.1 302 Found"
2026-06-20 00:04:37,951 - httpx - INFO - HTTP Request: GET https://www.malaysiastock.biz/PageNotFound.aspx "HTTP/1.1 200 OK"
2026-06-20 00:04:37,973 - buffett.fetchers - INFO - Successfully scraped price for 6664 from malaysiastock.biz: RM None
2026-06-20 00:04:38,011 - buffett.scanner - INFO - 6664.KL: SELL signal (QS: 0.0, Moat: NARROW)
2026-06-20 00:04:38,475 - buffett.scanner - INFO - 6742.KL: SELL signal (QS: 14.3, Moat: NARROW)
2026-06-20 00:04:38,925 - buffett.scanner - INFO - 6888.KL: SELL signal (QS: 28.6, Moat: NARROW)
2026-06-20 00:04:39,347 - buffett.scanner - INFO - 6947.KL: SELL signal (QS: 14.3, Moat: NARROW)
2026-06-20 00:04:39,348 - buffett.scanner - INFO - Progress: 110/119
2026-06-20 00:09:35+0800  [scan_slice_klse]  begin
2026-06-20 00:09:35,249 - INFO - scan_slice bucket=klse size=119
Telegram credentials not configured
Failed to initialize ML signal enhancer: 'SignalEnhancer' object has no attribute 'is_ready'
Failed to initialize ML signal enhancer: 'SignalEnhancer' object has no attribute 'is_ready'
2026-06-20 00:09:39,569 - __main__ - INFO - Starting manual Buffett Monitor scan...
2026-06-20 00:09:39,570 - buffett.scanner - INFO - Starting weekly scan...
2026-06-20 00:09:39,579 - buffett.scanner - INFO - Scanning 119 specified tickers...
2026-06-20 00:09:40,252 - buffett.scanner - ERROR - Error processing 0041.KL: '>' not supported between instances of 'str' and 'int'
2026-06-20 00:09:41,147 - buffett.scanner - INFO - 0097.KL: SELL signal (QS: 28.6, Moat: NARROW)
2026-06-20 00:09:41,593 - buffett.scanner - INFO - 0128.KL: SELL signal (QS: 28.6, Moat: NARROW)
2026-06-20 00:09:42,048 - buffett.scanner - INFO - 0138.KL: SELL signal (QS: 42.9, Moat: NARROW)
2026-06-20 00:09:42,474 - buffett.scanner - INFO - 0159.KL: SELL signal (QS: 0.0, Moat: NARROW)
2026-06-20 00:09:42,897 - buffett.scanner - INFO - 0163.KL: SELL signal (QS: 14.3, Moat: NARROW)
2026-06-20 00:09:43,327 - buffett.scanner - INFO - 0172.KL: SELL signal (QS: 28.6, Moat: NARROW)
2026-06-20 00:09:43,751 - buffett.scanner - INFO - 0182.KL: SELL signal (QS: 14.3, Moat: NARROW)
2026-06-20 00:09:43,751 - buffett.scanner - INFO - Progress: 10/119
2026-06-20 00:09:44,191 - buffett.scanner - INFO - 0193.KL: SELL signal (QS: 14.3, Moat: NARROW)
2026-06-20 00:09:44,615 - buffett.scanner - INFO - 0213.KL: SELL signal (QS: 42.9, Moat: NARROW)
2026-06-20 00:09:45,064 - buffett.scanner - INFO - 0226.KL: SELL signal (QS: 42.9, Moat: NARROW)
2026-06-20 00:09:45,547 - buffett.scanner - INFO - 0259.KL: SELL signal (QS: 28.6, Moat: NARROW)
2026-06-20 00:09:45,810 - yfinance - ERROR - HTTP Error 404: {"quoteSummary":{"result":null,"error":{"code":"Not Found","description":"Quote not found for symbol: 0294.KL"}}}
2026-06-20 00:09:45,868 - buffett.fetchers - WARNING - Alpha Vantage API key not configured
2026-06-20 00:09:45,974 - httpx - INFO - HTTP Request: GET https://www.malaysiastock.biz/Corporate-Infomation.aspx?securitycode=0294 "HTTP/1.1 302 Found"
2026-06-20 00:09:46,005 - httpx - INFO - HTTP Request: GET https://www.malaysiastock.biz/PageNotFound.aspx "HTTP/1.1 200 OK"
2026-06-20 00:09:46,029 - buffett.fetchers - INFO - Successfully scraped price for 0294 from malaysiastock.biz: RM None
2026-06-20 00:09:46,067 - buffett.scanner - INFO - 0294.KL: SELL signal (QS: 0.0, Moat: NARROW)
2026-06-20 00:09:46,565 - buffett.scanner - INFO - 03019.KL: SELL signal (QS: 42.9, Moat: NARROW)
2026-06-20 00:09:47,018 - buffett.scanner - INFO - 0311.KL: SELL signal (QS: 14.3, Moat: NARROW)
2026-06-20 00:09:47,463 - buffett.scanner - INFO - 0356.KL: SELL signal (QS: 14.3, Moat: NARROW)
2026-06-20 00:09:47,858 - buffett.scanner - INFO - 0388.KL: SELL signal (QS: 28.6, Moat: NARROW)
2026-06-20 00:09:48,255 - buffett.scanner - INFO - 0398.KL: SELL signal (QS: 14.3, Moat: NARROW)
2026-06-20 00:09:48,256 - buffett.scanner - INFO - Progress: 20/119
2026-06-20 00:09:48,722 - yfinance - ERROR - HTTP Error 404: {"quoteSummary":{"result":null,"error":{"code":"Not Found","description":"Quote not found for symbol: 0426.KL"}}}
2026-06-20 00:09:48,780 - buffett.fetchers - WARNING - Alpha Vantage API key not configured
2026-06-20 00:09:48,869 - httpx - INFO - HTTP Request: GET https://www.malaysiastock.biz/Corporate-Infomation.aspx?securitycode=0426 "HTTP/1.1 302 Found"
2026-06-20 00:09:48,900 - httpx - INFO - HTTP Request: GET https://www.malaysiastock.biz/PageNotFound.aspx "HTTP/1.1 200 OK"
2026-06-20 00:09:48,923 - buffett.fetchers - INFO - Successfully scraped price for 0426 from malaysiastock.biz: RM None
2026-06-20 00:09:48,966 - buffett.scanner - INFO - 0426.KL: SELL signal (QS: 0.0, Moat: NARROW)
2026-06-20 00:09:49,243 - yfinance - ERROR - HTTP Error 404: {"quoteSummary":{"result":null,"error":{"code":"Not Found","description":"Quote not found for symbol: 0473.KL"}}}
2026-06-20 00:09:49,305 - buffett.fetchers - WARNING - Alpha Vantage API key not configured
2026-06-20 00:09:49,378 - httpx - INFO - HTTP Request: GET https://www.malaysiastock.biz/Corporate-Infomation.aspx?securitycode=0473 "HTTP/1.1 302 Found"
2026-06-20 00:09:49,410 - httpx - INFO - HTTP Request: GET https://www.malaysiastock.biz/PageNotFound.aspx "HTTP/1.1 200 OK"
2026-06-20 00:09:49,433 - buffett.fetchers - INFO - Successfully scraped price for 0473 from malaysiastock.biz: RM None
2026-06-20 00:09:49,471 - buffett.scanner - INFO - 0473.KL: SELL signal (QS: 0.0, Moat: NARROW)
2026-06-20 00:09:49,792 - yfinance - ERROR - HTTP Error 404: {"quoteSummary":{"result":null,"error":{"code":"Not Found","description":"Quote not found for symbol: 0514.KL"}}}
2026-06-20 00:09:49,845 - buffett.fetchers - WARNING - Alpha Vantage API key not configured
2026-06-20 00:09:49,912 - httpx - INFO - HTTP Request: GET https://www.malaysiastock.biz/Corporate-Infomation.aspx?securitycode=0514 "HTTP/1.1 302 Found"
2026-06-20 00:09:49,940 - httpx - INFO - HTTP Request: GET https://www.malaysiastock.biz/PageNotFound.aspx "HTTP/1.1 200 OK"
2026-06-20 00:09:49,966 - buffett.fetchers - INFO - Successfully scraped price for 0514 from malaysiastock.biz: RM None
2026-06-20 00:09:50,006 - buffett.scanner - INFO - 0514.KL: SELL signal (QS: 0.0, Moat: NARROW)
2026-06-20 00:09:50,265 - yfinance - ERROR - HTTP Error 404: {"quoteSummary":{"result":null,"error":{"code":"Not Found","description":"Quote not found for symbol: 0525.KL"}}}
2026-06-20 00:09:50,329 - buffett.fetchers - WARNING - Alpha Vantage API key not configured
2026-06-20 00:09:50,410 - httpx - INFO - HTTP Request: GET https://www.malaysiastock.biz/Corporate-Infomation.aspx?securitycode=0525 "HTTP/1.1 302 Found"
2026-06-20 00:09:50,437 - httpx - INFO - HTTP Request: GET https://www.malaysiastock.biz/PageNotFound.aspx "HTTP/1.1 200 OK"
2026-06-20 00:09:50,470 - buffett.fetchers - INFO - Successfully scraped price for 0525 from malaysiastock.biz: RM None
2026-06-20 00:09:50,510 - buffett.scanner - INFO - 0525.KL: SELL signal (QS: 0.0, Moat: NARROW)
2026-06-20 00:09:51,000 - buffett.scanner - INFO - 1023.KL: SELL signal (QS: 42.9, Moat: NARROW)
2026-06-20 00:09:51,459 - buffett.scanner - INFO - 1066.KL: SELL signal (QS: 57.1, Moat: NARROW)
2026-06-20 00:09:51,880 - buffett.scanner - INFO - 1082.KL: SELL signal (QS: 57.1, Moat: NARROW)
2026-06-20 00:09:52,314 - buffett.scanner - INFO - 1155.KL: SELL signal (QS: 57.1, Moat: NARROW)
2026-06-20 00:09:52,738 - buffett.scanner - INFO - 1295.KL: SELL signal (QS: 42.9, Moat: NARROW)
2026-06-20 00:09:52,995 - yfinance - ERROR - HTTP Error 404: {"quoteSummary":{"result":null,"error":{"code":"Not Found","description":"Quote not found for symbol: 2282.KL"}}}
2026-06-20 00:09:53,055 - buffett.fetchers - WARNING - Alpha Vantage API key not configured
2026-06-20 00:09:53,126 - httpx - INFO - HTTP Request: GET https://www.malaysiastock.biz/Corporate-Infomation.aspx?securitycode=2282 "HTTP/1.1 302 Found"
2026-06-20 00:09:53,159 - httpx - INFO - HTTP Request: GET https://www.malaysiastock.biz/PageNotFound.aspx "HTTP/1.1 200 OK"
2026-06-20 00:09:53,185 - buffett.fetchers - INFO - Successfully scraped price for 2282 from malaysiastock.biz: RM None
2026-06-20 00:09:53,226 - buffett.scanner - INFO - 2282.KL: SELL signal (QS: 0.0, Moat: NARROW)
2026-06-20 00:09:53,226 - buffett.scanner - INFO - Progress: 30/119
2026-06-20 00:09:53,903 - yfinance - ERROR - HTTP Error 404: {"quoteSummary":{"result":null,"error":{"code":"Not Found","description":"Quote not found for symbol: 2365.KL"}}}
2026-06-20 00:09:53,962 - buffett.fetchers - WARNING - Alpha Vantage API key not configured
2026-06-20 00:09:54,042 - httpx - INFO - HTTP Request: GET https://www.malaysiastock.biz/Corporate-Infomation.aspx?securitycode=2365 "HTTP/1.1 302 Found"
2026-06-20 00:09:54,074 - httpx - INFO - HTTP Request: GET https://www.malaysiastock.biz/PageNotFound.aspx "HTTP/1.1 200 OK"
2026-06-20 00:09:54,096 - buffett.fetchers - INFO - Successfully scraped price for 2365 from malaysiastock.biz: RM None
2026-06-20 00:09:54,135 - buffett.scanner - INFO - 2365.KL: SELL signal (QS: 0.0, Moat: NARROW)
2026-06-20 00:09:54,608 - buffett.scanner - INFO - 2445.KL: SELL signal (QS: 0.0, Moat: NARROW)
2026-06-20 00:09:55,063 - buffett.scanner - INFO - 2488.KL: SELL signal (QS: 57.1, Moat: NARROW)
2026-06-20 00:09:55,494 - buffett.scanner - INFO - 3026.KL: SELL signal (QS: 0.0, Moat: NARROW)
2026-06-20 00:09:55,960 - buffett.scanner - INFO - 3034.KL: SELL signal (QS: 57.1, Moat: NARROW)
2026-06-20 00:09:56,214 - yfinance - ERROR - HTTP Error 404: {"quoteSummary":{"result":null,"error":{"code":"Not Found","description":"Quote not found for symbol: 3035.KL"}}}
2026-06-20 00:09:56,271 - buffett.fetchers - WARNING - Alpha Vantage API key not configured
2026-06-20 00:09:56,415 - httpx - INFO - HTTP Request: GET https://www.malaysiastock.biz/Corporate-Infomation.aspx?securitycode=3035 "HTTP/1.1 302 Found"
2026-06-20 00:09:56,448 - httpx - INFO - HTTP Request: GET https://www.malaysiastock.biz/PageNotFound.aspx "HTTP/1.1 200 OK"
2026-06-20 00:09:56,481 - buffett.fetchers - INFO - Successfully scraped price for 3035 from malaysiastock.biz: RM None
2026-06-20 00:09:56,525 - buffett.scanner - INFO - 3035.KL: SELL signal (QS: 0.0, Moat: NARROW)
2026-06-20 00:09:57,009 - buffett.scanner - INFO - 3182.KL: SELL signal (QS: 14.3, Moat: NARROW)
2026-06-20 00:09:57,268 - yfinance - ERROR - HTTP Error 404: {"quoteSummary":{"result":null,"error":{"code":"Not Found","description":"Quote not found for symbol: 3229.KL"}}}
2026-06-20 00:09:57,320 - buffett.fetchers - WARNING - Alpha Vantage API key not configured
2026-06-20 00:09:57,394 - httpx - INFO - HTTP Request: GET https://www.malaysiastock.biz/Corporate-Infomation.aspx?securitycode=3229 "HTTP/1.1 302 Found"
2026-06-20 00:09:57,429 - httpx - INFO - HTTP Request: GET https://www.malaysiastock.biz/PageNotFound.aspx "HTTP/1.1 200 OK"
2026-06-20 00:09:57,451 - buffett.fetchers - INFO - Successfully scraped price for 3229 from malaysiastock.biz: RM None
2026-06-20 00:09:57,487 - buffett.scanner - INFO - 3229.KL: SELL signal (QS: 0.0, Moat: NARROW)
2026-06-20 00:09:57,943 - buffett.scanner - INFO - 3395.KL: SELL signal (QS: 14.3, Moat: NARROW)
2026-06-20 00:09:57,944 - buffett.scanner - INFO - Progress: 40/119
2026-06-20 00:09:58,433 - buffett.scanner - INFO - 3816.KL: SELL signal (QS: 42.9, Moat: NARROW)
2026-06-20 00:09:59,287 - buffett.scanner - INFO - 4588.KL: SELL signal (QS: 0.0, Moat: NARROW)
2026-06-20 00:09:59,760 - buffett.scanner - INFO - 4707.KL: SELL signal (QS: 14.3, Moat: NARROW)
2026-06-20 00:10:00,266 - buffett.scanner - INFO - 4715.KL: SELL signal (QS: 28.6, Moat: NARROW)
2026-06-20 00:10:00,800 - buffett.scanner - INFO - 4723.KL: SELL signal (QS: 57.1, Moat: NARROW)
2026-06-20 00:10:01,209 - buffett.scanner - INFO - 4782.KL: SELL signal (QS: 0.0, Moat: NARROW)
2026-06-20 00:10:01,695 - buffett.scanner - INFO - 4863.KL: SELL signal (QS: 0.0, Moat: NARROW)
2026-06-20 00:10:02,214 - buffett.scanner - INFO - 5001.KL: SELL signal (QS: 0.0, Moat: NARROW)
2026-06-20 00:10:02,768 - buffett.scanner - INFO - 5005.KL: SELL signal (QS: 0.0, Moat: NARROW)
2026-06-20 00:10:02,768 - buffett.scanner - INFO - Progress: 50/119
2026-06-20 00:10:03,207 - buffett.scanner - INFO - 5014.KL: SELL signal (QS: 0.0, Moat: NARROW)
2026-06-20 00:10:04,148 - buffett.scanner - INFO - 5016.KL: SELL signal (QS: 14.3, Moat: NARROW)
2026-06-20 00:10:05,043 - buffett.scanner - INFO - 5031.KL: SELL signal (QS: 14.3, Moat: NARROW)
2026-06-20 00:10:05,977 - buffett.scanner - INFO - 5100.KL: SELL signal (QS: 57.1, Moat: NARROW)
2026-06-20 00:10:06,346 - buffett.scanner - INFO - 5108.KL: SELL signal (QS: 42.9, Moat: NARROW)
2026-06-20 00:10:06,788 - buffett.scanner - INFO - 5109.KL: SELL signal (QS: 57.1, Moat: NARROW)
2026-06-20 00:10:07,227 - buffett.scanner - INFO - Progress: 60/119
2026-06-20 00:10:07,603 - buffett.scanner - INFO - 5117.KL: SELL signal (QS: 0.0, Moat: NARROW)
2026-06-20 00:10:07,857 - yfinance - ERROR - HTTP Error 404: {"quoteSummary":{"result":null,"error":{"code":"Not Found","description":"Quote not found for symbol: 5118.KL"}}}
2026-06-20 00:10:07,913 - buffett.fetchers - WARNING - Alpha Vantage API key not configured
2026-06-20 00:10:08,006 - httpx - INFO - HTTP Request: GET https://www.malaysiastock.biz/Corporate-Infomation.aspx?securitycode=5118 "HTTP/1.1 302 Found"
2026-06-20 00:10:08,038 - httpx - INFO - HTTP Request: GET https://www.malaysiastock.biz/PageNotFound.aspx "HTTP/1.1 200 OK"
2026-06-20 00:10:08,071 - buffett.fetchers - INFO - Successfully scraped price for 5118 from malaysiastock.biz: RM None
2026-06-20 00:10:08,114 - buffett.scanner - INFO - 5118.KL: SELL signal (QS: 0.0, Moat: NARROW)
2026-06-20 00:10:08,465 - buffett.scanner - INFO - 5122.KL: SELL signal (QS: 0.0, Moat: NARROW)
2026-06-20 00:10:08,936 - buffett.scanner - INFO - 5123.KL: SELL signal (QS: 57.1, Moat: NARROW)
2026-06-20 00:10:09,947 - buffett.scanner - INFO - 5163.KL: SELL signal (QS: 42.9, Moat: NARROW)
2026-06-20 00:10:10,407 - buffett.scanner - INFO - 5166.KL: SELL signal (QS: 57.1, Moat: NARROW)
2026-06-20 00:10:10,874 - buffett.scanner - INFO - 5168.KL: SELL signal (QS: 28.6, Moat: NARROW)
2026-06-20 00:10:11,364 - buffett.scanner - INFO - 5180.KL: SELL signal (QS: 57.1, Moat: NARROW)
2026-06-20 00:10:11,627 - yfinance - ERROR - HTTP Error 404: {"quoteSummary":{"result":null,"error":{"code":"Not Found","description":"Quote not found for symbol: 5181.KL"}}}
2026-06-20 00:10:11,678 - buffett.fetchers - WARNING - Alpha Vantage API key not configured
2026-06-20 00:10:11,760 - httpx - INFO - HTTP Request: GET https://www.malaysiastock.biz/Corporate-Infomation.aspx?securitycode=5181 "HTTP/1.1 302 Found"
2026-06-20 00:10:11,794 - httpx - INFO - HTTP Request: GET https://www.malaysiastock.biz/PageNotFound.aspx "HTTP/1.1 200 OK"
2026-06-20 00:10:11,817 - buffett.fetchers - INFO - Successfully scraped price for 5181 from malaysiastock.biz: RM None
2026-06-20 00:10:11,854 - buffett.scanner - INFO - 5181.KL: SELL signal (QS: 0.0, Moat: NARROW)
2026-06-20 00:10:11,854 - buffett.scanner - INFO - Progress: 70/119
2026-06-20 00:10:12,323 - buffett.scanner - INFO - 5182.KL: SELL signal (QS: 42.9, Moat: NARROW)
2026-06-20 00:10:12,826 - buffett.scanner - INFO - 5183.KL: SELL signal (QS: 14.3, Moat: NARROW)
2026-06-20 00:10:13,292 - buffett.scanner - INFO - 5185.KL: SELL signal (QS: 57.1, Moat: NARROW)
2026-06-20 00:10:13,728 - buffett.scanner - INFO - 5188.KL: SELL signal (QS: 28.6, Moat: NARROW)
2026-06-20 00:10:14,199 - buffett.scanner - INFO - 5200.KL: SELL signal (QS: 57.1, Moat: NARROW)
2026-06-20 00:10:14,676 - buffett.scanner - INFO - 5202.KL: SELL signal (QS: 14.3, Moat: NARROW)
2026-06-20 00:10:15,273 - buffett.scanner - INFO - 5211.KL: SELL signal (QS: 57.1, Moat: NARROW)
2026-06-20 00:10:15,655 - buffett.scanner - INFO - 5215.KL: SELL signal (QS: 0.0, Moat: NARROW)
2026-06-20 00:10:16,121 - buffett.scanner - INFO - 5216.KL: SELL signal (QS: 42.9, Moat: NARROW)
2026-06-20 00:10:16,589 - buffett.scanner - INFO - 5225.KL: SELL signal (QS: 0.0, Moat: NARROW)
2026-06-20 00:10:16,589 - buffett.scanner - INFO - Progress: 80/119
2026-06-20 00:10:17,072 - buffett.scanner - INFO - 5227.KL: SELL signal (QS: 28.6, Moat: NARROW)
2026-06-20 00:10:17,528 - buffett.scanner - INFO - 5242.KL: SELL signal (QS: 57.1, Moat: NARROW)
2026-06-20 00:10:17,963 - buffett.scanner - INFO - 5246.KL: SELL signal (QS: 0.0, Moat: NARROW)
2026-06-20 00:10:18,413 - buffett.scanner - INFO - 5250.KL: SELL signal (QS: 14.3, Moat: NARROW)
2026-06-20 00:10:19,459 - buffett.scanner - INFO - 5258.KL: SELL signal (QS: 57.1, Moat: NARROW)
2026-06-20 00:10:19,716 - yfinance - ERROR - HTTP Error 404: {"quoteSummary":{"result":null,"error":{"code":"Not Found","description":"Quote not found for symbol: 5262.KL"}}}
2026-06-20 00:10:19,773 - buffett.fetchers - WARNING - Alpha Vantage API key not configured
2026-06-20 00:10:19,837 - httpx - INFO - HTTP Request: GET https://www.malaysiastock.biz/Corporate-Infomation.aspx?securitycode=5262 "HTTP/1.1 302 Found"
2026-06-20 00:10:19,865 - httpx - INFO - HTTP Request: GET https://www.malaysiastock.biz/PageNotFound.aspx "HTTP/1.1 200 OK"
2026-06-20 00:10:19,888 - buffett.fetchers - INFO - Successfully scraped price for 5262 from malaysiastock.biz: RM None
2026-06-20 00:10:19,927 - buffett.scanner - INFO - 5262.KL: SELL signal (QS: 0.0, Moat: NARROW)
2026-06-20 00:10:20,374 - buffett.scanner - INFO - 5263.KL: SELL signal (QS: 14.3, Moat: NARROW)
2026-06-20 00:10:20,766 - buffett.scanner - INFO - 5266.KL: SELL signal (QS: 0.0, Moat: NARROW)
2026-06-20 00:10:21,113 - yfinance - ERROR - HTTP Error 404: {"quoteSummary":{"result":null,"error":{"code":"Not Found","description":"Quote not found for symbol: 5270.KL"}}}
2026-06-20 00:10:21,171 - buffett.fetchers - WARNING - Alpha Vantage API key not configured
2026-06-20 00:10:21,257 - httpx - INFO - HTTP Request: GET https://www.malaysiastock.biz/Corporate-Infomation.aspx?securitycode=5270 "HTTP/1.1 200 OK"
2026-06-20 00:10:21,296 - buffett.fetchers - INFO - Successfully scraped price for 5270 from malaysiastock.biz: RM 0.505
2026-06-20 00:10:21,338 - buffett.scanner - INFO - 5270.KL: SELL signal (QS: 0.0, Moat: NARROW)
2026-06-20 00:10:21,339 - buffett.scanner - INFO - Progress: 90/119
2026-06-20 00:10:21,766 - buffett.scanner - INFO - 5288.KL: SELL signal (QS: 28.6, Moat: NARROW)
2026-06-20 00:10:22,175 - buffett.scanner - INFO - 5296.KL: SELL signal (QS: 28.6, Moat: NARROW)
2026-06-20 00:10:22,577 - buffett.scanner - INFO - 5302.KL: SELL signal (QS: 28.6, Moat: NARROW)
2026-06-20 00:10:23,025 - buffett.scanner - INFO - 5308.KL: SELL signal (QS: 42.9, Moat: NARROW)
2026-06-20 00:10:23,487 - buffett.scanner - INFO - 5347.KL: SELL signal (QS: 0.0, Moat: NARROW)
2026-06-20 00:10:23,927 - buffett.scanner - INFO - 5398.KL: SELL signal (QS: 28.6, Moat: NARROW)
2026-06-20 00:10:24,356 - buffett.scanner - INFO - 5681.KL: SELL signal (QS: 14.3, Moat: NARROW)
2026-06-20 00:10:24,612 - yfinance - ERROR - HTTP Error 404: {"quoteSummary":{"result":null,"error":{"code":"Not Found","description":"Quote not found for symbol: 5735.KL"}}}
2026-06-20 00:10:24,668 - buffett.fetchers - WARNING - Alpha Vantage API key not configured
2026-06-20 00:10:24,746 - httpx - INFO - HTTP Request: GET https://www.malaysiastock.biz/Corporate-Infomation.aspx?securitycode=5735 "HTTP/1.1 302 Found"
2026-06-20 00:10:24,775 - httpx - INFO - HTTP Request: GET https://www.malaysiastock.biz/PageNotFound.aspx "HTTP/1.1 200 OK"
2026-06-20 00:10:24,797 - buffett.fetchers - INFO - Successfully scraped price for 5735 from malaysiastock.biz: RM None
2026-06-20 00:10:24,836 - buffett.scanner - INFO - 5735.KL: SELL signal (QS: 0.0, Moat: NARROW)
2026-06-20 00:10:25,262 - buffett.scanner - INFO - 5819.KL: SELL signal (QS: 57.1, Moat: NARROW)
2026-06-20 00:10:25,524 - yfinance - ERROR - HTTP Error 404: {"quoteSummary":{"result":null,"error":{"code":"Not Found","description":"Quote not found for symbol: 5926.KL"}}}
2026-06-20 00:10:25,579 - buffett.fetchers - WARNING - Alpha Vantage API key not configured
2026-06-20 00:10:25,664 - httpx - INFO - HTTP Request: GET https://www.malaysiastock.biz/Corporate-Infomation.aspx?securitycode=5926 "HTTP/1.1 302 Found"
2026-06-20 00:10:25,692 - httpx - INFO - HTTP Request: GET https://www.malaysiastock.biz/PageNotFound.aspx "HTTP/1.1 200 OK"
2026-06-20 00:10:25,717 - buffett.fetchers - INFO - Successfully scraped price for 5926 from malaysiastock.biz: RM None
2026-06-20 00:10:25,756 - buffett.scanner - INFO - 5926.KL: SELL signal (QS: 0.0, Moat: NARROW)
2026-06-20 00:10:25,756 - buffett.scanner - INFO - Progress: 100/119
2026-06-20 00:10:26,153 - buffett.scanner - ERROR - Error processing 5932.KL: '>' not supported between instances of 'str' and 'int'
2026-06-20 00:10:26,598 - buffett.scanner - INFO - 6012.KL: SELL signal (QS: 14.3, Moat: NARROW)
2026-06-20 00:10:26,857 - yfinance - ERROR - HTTP Error 404: {"quoteSummary":{"result":null,"error":{"code":"Not Found","description":"Quote not found for symbol: 6013.KL"}}}
2026-06-20 00:10:26,927 - buffett.fetchers - WARNING - Alpha Vantage API key not configured
2026-06-20 00:10:27,010 - httpx - INFO - HTTP Request: GET https://www.malaysiastock.biz/Corporate-Infomation.aspx?securitycode=6013 "HTTP/1.1 302 Found"
2026-06-20 00:10:27,043 - httpx - INFO - HTTP Request: GET https://www.malaysiastock.biz/PageNotFound.aspx "HTTP/1.1 200 OK"
2026-06-20 00:10:27,067 - buffett.fetchers - INFO - Successfully scraped price for 6013 from malaysiastock.biz: RM None
2026-06-20 00:10:27,103 - buffett.scanner - INFO - 6013.KL: SELL signal (QS: 0.0, Moat: NARROW)
2026-06-20 00:10:27,547 - buffett.scanner - INFO - 6033.KL: SELL signal (QS: 28.6, Moat: NARROW)
2026-06-20 00:10:28,254 - yfinance - ERROR - HTTP Error 404: {"quoteSummary":{"result":null,"error":{"code":"Not Found","description":"Quote not found for symbol: 6155.KL"}}}
2026-06-20 00:10:28,308 - buffett.fetchers - WARNING - Alpha Vantage API key not configured
2026-06-20 00:10:28,424 - httpx - INFO - HTTP Request: GET https://www.malaysiastock.biz/Corporate-Infomation.aspx?securitycode=6155 "HTTP/1.1 302 Found"
2026-06-20 00:10:28,454 - httpx - INFO - HTTP Request: GET https://www.malaysiastock.biz/PageNotFound.aspx "HTTP/1.1 200 OK"
2026-06-20 00:10:28,478 - buffett.fetchers - INFO - Successfully scraped price for 6155 from malaysiastock.biz: RM None
2026-06-20 00:10:28,516 - buffett.scanner - INFO - 6155.KL: SELL signal (QS: 0.0, Moat: NARROW)
2026-06-20 00:10:28,772 - yfinance - ERROR - HTTP Error 404: {"quoteSummary":{"result":null,"error":{"code":"Not Found","description":"Quote not found for symbol: 6664.KL"}}}
2026-06-20 00:10:28,827 - buffett.fetchers - WARNING - Alpha Vantage API key not configured
2026-06-20 00:10:28,902 - httpx - INFO - HTTP Request: GET https://www.malaysiastock.biz/Corporate-Infomation.aspx?securitycode=6664 "HTTP/1.1 302 Found"
2026-06-20 00:10:28,933 - httpx - INFO - HTTP Request: GET https://www.malaysiastock.biz/PageNotFound.aspx "HTTP/1.1 200 OK"
2026-06-20 00:10:28,955 - buffett.fetchers - INFO - Successfully scraped price for 6664 from malaysiastock.biz: RM None
2026-06-20 00:10:28,994 - buffett.scanner - INFO - 6664.KL: SELL signal (QS: 0.0, Moat: NARROW)
2026-06-20 00:10:29,428 - buffett.scanner - INFO - 6742.KL: SELL signal (QS: 14.3, Moat: NARROW)
2026-06-20 00:10:29,902 - buffett.scanner - INFO - 6888.KL: SELL signal (QS: 28.6, Moat: NARROW)
2026-06-20 00:10:30,475 - buffett.scanner - INFO - 6947.KL: SELL signal (QS: 14.3, Moat: NARROW)
2026-06-20 00:10:30,475 - buffett.scanner - INFO - Progress: 110/119
2026-06-20 00:10:31,413 - buffett.scanner - INFO - 7084.KL: SELL signal (QS: 28.6, Moat: NARROW)
2026-06-20 00:10:32,339 - buffett.scanner - INFO - 7160.KL: SELL signal (QS: 14.3, Moat: NARROW)
2026-06-20 00:10:33,234 - buffett.scanner - INFO - 7195.KL: SELL signal (QS: 14.3, Moat: NARROW)
2026-06-20 00:10:33,682 - buffett.scanner - INFO - 7277.KL: SELL signal (QS: 28.6, Moat: NARROW)
2026-06-20 00:10:34,068 - yfinance - ERROR - HTTP Error 404: {"quoteSummary":{"result":null,"error":{"code":"Not Found","description":"Quote not found for symbol: 7493.KL"}}}
2026-06-20 00:10:34,132 - buffett.fetchers - WARNING - Alpha Vantage API key not configured
2026-06-20 00:10:34,206 - httpx - INFO - HTTP Request: GET https://www.malaysiastock.biz/Corporate-Infomation.aspx?securitycode=7493 "HTTP/1.1 302 Found"
2026-06-20 00:10:34,237 - httpx - INFO - HTTP Request: GET https://www.malaysiastock.biz/PageNotFound.aspx "HTTP/1.1 200 OK"
2026-06-20 00:10:34,263 - buffett.fetchers - INFO - Successfully scraped price for 7493 from malaysiastock.biz: RM None
2026-06-20 00:10:34,307 - buffett.scanner - INFO - 7493.KL: SELL signal (QS: 0.0, Moat: NARROW)
2026-06-20 00:10:34,565 - yfinance - ERROR - HTTP Error 404: {"quoteSummary":{"result":null,"error":{"code":"Not Found","description":"Quote not found for symbol: 7566.KL"}}}
2026-06-20 00:10:34,617 - buffett.fetchers - WARNING - Alpha Vantage API key not configured
2026-06-20 00:10:34,692 - httpx - INFO - HTTP Request: GET https://www.malaysiastock.biz/Corporate-Infomation.aspx?securitycode=7566 "HTTP/1.1 302 Found"
2026-06-20 00:10:34,722 - httpx - INFO - HTTP Request: GET https://www.malaysiastock.biz/PageNotFound.aspx "HTTP/1.1 200 OK"
2026-06-20 00:10:34,747 - buffett.fetchers - INFO - Successfully scraped price for 7566 from malaysiastock.biz: RM None
2026-06-20 00:10:34,784 - buffett.scanner - INFO - 7566.KL: SELL signal (QS: 0.0, Moat: NARROW)
2026-06-20 00:10:35,047 - yfinance - ERROR - HTTP Error 404: {"quoteSummary":{"result":null,"error":{"code":"Not Found","description":"Quote not found for symbol: 7874.KL"}}}
2026-06-20 00:10:35,106 - buffett.fetchers - WARNING - Alpha Vantage API key not configured
2026-06-20 00:10:35,181 - httpx - INFO - HTTP Request: GET https://www.malaysiastock.biz/Corporate-Infomation.aspx?securitycode=7874 "HTTP/1.1 302 Found"
2026-06-20 00:10:35,214 - httpx - INFO - HTTP Request: GET https://www.malaysiastock.biz/PageNotFound.aspx "HTTP/1.1 200 OK"
2026-06-20 00:10:35,245 - buffett.fetchers - INFO - Successfully scraped price for 7874 from malaysiastock.biz: RM None
2026-06-20 00:10:35,292 - buffett.scanner - INFO - 7874.KL: SELL signal (QS: 0.0, Moat: NARROW)
2026-06-20 00:10:35,292 - buffett.scanner - INFO - Scan complete. Successful: 117, Failed: 2
2026-06-20 00:10:35,292 - buffett.scanner - INFO - Signals - BUY: 0, HOLD: 13, SELL: 104, AVOID: 0
2026-06-20 00:10:35,293 - __main__ - INFO - Scan completed successfully
Database initialized at /home/shalu/buffett-monitor/data/buffett.db
Warning: No valid info returned for 0294.KL
Warning: No valid info returned for 0426.KL
Warning: No valid info returned for 0473.KL
Warning: No valid info returned for 0514.KL
Warning: No valid info returned for 0525.KL
Warning: No valid info returned for 2282.KL
Warning: No valid info returned for 2365.KL
Warning: No valid info returned for 3035.KL
Warning: No valid info returned for 3229.KL
Warning: No valid info returned for 5118.KL
Warning: No valid info returned for 5181.KL
Warning: No valid info returned for 5262.KL
Warning: No valid info returned for 5270.KL
Warning: No valid info returned for 5735.KL
Warning: No valid info returned for 5926.KL
Warning: No valid info returned for 6013.KL
Warning: No valid info returned for 6155.KL
Warning: No valid info returned for 6664.KL
Warning: No valid info returned for 7493.KL
Warning: No valid info returned for 7566.KL
Warning: No valid info returned for 7874.KL

=== BUFFETT MONITOR SCAN RESULTS ===
Date: 2026-06-20
Total tickers: 119
Successful: 117
Failed: 2
Signals - BUY: 0, HOLD: 13, SELL: 104, AVOID: 0

Errors (2):
  - 0041.KL: '>' not supported between instances of 'str' and 'int'
  - 5932.KL: '>' not supported between instances of 'str' and 'int'
2026-06-20 00:10:36,426 - INFO - scan_slice bucket=klse size=119 exit=0 dur=61.2s
2026-06-20 00:40:38+0800  [scan_slice_klse]  begin
2026-06-20 00:40:38,909 - INFO - scan_slice bucket=klse size=119
Telegram credentials not configured
Failed to initialize ML signal enhancer: 'SignalEnhancer' object has no attribute 'is_ready'
Failed to initialize ML signal enhancer: 'SignalEnhancer' object has no attribute 'is_ready'
2026-06-20 00:40:43,271 - __main__ - INFO - Starting manual Buffett Monitor scan...
2026-06-20 00:40:43,271 - buffett.scanner - INFO - Starting weekly scan...
2026-06-20 00:40:43,280 - buffett.scanner - INFO - Scanning 119 specified tickers...
2026-06-20 00:40:43,971 - buffett.scanner - ERROR - Error processing 0041.KL: '>' not supported between instances of 'str' and 'int'
2026-06-20 00:40:44,838 - buffett.scanner - INFO - 0097.KL: SELL signal (QS: 28.6, Moat: NARROW)
2026-06-20 00:40:45,255 - buffett.scanner - INFO - 0128.KL: SELL signal (QS: 28.6, Moat: NARROW)
2026-06-20 00:40:45,717 - buffett.scanner - INFO - 0138.KL: SELL signal (QS: 42.9, Moat: NARROW)
2026-06-20 00:40:46,131 - buffett.scanner - INFO - 0159.KL: SELL signal (QS: 0.0, Moat: NARROW)
2026-06-20 00:40:46,545 - buffett.scanner - INFO - 0163.KL: SELL signal (QS: 14.3, Moat: NARROW)
2026-06-20 00:40:46,939 - buffett.scanner - INFO - 0172.KL: SELL signal (QS: 28.6, Moat: NARROW)
2026-06-20 00:40:47,341 - buffett.scanner - INFO - 0182.KL: SELL signal (QS: 14.3, Moat: NARROW)
2026-06-20 00:40:47,341 - buffett.scanner - INFO - Progress: 10/119
2026-06-20 00:40:47,771 - buffett.scanner - INFO - 0193.KL: SELL signal (QS: 14.3, Moat: NARROW)
2026-06-20 00:40:48,190 - buffett.scanner - INFO - 0213.KL: SELL signal (QS: 42.9, Moat: NARROW)
2026-06-20 00:40:48,600 - buffett.scanner - INFO - 0226.KL: SELL signal (QS: 42.9, Moat: NARROW)
2026-06-20 00:40:48,989 - buffett.scanner - INFO - 0259.KL: SELL signal (QS: 28.6, Moat: NARROW)
2026-06-20 00:40:49,238 - yfinance - ERROR - HTTP Error 404: {"quoteSummary":{"result":null,"error":{"code":"Not Found","description":"Quote not found for symbol: 0294.KL"}}}
2026-06-20 00:40:49,300 - buffett.fetchers - WARNING - Alpha Vantage API key not configured
2026-06-20 00:40:49,427 - httpx - INFO - HTTP Request: GET https://www.malaysiastock.biz/Corporate-Infomation.aspx?securitycode=0294 "HTTP/1.1 302 Found"
2026-06-20 00:40:49,458 - httpx - INFO - HTTP Request: GET https://www.malaysiastock.biz/PageNotFound.aspx "HTTP/1.1 200 OK"
2026-06-20 00:40:49,482 - buffett.fetchers - INFO - Successfully scraped price for 0294 from malaysiastock.biz: RM None
2026-06-20 00:40:49,521 - buffett.scanner - INFO - 0294.KL: SELL signal (QS: 0.0, Moat: NARROW)
2026-06-20 00:40:49,947 - buffett.scanner - INFO - 03019.KL: SELL signal (QS: 42.9, Moat: NARROW)
2026-06-20 00:40:50,431 - buffett.scanner - INFO - 0311.KL: SELL signal (QS: 14.3, Moat: NARROW)
2026-06-20 00:40:50,879 - buffett.scanner - INFO - 0356.KL: SELL signal (QS: 14.3, Moat: NARROW)
2026-06-20 00:40:51,274 - buffett.scanner - INFO - 0388.KL: SELL signal (QS: 28.6, Moat: NARROW)
2026-06-20 00:40:51,658 - buffett.scanner - INFO - 0398.KL: SELL signal (QS: 14.3, Moat: NARROW)
2026-06-20 00:40:51,658 - buffett.scanner - INFO - Progress: 20/119
2026-06-20 00:40:51,908 - yfinance - ERROR - HTTP Error 404: {"quoteSummary":{"result":null,"error":{"code":"Not Found","description":"Quote not found for symbol: 0426.KL"}}}
2026-06-20 00:40:51,968 - buffett.fetchers - WARNING - Alpha Vantage API key not configured
2026-06-20 00:40:52,051 - httpx - INFO - HTTP Request: GET https://www.malaysiastock.biz/Corporate-Infomation.aspx?securitycode=0426 "HTTP/1.1 302 Found"
2026-06-20 00:40:52,079 - httpx - INFO - HTTP Request: GET https://www.malaysiastock.biz/PageNotFound.aspx "HTTP/1.1 200 OK"
2026-06-20 00:40:52,102 - buffett.fetchers - INFO - Successfully scraped price for 0426 from malaysiastock.biz: RM None
2026-06-20 00:40:52,141 - buffett.scanner - INFO - 0426.KL: SELL signal (QS: 0.0, Moat: NARROW)
2026-06-20 00:40:52,597 - yfinance - ERROR - HTTP Error 404: {"quoteSummary":{"result":null,"error":{"code":"Not Found","description":"Quote not found for symbol: 0473.KL"}}}
2026-06-20 00:40:52,664 - buffett.fetchers - WARNING - Alpha Vantage API key not configured
2026-06-20 00:40:52,724 - httpx - INFO - HTTP Request: GET https://www.malaysiastock.biz/Corporate-Infomation.aspx?securitycode=0473 "HTTP/1.1 302 Found"
2026-06-20 00:40:52,751 - httpx - INFO - HTTP Request: GET https://www.malaysiastock.biz/PageNotFound.aspx "HTTP/1.1 200 OK"
2026-06-20 00:40:52,773 - buffett.fetchers - INFO - Successfully scraped price for 0473 from malaysiastock.biz: RM None
2026-06-20 00:40:52,818 - buffett.scanner - INFO - 0473.KL: SELL signal (QS: 0.0, Moat: NARROW)
2026-06-20 00:40:53,075 - yfinance - ERROR - HTTP Error 404: {"quoteSummary":{"result":null,"error":{"code":"Not Found","description":"Quote not found for symbol: 0514.KL"}}}
2026-06-20 00:40:53,131 - buffett.fetchers - WARNING - Alpha Vantage API key not configured
2026-06-20 00:40:53,202 - httpx - INFO - HTTP Request: GET https://www.malaysiastock.biz/Corporate-Infomation.aspx?securitycode=0514 "HTTP/1.1 302 Found"
2026-06-20 00:40:53,235 - httpx - INFO - HTTP Request: GET https://www.malaysiastock.biz/PageNotFound.aspx "HTTP/1.1 200 OK"
2026-06-20 00:40:53,262 - buffett.fetchers - INFO - Successfully scraped price for 0514 from malaysiastock.biz: RM None
2026-06-20 00:40:53,301 - buffett.scanner - INFO - 0514.KL: SELL signal (QS: 0.0, Moat: NARROW)
2026-06-20 00:40:53,557 - yfinance - ERROR - HTTP Error 404: {"quoteSummary":{"result":null,"error":{"code":"Not Found","description":"Quote not found for symbol: 0525.KL"}}}
2026-06-20 00:40:53,620 - buffett.fetchers - WARNING - Alpha Vantage API key not configured
2026-06-20 00:40:53,701 - httpx - INFO - HTTP Request: GET https://www.malaysiastock.biz/Corporate-Infomation.aspx?securitycode=0525 "HTTP/1.1 302 Found"
2026-06-20 00:40:53,733 - httpx - INFO - HTTP Request: GET https://www.malaysiastock.biz/PageNotFound.aspx "HTTP/1.1 200 OK"
2026-06-20 00:40:53,756 - buffett.fetchers - INFO - Successfully scraped price for 0525 from malaysiastock.biz: RM None
2026-06-20 00:40:53,801 - buffett.scanner - INFO - 0525.KL: SELL signal (QS: 0.0, Moat: NARROW)
2026-06-20 00:40:54,279 - buffett.scanner - INFO - 1023.KL: SELL signal (QS: 42.9, Moat: NARROW)
2026-06-20 00:40:54,728 - buffett.scanner - INFO - 1066.KL: SELL signal (QS: 57.1, Moat: NARROW)
2026-06-20 00:40:55,200 - buffett.scanner - INFO - 1082.KL: SELL signal (QS: 57.1, Moat: NARROW)
2026-06-20 00:40:55,691 - buffett.scanner - INFO - 1155.KL: SELL signal (QS: 57.1, Moat: NARROW)
2026-06-20 00:40:56,154 - buffett.scanner - INFO - 1295.KL: SELL signal (QS: 42.9, Moat: NARROW)
2026-06-20 00:40:56,411 - yfinance - ERROR - HTTP Error 404: {"quoteSummary":{"result":null,"error":{"code":"Not Found","description":"Quote not found for symbol: 2282.KL"}}}
2026-06-20 00:40:56,465 - buffett.fetchers - WARNING - Alpha Vantage API key not configured
2026-06-20 00:40:56,573 - httpx - INFO - HTTP Request: GET https://www.malaysiastock.biz/Corporate-Infomation.aspx?securitycode=2282 "HTTP/1.1 302 Found"
2026-06-20 00:40:56,608 - httpx - INFO - HTTP Request: GET https://www.malaysiastock.biz/PageNotFound.aspx "HTTP/1.1 200 OK"
2026-06-20 00:40:56,633 - buffett.fetchers - INFO - Successfully scraped price for 2282 from malaysiastock.biz: RM None
2026-06-20 00:40:56,672 - buffett.scanner - INFO - 2282.KL: SELL signal (QS: 0.0, Moat: NARROW)
2026-06-20 00:40:56,672 - buffett.scanner - INFO - Progress: 30/119
2026-06-20 00:40:57,344 - yfinance - ERROR - HTTP Error 404: {"quoteSummary":{"result":null,"error":{"code":"Not Found","description":"Quote not found for symbol: 2365.KL"}}}
2026-06-20 00:40:57,402 - buffett.fetchers - WARNING - Alpha Vantage API key not configured
2026-06-20 00:40:57,493 - httpx - INFO - HTTP Request: GET https://www.malaysiastock.biz/Corporate-Infomation.aspx?securitycode=2365 "HTTP/1.1 302 Found"
2026-06-20 00:40:57,523 - httpx - INFO - HTTP Request: GET https://www.malaysiastock.biz/PageNotFound.aspx "HTTP/1.1 200 OK"
2026-06-20 00:40:57,545 - buffett.fetchers - INFO - Successfully scraped price for 2365 from malaysiastock.biz: RM None
2026-06-20 00:40:57,584 - buffett.scanner - INFO - 2365.KL: SELL signal (QS: 0.0, Moat: NARROW)
2026-06-20 00:40:58,042 - buffett.scanner - INFO - 2445.KL: SELL signal (QS: 0.0, Moat: NARROW)
2026-06-20 00:40:58,445 - buffett.scanner - INFO - 2488.KL: SELL signal (QS: 57.1, Moat: NARROW)
2026-06-20 00:40:58,853 - buffett.scanner - INFO - 3026.KL: SELL signal (QS: 0.0, Moat: NARROW)
2026-06-20 00:40:59,280 - buffett.scanner - INFO - 3034.KL: SELL signal (QS: 57.1, Moat: NARROW)
2026-06-20 00:40:59,533 - yfinance - ERROR - HTTP Error 404: {"quoteSummary":{"result":null,"error":{"code":"Not Found","description":"Quote not found for symbol: 3035.KL"}}}
2026-06-20 00:40:59,591 - buffett.fetchers - WARNING - Alpha Vantage API key not configured
2026-06-20 00:40:59,667 - httpx - INFO - HTTP Request: GET https://www.malaysiastock.biz/Corporate-Infomation.aspx?securitycode=3035 "HTTP/1.1 302 Found"
2026-06-20 00:40:59,694 - httpx - INFO - HTTP Request: GET https://www.malaysiastock.biz/PageNotFound.aspx "HTTP/1.1 200 OK"
2026-06-20 00:40:59,717 - buffett.fetchers - INFO - Successfully scraped price for 3035 from malaysiastock.biz: RM None
2026-06-20 00:40:59,755 - buffett.scanner - INFO - 3035.KL: SELL signal (QS: 0.0, Moat: NARROW)
2026-06-20 00:41:00,247 - buffett.scanner - INFO - 3182.KL: SELL signal (QS: 14.3, Moat: NARROW)
2026-06-20 00:41:00,494 - yfinance - ERROR - HTTP Error 404: {"quoteSummary":{"result":null,"error":{"code":"Not Found","description":"Quote not found for symbol: 3229.KL"}}}
2026-06-20 00:41:00,562 - buffett.fetchers - WARNING - Alpha Vantage API key not configured
2026-06-20 00:41:00,642 - httpx - INFO - HTTP Request: GET https://www.malaysiastock.biz/Corporate-Infomation.aspx?securitycode=3229 "HTTP/1.1 302 Found"
2026-06-20 00:41:00,669 - httpx - INFO - HTTP Request: GET https://www.malaysiastock.biz/PageNotFound.aspx "HTTP/1.1 200 OK"
2026-06-20 00:41:00,700 - buffett.fetchers - INFO - Successfully scraped price for 3229 from malaysiastock.biz: RM None
2026-06-20 00:41:00,739 - buffett.scanner - INFO - 3229.KL: SELL signal (QS: 0.0, Moat: NARROW)
2026-06-20 00:41:01,183 - buffett.scanner - INFO - 3395.KL: SELL signal (QS: 14.3, Moat: NARROW)
2026-06-20 00:41:01,183 - buffett.scanner - INFO - Progress: 40/119
2026-06-20 00:41:01,705 - buffett.scanner - INFO - 3816.KL: SELL signal (QS: 42.9, Moat: NARROW)
2026-06-20 00:41:02,535 - buffett.scanner - INFO - 4588.KL: SELL signal (QS: 0.0, Moat: NARROW)
2026-06-20 00:41:02,987 - buffett.scanner - INFO - 4707.KL: SELL signal (QS: 14.3, Moat: NARROW)
2026-06-20 00:41:03,446 - buffett.scanner - INFO - 4715.KL: SELL signal (QS: 28.6, Moat: NARROW)
2026-06-20 00:41:03,899 - buffett.scanner - INFO - 4723.KL: SELL signal (QS: 57.1, Moat: NARROW)
2026-06-20 00:41:04,293 - buffett.scanner - INFO - 4782.KL: SELL signal (QS: 0.0, Moat: NARROW)
2026-06-20 00:41:04,706 - buffett.scanner - INFO - 4863.KL: SELL signal (QS: 0.0, Moat: NARROW)
2026-06-20 00:41:05,183 - buffett.scanner - INFO - 5001.KL: SELL signal (QS: 0.0, Moat: NARROW)
2026-06-20 00:41:05,663 - buffett.scanner - INFO - 5005.KL: SELL signal (QS: 0.0, Moat: NARROW)
2026-06-20 00:41:05,663 - buffett.scanner - INFO - Progress: 50/119
2026-06-20 00:41:06,039 - buffett.scanner - INFO - 5014.KL: SELL signal (QS: 0.0, Moat: NARROW)
2026-06-20 00:41:07,035 - buffett.scanner - INFO - 5016.KL: SELL signal (QS: 14.3, Moat: NARROW)
2026-06-20 00:41:07,943 - buffett.scanner - INFO - 5031.KL: SELL signal (QS: 14.3, Moat: NARROW)
2026-06-20 00:41:08,862 - buffett.scanner - INFO - 5100.KL: SELL signal (QS: 57.1, Moat: NARROW)
2026-06-20 00:41:09,231 - buffett.scanner - INFO - 5108.KL: SELL signal (QS: 42.9, Moat: NARROW)
2026-06-20 00:41:09,642 - buffett.scanner - INFO - 5109.KL: SELL signal (QS: 57.1, Moat: NARROW)
2026-06-20 00:41:10,038 - buffett.scanner - INFO - Progress: 60/119
2026-06-20 00:41:10,427 - buffett.scanner - INFO - 5117.KL: SELL signal (QS: 0.0, Moat: NARROW)
2026-06-20 00:41:10,678 - yfinance - ERROR - HTTP Error 404: {"quoteSummary":{"result":null,"error":{"code":"Not Found","description":"Quote not found for symbol: 5118.KL"}}}
2026-06-20 00:41:10,733 - buffett.fetchers - WARNING - Alpha Vantage API key not configured
2026-06-20 00:41:10,814 - httpx - INFO - HTTP Request: GET https://www.malaysiastock.biz/Corporate-Infomation.aspx?securitycode=5118 "HTTP/1.1 302 Found"
2026-06-20 00:41:10,846 - httpx - INFO - HTTP Request: GET https://www.malaysiastock.biz/PageNotFound.aspx "HTTP/1.1 200 OK"
2026-06-20 00:41:10,868 - buffett.fetchers - INFO - Successfully scraped price for 5118 from malaysiastock.biz: RM None
2026-06-20 00:41:10,905 - buffett.scanner - INFO - 5118.KL: SELL signal (QS: 0.0, Moat: NARROW)
2026-06-20 00:41:11,254 - buffett.scanner - INFO - 5122.KL: SELL signal (QS: 0.0, Moat: NARROW)
2026-06-20 00:41:11,783 - buffett.scanner - INFO - 5123.KL: SELL signal (QS: 57.1, Moat: NARROW)
2026-06-20 00:41:12,675 - buffett.scanner - INFO - 5163.KL: SELL signal (QS: 42.9, Moat: NARROW)
2026-06-20 00:41:13,114 - buffett.scanner - INFO - 5166.KL: SELL signal (QS: 57.1, Moat: NARROW)
2026-06-20 00:41:13,622 - buffett.scanner - INFO - 5168.KL: SELL signal (QS: 28.6, Moat: NARROW)
2026-06-20 00:41:14,031 - buffett.scanner - INFO - 5180.KL: SELL signal (QS: 57.1, Moat: NARROW)
2026-06-20 00:41:14,278 - yfinance - ERROR - HTTP Error 404: {"quoteSummary":{"result":null,"error":{"code":"Not Found","description":"Quote not found for symbol: 5181.KL"}}}
2026-06-20 00:41:14,330 - buffett.fetchers - WARNING - Alpha Vantage API key not configured
2026-06-20 00:41:14,401 - httpx - INFO - HTTP Request: GET https://www.malaysiastock.biz/Corporate-Infomation.aspx?securitycode=5181 "HTTP/1.1 302 Found"
2026-06-20 00:41:14,432 - httpx - INFO - HTTP Request: GET https://www.malaysiastock.biz/PageNotFound.aspx "HTTP/1.1 200 OK"
2026-06-20 00:41:14,455 - buffett.fetchers - INFO - Successfully scraped price for 5181 from malaysiastock.biz: RM None
2026-06-20 00:41:14,491 - buffett.scanner - INFO - 5181.KL: SELL signal (QS: 0.0, Moat: NARROW)
2026-06-20 00:41:14,491 - buffett.scanner - INFO - Progress: 70/119
2026-06-20 00:41:14,909 - buffett.scanner - INFO - 5182.KL: SELL signal (QS: 42.9, Moat: NARROW)
2026-06-20 00:41:15,415 - buffett.scanner - INFO - 5183.KL: SELL signal (QS: 14.3, Moat: NARROW)
2026-06-20 00:41:15,882 - buffett.scanner - INFO - 5185.KL: SELL signal (QS: 57.1, Moat: NARROW)
2026-06-20 00:41:16,322 - buffett.scanner - INFO - 5188.KL: SELL signal (QS: 28.6, Moat: NARROW)
2026-06-20 00:41:16,788 - buffett.scanner - INFO - 5200.KL: SELL signal (QS: 57.1, Moat: NARROW)
2026-06-20 00:41:17,237 - buffett.scanner - INFO - 5202.KL: SELL signal (QS: 14.3, Moat: NARROW)
2026-06-20 00:41:17,710 - buffett.scanner - INFO - 5211.KL: SELL signal (QS: 57.1, Moat: NARROW)
2026-06-20 00:41:18,124 - buffett.scanner - INFO - 5215.KL: SELL signal (QS: 0.0, Moat: NARROW)
2026-06-20 00:41:18,606 - buffett.scanner - INFO - 5216.KL: SELL signal (QS: 42.9, Moat: NARROW)
2026-06-20 00:41:19,054 - buffett.scanner - INFO - 5225.KL: SELL signal (QS: 0.0, Moat: NARROW)
2026-06-20 00:41:19,054 - buffett.scanner - INFO - Progress: 80/119
2026-06-20 00:41:19,477 - buffett.scanner - INFO - 5227.KL: SELL signal (QS: 28.6, Moat: NARROW)
2026-06-20 00:41:19,882 - buffett.scanner - INFO - 5242.KL: SELL signal (QS: 57.1, Moat: NARROW)
2026-06-20 00:41:20,317 - buffett.scanner - INFO - 5246.KL: SELL signal (QS: 0.0, Moat: NARROW)
2026-06-20 00:41:20,722 - buffett.scanner - INFO - 5250.KL: SELL signal (QS: 14.3, Moat: NARROW)
2026-06-20 00:41:21,617 - buffett.scanner - INFO - 5258.KL: SELL signal (QS: 57.1, Moat: NARROW)
2026-06-20 00:41:21,868 - yfinance - ERROR - HTTP Error 404: {"quoteSummary":{"result":null,"error":{"code":"Not Found","description":"Quote not found for symbol: 5262.KL"}}}
2026-06-20 00:41:21,926 - buffett.fetchers - WARNING - Alpha Vantage API key not configured
2026-06-20 00:41:21,997 - httpx - INFO - HTTP Request: GET https://www.malaysiastock.biz/Corporate-Infomation.aspx?securitycode=5262 "HTTP/1.1 302 Found"
2026-06-20 00:41:22,028 - httpx - INFO - HTTP Request: GET https://www.malaysiastock.biz/PageNotFound.aspx "HTTP/1.1 200 OK"
2026-06-20 00:41:22,051 - buffett.fetchers - INFO - Successfully scraped price for 5262 from malaysiastock.biz: RM None
2026-06-20 00:41:22,090 - buffett.scanner - INFO - 5262.KL: SELL signal (QS: 0.0, Moat: NARROW)
2026-06-20 00:41:22,541 - buffett.scanner - INFO - 5263.KL: SELL signal (QS: 14.3, Moat: NARROW)
2026-06-20 00:41:22,936 - buffett.scanner - INFO - 5266.KL: SELL signal (QS: 0.0, Moat: NARROW)
2026-06-20 00:41:23,188 - yfinance - ERROR - HTTP Error 404: {"quoteSummary":{"result":null,"error":{"code":"Not Found","description":"Quote not found for symbol: 5270.KL"}}}
2026-06-20 00:41:23,246 - buffett.fetchers - WARNING - Alpha Vantage API key not configured
2026-06-20 00:41:23,326 - httpx - INFO - HTTP Request: GET https://www.malaysiastock.biz/Corporate-Infomation.aspx?securitycode=5270 "HTTP/1.1 200 OK"
2026-06-20 00:41:23,377 - buffett.fetchers - INFO - Successfully scraped price for 5270 from malaysiastock.biz: RM 0.505
2026-06-20 00:41:23,417 - buffett.scanner - INFO - 5270.KL: SELL signal (QS: 0.0, Moat: NARROW)
2026-06-20 00:41:23,417 - buffett.scanner - INFO - Progress: 90/119
2026-06-20 00:41:23,880 - buffett.scanner - INFO - 5288.KL: SELL signal (QS: 28.6, Moat: NARROW)
2026-06-20 00:41:24,319 - buffett.scanner - INFO - 5296.KL: SELL signal (QS: 28.6, Moat: NARROW)
2026-06-20 00:41:24,699 - buffett.scanner - INFO - 5302.KL: SELL signal (QS: 28.6, Moat: NARROW)
2026-06-20 00:41:25,158 - buffett.scanner - INFO - 5308.KL: SELL signal (QS: 42.9, Moat: NARROW)
2026-06-20 00:41:25,578 - buffett.scanner - INFO - 5347.KL: SELL signal (QS: 0.0, Moat: NARROW)
2026-06-20 00:41:26,013 - buffett.scanner - INFO - 5398.KL: SELL signal (QS: 28.6, Moat: NARROW)
2026-06-20 00:41:26,471 - buffett.scanner - INFO - 5681.KL: SELL signal (QS: 14.3, Moat: NARROW)
2026-06-20 00:41:26,723 - yfinance - ERROR - HTTP Error 404: {"quoteSummary":{"result":null,"error":{"code":"Not Found","description":"Quote not found for symbol: 5735.KL"}}}
2026-06-20 00:41:26,778 - buffett.fetchers - WARNING - Alpha Vantage API key not configured
2026-06-20 00:41:26,851 - httpx - INFO - HTTP Request: GET https://www.malaysiastock.biz/Corporate-Infomation.aspx?securitycode=5735 "HTTP/1.1 302 Found"
2026-06-20 00:41:26,883 - httpx - INFO - HTTP Request: GET https://www.malaysiastock.biz/PageNotFound.aspx "HTTP/1.1 200 OK"
2026-06-20 00:41:26,905 - buffett.fetchers - INFO - Successfully scraped price for 5735 from malaysiastock.biz: RM None
2026-06-20 00:41:26,943 - buffett.scanner - INFO - 5735.KL: SELL signal (QS: 0.0, Moat: NARROW)
2026-06-20 00:41:27,352 - buffett.scanner - INFO - 5819.KL: SELL signal (QS: 57.1, Moat: NARROW)
2026-06-20 00:41:27,612 - yfinance - ERROR - HTTP Error 404: {"quoteSummary":{"result":null,"error":{"code":"Not Found","description":"Quote not found for symbol: 5926.KL"}}}
2026-06-20 00:41:27,665 - buffett.fetchers - WARNING - Alpha Vantage API key not configured
2026-06-20 00:41:27,745 - httpx - INFO - HTTP Request: GET https://www.malaysiastock.biz/Corporate-Infomation.aspx?securitycode=5926 "HTTP/1.1 302 Found"
2026-06-20 00:41:27,773 - httpx - INFO - HTTP Request: GET https://www.malaysiastock.biz/PageNotFound.aspx "HTTP/1.1 200 OK"
2026-06-20 00:41:27,798 - buffett.fetchers - INFO - Successfully scraped price for 5926 from malaysiastock.biz: RM None
2026-06-20 00:41:27,835 - buffett.scanner - INFO - 5926.KL: SELL signal (QS: 0.0, Moat: NARROW)
2026-06-20 00:41:27,835 - buffett.scanner - INFO - Progress: 100/119
2026-06-20 00:41:28,243 - buffett.scanner - ERROR - Error processing 5932.KL: '>' not supported between instances of 'str' and 'int'
2026-06-20 00:41:28,670 - buffett.scanner - INFO - 6012.KL: SELL signal (QS: 14.3, Moat: NARROW)
2026-06-20 00:41:28,929 - yfinance - ERROR - HTTP Error 404: {"quoteSummary":{"result":null,"error":{"code":"Not Found","description":"Quote not found for symbol: 6013.KL"}}}
2026-06-20 00:41:28,983 - buffett.fetchers - WARNING - Alpha Vantage API key not configured
2026-06-20 00:41:29,059 - httpx - INFO - HTTP Request: GET https://www.malaysiastock.biz/Corporate-Infomation.aspx?securitycode=6013 "HTTP/1.1 302 Found"
2026-06-20 00:41:29,092 - httpx - INFO - HTTP Request: GET https://www.malaysiastock.biz/PageNotFound.aspx "HTTP/1.1 200 OK"
2026-06-20 00:41:29,124 - buffett.fetchers - INFO - Successfully scraped price for 6013 from malaysiastock.biz: RM None
2026-06-20 00:41:29,161 - buffett.scanner - INFO - 6013.KL: SELL signal (QS: 0.0, Moat: NARROW)
2026-06-20 00:41:29,654 - buffett.scanner - INFO - 6033.KL: SELL signal (QS: 28.6, Moat: NARROW)
2026-06-20 00:41:30,308 - yfinance - ERROR - HTTP Error 404: {"quoteSummary":{"result":null,"error":{"code":"Not Found","description":"Quote not found for symbol: 6155.KL"}}}
2026-06-20 00:41:30,360 - buffett.fetchers - WARNING - Alpha Vantage API key not configured
2026-06-20 00:41:30,438 - httpx - INFO - HTTP Request: GET https://www.malaysiastock.biz/Corporate-Infomation.aspx?securitycode=6155 "HTTP/1.1 302 Found"
2026-06-20 00:41:30,470 - httpx - INFO - HTTP Request: GET https://www.malaysiastock.biz/PageNotFound.aspx "HTTP/1.1 200 OK"
2026-06-20 00:41:30,493 - buffett.fetchers - INFO - Successfully scraped price for 6155 from malaysiastock.biz: RM None
2026-06-20 00:41:30,529 - buffett.scanner - INFO - 6155.KL: SELL signal (QS: 0.0, Moat: NARROW)
2026-06-20 00:41:30,792 - yfinance - ERROR - HTTP Error 404: {"quoteSummary":{"result":null,"error":{"code":"Not Found","description":"Quote not found for symbol: 6664.KL"}}}
2026-06-20 00:41:30,847 - buffett.fetchers - WARNING - Alpha Vantage API key not configured
2026-06-20 00:41:30,907 - httpx - INFO - HTTP Request: GET https://www.malaysiastock.biz/Corporate-Infomation.aspx?securitycode=6664 "HTTP/1.1 302 Found"
2026-06-20 00:41:30,934 - httpx - INFO - HTTP Request: GET https://www.malaysiastock.biz/PageNotFound.aspx "HTTP/1.1 200 OK"
2026-06-20 00:41:30,955 - buffett.fetchers - INFO - Successfully scraped price for 6664 from malaysiastock.biz: RM None
2026-06-20 00:41:30,995 - buffett.scanner - INFO - 6664.KL: SELL signal (QS: 0.0, Moat: NARROW)
2026-06-20 00:41:31,456 - buffett.scanner - INFO - 6742.KL: SELL signal (QS: 14.3, Moat: NARROW)
2026-06-20 00:41:31,870 - buffett.scanner - INFO - 6888.KL: SELL signal (QS: 28.6, Moat: NARROW)
2026-06-20 00:41:32,298 - buffett.scanner - INFO - 6947.KL: SELL signal (QS: 14.3, Moat: NARROW)
2026-06-20 00:41:32,298 - buffett.scanner - INFO - Progress: 110/119
2026-06-20 00:41:33,125 - buffett.scanner - INFO - 7084.KL: SELL signal (QS: 28.6, Moat: NARROW)
2026-06-20 00:41:33,921 - buffett.scanner - INFO - 7160.KL: SELL signal (QS: 14.3, Moat: NARROW)
2026-06-20 00:41:34,826 - buffett.scanner - INFO - 7195.KL: SELL signal (QS: 14.3, Moat: NARROW)
2026-06-20 00:41:35,253 - buffett.scanner - INFO - 7277.KL: SELL signal (QS: 28.6, Moat: NARROW)
2026-06-20 00:41:35,513 - yfinance - ERROR - HTTP Error 404: {"quoteSummary":{"result":null,"error":{"code":"Not Found","description":"Quote not found for symbol: 7493.KL"}}}
2026-06-20 00:41:35,576 - buffett.fetchers - WARNING - Alpha Vantage API key not configured
2026-06-20 00:41:35,646 - httpx - INFO - HTTP Request: GET https://www.malaysiastock.biz/Corporate-Infomation.aspx?securitycode=7493 "HTTP/1.1 302 Found"
2026-06-20 00:41:35,677 - httpx - INFO - HTTP Request: GET https://www.malaysiastock.biz/PageNotFound.aspx "HTTP/1.1 200 OK"
2026-06-20 00:41:35,699 - buffett.fetchers - INFO - Successfully scraped price for 7493 from malaysiastock.biz: RM None
2026-06-20 00:41:35,738 - buffett.scanner - INFO - 7493.KL: SELL signal (QS: 0.0, Moat: NARROW)
2026-06-20 00:41:36,001 - yfinance - ERROR - HTTP Error 404: {"quoteSummary":{"result":null,"error":{"code":"Not Found","description":"Quote not found for symbol: 7566.KL"}}}
2026-06-20 00:41:36,061 - buffett.fetchers - WARNING - Alpha Vantage API key not configured
2026-06-20 00:41:36,141 - httpx - INFO - HTTP Request: GET https://www.malaysiastock.biz/Corporate-Infomation.aspx?securitycode=7566 "HTTP/1.1 302 Found"
2026-06-20 00:41:36,168 - httpx - INFO - HTTP Request: GET https://www.malaysiastock.biz/PageNotFound.aspx "HTTP/1.1 200 OK"
2026-06-20 00:41:36,194 - buffett.fetchers - INFO - Successfully scraped price for 7566 from malaysiastock.biz: RM None
2026-06-20 00:41:36,233 - buffett.scanner - INFO - 7566.KL: SELL signal (QS: 0.0, Moat: NARROW)
2026-06-20 00:41:36,484 - yfinance - ERROR - HTTP Error 404: {"quoteSummary":{"result":null,"error":{"code":"Not Found","description":"Quote not found for symbol: 7874.KL"}}}
2026-06-20 00:41:36,546 - buffett.fetchers - WARNING - Alpha Vantage API key not configured
2026-06-20 00:41:36,653 - httpx - INFO - HTTP Request: GET https://www.malaysiastock.biz/Corporate-Infomation.aspx?securitycode=7874 "HTTP/1.1 302 Found"
2026-06-20 00:41:36,680 - httpx - INFO - HTTP Request: GET https://www.malaysiastock.biz/PageNotFound.aspx "HTTP/1.1 200 OK"
2026-06-20 00:41:36,702 - buffett.fetchers - INFO - Successfully scraped price for 7874 from malaysiastock.biz: RM None
2026-06-20 00:41:36,741 - buffett.scanner - INFO - 7874.KL: SELL signal (QS: 0.0, Moat: NARROW)
2026-06-20 00:41:36,741 - buffett.scanner - INFO - Scan complete. Successful: 117, Failed: 2
2026-06-20 00:41:36,741 - buffett.scanner - INFO - Signals - BUY: 0, HOLD: 13, SELL: 104, AVOID: 0
2026-06-20 00:41:36,741 - __main__ - INFO - Scan completed successfully
Database initialized at /home/shalu/buffett-monitor/data/buffett.db
Warning: No valid info returned for 0294.KL
Warning: No valid info returned for 0426.KL
Warning: No valid info returned for 0473.KL
Warning: No valid info returned for 0514.KL
Warning: No valid info returned for 0525.KL
Warning: No valid info returned for 2282.KL
Warning: No valid info returned for 2365.KL
Warning: No valid info returned for 3035.KL
Warning: No valid info returned for 3229.KL
Warning: No valid info returned for 5118.KL
Warning: No valid info returned for 5181.KL
Warning: No valid info returned for 5262.KL
Warning: No valid info returned for 5270.KL
Warning: No valid info returned for 5735.KL
Warning: No valid info returned for 5926.KL
Warning: No valid info returned for 6013.KL
Warning: No valid info returned for 6155.KL
Warning: No valid info returned for 6664.KL
Warning: No valid info returned for 7493.KL
Warning: No valid info returned for 7566.KL
Warning: No valid info returned for 7874.KL

=== BUFFETT MONITOR SCAN RESULTS ===
Date: 2026-06-20
Total tickers: 119
Successful: 117
Failed: 2
Signals - BUY: 0, HOLD: 13, SELL: 104, AVOID: 0

Errors (2):
  - 0041.KL: '>' not supported between instances of 'str' and 'int'
  - 5932.KL: '>' not supported between instances of 'str' and 'int'
2026-06-20 00:41:37,891 - INFO - scan_slice bucket=klse size=119 exit=0 dur=59.0s
2026-06-20 00:41:37+0800  [scan_slice_klse]  WARN exit 1
2026-06-20 06:28:55+0800  [scan_slice_klse]  begin
usage: run_scan_slice.py [-h] [--tickers-limit TICKERS_LIMIT]
                         [--shard {am,nz}] [--db DB] [--backup]
                         {klse,us,row,all}
run_scan_slice.py: error: argument bucket: invalid choice: '/home/shalu/buffett-monitor/scripts/run_scan_slice.py' (choose from 'klse', 'us', 'row', 'all')
2026-06-20 06:28:56+0800  [scan_slice_klse]  ok (raw=2)
2026-06-20 10:06:36+0800  [scan_slice_klse]  begin
usage: run_scan_slice.py [-h] [--tickers-limit TICKERS_LIMIT]
                         [--shard {am,nz}] [--db DB] [--backup]
                         {klse,us,row,all}
run_scan_slice.py: error: argument bucket: invalid choice: '/home/shalu/buffett-monitor/scripts/run_scan_slice.py' (choose from 'klse', 'us', 'row', 'all')
2026-06-20 10:06:36+0800  [scan_slice_klse]  ok (raw=2)
2026-06-20 10:11:45+0800  [scan_slice_klse]  begin
usage: run_scan_slice.py [-h] [--tickers-limit TICKERS_LIMIT]
                         [--shard {am,nz}] [--db DB] [--backup]
                         {klse,us,row,all}
run_scan_slice.py: error: argument bucket: invalid choice: '/home/shalu/buffett-monitor/scripts/run_scan_slice.py' (choose from 'klse', 'us', 'row', 'all')
2026-06-20 10:11:45+0800  [scan_slice_klse]  ok (raw=2)
2026-06-20 14:00:01+0800  [scan_slice_klse]  begin
usage: run_scan_slice.py [-h] [--tickers-limit TICKERS_LIMIT]
                         [--shard {am,nz}] [--db DB] [--backup]
                         {klse,us,row,all}
run_scan_slice.py: error: argument bucket: invalid choice: '/home/shalu/buffett-monitor/scripts/run_scan_slice.py' (choose from 'klse', 'us', 'row', 'all')
2026-06-20 14:00:01+0800  [scan_slice_klse]  ok (raw=2)
2026-07-04 14:00:01+0800  [scan_slice_klse]  begin
2026-07-04 14:00:01,739 - INFO - scan_slice bucket=klse size=119
Telegram credentials not configured
2026-07-04 14:00:11,657 - __main__ - INFO - Starting manual Buffett Monitor scan...
2026-07-04 14:00:11,657 - buffett.scanner - INFO - Starting weekly scan...
2026-07-04 14:00:11,668 - buffett.scanner - INFO - Scanning 119 specified tickers...
2026-07-04 14:00:23,949 - buffett.fetchers - WARNING - yfinance fetch failed for 0041.KL: Failed to perform, curl: (6) Could not resolve host: query1.finance.yahoo.com. See https://curl.se/libcurl/c/libcurl-errors.html first for more details.
2026-07-04 14:00:23,949 - buffett.fetchers - WARNING - Alpha Vantage API key not configured
2026-07-04 14:00:36,300 - buffett.fetchers - ERROR - Error scraping malaysiastock.biz for 0041: [Errno -3] Temporary failure in name resolution
2026-07-04 14:00:36,302 - buffett.scanner - ERROR - Error processing 0041.KL: All fetchers failed for ticker 0041.KL
2026-07-04 14:00:45,069 - buffett.fetchers - WARNING - yfinance fetch failed for 0058.KL: Failed to perform, curl: (6) Could not resolve host: query1.finance.yahoo.com. See https://curl.se/libcurl/c/libcurl-errors.html first for more details.
2026-07-04 14:00:45,069 - buffett.fetchers - WARNING - Alpha Vantage API key not configured
2026-07-04 14:00:54,572 - buffett.fetchers - ERROR - Error scraping malaysiastock.biz for 0058: [Errno -3] Temporary failure in name resolution
2026-07-04 14:00:54,574 - buffett.scanner - ERROR - Error processing 0058.KL: All fetchers failed for ticker 0058.KL
2026-07-04 14:01:06,861 - buffett.fetchers - WARNING - yfinance fetch failed for 0097.KL: Failed to perform, curl: (6) Could not resolve host: query1.finance.yahoo.com. See https://curl.se/libcurl/c/libcurl-errors.html first for more details.
2026-07-04 14:01:06,862 - buffett.fetchers - WARNING - Alpha Vantage API key not configured
2026-07-04 14:01:19,052 - buffett.fetchers - ERROR - Error scraping malaysiastock.biz for 0097: [Errno -3] Temporary failure in name resolution
2026-07-04 14:01:19,054 - buffett.scanner - ERROR - Error processing 0097.KL: All fetchers failed for ticker 0097.KL
2026-07-04 14:01:31,340 - buffett.fetchers - WARNING - yfinance fetch failed for 0128.KL: Failed to perform, curl: (6) Could not resolve host: query1.finance.yahoo.com. See https://curl.se/libcurl/c/libcurl-errors.html first for more details.
2026-07-04 14:01:31,341 - buffett.fetchers - WARNING - Alpha Vantage API key not configured
2026-07-04 14:01:41,068 - buffett.fetchers - ERROR - Error scraping malaysiastock.biz for 0128: [Errno -3] Temporary failure in name resolution
2026-07-04 14:01:41,070 - buffett.scanner - ERROR - Error processing 0128.KL: All fetchers failed for ticker 0128.KL
2026-07-04 14:01:51,149 - buffett.fetchers - WARNING - yfinance fetch failed for 0138.KL: Failed to perform, curl: (6) Could not resolve host: query1.finance.yahoo.com. See https://curl.se/libcurl/c/libcurl-errors.html first for more details.
2026-07-04 14:01:51,149 - buffett.fetchers - WARNING - Alpha Vantage API key not configured
2026-07-04 14:02:01,228 - buffett.fetchers - ERROR - Error scraping malaysiastock.biz for 0138: [Errno -3] Temporary failure in name resolution
2026-07-04 14:02:01,230 - buffett.scanner - ERROR - Error processing 0138.KL: All fetchers failed for ticker 0138.KL
2026-07-04 14:02:13,517 - buffett.fetchers - WARNING - yfinance fetch failed for 0159.KL: Failed to perform, curl: (6) Could not resolve host: query1.finance.yahoo.com. See https://curl.se/libcurl/c/libcurl-errors.html first for more details.
2026-07-04 14:02:13,517 - buffett.fetchers - WARNING - Alpha Vantage API key not configured
2026-07-04 14:02:25,804 - buffett.fetchers - ERROR - Error scraping malaysiastock.biz for 0159: [Errno -3] Temporary failure in name resolution
2026-07-04 14:02:25,806 - buffett.scanner - ERROR - Error processing 0159.KL: All fetchers failed for ticker 0159.KL
2026-07-04 14:02:38,093 - buffett.fetchers - WARNING - yfinance fetch failed for 0163.KL: Failed to perform, curl: (6) Could not resolve host: query1.finance.yahoo.com. See https://curl.se/libcurl/c/libcurl-errors.html first for more details.
2026-07-04 14:02:38,093 - buffett.fetchers - WARNING - Alpha Vantage API key not configured
2026-07-04 14:02:50,380 - buffett.fetchers - ERROR - Error scraping malaysiastock.biz for 0163: [Errno -3] Temporary failure in name resolution
2026-07-04 14:02:50,382 - buffett.scanner - ERROR - Error processing 0163.KL: All fetchers failed for ticker 0163.KL
2026-07-04 14:03:02,669 - buffett.fetchers - WARNING - yfinance fetch failed for 0172.KL: Failed to perform, curl: (6) Could not resolve host: query1.finance.yahoo.com. See https://curl.se/libcurl/c/libcurl-errors.html first for more details.
2026-07-04 14:03:02,669 - buffett.fetchers - WARNING - Alpha Vantage API key not configured
2026-07-04 14:03:14,956 - buffett.fetchers - ERROR - Error scraping malaysiastock.biz for 0172: [Errno -3] Temporary failure in name resolution
2026-07-04 14:03:14,958 - buffett.scanner - ERROR - Error processing 0172.KL: All fetchers failed for ticker 0172.KL
2026-07-04 14:03:25,293 - buffett.fetchers - WARNING - yfinance fetch failed for 0182.KL: Failed to perform, curl: (6) Could not resolve host: query1.finance.yahoo.com. See https://curl.se/libcurl/c/libcurl-errors.html first for more details.
2026-07-04 14:03:25,293 - buffett.fetchers - WARNING - Alpha Vantage API key not configured
2026-07-04 14:03:32,364 - buffett.fetchers - ERROR - Error scraping malaysiastock.biz for 0182: [Errno -3] Temporary failure in name resolution
2026-07-04 14:03:32,366 - buffett.scanner - ERROR - Error processing 0182.KL: All fetchers failed for ticker 0182.KL
2026-07-04 14:03:32,366 - buffett.scanner - INFO - Progress: 10/119
2026-07-04 14:03:41,741 - buffett.fetchers - WARNING - yfinance fetch failed for 0193.KL: Failed to perform, curl: (6) Could not resolve host: query1.finance.yahoo.com. See https://curl.se/libcurl/c/libcurl-errors.html first for more details.
2026-07-04 14:03:41,741 - buffett.fetchers - WARNING - Alpha Vantage API key not configured
2026-07-04 14:03:54,028 - buffett.fetchers - ERROR - Error scraping malaysiastock.biz for 0193: [Errno -3] Temporary failure in name resolution
2026-07-04 14:03:54,030 - buffett.scanner - ERROR - Error processing 0193.KL: All fetchers failed for ticker 0193.KL
2026-07-04 14:04:06,317 - buffett.fetchers - WARNING - yfinance fetch failed for 0213.KL: Failed to perform, curl: (6) Could not resolve host: query1.finance.yahoo.com. See https://curl.se/libcurl/c/libcurl-errors.html first for more details.
2026-07-04 14:04:06,317 - buffett.fetchers - WARNING - Alpha Vantage API key not configured
2026-07-04 14:04:18,604 - buffett.fetchers - ERROR - Error scraping malaysiastock.biz for 0213: [Errno -3] Temporary failure in name resolution
2026-07-04 14:04:18,606 - buffett.scanner - ERROR - Error processing 0213.KL: All fetchers failed for ticker 0213.KL
2026-07-04 14:04:29,389 - buffett.fetchers - WARNING - yfinance fetch failed for 0226.KL: Failed to perform, curl: (6) Could not resolve host: query1.finance.yahoo.com. See https://curl.se/libcurl/c/libcurl-errors.html first for more details.
2026-07-04 14:04:29,389 - buffett.fetchers - WARNING - Alpha Vantage API key not configured
2026-07-04 14:04:41,676 - buffett.fetchers - ERROR - Error scraping malaysiastock.biz for 0226: [Errno -3] Temporary failure in name resolution
2026-07-04 14:04:41,678 - buffett.scanner - ERROR - Error processing 0226.KL: All fetchers failed for ticker 0226.KL
2026-07-04 14:04:53,965 - buffett.fetchers - WARNING - yfinance fetch failed for 0259.KL: Failed to perform, curl: (6) Could not resolve host: query1.finance.yahoo.com. See https://curl.se/libcurl/c/libcurl-errors.html first for more details.
2026-07-04 14:04:53,965 - buffett.fetchers - WARNING - Alpha Vantage API key not configured
2026-07-04 14:05:06,252 - buffett.fetchers - ERROR - Error scraping malaysiastock.biz for 0259: [Errno -3] Temporary failure in name resolution
2026-07-04 14:05:06,254 - buffett.scanner - ERROR - Error processing 0259.KL: All fetchers failed for ticker 0259.KL
2026-07-04 14:05:16,493 - buffett.fetchers - WARNING - yfinance fetch failed for 0294.KL: Failed to perform, curl: (6) Could not resolve host: query1.finance.yahoo.com. See https://curl.se/libcurl/c/libcurl-errors.html first for more details.
2026-07-04 14:05:16,493 - buffett.fetchers - WARNING - Alpha Vantage API key not configured
2026-07-04 14:05:28,780 - buffett.fetchers - ERROR - Error scraping malaysiastock.biz for 0294: [Errno -3] Temporary failure in name resolution
2026-07-04 14:05:28,782 - buffett.scanner - ERROR - Error processing 0294.KL: All fetchers failed for ticker 0294.KL
2026-07-04 14:05:41,069 - buffett.fetchers - WARNING - yfinance fetch failed for 03019.KL: Failed to perform, curl: (6) Could not resolve host: query1.finance.yahoo.com. See https://curl.se/libcurl/c/libcurl-errors.html first for more details.
2026-07-04 14:05:41,069 - buffett.fetchers - WARNING - Alpha Vantage API key not configured
2026-07-04 14:05:52,140 - buffett.fetchers - ERROR - Error scraping malaysiastock.biz for 03019: [Errno -3] Temporary failure in name resolution
2026-07-04 14:05:52,142 - buffett.scanner - ERROR - Error processing 03019.KL: All fetchers failed for ticker 03019.KL
2026-07-04 14:06:02,413 - buffett.fetchers - WARNING - yfinance fetch failed for 0311.KL: Failed to perform, curl: (6) Could not resolve host: query1.finance.yahoo.com. See https://curl.se/libcurl/c/libcurl-errors.html first for more details.
2026-07-04 14:06:02,413 - buffett.fetchers - WARNING - Alpha Vantage API key not configured
2026-07-04 14:06:11,916 - buffett.fetchers - ERROR - Error scraping malaysiastock.biz for 0311: [Errno -3] Temporary failure in name resolution
2026-07-04 14:06:11,918 - buffett.scanner - ERROR - Error processing 0311.KL: All fetchers failed for ticker 0311.KL
2026-07-04 14:06:21,229 - buffett.fetchers - WARNING - yfinance fetch failed for 0356.KL: Failed to perform, curl: (6) Could not resolve host: query1.finance.yahoo.com. See https://curl.se/libcurl/c/libcurl-errors.html first for more details.
2026-07-04 14:06:21,229 - buffett.fetchers - WARNING - Alpha Vantage API key not configured
2026-07-04 14:06:30,764 - buffett.fetchers - ERROR - Error scraping malaysiastock.biz for 0356: [Errno -3] Temporary failure in name resolution
2026-07-04 14:06:30,766 - buffett.scanner - ERROR - Error processing 0356.KL: All fetchers failed for ticker 0356.KL
2026-07-04 14:06:43,053 - buffett.fetchers - WARNING - yfinance fetch failed for 0388.KL: Failed to perform, curl: (6) Could not resolve host: query1.finance.yahoo.com. See https://curl.se/libcurl/c/libcurl-errors.html first for more details.
2026-07-04 14:06:43,053 - buffett.fetchers - WARNING - Alpha Vantage API key not configured
2026-07-04 14:06:55,340 - buffett.fetchers - ERROR - Error scraping malaysiastock.biz for 0388: [Errno -3] Temporary failure in name resolution
2026-07-04 14:06:55,342 - buffett.scanner - ERROR - Error processing 0388.KL: All fetchers failed for ticker 0388.KL
2026-07-04 14:07:06,157 - buffett.fetchers - WARNING - yfinance fetch failed for 0398.KL: Failed to perform, curl: (6) Could not resolve host: query1.finance.yahoo.com. See https://curl.se/libcurl/c/libcurl-errors.html first for more details.
2026-07-04 14:07:06,157 - buffett.fetchers - WARNING - Alpha Vantage API key not configured
2026-07-04 14:07:18,444 - buffett.fetchers - ERROR - Error scraping malaysiastock.biz for 0398: [Errno -3] Temporary failure in name resolution
2026-07-04 14:07:18,446 - buffett.scanner - ERROR - Error processing 0398.KL: All fetchers failed for ticker 0398.KL
2026-07-04 14:07:18,446 - buffett.scanner - INFO - Progress: 20/119
2026-07-04 14:07:28,365 - buffett.fetchers - WARNING - yfinance fetch failed for 0426.KL: Failed to perform, curl: (6) Could not resolve host: query1.finance.yahoo.com. See https://curl.se/libcurl/c/libcurl-errors.html first for more details.
2026-07-04 14:07:28,365 - buffett.fetchers - WARNING - Alpha Vantage API key not configured
2026-07-04 14:07:38,572 - buffett.fetchers - ERROR - Error scraping malaysiastock.biz for 0426: [Errno -3] Temporary failure in name resolution
2026-07-04 14:07:38,574 - buffett.scanner - ERROR - Error processing 0426.KL: All fetchers failed for ticker 0426.KL
2026-07-04 14:07:50,861 - buffett.fetchers - WARNING - yfinance fetch failed for 0473.KL: Failed to perform, curl: (6) Could not resolve host: query1.finance.yahoo.com. See https://curl.se/libcurl/c/libcurl-errors.html first for more details.
2026-07-04 14:07:50,862 - buffett.fetchers - WARNING - Alpha Vantage API key not configured
2026-07-04 14:07:59,340 - buffett.fetchers - ERROR - Error scraping malaysiastock.biz for 0473: [Errno -3] Temporary failure in name resolution
2026-07-04 14:07:59,342 - buffett.scanner - ERROR - Error processing 0473.KL: All fetchers failed for ticker 0473.KL
2026-07-04 14:08:11,533 - buffett.fetchers - WARNING - yfinance fetch failed for 0514.KL: Failed to perform, curl: (6) Could not resolve host: query1.finance.yahoo.com. See https://curl.se/libcurl/c/libcurl-errors.html first for more details.
2026-07-04 14:08:11,533 - buffett.fetchers - WARNING - Alpha Vantage API key not configured
2026-07-04 14:08:23,820 - buffett.fetchers - ERROR - Error scraping malaysiastock.biz for 0514: [Errno -3] Temporary failure in name resolution
2026-07-04 14:08:23,822 - buffett.scanner - ERROR - Error processing 0514.KL: All fetchers failed for ticker 0514.KL
2026-07-04 14:08:33,933 - buffett.fetchers - WARNING - yfinance fetch failed for 0525.KL: Failed to perform, curl: (6) Could not resolve host: query1.finance.yahoo.com. See https://curl.se/libcurl/c/libcurl-errors.html first for more details.
2026-07-04 14:08:33,933 - buffett.fetchers - WARNING - Alpha Vantage API key not configured
2026-07-04 14:08:46,220 - buffett.fetchers - ERROR - Error scraping malaysiastock.biz for 0525: [Errno -3] Temporary failure in name resolution
2026-07-04 14:08:46,222 - buffett.scanner - ERROR - Error processing 0525.KL: All fetchers failed for ticker 0525.KL
2026-07-04 14:08:54,093 - buffett.fetchers - WARNING - yfinance fetch failed for 1023.KL: Failed to perform, curl: (6) Could not resolve host: query1.finance.yahoo.com. See https://curl.se/libcurl/c/libcurl-errors.html first for more details.
2026-07-04 14:08:54,093 - buffett.fetchers - WARNING - Alpha Vantage API key not configured
2026-07-04 14:09:03,468 - buffett.fetchers - ERROR - Error scraping malaysiastock.biz for 1023: [Errno -3] Temporary failure in name resolution
2026-07-04 14:09:03,470 - buffett.scanner - ERROR - Error processing 1023.KL: All fetchers failed for ticker 1023.KL
2026-07-04 14:09:15,757 - buffett.fetchers - WARNING - yfinance fetch failed for 1066.KL: Failed to perform, curl: (6) Could not resolve host: query1.finance.yahoo.com. See https://curl.se/libcurl/c/libcurl-errors.html first for more details.
2026-07-04 14:09:15,757 - buffett.fetchers - WARNING - Alpha Vantage API key not configured
2026-07-04 14:09:28,044 - buffett.fetchers - ERROR - Error scraping malaysiastock.biz for 1066: [Errno -3] Temporary failure in name resolution
2026-07-04 14:09:28,046 - buffett.scanner - ERROR - Error processing 1066.KL: All fetchers failed for ticker 1066.KL
2026-07-04 14:09:40,333 - buffett.fetchers - WARNING - yfinance fetch failed for 1082.KL: Failed to perform, curl: (6) Could not resolve host: query1.finance.yahoo.com. See https://curl.se/libcurl/c/libcurl-errors.html first for more details.
2026-07-04 14:09:40,333 - buffett.fetchers - WARNING - Alpha Vantage API key not configured
2026-07-04 14:09:51,500 - buffett.fetchers - ERROR - Error scraping malaysiastock.biz for 1082: [Errno -3] Temporary failure in name resolution
2026-07-04 14:09:51,502 - buffett.scanner - ERROR - Error processing 1082.KL: All fetchers failed for ticker 1082.KL
2026-07-04 14:10:03,789 - buffett.fetchers - WARNING - yfinance fetch failed for 1155.KL: Failed to perform, curl: (6) Could not resolve host: query1.finance.yahoo.com. See https://curl.se/libcurl/c/libcurl-errors.html first for more details.
2026-07-04 14:10:03,789 - buffett.fetchers - WARNING - Alpha Vantage API key not configured
2026-07-04 14:10:16,076 - buffett.fetchers - ERROR - Error scraping malaysiastock.biz for 1155: [Errno -3] Temporary failure in name resolution
2026-07-04 14:10:16,078 - buffett.scanner - ERROR - Error processing 1155.KL: All fetchers failed for ticker 1155.KL
2026-07-04 14:10:28,365 - buffett.fetchers - WARNING - yfinance fetch failed for 1295.KL: Failed to perform, curl: (6) Could not resolve host: query1.finance.yahoo.com. See https://curl.se/libcurl/c/libcurl-errors.html first for more details.
2026-07-04 14:10:28,365 - buffett.fetchers - WARNING - Alpha Vantage API key not configured
2026-07-04 14:10:40,652 - buffett.fetchers - ERROR - Error scraping malaysiastock.biz for 1295: [Errno -3] Temporary failure in name resolution
2026-07-04 14:10:40,654 - buffett.scanner - ERROR - Error processing 1295.KL: All fetchers failed for ticker 1295.KL
2026-07-04 14:10:51,853 - buffett.fetchers - WARNING - yfinance fetch failed for 2282.KL: Failed to perform, curl: (6) Could not resolve host: query1.finance.yahoo.com. See https://curl.se/libcurl/c/libcurl-errors.html first for more details.
2026-07-04 14:10:51,853 - buffett.fetchers - WARNING - Alpha Vantage API key not configured
2026-07-04 14:11:04,140 - buffett.fetchers - ERROR - Error scraping malaysiastock.biz for 2282: [Errno -3] Temporary failure in name resolution
2026-07-04 14:11:04,142 - buffett.scanner - ERROR - Error processing 2282.KL: All fetchers failed for ticker 2282.KL
2026-07-04 14:11:04,142 - buffett.scanner - INFO - Progress: 30/119
2026-07-04 14:11:15,725 - buffett.fetchers - WARNING - yfinance fetch failed for 2291.KL: Failed to perform, curl: (6) Could not resolve host: query1.finance.yahoo.com. See https://curl.se/libcurl/c/libcurl-errors.html first for more details.
2026-07-04 14:11:15,725 - buffett.fetchers - WARNING - Alpha Vantage API key not configured
2026-07-04 14:11:28,012 - buffett.fetchers - ERROR - Error scraping malaysiastock.biz for 2291: [Errno -3] Temporary failure in name resolution
2026-07-04 14:11:28,014 - buffett.scanner - ERROR - Error processing 2291.KL: All fetchers failed for ticker 2291.KL
2026-07-04 14:11:38,253 - buffett.fetchers - WARNING - yfinance fetch failed for 2365.KL: Failed to perform, curl: (6) Could not resolve host: query1.finance.yahoo.com. See https://curl.se/libcurl/c/libcurl-errors.html first for more details.
2026-07-04 14:11:38,253 - buffett.fetchers - WARNING - Alpha Vantage API key not configured
2026-07-04 14:11:47,404 - buffett.fetchers - ERROR - Error scraping malaysiastock.biz for 2365: [Errno -3] Temporary failure in name resolution
2026-07-04 14:11:47,406 - buffett.scanner - ERROR - Error processing 2365.KL: All fetchers failed for ticker 2365.KL
2026-07-04 14:11:56,909 - buffett.fetchers - WARNING - yfinance fetch failed for 2445.KL: Failed to perform, curl: (6) Could not resolve host: query1.finance.yahoo.com. See https://curl.se/libcurl/c/libcurl-errors.html first for more details.
2026-07-04 14:11:56,909 - buffett.fetchers - WARNING - Alpha Vantage API key not configured
2026-07-04 14:12:06,380 - buffett.fetchers - ERROR - Error scraping malaysiastock.biz for 2445: [Errno -3] Temporary failure in name resolution
2026-07-04 14:12:06,382 - buffett.scanner - ERROR - Error processing 2445.KL: All fetchers failed for ticker 2445.KL
2026-07-04 14:12:15,597 - buffett.fetchers - WARNING - yfinance fetch failed for 2488.KL: Failed to perform, curl: (6) Could not resolve host: query1.finance.yahoo.com. See https://curl.se/libcurl/c/libcurl-errors.html first for more details.
2026-07-04 14:12:15,597 - buffett.fetchers - WARNING - Alpha Vantage API key not configured
2026-07-04 14:12:27,884 - buffett.fetchers - ERROR - Error scraping malaysiastock.biz for 2488: [Errno -3] Temporary failure in name resolution
2026-07-04 14:12:27,886 - buffett.scanner - ERROR - Error processing 2488.KL: All fetchers failed for ticker 2488.KL
2026-07-04 14:12:37,357 - buffett.fetchers - WARNING - yfinance fetch failed for 3026.KL: Failed to perform, curl: (6) Could not resolve host: query1.finance.yahoo.com. See https://curl.se/libcurl/c/libcurl-errors.html first for more details.
2026-07-04 14:12:37,357 - buffett.fetchers - WARNING - Alpha Vantage API key not configured
2026-07-04 14:12:46,700 - buffett.fetchers - ERROR - Error scraping malaysiastock.biz for 3026: [Errno -3] Temporary failure in name resolution
2026-07-04 14:12:46,702 - buffett.scanner - ERROR - Error processing 3026.KL: All fetchers failed for ticker 3026.KL
2026-07-04 14:12:56,749 - buffett.fetchers - WARNING - yfinance fetch failed for 3034.KL: Failed to perform, curl: (6) Could not resolve host: query1.finance.yahoo.com. See https://curl.se/libcurl/c/libcurl-errors.html first for more details.
2026-07-04 14:12:56,749 - buffett.fetchers - WARNING - Alpha Vantage API key not configured
2026-07-04 14:13:06,956 - buffett.fetchers - ERROR - Error scraping malaysiastock.biz for 3034: [Errno -3] Temporary failure in name resolution
2026-07-04 14:13:06,958 - buffett.scanner - ERROR - Error processing 3034.KL: All fetchers failed for ticker 3034.KL
2026-07-04 14:13:16,493 - buffett.fetchers - WARNING - yfinance fetch failed for 3035.KL: Failed to perform, curl: (6) Could not resolve host: query1.finance.yahoo.com. See https://curl.se/libcurl/c/libcurl-errors.html first for more details.
2026-07-04 14:13:16,493 - buffett.fetchers - WARNING - Alpha Vantage API key not configured
2026-07-04 14:13:28,780 - buffett.fetchers - ERROR - Error scraping malaysiastock.biz for 3035: [Errno -3] Temporary failure in name resolution
2026-07-04 14:13:28,782 - buffett.scanner - ERROR - Error processing 3035.KL: All fetchers failed for ticker 3035.KL
2026-07-04 14:13:41,069 - buffett.fetchers - WARNING - yfinance fetch failed for 3182.KL: Failed to perform, curl: (6) Could not resolve host: query1.finance.yahoo.com. See https://curl.se/libcurl/c/libcurl-errors.html first for more details.
2026-07-04 14:13:41,069 - buffett.fetchers - WARNING - Alpha Vantage API key not configured
2026-07-04 14:13:53,356 - buffett.fetchers - ERROR - Error scraping malaysiastock.biz for 3182: [Errno -3] Temporary failure in name resolution
2026-07-04 14:13:53,358 - buffett.scanner - ERROR - Error processing 3182.KL: All fetchers failed for ticker 3182.KL
2026-07-04 14:14:05,645 - buffett.fetchers - WARNING - yfinance fetch failed for 3229.KL: Failed to perform, curl: (6) Could not resolve host: query1.finance.yahoo.com. See https://curl.se/libcurl/c/libcurl-errors.html first for more details.
2026-07-04 14:14:05,645 - buffett.fetchers - WARNING - Alpha Vantage API key not configured
2026-07-04 14:14:15,532 - buffett.fetchers - ERROR - Error scraping malaysiastock.biz for 3229: [Errno -3] Temporary failure in name resolution
2026-07-04 14:14:15,534 - buffett.scanner - ERROR - Error processing 3229.KL: All fetchers failed for ticker 3229.KL
2026-07-04 14:14:27,821 - buffett.fetchers - WARNING - yfinance fetch failed for 3395.KL: Failed to perform, curl: (6) Could not resolve host: query1.finance.yahoo.com. See https://curl.se/libcurl/c/libcurl-errors.html first for more details.
2026-07-04 14:14:27,821 - buffett.fetchers - WARNING - Alpha Vantage API key not configured
2026-07-04 14:14:37,324 - buffett.fetchers - ERROR - Error scraping malaysiastock.biz for 3395: [Errno -3] Temporary failure in name resolution
2026-07-04 14:14:37,330 - buffett.scanner - ERROR - Error processing 3395.KL: All fetchers failed for ticker 3395.KL
2026-07-04 14:14:37,330 - buffett.scanner - INFO - Progress: 40/119
2026-07-04 14:14:49,613 - buffett.fetchers - WARNING - yfinance fetch failed for 3816.KL: Failed to perform, curl: (6) Could not resolve host: query1.finance.yahoo.com. See https://curl.se/libcurl/c/libcurl-errors.html first for more details.
2026-07-04 14:14:49,613 - buffett.fetchers - WARNING - Alpha Vantage API key not configured
2026-07-04 14:15:01,388 - buffett.fetchers - ERROR - Error scraping malaysiastock.biz for 3816: [Errno -3] Temporary failure in name resolution
2026-07-04 14:15:01,390 - buffett.scanner - ERROR - Error processing 3816.KL: All fetchers failed for ticker 3816.KL
2026-07-04 14:15:13,581 - buffett.fetchers - WARNING - yfinance fetch failed for 4197.KL: Failed to perform, curl: (6) Could not resolve host: query1.finance.yahoo.com. See https://curl.se/libcurl/c/libcurl-errors.html first for more details.
2026-07-04 14:15:13,581 - buffett.fetchers - WARNING - Alpha Vantage API key not configured
2026-07-04 14:15:25,804 - buffett.fetchers - ERROR - Error scraping malaysiastock.biz for 4197: [Errno -3] Temporary failure in name resolution
2026-07-04 14:15:25,806 - buffett.scanner - ERROR - Error processing 4197.KL: All fetchers failed for ticker 4197.KL
2026-07-04 14:15:38,093 - buffett.fetchers - WARNING - yfinance fetch failed for 4588.KL: Failed to perform, curl: (6) Could not resolve host: query1.finance.yahoo.com. See https://curl.se/libcurl/c/libcurl-errors.html first for more details.
2026-07-04 14:15:38,093 - buffett.fetchers - WARNING - Alpha Vantage API key not configured
2026-07-04 14:15:49,260 - buffett.fetchers - ERROR - Error scraping malaysiastock.biz for 4588: [Errno -3] Temporary failure in name resolution
2026-07-04 14:15:49,262 - buffett.scanner - ERROR - Error processing 4588.KL: All fetchers failed for ticker 4588.KL
2026-07-04 14:16:01,549 - buffett.fetchers - WARNING - yfinance fetch failed for 4707.KL: Failed to perform, curl: (6) Could not resolve host: query1.finance.yahoo.com. See https://curl.se/libcurl/c/libcurl-errors.html first for more details.
2026-07-04 14:16:01,549 - buffett.fetchers - WARNING - Alpha Vantage API key not configured
2026-07-04 14:16:13,836 - buffett.fetchers - ERROR - Error scraping malaysiastock.biz for 4707: [Errno -3] Temporary failure in name resolution
2026-07-04 14:16:13,838 - buffett.scanner - ERROR - Error processing 4707.KL: All fetchers failed for ticker 4707.KL
2026-07-04 14:16:26,125 - buffett.fetchers - WARNING - yfinance fetch failed for 4715.KL: Failed to perform, curl: (6) Could not resolve host: query1.finance.yahoo.com. See https://curl.se/libcurl/c/libcurl-errors.html first for more details.
2026-07-04 14:16:26,125 - buffett.fetchers - WARNING - Alpha Vantage API key not configured
2026-07-04 14:16:36,076 - buffett.fetchers - ERROR - Error scraping malaysiastock.biz for 4715: [Errno -3] Temporary failure in name resolution
2026-07-04 14:16:36,078 - buffett.scanner - ERROR - Error processing 4715.KL: All fetchers failed for ticker 4715.KL
2026-07-04 14:16:48,365 - buffett.fetchers - WARNING - yfinance fetch failed for 4723.KL: Failed to perform, curl: (6) Could not resolve host: query1.finance.yahoo.com. See https://curl.se/libcurl/c/libcurl-errors.html first for more details.
2026-07-04 14:16:48,365 - buffett.fetchers - WARNING - Alpha Vantage API key not configured
2026-07-04 14:17:00,652 - buffett.fetchers - ERROR - Error scraping malaysiastock.biz for 4723: [Errno -3] Temporary failure in name resolution
2026-07-04 14:17:00,654 - buffett.scanner - ERROR - Error processing 4723.KL: All fetchers failed for ticker 4723.KL
2026-07-04 14:17:09,229 - buffett.fetchers - WARNING - yfinance fetch failed for 4782.KL: Failed to perform, curl: (6) Could not resolve host: query1.finance.yahoo.com. See https://curl.se/libcurl/c/libcurl-errors.html first for more details.
2026-07-04 14:17:09,229 - buffett.fetchers - WARNING - Alpha Vantage API key not configured
2026-07-04 14:17:18,732 - buffett.fetchers - ERROR - Error scraping malaysiastock.biz for 4782: [Errno -3] Temporary failure in name resolution
2026-07-04 14:17:18,734 - buffett.scanner - ERROR - Error processing 4782.KL: All fetchers failed for ticker 4782.KL
2026-07-04 14:17:31,021 - buffett.fetchers - WARNING - yfinance fetch failed for 4863.KL: Failed to perform, curl: (6) Could not resolve host: query1.finance.yahoo.com. See https://curl.se/libcurl/c/libcurl-errors.html first for more details.
2026-07-04 14:17:31,021 - buffett.fetchers - WARNING - Alpha Vantage API key not configured
2026-07-04 14:17:43,308 - buffett.fetchers - ERROR - Error scraping malaysiastock.biz for 4863: [Errno -3] Temporary failure in name resolution
2026-07-04 14:17:43,310 - buffett.scanner - ERROR - Error processing 4863.KL: All fetchers failed for ticker 4863.KL
2026-07-04 14:17:55,597 - buffett.fetchers - WARNING - yfinance fetch failed for 5001.KL: Failed to perform, curl: (6) Could not resolve host: query1.finance.yahoo.com. See https://curl.se/libcurl/c/libcurl-errors.html first for more details.
2026-07-04 14:17:55,597 - buffett.fetchers - WARNING - Alpha Vantage API key not configured
2026-07-04 14:18:07,884 - buffett.fetchers - ERROR - Error scraping malaysiastock.biz for 5001: [Errno -3] Temporary failure in name resolution
2026-07-04 14:18:07,885 - buffett.scanner - ERROR - Error processing 5001.KL: All fetchers failed for ticker 5001.KL
2026-07-04 14:18:17,484 - buffett.fetchers - WARNING - yfinance fetch failed for 5005.KL: Failed to perform, curl: (6) Could not resolve host: query1.finance.yahoo.com. See https://curl.se/libcurl/c/libcurl-errors.html first for more details.
2026-07-04 14:18:17,485 - buffett.fetchers - WARNING - Alpha Vantage API key not configured
2026-07-04 14:18:29,772 - buffett.fetchers - ERROR - Error scraping malaysiastock.biz for 5005: [Errno -3] Temporary failure in name resolution
2026-07-04 14:18:29,774 - buffett.scanner - ERROR - Error processing 5005.KL: All fetchers failed for ticker 5005.KL
2026-07-04 14:18:29,774 - buffett.scanner - INFO - Progress: 50/119
2026-07-04 14:18:39,981 - buffett.fetchers - WARNING - yfinance fetch failed for 5014.KL: Failed to perform, curl: (6) Could not resolve host: query1.finance.yahoo.com. See https://curl.se/libcurl/c/libcurl-errors.html first for more details.
2026-07-04 14:18:39,981 - buffett.fetchers - WARNING - Alpha Vantage API key not configured
2026-07-04 14:18:49,292 - buffett.fetchers - ERROR - Error scraping malaysiastock.biz for 5014: [Errno -3] Temporary failure in name resolution
2026-07-04 14:18:49,294 - buffett.scanner - ERROR - Error processing 5014.KL: All fetchers failed for ticker 5014.KL
2026-07-04 14:19:01,580 - buffett.fetchers - WARNING - yfinance fetch failed for 5015.KL: Failed to perform, curl: (6) Could not resolve host: query1.finance.yahoo.com. See https://curl.se/libcurl/c/libcurl-errors.html first for more details.
2026-07-04 14:19:01,581 - buffett.fetchers - WARNING - Alpha Vantage API key not configured
2026-07-04 14:19:13,868 - buffett.fetchers - ERROR - Error scraping malaysiastock.biz for 5015: [Errno -3] Temporary failure in name resolution
2026-07-04 14:19:13,870 - buffett.scanner - ERROR - Error processing 5015.KL: All fetchers failed for ticker 5015.KL
2026-07-04 14:19:26,157 - buffett.fetchers - WARNING - yfinance fetch failed for 5016.KL: Failed to perform, curl: (6) Could not resolve host: query1.finance.yahoo.com. See https://curl.se/libcurl/c/libcurl-errors.html first for more details.
2026-07-04 14:19:26,157 - buffett.fetchers - WARNING - Alpha Vantage API key not configured
2026-07-04 14:19:37,452 - buffett.fetchers - ERROR - Error scraping malaysiastock.biz for 5016: [Errno -3] Temporary failure in name resolution
2026-07-04 14:19:37,454 - buffett.scanner - ERROR - Error processing 5016.KL: All fetchers failed for ticker 5016.KL
2026-07-04 14:19:47,693 - buffett.fetchers - WARNING - yfinance fetch failed for 5026.KL: Failed to perform, curl: (6) Could not resolve host: query1.finance.yahoo.com. See https://curl.se/libcurl/c/libcurl-errors.html first for more details.
2026-07-04 14:19:47,693 - buffett.fetchers - WARNING - Alpha Vantage API key not configured
2026-07-04 14:19:57,196 - buffett.fetchers - ERROR - Error scraping malaysiastock.biz for 5026: [Errno -3] Temporary failure in name resolution
2026-07-04 14:19:57,198 - buffett.scanner - ERROR - Error processing 5026.KL: All fetchers failed for ticker 5026.KL
2026-07-04 14:20:09,485 - buffett.fetchers - WARNING - yfinance fetch failed for 5031.KL: Failed to perform, curl: (6) Could not resolve host: query1.finance.yahoo.com. See https://curl.se/libcurl/c/libcurl-errors.html first for more details.
2026-07-04 14:20:09,485 - buffett.fetchers - WARNING - Alpha Vantage API key not configured
2026-07-04 14:20:21,772 - buffett.fetchers - ERROR - Error scraping malaysiastock.biz for 5031: [Errno -3] Temporary failure in name resolution
2026-07-04 14:20:21,774 - buffett.scanner - ERROR - Error processing 5031.KL: All fetchers failed for ticker 5031.KL
2026-07-04 14:20:34,061 - buffett.fetchers - WARNING - yfinance fetch failed for 5041.KL: Failed to perform, curl: (6) Could not resolve host: query1.finance.yahoo.com. See https://curl.se/libcurl/c/libcurl-errors.html first for more details.
2026-07-04 14:20:34,061 - buffett.fetchers - WARNING - Alpha Vantage API key not configured
2026-07-04 14:20:46,348 - buffett.fetchers - ERROR - Error scraping malaysiastock.biz for 5041: [Errno -3] Temporary failure in name resolution
2026-07-04 14:20:46,350 - buffett.scanner - ERROR - Error processing 5041.KL: All fetchers failed for ticker 5041.KL
2026-07-04 14:20:58,637 - buffett.fetchers - WARNING - yfinance fetch failed for 5100.KL: Failed to perform, curl: (6) Could not resolve host: query1.finance.yahoo.com. See https://curl.se/libcurl/c/libcurl-errors.html first for more details.
2026-07-04 14:20:58,637 - buffett.fetchers - WARNING - Alpha Vantage API key not configured
2026-07-04 14:21:10,924 - buffett.fetchers - ERROR - Error scraping malaysiastock.biz for 5100: [Errno -3] Temporary failure in name resolution
2026-07-04 14:21:10,926 - buffett.scanner - ERROR - Error processing 5100.KL: All fetchers failed for ticker 5100.KL
2026-07-04 14:21:23,213 - buffett.fetchers - WARNING - yfinance fetch failed for 5108.KL: Failed to perform, curl: (6) Could not resolve host: query1.finance.yahoo.com. See https://curl.se/libcurl/c/libcurl-errors.html first for more details.
2026-07-04 14:21:23,213 - buffett.fetchers - WARNING - Alpha Vantage API key not configured
2026-07-04 14:21:33,356 - buffett.fetchers - ERROR - Error scraping malaysiastock.biz for 5108: [Errno -3] Temporary failure in name resolution
2026-07-04 14:21:33,358 - buffett.scanner - ERROR - Error processing 5108.KL: All fetchers failed for ticker 5108.KL
2026-07-04 14:21:45,645 - buffett.fetchers - WARNING - yfinance fetch failed for 5109.KL: Failed to perform, curl: (6) Could not resolve host: query1.finance.yahoo.com. See https://curl.se/libcurl/c/libcurl-errors.html first for more details.
2026-07-04 14:21:45,645 - buffett.fetchers - WARNING - Alpha Vantage API key not configured
2026-07-04 14:21:57,004 - buffett.fetchers - ERROR - Error scraping malaysiastock.biz for 5109: [Errno -3] Temporary failure in name resolution
2026-07-04 14:21:57,006 - buffett.scanner - ERROR - Error processing 5109.KL: All fetchers failed for ticker 5109.KL
2026-07-04 14:22:06,413 - buffett.fetchers - WARNING - yfinance fetch failed for 5112.KL: Failed to perform, curl: (6) Could not resolve host: query1.finance.yahoo.com. See https://curl.se/libcurl/c/libcurl-errors.html first for more details.
2026-07-04 14:22:06,413 - buffett.fetchers - WARNING - Alpha Vantage API key not configured
2026-07-04 14:22:17,612 - buffett.fetchers - ERROR - Error scraping malaysiastock.biz for 5112: [Errno -3] Temporary failure in name resolution
2026-07-04 14:22:17,614 - buffett.scanner - ERROR - Error processing 5112.KL: All fetchers failed for ticker 5112.KL
2026-07-04 14:22:17,614 - buffett.scanner - INFO - Progress: 60/119
2026-07-04 14:22:25,805 - buffett.fetchers - WARNING - yfinance fetch failed for 5117.KL: Failed to perform, curl: (6) Could not resolve host: query1.finance.yahoo.com. See https://curl.se/libcurl/c/libcurl-errors.html first for more details.
2026-07-04 14:22:25,805 - buffett.fetchers - WARNING - Alpha Vantage API key not configured
2026-07-04 14:22:34,092 - buffett.fetchers - ERROR - Error scraping malaysiastock.biz for 5117: [Errno -3] Temporary failure in name resolution
2026-07-04 14:22:34,094 - buffett.scanner - ERROR - Error processing 5117.KL: All fetchers failed for ticker 5117.KL
2026-07-04 14:22:46,381 - buffett.fetchers - WARNING - yfinance fetch failed for 5118.KL: Failed to perform, curl: (6) Could not resolve host: query1.finance.yahoo.com. See https://curl.se/libcurl/c/libcurl-errors.html first for more details.
2026-07-04 14:22:46,381 - buffett.fetchers - WARNING - Alpha Vantage API key not configured
2026-07-04 14:22:58,668 - buffett.fetchers - ERROR - Error scraping malaysiastock.biz for 5118: [Errno -3] Temporary failure in name resolution
2026-07-04 14:22:58,670 - buffett.scanner - ERROR - Error processing 5118.KL: All fetchers failed for ticker 5118.KL
2026-07-04 14:23:10,957 - buffett.fetchers - WARNING - yfinance fetch failed for 5122.KL: Failed to perform, curl: (6) Could not resolve host: query1.finance.yahoo.com. See https://curl.se/libcurl/c/libcurl-errors.html first for more details.
2026-07-04 14:23:10,957 - buffett.fetchers - WARNING - Alpha Vantage API key not configured
2026-07-04 14:23:20,364 - buffett.fetchers - ERROR - Error scraping malaysiastock.biz for 5122: [Errno -3] Temporary failure in name resolution
2026-07-04 14:23:20,366 - buffett.scanner - ERROR - Error processing 5122.KL: All fetchers failed for ticker 5122.KL
2026-07-04 14:23:32,653 - buffett.fetchers - WARNING - yfinance fetch failed for 5123.KL: Failed to perform, curl: (6) Could not resolve host: query1.finance.yahoo.com. See https://curl.se/libcurl/c/libcurl-errors.html first for more details.
2026-07-04 14:23:32,653 - buffett.fetchers - WARNING - Alpha Vantage API key not configured
2026-07-04 14:23:44,940 - buffett.fetchers - ERROR - Error scraping malaysiastock.biz for 5123: [Errno -3] Temporary failure in name resolution
2026-07-04 14:23:44,942 - buffett.scanner - ERROR - Error processing 5123.KL: All fetchers failed for ticker 5123.KL
2026-07-04 14:23:55,757 - buffett.fetchers - WARNING - yfinance fetch failed for 5132.KL: Failed to perform, curl: (6) Could not resolve host: query1.finance.yahoo.com. See https://curl.se/libcurl/c/libcurl-errors.html first for more details.
2026-07-04 14:23:55,757 - buffett.fetchers - WARNING - Alpha Vantage API key not configured
2026-07-04 14:24:05,804 - buffett.fetchers - ERROR - Error scraping malaysiastock.biz for 5132: [Errno -3] Temporary failure in name resolution
2026-07-04 14:24:05,806 - buffett.scanner - ERROR - Error processing 5132.KL: All fetchers failed for ticker 5132.KL
2026-07-04 14:24:16,013 - buffett.fetchers - WARNING - yfinance fetch failed for 5163.KL: Failed to perform, curl: (6) Could not resolve host: query1.finance.yahoo.com. See https://curl.se/libcurl/c/libcurl-errors.html first for more details.
2026-07-04 14:24:16,013 - buffett.fetchers - WARNING - Alpha Vantage API key not configured
2026-07-04 14:24:25,804 - buffett.fetchers - ERROR - Error scraping malaysiastock.biz for 5163: [Errno -3] Temporary failure in name resolution
2026-07-04 14:24:25,806 - buffett.scanner - ERROR - Error processing 5163.KL: All fetchers failed for ticker 5163.KL
2026-07-04 14:24:36,749 - buffett.fetchers - WARNING - yfinance fetch failed for 5166.KL: Failed to perform, curl: (6) Could not resolve host: query1.finance.yahoo.com. See https://curl.se/libcurl/c/libcurl-errors.html first for more details.
2026-07-04 14:24:36,749 - buffett.fetchers - WARNING - Alpha Vantage API key not configured
2026-07-04 14:24:49,036 - buffett.fetchers - ERROR - Error scraping malaysiastock.biz for 5166: [Errno -3] Temporary failure in name resolution
2026-07-04 14:24:49,038 - buffett.scanner - ERROR - Error processing 5166.KL: All fetchers failed for ticker 5166.KL
2026-07-04 14:25:01,325 - buffett.fetchers - WARNING - yfinance fetch failed for 5168.KL: Failed to perform, curl: (6) Could not resolve host: query1.finance.yahoo.com. See https://curl.se/libcurl/c/libcurl-errors.html first for more details.
2026-07-04 14:25:01,325 - buffett.fetchers - WARNING - Alpha Vantage API key not configured
2026-07-04 14:25:12,652 - buffett.fetchers - ERROR - Error scraping malaysiastock.biz for 5168: [Errno -3] Temporary failure in name resolution
2026-07-04 14:25:12,654 - buffett.scanner - ERROR - Error processing 5168.KL: All fetchers failed for ticker 5168.KL
2026-07-04 14:25:23,245 - buffett.fetchers - WARNING - yfinance fetch failed for 5180.KL: Failed to perform, curl: (6) Could not resolve host: query1.finance.yahoo.com. See https://curl.se/libcurl/c/libcurl-errors.html first for more details.
2026-07-04 14:25:23,245 - buffett.fetchers - WARNING - Alpha Vantage API key not configured
2026-07-04 14:25:32,748 - buffett.fetchers - ERROR - Error scraping malaysiastock.biz for 5180: [Errno -3] Temporary failure in name resolution
2026-07-04 14:25:32,750 - buffett.scanner - ERROR - Error processing 5180.KL: All fetchers failed for ticker 5180.KL
2026-07-04 14:25:45,037 - buffett.fetchers - WARNING - yfinance fetch failed for 5181.KL: Failed to perform, curl: (6) Could not resolve host: query1.finance.yahoo.com. See https://curl.se/libcurl/c/libcurl-errors.html first for more details.
2026-07-04 14:25:45,037 - buffett.fetchers - WARNING - Alpha Vantage API key not configured
2026-07-04 14:25:55,756 - buffett.fetchers - ERROR - Error scraping malaysiastock.biz for 5181: [Errno -3] Temporary failure in name resolution
2026-07-04 14:25:55,758 - buffett.scanner - ERROR - Error processing 5181.KL: All fetchers failed for ticker 5181.KL
2026-07-04 14:25:55,758 - buffett.scanner - INFO - Progress: 70/119
2026-07-04 14:26:08,045 - buffett.fetchers - WARNING - yfinance fetch failed for 5182.KL: Failed to perform, curl: (6) Could not resolve host: query1.finance.yahoo.com. See https://curl.se/libcurl/c/libcurl-errors.html first for more details.
2026-07-04 14:26:08,045 - buffett.fetchers - WARNING - Alpha Vantage API key not configured
2026-07-04 14:26:20,332 - buffett.fetchers - ERROR - Error scraping malaysiastock.biz for 5182: [Errno -3] Temporary failure in name resolution
2026-07-04 14:26:20,334 - buffett.scanner - ERROR - Error processing 5182.KL: All fetchers failed for ticker 5182.KL
2026-07-04 14:26:32,333 - buffett.fetchers - WARNING - yfinance fetch failed for 5183.KL: Failed to perform, curl: (6) Could not resolve host: query1.finance.yahoo.com. See https://curl.se/libcurl/c/libcurl-errors.html first for more details.
2026-07-04 14:26:32,333 - buffett.fetchers - WARNING - Alpha Vantage API key not configured
2026-07-04 14:26:44,620 - buffett.fetchers - ERROR - Error scraping malaysiastock.biz for 5183: [Errno -3] Temporary failure in name resolution
2026-07-04 14:26:44,622 - buffett.scanner - ERROR - Error processing 5183.KL: All fetchers failed for ticker 5183.KL
2026-07-04 14:26:56,909 - buffett.fetchers - WARNING - yfinance fetch failed for 5185.KL: Failed to perform, curl: (6) Could not resolve host: query1.finance.yahoo.com. See https://curl.se/libcurl/c/libcurl-errors.html first for more details.
2026-07-04 14:26:56,909 - buffett.fetchers - WARNING - Alpha Vantage API key not configured
2026-07-04 14:27:08,108 - buffett.fetchers - ERROR - Error scraping malaysiastock.biz for 5185: [Errno -3] Temporary failure in name resolution
2026-07-04 14:27:08,110 - buffett.scanner - ERROR - Error processing 5185.KL: All fetchers failed for ticker 5185.KL
2026-07-04 14:27:18,317 - buffett.fetchers - WARNING - yfinance fetch failed for 5188.KL: Failed to perform, curl: (6) Could not resolve host: query1.finance.yahoo.com. See https://curl.se/libcurl/c/libcurl-errors.html first for more details.
2026-07-04 14:27:18,317 - buffett.fetchers - WARNING - Alpha Vantage API key not configured
2026-07-04 14:27:27,820 - buffett.fetchers - ERROR - Error scraping malaysiastock.biz for 5188: [Errno -3] Temporary failure in name resolution
2026-07-04 14:27:27,822 - buffett.scanner - ERROR - Error processing 5188.KL: All fetchers failed for ticker 5188.KL
2026-07-04 14:27:37,325 - buffett.fetchers - WARNING - yfinance fetch failed for 5200.KL: Failed to perform, curl: (6) Could not resolve host: query1.finance.yahoo.com. See https://curl.se/libcurl/c/libcurl-errors.html first for more details.
2026-07-04 14:27:37,325 - buffett.fetchers - WARNING - Alpha Vantage API key not configured
2026-07-04 14:27:49,132 - buffett.fetchers - ERROR - Error scraping malaysiastock.biz for 5200: [Errno -3] Temporary failure in name resolution
2026-07-04 14:27:49,134 - buffett.scanner - ERROR - Error processing 5200.KL: All fetchers failed for ticker 5200.KL
2026-07-04 14:27:59,373 - buffett.fetchers - WARNING - yfinance fetch failed for 5202.KL: Failed to perform, curl: (6) Could not resolve host: query1.finance.yahoo.com. See https://curl.se/libcurl/c/libcurl-errors.html first for more details.
2026-07-04 14:27:59,373 - buffett.fetchers - WARNING - Alpha Vantage API key not configured
2026-07-04 14:28:08,876 - buffett.fetchers - ERROR - Error scraping malaysiastock.biz for 5202: [Errno -3] Temporary failure in name resolution
2026-07-04 14:28:08,878 - buffett.scanner - ERROR - Error processing 5202.KL: All fetchers failed for ticker 5202.KL
2026-07-04 14:28:19,053 - buffett.fetchers - WARNING - yfinance fetch failed for 5211.KL: Failed to perform, curl: (6) Could not resolve host: query1.finance.yahoo.com. See https://curl.se/libcurl/c/libcurl-errors.html first for more details.
2026-07-04 14:28:19,053 - buffett.fetchers - WARNING - Alpha Vantage API key not configured
2026-07-04 14:28:31,340 - buffett.fetchers - ERROR - Error scraping malaysiastock.biz for 5211: [Errno -3] Temporary failure in name resolution
2026-07-04 14:28:31,342 - buffett.scanner - ERROR - Error processing 5211.KL: All fetchers failed for ticker 5211.KL
2026-07-04 14:28:43,629 - buffett.fetchers - WARNING - yfinance fetch failed for 5215.KL: Failed to perform, curl: (6) Could not resolve host: query1.finance.yahoo.com. See https://curl.se/libcurl/c/libcurl-errors.html first for more details.
2026-07-04 14:28:43,629 - buffett.fetchers - WARNING - Alpha Vantage API key not configured
2026-07-04 14:28:55,404 - buffett.fetchers - ERROR - Error scraping malaysiastock.biz for 5215: [Errno -3] Temporary failure in name resolution
2026-07-04 14:28:55,406 - buffett.scanner - ERROR - Error processing 5215.KL: All fetchers failed for ticker 5215.KL
2026-07-04 14:29:06,189 - buffett.fetchers - WARNING - yfinance fetch failed for 5216.KL: Failed to perform, curl: (6) Could not resolve host: query1.finance.yahoo.com. See https://curl.se/libcurl/c/libcurl-errors.html first for more details.
2026-07-04 14:29:06,189 - buffett.fetchers - WARNING - Alpha Vantage API key not configured
2026-07-04 14:29:17,388 - buffett.fetchers - ERROR - Error scraping malaysiastock.biz for 5216: [Errno -3] Temporary failure in name resolution
2026-07-04 14:29:17,390 - buffett.scanner - ERROR - Error processing 5216.KL: All fetchers failed for ticker 5216.KL
2026-07-04 14:29:29,677 - buffett.fetchers - WARNING - yfinance fetch failed for 5225.KL: Failed to perform, curl: (6) Could not resolve host: query1.finance.yahoo.com. See https://curl.se/libcurl/c/libcurl-errors.html first for more details.
2026-07-04 14:29:29,677 - buffett.fetchers - WARNING - Alpha Vantage API key not configured
2026-07-04 14:29:39,468 - buffett.fetchers - ERROR - Error scraping malaysiastock.biz for 5225: [Errno -3] Temporary failure in name resolution
2026-07-04 14:29:39,470 - buffett.scanner - ERROR - Error processing 5225.KL: All fetchers failed for ticker 5225.KL
2026-07-04 14:29:39,470 - buffett.scanner - INFO - Progress: 80/119
2026-07-04 14:29:49,677 - buffett.fetchers - WARNING - yfinance fetch failed for 5227.KL: Failed to perform, curl: (6) Could not resolve host: query1.finance.yahoo.com. See https://curl.se/libcurl/c/libcurl-errors.html first for more details.
2026-07-04 14:29:49,677 - buffett.fetchers - WARNING - Alpha Vantage API key not configured
2026-07-04 14:30:01,964 - buffett.fetchers - ERROR - Error scraping malaysiastock.biz for 5227: [Errno -3] Temporary failure in name resolution
2026-07-04 14:30:01,966 - buffett.scanner - ERROR - Error processing 5227.KL: All fetchers failed for ticker 5227.KL
2026-07-04 14:30:13,325 - buffett.fetchers - WARNING - yfinance fetch failed for 5242.KL: Failed to perform, curl: (6) Could not resolve host: query1.finance.yahoo.com. See https://curl.se/libcurl/c/libcurl-errors.html first for more details.
2026-07-04 14:30:13,325 - buffett.fetchers - WARNING - Alpha Vantage API key not configured
2026-07-04 14:30:23,116 - buffett.fetchers - ERROR - Error scraping malaysiastock.biz for 5242: [Errno -3] Temporary failure in name resolution
2026-07-04 14:30:23,118 - buffett.scanner - ERROR - Error processing 5242.KL: All fetchers failed for ticker 5242.KL
2026-07-04 14:30:33,325 - buffett.fetchers - WARNING - yfinance fetch failed for 5246.KL: Failed to perform, curl: (6) Could not resolve host: query1.finance.yahoo.com. See https://curl.se/libcurl/c/libcurl-errors.html first for more details.
2026-07-04 14:30:33,325 - buffett.fetchers - WARNING - Alpha Vantage API key not configured
2026-07-04 14:30:42,828 - buffett.fetchers - ERROR - Error scraping malaysiastock.biz for 5246: [Errno -3] Temporary failure in name resolution
2026-07-04 14:30:42,830 - buffett.scanner - ERROR - Error processing 5246.KL: All fetchers failed for ticker 5246.KL
2026-07-04 14:30:54,989 - buffett.fetchers - WARNING - yfinance fetch failed for 5250.KL: Failed to perform, curl: (6) Could not resolve host: query1.finance.yahoo.com. See https://curl.se/libcurl/c/libcurl-errors.html first for more details.
2026-07-04 14:30:54,989 - buffett.fetchers - WARNING - Alpha Vantage API key not configured
2026-07-04 14:31:05,100 - buffett.fetchers - ERROR - Error scraping malaysiastock.biz for 5250: [Errno -3] Temporary failure in name resolution
2026-07-04 14:31:05,102 - buffett.scanner - ERROR - Error processing 5250.KL: All fetchers failed for ticker 5250.KL
2026-07-04 14:31:17,293 - buffett.fetchers - WARNING - yfinance fetch failed for 5252.KL: Failed to perform, curl: (6) Could not resolve host: query1.finance.yahoo.com. See https://curl.se/libcurl/c/libcurl-errors.html first for more details.
2026-07-04 14:31:17,293 - buffett.fetchers - WARNING - Alpha Vantage API key not configured
2026-07-04 14:31:29,164 - buffett.fetchers - ERROR - Error scraping malaysiastock.biz for 5252: [Errno -3] Temporary failure in name resolution
2026-07-04 14:31:29,166 - buffett.scanner - ERROR - Error processing 5252.KL: All fetchers failed for ticker 5252.KL
2026-07-04 14:31:39,949 - buffett.fetchers - WARNING - yfinance fetch failed for 5258.KL: Failed to perform, curl: (6) Could not resolve host: query1.finance.yahoo.com. See https://curl.se/libcurl/c/libcurl-errors.html first for more details.
2026-07-04 14:31:39,949 - buffett.fetchers - WARNING - Alpha Vantage API key not configured
2026-07-04 14:31:52,236 - buffett.fetchers - ERROR - Error scraping malaysiastock.biz for 5258: [Errno -3] Temporary failure in name resolution
2026-07-04 14:31:52,238 - buffett.scanner - ERROR - Error processing 5258.KL: All fetchers failed for ticker 5258.KL
2026-07-04 14:32:04,525 - buffett.fetchers - WARNING - yfinance fetch failed for 5262.KL: Failed to perform, curl: (6) Could not resolve host: query1.finance.yahoo.com. See https://curl.se/libcurl/c/libcurl-errors.html first for more details.
2026-07-04 14:32:04,525 - buffett.fetchers - WARNING - Alpha Vantage API key not configured
2026-07-04 14:32:16,812 - buffett.fetchers - ERROR - Error scraping malaysiastock.biz for 5262: [Errno -3] Temporary failure in name resolution
2026-07-04 14:32:16,814 - buffett.scanner - ERROR - Error processing 5262.KL: All fetchers failed for ticker 5262.KL
2026-07-04 14:32:28,877 - buffett.fetchers - WARNING - yfinance fetch failed for 5263.KL: Failed to perform, curl: (6) Could not resolve host: query1.finance.yahoo.com. See https://curl.se/libcurl/c/libcurl-errors.html first for more details.
2026-07-04 14:32:28,877 - buffett.fetchers - WARNING - Alpha Vantage API key not configured
2026-07-04 14:32:38,028 - buffett.fetchers - ERROR - Error scraping malaysiastock.biz for 5263: [Errno -3] Temporary failure in name resolution
2026-07-04 14:32:38,030 - buffett.scanner - ERROR - Error processing 5263.KL: All fetchers failed for ticker 5263.KL
2026-07-04 14:32:50,189 - buffett.fetchers - WARNING - yfinance fetch failed for 5266.KL: Failed to perform, curl: (6) Could not resolve host: query1.finance.yahoo.com. See https://curl.se/libcurl/c/libcurl-errors.html first for more details.
2026-07-04 14:32:50,189 - buffett.fetchers - WARNING - Alpha Vantage API key not configured
2026-07-04 14:33:02,476 - buffett.fetchers - ERROR - Error scraping malaysiastock.biz for 5266: [Errno -3] Temporary failure in name resolution
2026-07-04 14:33:02,478 - buffett.scanner - ERROR - Error processing 5266.KL: All fetchers failed for ticker 5266.KL
2026-07-04 14:33:11,789 - buffett.fetchers - WARNING - yfinance fetch failed for 5270.KL: Failed to perform, curl: (6) Could not resolve host: query1.finance.yahoo.com. See https://curl.se/libcurl/c/libcurl-errors.html first for more details.
2026-07-04 14:33:11,789 - buffett.fetchers - WARNING - Alpha Vantage API key not configured
2026-07-04 14:33:20,492 - buffett.fetchers - ERROR - Error scraping malaysiastock.biz for 5270: [Errno -3] Temporary failure in name resolution
2026-07-04 14:33:20,494 - buffett.scanner - ERROR - Error processing 5270.KL: All fetchers failed for ticker 5270.KL
2026-07-04 14:33:20,494 - buffett.scanner - INFO - Progress: 90/119
2026-07-04 14:33:29,997 - buffett.fetchers - WARNING - yfinance fetch failed for 5288.KL: Failed to perform, curl: (6) Could not resolve host: query1.finance.yahoo.com. See https://curl.se/libcurl/c/libcurl-errors.html first for more details.
2026-07-04 14:33:29,997 - buffett.fetchers - WARNING - Alpha Vantage API key not configured
2026-07-04 14:33:42,284 - buffett.fetchers - ERROR - Error scraping malaysiastock.biz for 5288: [Errno -3] Temporary failure in name resolution
2026-07-04 14:33:42,286 - buffett.scanner - ERROR - Error processing 5288.KL: All fetchers failed for ticker 5288.KL
2026-07-04 14:33:54,573 - buffett.fetchers - WARNING - yfinance fetch failed for 5296.KL: Failed to perform, curl: (6) Could not resolve host: query1.finance.yahoo.com. See https://curl.se/libcurl/c/libcurl-errors.html first for more details.
2026-07-04 14:33:54,573 - buffett.fetchers - WARNING - Alpha Vantage API key not configured
2026-07-04 14:34:04,524 - buffett.fetchers - ERROR - Error scraping malaysiastock.biz for 5296: [Errno -3] Temporary failure in name resolution
2026-07-04 14:34:04,526 - buffett.scanner - ERROR - Error processing 5296.KL: All fetchers failed for ticker 5296.KL
2026-07-04 14:34:16,813 - buffett.fetchers - WARNING - yfinance fetch failed for 5302.KL: Failed to perform, curl: (6) Could not resolve host: query1.finance.yahoo.com. See https://curl.se/libcurl/c/libcurl-errors.html first for more details.
2026-07-04 14:34:16,813 - buffett.fetchers - WARNING - Alpha Vantage API key not configured
2026-07-04 14:34:29,100 - buffett.fetchers - ERROR - Error scraping malaysiastock.biz for 5302: [Errno -3] Temporary failure in name resolution
2026-07-04 14:34:29,102 - buffett.scanner - ERROR - Error processing 5302.KL: All fetchers failed for ticker 5302.KL
2026-07-04 14:34:39,021 - buffett.fetchers - WARNING - yfinance fetch failed for 5308.KL: Failed to perform, curl: (6) Could not resolve host: query1.finance.yahoo.com. See https://curl.se/libcurl/c/libcurl-errors.html first for more details.
2026-07-04 14:34:39,021 - buffett.fetchers - WARNING - Alpha Vantage API key not configured
2026-07-04 14:34:48,428 - buffett.fetchers - ERROR - Error scraping malaysiastock.biz for 5308: [Errno -3] Temporary failure in name resolution
2026-07-04 14:34:48,430 - buffett.scanner - ERROR - Error processing 5308.KL: All fetchers failed for ticker 5308.KL
2026-07-04 14:35:00,717 - buffett.fetchers - WARNING - yfinance fetch failed for 5347.KL: Failed to perform, curl: (6) Could not resolve host: query1.finance.yahoo.com. See https://curl.se/libcurl/c/libcurl-errors.html first for more details.
2026-07-04 14:35:00,717 - buffett.fetchers - WARNING - Alpha Vantage API key not configured
2026-07-04 14:35:10,764 - buffett.fetchers - ERROR - Error scraping malaysiastock.biz for 5347: [Errno -3] Temporary failure in name resolution
2026-07-04 14:35:10,766 - buffett.scanner - ERROR - Error processing 5347.KL: All fetchers failed for ticker 5347.KL
2026-07-04 14:35:20,973 - buffett.fetchers - WARNING - yfinance fetch failed for 5398.KL: Failed to perform, curl: (6) Could not resolve host: query1.finance.yahoo.com. See https://curl.se/libcurl/c/libcurl-errors.html first for more details.
2026-07-04 14:35:20,973 - buffett.fetchers - WARNING - Alpha Vantage API key not configured
2026-07-04 14:35:33,260 - buffett.fetchers - ERROR - Error scraping malaysiastock.biz for 5398: [Errno -3] Temporary failure in name resolution
2026-07-04 14:35:33,262 - buffett.scanner - ERROR - Error processing 5398.KL: All fetchers failed for ticker 5398.KL
2026-07-04 14:35:45,549 - buffett.fetchers - WARNING - yfinance fetch failed for 5681.KL: Failed to perform, curl: (6) Could not resolve host: query1.finance.yahoo.com. See https://curl.se/libcurl/c/libcurl-errors.html first for more details.
2026-07-04 14:35:45,549 - buffett.fetchers - WARNING - Alpha Vantage API key not configured
2026-07-04 14:35:54,924 - buffett.fetchers - ERROR - Error scraping malaysiastock.biz for 5681: [Errno -3] Temporary failure in name resolution
2026-07-04 14:35:54,926 - buffett.scanner - ERROR - Error processing 5681.KL: All fetchers failed for ticker 5681.KL
2026-07-04 14:36:04,877 - buffett.fetchers - WARNING - yfinance fetch failed for 5735.KL: Failed to perform, curl: (6) Could not resolve host: query1.finance.yahoo.com. See https://curl.se/libcurl/c/libcurl-errors.html first for more details.
2026-07-04 14:36:04,877 - buffett.fetchers - WARNING - Alpha Vantage API key not configured
2026-07-04 14:36:14,380 - buffett.fetchers - ERROR - Error scraping malaysiastock.biz for 5735: [Errno -3] Temporary failure in name resolution
2026-07-04 14:36:14,382 - buffett.scanner - ERROR - Error processing 5735.KL: All fetchers failed for ticker 5735.KL
2026-07-04 14:36:26,669 - buffett.fetchers - WARNING - yfinance fetch failed for 5819.KL: Failed to perform, curl: (6) Could not resolve host: query1.finance.yahoo.com. See https://curl.se/libcurl/c/libcurl-errors.html first for more details.
2026-07-04 14:36:26,669 - buffett.fetchers - WARNING - Alpha Vantage API key not configured
2026-07-04 14:36:37,196 - buffett.fetchers - ERROR - Error scraping malaysiastock.biz for 5819: [Errno -3] Temporary failure in name resolution
2026-07-04 14:36:37,198 - buffett.scanner - ERROR - Error processing 5819.KL: All fetchers failed for ticker 5819.KL
2026-07-04 14:36:49,485 - buffett.fetchers - WARNING - yfinance fetch failed for 5926.KL: Failed to perform, curl: (6) Could not resolve host: query1.finance.yahoo.com. See https://curl.se/libcurl/c/libcurl-errors.html first for more details.
2026-07-04 14:36:49,485 - buffett.fetchers - WARNING - Alpha Vantage API key not configured
2026-07-04 14:37:01,772 - buffett.fetchers - ERROR - Error scraping malaysiastock.biz for 5926: [Errno -3] Temporary failure in name resolution
2026-07-04 14:37:01,774 - buffett.scanner - ERROR - Error processing 5926.KL: All fetchers failed for ticker 5926.KL
2026-07-04 14:37:01,774 - buffett.scanner - INFO - Progress: 100/119
2026-07-04 14:37:14,061 - buffett.fetchers - WARNING - yfinance fetch failed for 5932.KL: Failed to perform, curl: (6) Could not resolve host: query1.finance.yahoo.com. See https://curl.se/libcurl/c/libcurl-errors.html first for more details.
2026-07-04 14:37:14,061 - buffett.fetchers - WARNING - Alpha Vantage API key not configured
2026-07-04 14:37:26,348 - buffett.fetchers - ERROR - Error scraping malaysiastock.biz for 5932: [Errno -3] Temporary failure in name resolution
2026-07-04 14:37:26,350 - buffett.scanner - ERROR - Error processing 5932.KL: All fetchers failed for ticker 5932.KL
2026-07-04 14:37:38,637 - buffett.fetchers - WARNING - yfinance fetch failed for 6012.KL: Failed to perform, curl: (6) Could not resolve host: query1.finance.yahoo.com. See https://curl.se/libcurl/c/libcurl-errors.html first for more details.
2026-07-04 14:37:38,637 - buffett.fetchers - WARNING - Alpha Vantage API key not configured
2026-07-04 14:37:50,700 - buffett.fetchers - ERROR - Error scraping malaysiastock.biz for 6012: [Errno -3] Temporary failure in name resolution
2026-07-04 14:37:50,702 - buffett.scanner - ERROR - Error processing 6012.KL: All fetchers failed for ticker 6012.KL
2026-07-04 14:38:02,989 - buffett.fetchers - WARNING - yfinance fetch failed for 6013.KL: Failed to perform, curl: (6) Could not resolve host: query1.finance.yahoo.com. See https://curl.se/libcurl/c/libcurl-errors.html first for more details.
2026-07-04 14:38:02,989 - buffett.fetchers - WARNING - Alpha Vantage API key not configured
2026-07-04 14:38:15,276 - buffett.fetchers - ERROR - Error scraping malaysiastock.biz for 6013: [Errno -3] Temporary failure in name resolution
2026-07-04 14:38:15,278 - buffett.scanner - ERROR - Error processing 6013.KL: All fetchers failed for ticker 6013.KL
2026-07-04 14:38:27,565 - buffett.fetchers - WARNING - yfinance fetch failed for 6033.KL: Failed to perform, curl: (6) Could not resolve host: query1.finance.yahoo.com. See https://curl.se/libcurl/c/libcurl-errors.html first for more details.
2026-07-04 14:38:27,565 - buffett.fetchers - WARNING - Alpha Vantage API key not configured
2026-07-04 14:38:35,468 - buffett.fetchers - ERROR - Error scraping malaysiastock.biz for 6033: [Errno -3] Temporary failure in name resolution
2026-07-04 14:38:35,470 - buffett.scanner - ERROR - Error processing 6033.KL: All fetchers failed for ticker 6033.KL
2026-07-04 14:38:44,973 - buffett.fetchers - WARNING - yfinance fetch failed for 6139.KL: Failed to perform, curl: (6) Could not resolve host: query1.finance.yahoo.com. See https://curl.se/libcurl/c/libcurl-errors.html first for more details.
2026-07-04 14:38:44,973 - buffett.fetchers - WARNING - Alpha Vantage API key not configured
2026-07-04 14:38:57,260 - buffett.fetchers - ERROR - Error scraping malaysiastock.biz for 6139: [Errno -3] Temporary failure in name resolution
2026-07-04 14:38:57,262 - buffett.scanner - ERROR - Error processing 6139.KL: All fetchers failed for ticker 6139.KL
2026-07-04 14:39:08,461 - buffett.fetchers - WARNING - yfinance fetch failed for 6155.KL: Failed to perform, curl: (6) Could not resolve host: query1.finance.yahoo.com. See https://curl.se/libcurl/c/libcurl-errors.html first for more details.
2026-07-04 14:39:08,461 - buffett.fetchers - WARNING - Alpha Vantage API key not configured
2026-07-04 14:39:20,748 - buffett.fetchers - ERROR - Error scraping malaysiastock.biz for 6155: [Errno -3] Temporary failure in name resolution
2026-07-04 14:39:20,750 - buffett.scanner - ERROR - Error processing 6155.KL: All fetchers failed for ticker 6155.KL
2026-07-04 14:39:33,037 - buffett.fetchers - WARNING - yfinance fetch failed for 6664.KL: Failed to perform, curl: (6) Could not resolve host: query1.finance.yahoo.com. See https://curl.se/libcurl/c/libcurl-errors.html first for more details.
2026-07-04 14:39:33,037 - buffett.fetchers - WARNING - Alpha Vantage API key not configured
2026-07-04 14:39:44,812 - buffett.fetchers - ERROR - Error scraping malaysiastock.biz for 6664: [Errno -3] Temporary failure in name resolution
2026-07-04 14:39:44,814 - buffett.scanner - ERROR - Error processing 6664.KL: All fetchers failed for ticker 6664.KL
2026-07-04 14:39:57,101 - buffett.fetchers - WARNING - yfinance fetch failed for 6742.KL: Failed to perform, curl: (6) Could not resolve host: query1.finance.yahoo.com. See https://curl.se/libcurl/c/libcurl-errors.html first for more details.
2026-07-04 14:39:57,101 - buffett.fetchers - WARNING - Alpha Vantage API key not configured
2026-07-04 14:40:09,388 - buffett.fetchers - ERROR - Error scraping malaysiastock.biz for 6742: [Errno -3] Temporary failure in name resolution
2026-07-04 14:40:09,390 - buffett.scanner - ERROR - Error processing 6742.KL: All fetchers failed for ticker 6742.KL
2026-07-04 14:40:19,757 - buffett.fetchers - WARNING - yfinance fetch failed for 6888.KL: Failed to perform, curl: (6) Could not resolve host: query1.finance.yahoo.com. See https://curl.se/libcurl/c/libcurl-errors.html first for more details.
2026-07-04 14:40:19,757 - buffett.fetchers - WARNING - Alpha Vantage API key not configured
2026-07-04 14:40:29,964 - buffett.fetchers - ERROR - Error scraping malaysiastock.biz for 6888: [Errno -3] Temporary failure in name resolution
2026-07-04 14:40:29,966 - buffett.scanner - ERROR - Error processing 6888.KL: All fetchers failed for ticker 6888.KL
2026-07-04 14:40:40,013 - buffett.fetchers - WARNING - yfinance fetch failed for 6947.KL: Failed to perform, curl: (6) Could not resolve host: query1.finance.yahoo.com. See https://curl.se/libcurl/c/libcurl-errors.html first for more details.
2026-07-04 14:40:40,013 - buffett.fetchers - WARNING - Alpha Vantage API key not configured
2026-07-04 14:40:50,220 - buffett.fetchers - ERROR - Error scraping malaysiastock.biz for 6947: [Errno -3] Temporary failure in name resolution
2026-07-04 14:40:50,222 - buffett.scanner - ERROR - Error processing 6947.KL: All fetchers failed for ticker 6947.KL
2026-07-04 14:40:50,222 - buffett.scanner - INFO - Progress: 110/119
2026-07-04 14:40:59,789 - buffett.fetchers - WARNING - yfinance fetch failed for 7033.KL: Failed to perform, curl: (6) Could not resolve host: query1.finance.yahoo.com. See https://curl.se/libcurl/c/libcurl-errors.html first for more details.
2026-07-04 14:40:59,789 - buffett.fetchers - WARNING - Alpha Vantage API key not configured
2026-07-04 14:41:10,668 - buffett.fetchers - ERROR - Error scraping malaysiastock.biz for 7033: [Errno -3] Temporary failure in name resolution
2026-07-04 14:41:10,670 - buffett.scanner - ERROR - Error processing 7033.KL: All fetchers failed for ticker 7033.KL
2026-07-04 14:41:22,957 - buffett.fetchers - WARNING - yfinance fetch failed for 7084.KL: Failed to perform, curl: (6) Could not resolve host: query1.finance.yahoo.com. See https://curl.se/libcurl/c/libcurl-errors.html first for more details.
2026-07-04 14:41:22,957 - buffett.fetchers - WARNING - Alpha Vantage API key not configured
2026-07-04 14:41:32,460 - buffett.fetchers - ERROR - Error scraping malaysiastock.biz for 7084: [Errno -3] Temporary failure in name resolution
2026-07-04 14:41:32,462 - buffett.scanner - ERROR - Error processing 7084.KL: All fetchers failed for ticker 7084.KL
2026-07-04 14:41:44,749 - buffett.fetchers - WARNING - yfinance fetch failed for 7085.KL: Failed to perform, curl: (6) Could not resolve host: query1.finance.yahoo.com. See https://curl.se/libcurl/c/libcurl-errors.html first for more details.
2026-07-04 14:41:44,749 - buffett.fetchers - WARNING - Alpha Vantage API key not configured
2026-07-04 14:41:57,036 - buffett.fetchers - ERROR - Error scraping malaysiastock.biz for 7085: [Errno -3] Temporary failure in name resolution
2026-07-04 14:41:57,038 - buffett.scanner - ERROR - Error processing 7085.KL: All fetchers failed for ticker 7085.KL
2026-07-04 14:42:06,833 - buffett.fetchers - WARNING - yfinance fetch failed for 7160.KL: Failed to perform, curl: (6) Could not resolve host: query1.finance.yahoo.com. See https://curl.se/libcurl/c/libcurl-errors.html first for more details.
2026-07-04 14:42:06,833 - buffett.fetchers - WARNING - Alpha Vantage API key not configured
2026-07-04 14:42:19,116 - buffett.fetchers - ERROR - Error scraping malaysiastock.biz for 7160: [Errno -3] Temporary failure in name resolution
2026-07-04 14:42:19,118 - buffett.scanner - ERROR - Error processing 7160.KL: All fetchers failed for ticker 7160.KL
2026-07-04 14:42:31,405 - buffett.fetchers - WARNING - yfinance fetch failed for 7178.KL: Failed to perform, curl: (6) Could not resolve host: query1.finance.yahoo.com. See https://curl.se/libcurl/c/libcurl-errors.html first for more details.
2026-07-04 14:42:31,405 - buffett.fetchers - WARNING - Alpha Vantage API key not configured
2026-07-04 14:42:41,612 - buffett.fetchers - ERROR - Error scraping malaysiastock.biz for 7178: [Errno -3] Temporary failure in name resolution
2026-07-04 14:42:41,614 - buffett.scanner - ERROR - Error processing 7178.KL: All fetchers failed for ticker 7178.KL
2026-07-04 14:42:51,213 - buffett.fetchers - WARNING - yfinance fetch failed for 7195.KL: Failed to perform, curl: (6) Could not resolve host: query1.finance.yahoo.com. See https://curl.se/libcurl/c/libcurl-errors.html first for more details.
2026-07-04 14:42:51,213 - buffett.fetchers - WARNING - Alpha Vantage API key not configured
2026-07-04 14:43:02,284 - buffett.fetchers - ERROR - Error scraping malaysiastock.biz for 7195: [Errno -3] Temporary failure in name resolution
2026-07-04 14:43:02,286 - buffett.scanner - ERROR - Error processing 7195.KL: All fetchers failed for ticker 7195.KL
2026-07-04 14:43:12,717 - buffett.fetchers - WARNING - yfinance fetch failed for 7277.KL: Failed to perform, curl: (6) Could not resolve host: query1.finance.yahoo.com. See https://curl.se/libcurl/c/libcurl-errors.html first for more details.
2026-07-04 14:43:12,717 - buffett.fetchers - WARNING - Alpha Vantage API key not configured
2026-07-04 14:43:25,004 - buffett.fetchers - ERROR - Error scraping malaysiastock.biz for 7277: [Errno -3] Temporary failure in name resolution
2026-07-04 14:43:25,006 - buffett.scanner - ERROR - Error processing 7277.KL: All fetchers failed for ticker 7277.KL
2026-07-04 14:43:37,294 - buffett.fetchers - WARNING - yfinance fetch failed for 7493.KL: Failed to perform, curl: (6) Could not resolve host: query1.finance.yahoo.com. See https://curl.se/libcurl/c/libcurl-errors.html first for more details.
2026-07-04 14:43:37,294 - buffett.fetchers - WARNING - Alpha Vantage API key not configured
2026-07-04 14:43:46,796 - buffett.fetchers - ERROR - Error scraping malaysiastock.biz for 7493: [Errno -3] Temporary failure in name resolution
2026-07-04 14:43:46,798 - buffett.scanner - ERROR - Error processing 7493.KL: All fetchers failed for ticker 7493.KL
2026-07-04 14:43:56,781 - buffett.fetchers - WARNING - yfinance fetch failed for 7566.KL: Failed to perform, curl: (6) Could not resolve host: query1.finance.yahoo.com. See https://curl.se/libcurl/c/libcurl-errors.html first for more details.
2026-07-04 14:43:56,781 - buffett.fetchers - WARNING - Alpha Vantage API key not configured
2026-07-04 14:44:06,284 - buffett.fetchers - ERROR - Error scraping malaysiastock.biz for 7566: [Errno -3] Temporary failure in name resolution
2026-07-04 14:44:06,286 - buffett.scanner - ERROR - Error processing 7566.KL: All fetchers failed for ticker 7566.KL
2026-07-04 14:44:18,573 - buffett.fetchers - WARNING - yfinance fetch failed for 7874.KL: Failed to perform, curl: (6) Could not resolve host: query1.finance.yahoo.com. See https://curl.se/libcurl/c/libcurl-errors.html first for more details.
2026-07-04 14:44:18,573 - buffett.fetchers - WARNING - Alpha Vantage API key not configured
2026-07-04 14:44:30,860 - buffett.fetchers - ERROR - Error scraping malaysiastock.biz for 7874: [Errno -3] Temporary failure in name resolution
2026-07-04 14:44:30,862 - buffett.scanner - ERROR - Error processing 7874.KL: All fetchers failed for ticker 7874.KL
2026-07-04 14:44:30,862 - buffett.scanner - INFO - Scan complete. Successful: 0, Failed: 119
2026-07-04 14:44:30,862 - buffett.scanner - INFO - Signals - BUY: 0, HOLD: 0, SELL: 0, AVOID: 0
2026-07-04 14:44:30,862 - __main__ - INFO - Scan completed successfully
Database initialized at /home/shalu/buffett-monitor/data/buffett.db

=== BUFFETT MONITOR SCAN RESULTS ===
Date: 2026-07-04
Total tickers: 119
Successful: 0
Failed: 119
Signals - BUY: 0, HOLD: 0, SELL: 0, AVOID: 0

Errors (119):
  - 0041.KL: All fetchers failed for ticker 0041.KL
  - 0058.KL: All fetchers failed for ticker 0058.KL
  - 0097.KL: All fetchers failed for ticker 0097.KL
  - 0128.KL: All fetchers failed for ticker 0128.KL
  - 0138.KL: All fetchers failed for ticker 0138.KL
  - 0159.KL: All fetchers failed for ticker 0159.KL
  - 0163.KL: All fetchers failed for ticker 0163.KL
  - 0172.KL: All fetchers failed for ticker 0172.KL
  - 0182.KL: All fetchers failed for ticker 0182.KL
  - 0193.KL: All fetchers failed for ticker 0193.KL
  ... and 109 more
2026-07-04 14:44:32,913 - INFO - scan_slice bucket=klse size=119 exit=0 dur=2671.2s
2026-07-04 14:44:32+0800  [scan_slice_klse]  ok (raw=0)
2026-07-18 14:00:01+0800  [scan_slice_klse]  begin
2026-07-18 14:00:01,699 - INFO - scan_slice bucket=klse size=119
Telegram credentials not configured
2026-07-18 14:00:10,364 - __main__ - INFO - Starting manual Buffett Monitor scan...
2026-07-18 14:00:10,364 - buffett.scanner - INFO - Starting weekly scan...
2026-07-18 14:00:10,375 - buffett.scanner - INFO - Scanning 119 specified tickers...
2026-07-18 14:00:10,448 - ml.model_trainer - INFO - Model loaded from /home/shalu/buffett-monitor/ml/models/
2026-07-18 14:00:10,448 - ml.lasso.lasso_feature_selector - INFO - Initialized DoubleSelectionLASSO with cv=3, criterion=bic
2026-07-18 14:00:10,448 - ml.lasso.lasso_feature_selector - INFO - DoubleSelectionLASSO loaded from /home/shalu/buffett-monitor/ml/lasso/lasso_selector.pkl
2026-07-18 14:00:10,448 - ml.lassoo_selector - INFO - Loaded LASSO selector from /home/shalu/buffett-monitor/ml/lasso/lasso_selector.pkl
2026-07-18 14:00:10,448 - ml.lassoo_selector - INFO - LassooFeatureSelector initialized. Model loaded: True
2026-07-18 14:00:10,453 - ml.vq_factor_model - INFO - Created VQ-VAE model: input_dim=49, hidden_dim=128, latent_dim=64, num_embeddings=512
2026-07-18 14:00:10,461 - ml.signal_enhancer - INFO - Loaded VQ model from /home/shalu/buffett-monitor/ml/vq_models/vq_factor_model.pt
2026-07-18 14:00:10,461 - ml.signal_enhancer - INFO - VQ model input dimension: 49
2026-07-18 14:00:10,461 - ml.signal_enhancer - INFO - VQ model ready: True
2026-07-18 14:00:10,461 - ml.signal_enhancer - INFO - SignalEnhancer initialized with confidence threshold 0.6
2026-07-18 14:00:10,461 - ml.signal_enhancer - INFO - ML model ready: True
2026-07-18 14:00:10,461 - ml.signal_enhancer - INFO - VQ model ready: True
2026-07-18 14:00:10,461 - ml.signal_enhancer - INFO - VQ ranking enabled: True
2026-07-18 14:00:10,461 - ml.signal_enhancer - INFO - LASSO feature selection ready: True
2026-07-18 14:00:10,461 - buffett.scanner - INFO - ML signal enhancer initialized successfully.
2026-07-18 14:00:11,204 - buffett.scanner - ERROR - Error processing 0041.KL: '>' not supported between instances of 'str' and 'int'
2026-07-18 14:00:11,807 - ml.feature_engineer - ERROR - 0058.KL: Error engineering features: The truth value of a Series is ambiguous. Use a.empty, a.bool(), a.item(), a.any() or a.all().
2026-07-18 14:00:11,807 - ml.signal_enhancer - WARNING - 0058.KL: Feature engineering failed, using rule-based signal
2026-07-18 14:00:12,641 - ml.feature_engineer - ERROR - 0097.KL: Error engineering features: The truth value of a Series is ambiguous. Use a.empty, a.bool(), a.item(), a.any() or a.all().
2026-07-18 14:00:12,641 - ml.signal_enhancer - WARNING - 0097.KL: Feature engineering failed, using rule-based signal
2026-07-18 14:00:13,817 - ml.feature_engineer - ERROR - 0128.KL: Error engineering features: The truth value of a Series is ambiguous. Use a.empty, a.bool(), a.item(), a.any() or a.all().
2026-07-18 14:00:13,817 - ml.signal_enhancer - WARNING - 0128.KL: Feature engineering failed, using rule-based signal
2026-07-18 14:00:13,871 - buffett.scanner - INFO - 0128.KL: SELL signal (QS: 22.2, Moat: NONE)
2026-07-18 14:00:14,727 - ml.feature_engineer - ERROR - 0138.KL: Error engineering features: The truth value of a Series is ambiguous. Use a.empty, a.bool(), a.item(), a.any() or a.all().
2026-07-18 14:00:14,727 - ml.signal_enhancer - WARNING - 0138.KL: Feature engineering failed, using rule-based signal
2026-07-18 14:00:15,864 - ml.feature_engineer - ERROR - 0159.KL: Error engineering features: The truth value of a Series is ambiguous. Use a.empty, a.bool(), a.item(), a.any() or a.all().
2026-07-18 14:00:15,864 - ml.signal_enhancer - WARNING - 0159.KL: Feature engineering failed, using rule-based signal
2026-07-18 14:00:15,916 - buffett.scanner - INFO - 0159.KL: SELL signal (QS: 0.0, Moat: NONE)
2026-07-18 14:00:16,657 - ml.feature_engineer - ERROR - 0163.KL: Error engineering features: The truth value of a Series is ambiguous. Use a.empty, a.bool(), a.item(), a.any() or a.all().
2026-07-18 14:00:16,657 - ml.signal_enhancer - WARNING - 0163.KL: Feature engineering failed, using rule-based signal
2026-07-18 14:00:16,710 - buffett.scanner - INFO - 0163.KL: SELL signal (QS: 11.1, Moat: NONE)
2026-07-18 14:00:17,500 - ml.feature_engineer - ERROR - 0172.KL: Error engineering features: The truth value of a Series is ambiguous. Use a.empty, a.bool(), a.item(), a.any() or a.all().
2026-07-18 14:00:17,500 - ml.signal_enhancer - WARNING - 0172.KL: Feature engineering failed, using rule-based signal
2026-07-18 14:00:17,551 - buffett.scanner - INFO - 0172.KL: SELL signal (QS: 33.3, Moat: NONE)
2026-07-18 14:00:18,254 - ml.feature_engineer - ERROR - 0182.KL: Error engineering features: The truth value of a Series is ambiguous. Use a.empty, a.bool(), a.item(), a.any() or a.all().
2026-07-18 14:00:18,254 - ml.signal_enhancer - WARNING - 0182.KL: Feature engineering failed, using rule-based signal
2026-07-18 14:00:18,307 - buffett.scanner - INFO - 0182.KL: SELL signal (QS: 11.1, Moat: NONE)
2026-07-18 14:00:18,308 - buffett.scanner - INFO - Progress: 10/119
2026-07-18 14:00:19,257 - ml.feature_engineer - ERROR - 0193.KL: Error engineering features: The truth value of a Series is ambiguous. Use a.empty, a.bool(), a.item(), a.any() or a.all().
2026-07-18 14:00:19,257 - ml.signal_enhancer - WARNING - 0193.KL: Feature engineering failed, using rule-based signal
2026-07-18 14:00:19,311 - buffett.scanner - INFO - 0193.KL: SELL signal (QS: 11.1, Moat: NONE)
2026-07-18 14:00:20,239 - ml.feature_engineer - ERROR - 0213.KL: Error engineering features: The truth value of a Series is ambiguous. Use a.empty, a.bool(), a.item(), a.any() or a.all().
2026-07-18 14:00:20,240 - ml.signal_enhancer - WARNING - 0213.KL: Feature engineering failed, using rule-based signal
2026-07-18 14:00:20,293 - buffett.scanner - INFO - 0213.KL: SELL signal (QS: 44.4, Moat: NONE)
2026-07-18 14:00:21,047 - ml.feature_engineer - ERROR - 0226.KL: Error engineering features: The truth value of a Series is ambiguous. Use a.empty, a.bool(), a.item(), a.any() or a.all().
2026-07-18 14:00:21,047 - ml.signal_enhancer - WARNING - 0226.KL: Feature engineering failed, using rule-based signal
2026-07-18 14:00:21,105 - buffett.scanner - INFO - 0226.KL: SELL signal (QS: 44.4, Moat: NONE)
2026-07-18 14:00:21,903 - ml.feature_engineer - ERROR - 0259.KL: Error engineering features: The truth value of a Series is ambiguous. Use a.empty, a.bool(), a.item(), a.any() or a.all().
2026-07-18 14:00:21,903 - ml.signal_enhancer - WARNING - 0259.KL: Feature engineering failed, using rule-based signal
2026-07-18 14:00:21,956 - buffett.scanner - INFO - 0259.KL: SELL signal (QS: 18.7, Moat: NONE)
2026-07-18 14:00:22,504 - yfinance - ERROR - HTTP Error 404: {"quoteSummary":{"result":null,"error":{"code":"Not Found","description":"Quote not found for symbol: 0294.KL"}}}
2026-07-18 14:00:22,561 - buffett.fetchers - WARNING - Alpha Vantage API key not configured
2026-07-18 14:00:22,701 - httpx - INFO - HTTP Request: GET https://www.malaysiastock.biz/Corporate-Infomation.aspx?securitycode=0294 "HTTP/1.1 302 Found"
2026-07-18 14:00:22,730 - httpx - INFO - HTTP Request: GET https://www.malaysiastock.biz/PageNotFound.aspx "HTTP/1.1 200 OK"
2026-07-18 14:00:22,764 - buffett.fetchers - INFO - Successfully scraped price for 0294 from malaysiastock.biz: RM None
2026-07-18 14:00:23,499 - yfinance - ERROR - HTTP Error 404: {"quoteSummary":{"result":null,"error":{"code":"Not Found","description":"Quote not found for symbol: 0294.KL"}}}
2026-07-18 14:00:23,781 - yfinance - ERROR - $0294.KL: possibly delisted; no price data found  (period=100d) (Yahoo error = "No data found, symbol may be delisted")
2026-07-18 14:00:23,782 - yfinance - ERROR - 
1 Failed download:
2026-07-18 14:00:23,782 - yfinance - ERROR - ['0294.KL']: possibly delisted; no price data found  (period=100d) (Yahoo error = "No data found, symbol may be delisted")
2026-07-18 14:00:23,787 - buffett.scanner - WARNING - 0294.KL: No price data available for ML enhancement
2026-07-18 14:00:23,832 - buffett.scanner - INFO - 0294.KL: SELL signal (QS: 0.0, Moat: NONE)
2026-07-18 14:00:24,442 - ml.feature_engineer - ERROR - 03019.KL: Error engineering features: The truth value of a Series is ambiguous. Use a.empty, a.bool(), a.item(), a.any() or a.all().
2026-07-18 14:00:24,442 - ml.signal_enhancer - WARNING - 03019.KL: Feature engineering failed, using rule-based signal
2026-07-18 14:00:24,496 - buffett.scanner - INFO - 03019.KL: SELL signal (QS: 44.4, Moat: NONE)
2026-07-18 14:00:25,371 - ml.feature_engineer - ERROR - 0311.KL: Error engineering features: The truth value of a Series is ambiguous. Use a.empty, a.bool(), a.item(), a.any() or a.all().
2026-07-18 14:00:25,371 - ml.signal_enhancer - WARNING - 0311.KL: Feature engineering failed, using rule-based signal
2026-07-18 14:00:26,191 - ml.feature_engineer - ERROR - 0356.KL: Error engineering features: The truth value of a Series is ambiguous. Use a.empty, a.bool(), a.item(), a.any() or a.all().
2026-07-18 14:00:26,191 - ml.signal_enhancer - WARNING - 0356.KL: Feature engineering failed, using rule-based signal
2026-07-18 14:00:26,245 - buffett.scanner - INFO - 0356.KL: SELL signal (QS: 22.2, Moat: NONE)
2026-07-18 14:00:27,318 - ml.feature_engineer - ERROR - 0388.KL: Error engineering features: The truth value of a Series is ambiguous. Use a.empty, a.bool(), a.item(), a.any() or a.all().
2026-07-18 14:00:27,318 - ml.signal_enhancer - WARNING - 0388.KL: Feature engineering failed, using rule-based signal
2026-07-18 14:00:27,368 - buffett.scanner - INFO - 0388.KL: SELL signal (QS: 22.2, Moat: NONE)
2026-07-18 14:00:28,093 - ml.feature_engineer - ERROR - 0398.KL: Error engineering features: The truth value of a Series is ambiguous. Use a.empty, a.bool(), a.item(), a.any() or a.all().
2026-07-18 14:00:28,093 - ml.signal_enhancer - WARNING - 0398.KL: Feature engineering failed, using rule-based signal
2026-07-18 14:00:28,147 - buffett.scanner - INFO - 0398.KL: SELL signal (QS: 33.3, Moat: NONE)
2026-07-18 14:00:28,147 - buffett.scanner - INFO - Progress: 20/119
2026-07-18 14:00:28,471 - yfinance - ERROR - HTTP Error 404: {"quoteSummary":{"result":null,"error":{"code":"Not Found","description":"Quote not found for symbol: 0426.KL"}}}
2026-07-18 14:00:28,525 - buffett.fetchers - WARNING - Alpha Vantage API key not configured
2026-07-18 14:00:28,601 - httpx - INFO - HTTP Request: GET https://www.malaysiastock.biz/Corporate-Infomation.aspx?securitycode=0426 "HTTP/1.1 302 Found"
2026-07-18 14:00:28,630 - httpx - INFO - HTTP Request: GET https://www.malaysiastock.biz/PageNotFound.aspx "HTTP/1.1 200 OK"
2026-07-18 14:00:28,653 - buffett.fetchers - INFO - Successfully scraped price for 0426 from malaysiastock.biz: RM None
2026-07-18 14:00:29,287 - yfinance - ERROR - HTTP Error 404: {"quoteSummary":{"result":null,"error":{"code":"Not Found","description":"Quote not found for symbol: 0426.KL"}}}
2026-07-18 14:00:29,583 - yfinance - ERROR - $0426.KL: possibly delisted; no price data found  (period=100d) (Yahoo error = "No data found, symbol may be delisted")
2026-07-18 14:00:29,590 - yfinance - ERROR - 
1 Failed download:
2026-07-18 14:00:29,590 - yfinance - ERROR - ['0426.KL']: possibly delisted; no price data found  (period=100d) (Yahoo error = "No data found, symbol may be delisted")
2026-07-18 14:00:29,595 - buffett.scanner - WARNING - 0426.KL: No price data available for ML enhancement
2026-07-18 14:00:29,639 - buffett.scanner - INFO - 0426.KL: SELL signal (QS: 0.0, Moat: NONE)
2026-07-18 14:00:29,947 - yfinance - ERROR - HTTP Error 404: {"quoteSummary":{"result":null,"error":{"code":"Not Found","description":"Quote not found for symbol: 0473.KL"}}}
2026-07-18 14:00:29,999 - buffett.fetchers - WARNING - Alpha Vantage API key not configured
2026-07-18 14:00:30,084 - httpx - INFO - HTTP Request: GET https://www.malaysiastock.biz/Corporate-Infomation.aspx?securitycode=0473 "HTTP/1.1 302 Found"
2026-07-18 14:00:30,114 - httpx - INFO - HTTP Request: GET https://www.malaysiastock.biz/PageNotFound.aspx "HTTP/1.1 200 OK"
2026-07-18 14:00:30,146 - buffett.fetchers - INFO - Successfully scraped price for 0473 from malaysiastock.biz: RM None
2026-07-18 14:00:30,755 - yfinance - ERROR - $0473.KL: possibly delisted; no price data found  (period=100d) (Yahoo error = "No data found, symbol may be delisted")
2026-07-18 14:00:30,762 - yfinance - ERROR - 
1 Failed download:
2026-07-18 14:00:30,762 - yfinance - ERROR - ['0473.KL']: possibly delisted; no price data found  (period=100d) (Yahoo error = "No data found, symbol may be delisted")
2026-07-18 14:00:30,767 - buffett.scanner - WARNING - 0473.KL: No price data available for ML enhancement
2026-07-18 14:00:30,811 - buffett.scanner - INFO - 0473.KL: SELL signal (QS: 0.0, Moat: NONE)
2026-07-18 14:00:31,110 - yfinance - ERROR - HTTP Error 404: {"quoteSummary":{"result":null,"error":{"code":"Not Found","description":"Quote not found for symbol: 0514.KL"}}}
2026-07-18 14:00:31,195 - buffett.fetchers - WARNING - Alpha Vantage API key not configured
2026-07-18 14:00:31,284 - httpx - INFO - HTTP Request: GET https://www.malaysiastock.biz/Corporate-Infomation.aspx?securitycode=0514 "HTTP/1.1 302 Found"
2026-07-18 14:00:31,315 - httpx - INFO - HTTP Request: GET https://www.malaysiastock.biz/PageNotFound.aspx "HTTP/1.1 200 OK"
2026-07-18 14:00:31,350 - buffett.fetchers - INFO - Successfully scraped price for 0514 from malaysiastock.biz: RM None
2026-07-18 14:00:31,927 - yfinance - ERROR - $0514.KL: possibly delisted; no price data found  (period=100d) (Yahoo error = "No data found, symbol may be delisted")
2026-07-18 14:00:31,927 - yfinance - ERROR - 
1 Failed download:
2026-07-18 14:00:31,928 - yfinance - ERROR - ['0514.KL']: possibly delisted; no price data found  (period=100d) (Yahoo error = "No data found, symbol may be delisted")
2026-07-18 14:00:31,932 - buffett.scanner - WARNING - 0514.KL: No price data available for ML enhancement
2026-07-18 14:00:31,976 - buffett.scanner - INFO - 0514.KL: SELL signal (QS: 0.0, Moat: NONE)
2026-07-18 14:00:32,305 - yfinance - ERROR - HTTP Error 404: {"quoteSummary":{"result":null,"error":{"code":"Not Found","description":"Quote not found for symbol: 0525.KL"}}}
2026-07-18 14:00:32,360 - buffett.fetchers - WARNING - Alpha Vantage API key not configured
2026-07-18 14:00:32,442 - httpx - INFO - HTTP Request: GET https://www.malaysiastock.biz/Corporate-Infomation.aspx?securitycode=0525 "HTTP/1.1 302 Found"
2026-07-18 14:00:32,469 - httpx - INFO - HTTP Request: GET https://www.malaysiastock.biz/PageNotFound.aspx "HTTP/1.1 200 OK"
2026-07-18 14:00:32,500 - buffett.fetchers - INFO - Successfully scraped price for 0525 from malaysiastock.biz: RM None
2026-07-18 14:00:33,117 - yfinance - ERROR - $0525.KL: possibly delisted; no price data found  (period=100d) (Yahoo error = "No data found, symbol may be delisted")
2026-07-18 14:00:33,117 - yfinance - ERROR - 
1 Failed download:
2026-07-18 14:00:33,117 - yfinance - ERROR - ['0525.KL']: possibly delisted; no price data found  (period=100d) (Yahoo error = "No data found, symbol may be delisted")
2026-07-18 14:00:33,122 - buffett.scanner - WARNING - 0525.KL: No price data available for ML enhancement
2026-07-18 14:00:33,165 - buffett.scanner - INFO - 0525.KL: SELL signal (QS: 0.0, Moat: NONE)
2026-07-18 14:00:33,738 - ml.feature_engineer - ERROR - 1023.KL: Error engineering features: The truth value of a Series is ambiguous. Use a.empty, a.bool(), a.item(), a.any() or a.all().
2026-07-18 14:00:33,738 - ml.signal_enhancer - WARNING - 1023.KL: Feature engineering failed, using rule-based signal
2026-07-18 14:00:33,789 - buffett.scanner - INFO - 1023.KL: SELL signal (QS: 55.6, Moat: NONE)
2026-07-18 14:00:34,765 - ml.feature_engineer - ERROR - 1066.KL: Error engineering features: The truth value of a Series is ambiguous. Use a.empty, a.bool(), a.item(), a.any() or a.all().
2026-07-18 14:00:34,766 - ml.signal_enhancer - WARNING - 1066.KL: Feature engineering failed, using rule-based signal
2026-07-18 14:00:34,819 - buffett.scanner - INFO - 1066.KL: SELL signal (QS: 55.6, Moat: NONE)
2026-07-18 14:00:35,581 - ml.feature_engineer - ERROR - 1082.KL: Error engineering features: The truth value of a Series is ambiguous. Use a.empty, a.bool(), a.item(), a.any() or a.all().
2026-07-18 14:00:35,581 - ml.signal_enhancer - WARNING - 1082.KL: Feature engineering failed, using rule-based signal
2026-07-18 14:00:35,633 - buffett.scanner - INFO - 1082.KL: SELL signal (QS: 55.6, Moat: NONE)
2026-07-18 14:00:36,434 - ml.feature_engineer - ERROR - 1155.KL: Error engineering features: The truth value of a Series is ambiguous. Use a.empty, a.bool(), a.item(), a.any() or a.all().
2026-07-18 14:00:36,434 - ml.signal_enhancer - WARNING - 1155.KL: Feature engineering failed, using rule-based signal
2026-07-18 14:00:36,487 - buffett.scanner - INFO - 1155.KL: SELL signal (QS: 55.6, Moat: NONE)
2026-07-18 14:00:37,282 - ml.feature_engineer - ERROR - 1295.KL: Error engineering features: The truth value of a Series is ambiguous. Use a.empty, a.bool(), a.item(), a.any() or a.all().
2026-07-18 14:00:37,282 - ml.signal_enhancer - WARNING - 1295.KL: Feature engineering failed, using rule-based signal
2026-07-18 14:00:37,335 - buffett.scanner - INFO - 1295.KL: SELL signal (QS: 44.4, Moat: NONE)
2026-07-18 14:00:37,630 - yfinance - ERROR - HTTP Error 404: {"quoteSummary":{"result":null,"error":{"code":"Not Found","description":"Quote not found for symbol: 2282.KL"}}}
2026-07-18 14:00:37,740 - buffett.fetchers - WARNING - Alpha Vantage API key not configured
2026-07-18 14:00:37,818 - httpx - INFO - HTTP Request: GET https://www.malaysiastock.biz/Corporate-Infomation.aspx?securitycode=2282 "HTTP/1.1 302 Found"
2026-07-18 14:00:37,849 - httpx - INFO - HTTP Request: GET https://www.malaysiastock.biz/PageNotFound.aspx "HTTP/1.1 200 OK"
2026-07-18 14:00:37,871 - buffett.fetchers - INFO - Successfully scraped price for 2282 from malaysiastock.biz: RM None
2026-07-18 14:00:38,826 - yfinance - ERROR - $2282.KL: possibly delisted; no price data found  (period=100d) (Yahoo error = "No data found, symbol may be delisted")
2026-07-18 14:00:38,830 - yfinance - ERROR - 
1 Failed download:
2026-07-18 14:00:38,830 - yfinance - ERROR - ['2282.KL']: possibly delisted; no price data found  (period=100d) (Yahoo error = "No data found, symbol may be delisted")
2026-07-18 14:00:38,834 - buffett.scanner - WARNING - 2282.KL: No price data available for ML enhancement
2026-07-18 14:00:38,877 - buffett.scanner - INFO - 2282.KL: SELL signal (QS: 0.0, Moat: NONE)
2026-07-18 14:00:38,877 - buffett.scanner - INFO - Progress: 30/119
2026-07-18 14:00:39,482 - ml.feature_engineer - ERROR - 2291.KL: Error engineering features: The truth value of a Series is ambiguous. Use a.empty, a.bool(), a.item(), a.any() or a.all().
2026-07-18 14:00:39,482 - ml.signal_enhancer - WARNING - 2291.KL: Feature engineering failed, using rule-based signal
2026-07-18 14:00:40,093 - yfinance - ERROR - HTTP Error 404: {"quoteSummary":{"result":null,"error":{"code":"Not Found","description":"Quote not found for symbol: 2365.KL"}}}
2026-07-18 14:00:40,145 - buffett.fetchers - WARNING - Alpha Vantage API key not configured
2026-07-18 14:00:40,243 - httpx - INFO - HTTP Request: GET https://www.malaysiastock.biz/Corporate-Infomation.aspx?securitycode=2365 "HTTP/1.1 302 Found"
2026-07-18 14:00:40,275 - httpx - INFO - HTTP Request: GET https://www.malaysiastock.biz/PageNotFound.aspx "HTTP/1.1 200 OK"
2026-07-18 14:00:40,305 - buffett.fetchers - INFO - Successfully scraped price for 2365 from malaysiastock.biz: RM None
2026-07-18 14:00:40,886 - yfinance - ERROR - $2365.KL: possibly delisted; no price data found  (period=100d) (Yahoo error = "No data found, symbol may be delisted")
2026-07-18 14:00:40,892 - yfinance - ERROR - 
1 Failed download:
2026-07-18 14:00:40,892 - yfinance - ERROR - ['2365.KL']: possibly delisted; no price data found  (period=100d) (Yahoo error = "No data found, symbol may be delisted")
2026-07-18 14:00:40,897 - buffett.scanner - WARNING - 2365.KL: No price data available for ML enhancement
2026-07-18 14:00:40,940 - buffett.scanner - INFO - 2365.KL: SELL signal (QS: 0.0, Moat: NONE)
2026-07-18 14:00:41,582 - ml.feature_engineer - ERROR - 2445.KL: Error engineering features: The truth value of a Series is ambiguous. Use a.empty, a.bool(), a.item(), a.any() or a.all().
2026-07-18 14:00:41,582 - ml.signal_enhancer - WARNING - 2445.KL: Feature engineering failed, using rule-based signal
2026-07-18 14:00:41,636 - buffett.scanner - INFO - 2445.KL: SELL signal (QS: 22.2, Moat: NONE)
2026-07-18 14:00:42,420 - ml.feature_engineer - ERROR - 2488.KL: Error engineering features: The truth value of a Series is ambiguous. Use a.empty, a.bool(), a.item(), a.any() or a.all().
2026-07-18 14:00:42,420 - ml.signal_enhancer - WARNING - 2488.KL: Feature engineering failed, using rule-based signal
2026-07-18 14:00:42,475 - buffett.scanner - INFO - 2488.KL: SELL signal (QS: 55.6, Moat: NONE)
2026-07-18 14:00:43,265 - ml.feature_engineer - ERROR - 3026.KL: Error engineering features: The truth value of a Series is ambiguous. Use a.empty, a.bool(), a.item(), a.any() or a.all().
2026-07-18 14:00:43,265 - ml.signal_enhancer - WARNING - 3026.KL: Feature engineering failed, using rule-based signal
2026-07-18 14:00:43,316 - buffett.scanner - INFO - 3026.KL: SELL signal (QS: 22.2, Moat: NONE)
2026-07-18 14:00:44,307 - ml.feature_engineer - ERROR - 3034.KL: Error engineering features: The truth value of a Series is ambiguous. Use a.empty, a.bool(), a.item(), a.any() or a.all().
2026-07-18 14:00:44,307 - ml.signal_enhancer - WARNING - 3034.KL: Feature engineering failed, using rule-based signal
2026-07-18 14:00:44,682 - yfinance - ERROR - HTTP Error 404: {"quoteSummary":{"result":null,"error":{"code":"Not Found","description":"Quote not found for symbol: 3035.KL"}}}
2026-07-18 14:00:44,729 - buffett.fetchers - WARNING - Alpha Vantage API key not configured
2026-07-18 14:00:44,840 - httpx - INFO - HTTP Request: GET https://www.malaysiastock.biz/Corporate-Infomation.aspx?securitycode=3035 "HTTP/1.1 302 Found"
2026-07-18 14:00:44,867 - httpx - INFO - HTTP Request: GET https://www.malaysiastock.biz/PageNotFound.aspx "HTTP/1.1 200 OK"
2026-07-18 14:00:44,901 - buffett.fetchers - INFO - Successfully scraped price for 3035 from malaysiastock.biz: RM None
2026-07-18 14:00:45,527 - yfinance - ERROR - $3035.KL: possibly delisted; no price data found  (period=100d) (Yahoo error = "No data found, symbol may be delisted")
2026-07-18 14:00:45,528 - yfinance - ERROR - 
1 Failed download:
2026-07-18 14:00:45,528 - yfinance - ERROR - ['3035.KL']: possibly delisted; no price data found  (period=100d) (Yahoo error = "No data found, symbol may be delisted")
2026-07-18 14:00:45,533 - buffett.scanner - WARNING - 3035.KL: No price data available for ML enhancement
2026-07-18 14:00:45,574 - buffett.scanner - INFO - 3035.KL: SELL signal (QS: 0.0, Moat: NONE)
2026-07-18 14:00:46,368 - ml.feature_engineer - ERROR - 3182.KL: Error engineering features: The truth value of a Series is ambiguous. Use a.empty, a.bool(), a.item(), a.any() or a.all().
2026-07-18 14:00:46,368 - ml.signal_enhancer - WARNING - 3182.KL: Feature engineering failed, using rule-based signal
2026-07-18 14:00:46,424 - buffett.scanner - INFO - 3182.KL: SELL signal (QS: 22.2, Moat: NONE)
2026-07-18 14:00:46,721 - yfinance - ERROR - HTTP Error 404: {"quoteSummary":{"result":null,"error":{"code":"Not Found","description":"Quote not found for symbol: 3229.KL"}}}
2026-07-18 14:00:46,807 - buffett.fetchers - WARNING - Alpha Vantage API key not configured
2026-07-18 14:00:46,875 - httpx - INFO - HTTP Request: GET https://www.malaysiastock.biz/Corporate-Infomation.aspx?securitycode=3229 "HTTP/1.1 302 Found"
2026-07-18 14:00:46,902 - httpx - INFO - HTTP Request: GET https://www.malaysiastock.biz/PageNotFound.aspx "HTTP/1.1 200 OK"
2026-07-18 14:00:46,931 - buffett.fetchers - INFO - Successfully scraped price for 3229 from malaysiastock.biz: RM None
2026-07-18 14:00:47,541 - yfinance - ERROR - $3229.KL: possibly delisted; no price data found  (period=100d) (Yahoo error = "No data found, symbol may be delisted")
2026-07-18 14:00:47,549 - yfinance - ERROR - 
1 Failed download:
2026-07-18 14:00:47,549 - yfinance - ERROR - ['3229.KL']: possibly delisted; no price data found  (period=100d) (Yahoo error = "No data found, symbol may be delisted")
2026-07-18 14:00:47,554 - buffett.scanner - WARNING - 3229.KL: No price data available for ML enhancement
2026-07-18 14:00:47,594 - buffett.scanner - INFO - 3229.KL: SELL signal (QS: 0.0, Moat: NONE)
2026-07-18 14:00:48,160 - ml.feature_engineer - ERROR - 3395.KL: Error engineering features: The truth value of a Series is ambiguous. Use a.empty, a.bool(), a.item(), a.any() or a.all().
2026-07-18 14:00:48,160 - ml.signal_enhancer - WARNING - 3395.KL: Feature engineering failed, using rule-based signal
2026-07-18 14:00:48,215 - buffett.scanner - INFO - 3395.KL: SELL signal (QS: 11.1, Moat: NONE)
2026-07-18 14:00:48,215 - buffett.scanner - INFO - Progress: 40/119
2026-07-18 14:00:49,190 - ml.feature_engineer - ERROR - 3816.KL: Error engineering features: The truth value of a Series is ambiguous. Use a.empty, a.bool(), a.item(), a.any() or a.all().
2026-07-18 14:00:49,190 - ml.signal_enhancer - WARNING - 3816.KL: Feature engineering failed, using rule-based signal
2026-07-18 14:00:49,243 - buffett.scanner - INFO - 3816.KL: SELL signal (QS: 44.4, Moat: NONE)
2026-07-18 14:00:50,015 - ml.feature_engineer - ERROR - 4197.KL: Error engineering features: The truth value of a Series is ambiguous. Use a.empty, a.bool(), a.item(), a.any() or a.all().
2026-07-18 14:00:50,015 - ml.signal_enhancer - WARNING - 4197.KL: Feature engineering failed, using rule-based signal
2026-07-18 14:00:51,526 - yfinance - ERROR - $4588.KL: possibly delisted; no price data found  (period=100d) (Yahoo error = "No data found, symbol may be delisted")
2026-07-18 14:00:51,532 - yfinance - ERROR - 
1 Failed download:
2026-07-18 14:00:51,532 - yfinance - ERROR - ['4588.KL']: possibly delisted; no price data found  (period=100d) (Yahoo error = "No data found, symbol may be delisted")
2026-07-18 14:00:51,535 - buffett.scanner - WARNING - 4588.KL: No price data available for ML enhancement
2026-07-18 14:00:51,589 - buffett.scanner - INFO - 4588.KL: SELL signal (QS: 0.0, Moat: NONE)
2026-07-18 14:00:52,128 - ml.feature_engineer - ERROR - 4707.KL: Error engineering features: The truth value of a Series is ambiguous. Use a.empty, a.bool(), a.item(), a.any() or a.all().
2026-07-18 14:00:52,128 - ml.signal_enhancer - WARNING - 4707.KL: Feature engineering failed, using rule-based signal
2026-07-18 14:00:52,182 - buffett.scanner - INFO - 4707.KL: SELL signal (QS: 11.1, Moat: NONE)
2026-07-18 14:00:52,984 - ml.feature_engineer - ERROR - 4715.KL: Error engineering features: The truth value of a Series is ambiguous. Use a.empty, a.bool(), a.item(), a.any() or a.all().
2026-07-18 14:00:52,984 - ml.signal_enhancer - WARNING - 4715.KL: Feature engineering failed, using rule-based signal
2026-07-18 14:00:53,032 - buffett.scanner - INFO - 4715.KL: SELL signal (QS: 55.6, Moat: NONE)
2026-07-18 14:00:53,878 - ml.feature_engineer - ERROR - 4723.KL: Error engineering features: The truth value of a Series is ambiguous. Use a.empty, a.bool(), a.item(), a.any() or a.all().
2026-07-18 14:00:53,878 - ml.signal_enhancer - WARNING - 4723.KL: Feature engineering failed, using rule-based signal
2026-07-18 14:00:53,932 - buffett.scanner - INFO - 4723.KL: SELL signal (QS: 55.6, Moat: NONE)
2026-07-18 14:00:55,322 - yfinance - ERROR - $4782.KL: possibly delisted; no price data found  (period=100d) (Yahoo error = "No data found, symbol may be delisted")
2026-07-18 14:00:55,324 - yfinance - ERROR - 
1 Failed download:
2026-07-18 14:00:55,324 - yfinance - ERROR - ['4782.KL']: possibly delisted; no price data found  (period=100d) (Yahoo error = "No data found, symbol may be delisted")
2026-07-18 14:00:55,328 - buffett.scanner - WARNING - 4782.KL: No price data available for ML enhancement
2026-07-18 14:00:55,384 - buffett.scanner - INFO - 4782.KL: SELL signal (QS: 0.0, Moat: NONE)
2026-07-18 14:00:55,932 - ml.feature_engineer - ERROR - 4863.KL: Error engineering features: The truth value of a Series is ambiguous. Use a.empty, a.bool(), a.item(), a.any() or a.all().
2026-07-18 14:00:55,932 - ml.signal_enhancer - WARNING - 4863.KL: Feature engineering failed, using rule-based signal
2026-07-18 14:00:55,984 - buffett.scanner - INFO - 4863.KL: SELL signal (QS: 33.3, Moat: NONE)
2026-07-18 14:00:56,739 - ml.feature_engineer - ERROR - 5001.KL: Error engineering features: The truth value of a Series is ambiguous. Use a.empty, a.bool(), a.item(), a.any() or a.all().
2026-07-18 14:00:56,740 - ml.signal_enhancer - WARNING - 5001.KL: Feature engineering failed, using rule-based signal
2026-07-18 14:00:56,792 - buffett.scanner - INFO - 5001.KL: SELL signal (QS: 0.0, Moat: NONE)
2026-07-18 14:00:57,638 - ml.feature_engineer - ERROR - 5005.KL: Error engineering features: The truth value of a Series is ambiguous. Use a.empty, a.bool(), a.item(), a.any() or a.all().
2026-07-18 14:00:57,638 - ml.signal_enhancer - WARNING - 5005.KL: Feature engineering failed, using rule-based signal
2026-07-18 14:00:57,692 - buffett.scanner - INFO - 5005.KL: SELL signal (QS: 20.1, Moat: NONE)
2026-07-18 14:00:57,692 - buffett.scanner - INFO - Progress: 50/119
2026-07-18 14:00:58,878 - yfinance - ERROR - $5014.KL: possibly delisted; no price data found  (period=100d) (Yahoo error = "No data found, symbol may be delisted")
2026-07-18 14:00:58,887 - yfinance - ERROR - 
1 Failed download:
2026-07-18 14:00:58,887 - yfinance - ERROR - ['5014.KL']: possibly delisted; no price data found  (period=100d) (Yahoo error = "No data found, symbol may be delisted")
2026-07-18 14:00:58,890 - buffett.scanner - WARNING - 5014.KL: No price data available for ML enhancement
2026-07-18 14:00:58,945 - buffett.scanner - INFO - 5014.KL: SELL signal (QS: 0.0, Moat: NONE)
2026-07-18 14:00:59,652 - ml.feature_engineer - ERROR - 5015.KL: Error engineering features: The truth value of a Series is ambiguous. Use a.empty, a.bool(), a.item(), a.any() or a.all().
2026-07-18 14:00:59,652 - ml.signal_enhancer - WARNING - 5015.KL: Feature engineering failed, using rule-based signal
2026-07-18 14:01:00,546 - ml.feature_engineer - ERROR - 5016.KL: Error engineering features: The truth value of a Series is ambiguous. Use a.empty, a.bool(), a.item(), a.any() or a.all().
2026-07-18 14:01:00,546 - ml.signal_enhancer - WARNING - 5016.KL: Feature engineering failed, using rule-based signal
2026-07-18 14:01:00,598 - buffett.scanner - INFO - 5016.KL: SELL signal (QS: 11.1, Moat: NONE)
2026-07-18 14:01:01,456 - ml.feature_engineer - ERROR - 5026.KL: Error engineering features: The truth value of a Series is ambiguous. Use a.empty, a.bool(), a.item(), a.any() or a.all().
2026-07-18 14:01:01,457 - ml.signal_enhancer - WARNING - 5026.KL: Feature engineering failed, using rule-based signal
2026-07-18 14:01:02,330 - ml.feature_engineer - ERROR - 5031.KL: Error engineering features: The truth value of a Series is ambiguous. Use a.empty, a.bool(), a.item(), a.any() or a.all().
2026-07-18 14:01:02,330 - ml.signal_enhancer - WARNING - 5031.KL: Feature engineering failed, using rule-based signal
2026-07-18 14:01:02,381 - buffett.scanner - INFO - 5031.KL: SELL signal (QS: 11.1, Moat: NONE)
2026-07-18 14:01:03,159 - ml.feature_engineer - ERROR - 5041.KL: Error engineering features: The truth value of a Series is ambiguous. Use a.empty, a.bool(), a.item(), a.any() or a.all().
2026-07-18 14:01:03,159 - ml.signal_enhancer - WARNING - 5041.KL: Feature engineering failed, using rule-based signal
2026-07-18 14:01:03,948 - ml.feature_engineer - ERROR - 5100.KL: Error engineering features: The truth value of a Series is ambiguous. Use a.empty, a.bool(), a.item(), a.any() or a.all().
2026-07-18 14:01:03,948 - ml.signal_enhancer - WARNING - 5100.KL: Feature engineering failed, using rule-based signal
2026-07-18 14:01:04,001 - buffett.scanner - INFO - 5100.KL: SELL signal (QS: 55.6, Moat: NONE)
2026-07-18 14:01:04,726 - ml.feature_engineer - ERROR - 5108.KL: Error engineering features: The truth value of a Series is ambiguous. Use a.empty, a.bool(), a.item(), a.any() or a.all().
2026-07-18 14:01:04,727 - ml.signal_enhancer - WARNING - 5108.KL: Feature engineering failed, using rule-based signal
2026-07-18 14:01:04,780 - buffett.scanner - INFO - 5108.KL: SELL signal (QS: 33.3, Moat: NONE)
2026-07-18 14:01:05,535 - ml.feature_engineer - ERROR - 5109.KL: Error engineering features: The truth value of a Series is ambiguous. Use a.empty, a.bool(), a.item(), a.any() or a.all().
2026-07-18 14:01:05,535 - ml.signal_enhancer - WARNING - 5109.KL: Feature engineering failed, using rule-based signal
2026-07-18 14:01:05,589 - buffett.scanner - INFO - 5109.KL: SELL signal (QS: 55.6, Moat: NONE)
2026-07-18 14:01:06,370 - ml.feature_engineer - ERROR - 5112.KL: Error engineering features: The truth value of a Series is ambiguous. Use a.empty, a.bool(), a.item(), a.any() or a.all().
2026-07-18 14:01:06,370 - ml.signal_enhancer - WARNING - 5112.KL: Feature engineering failed, using rule-based signal
2026-07-18 14:01:06,425 - buffett.scanner - INFO - Progress: 60/119
2026-07-18 14:01:07,628 - yfinance - ERROR - $5117.KL: possibly delisted; no price data found  (period=100d) (Yahoo error = "No data found, symbol may be delisted")
2026-07-18 14:01:07,633 - yfinance - ERROR - 
1 Failed download:
2026-07-18 14:01:07,633 - yfinance - ERROR - ['5117.KL']: possibly delisted; no price data found  (period=100d) (Yahoo error = "No data found, symbol may be delisted")
2026-07-18 14:01:07,638 - buffett.scanner - WARNING - 5117.KL: No price data available for ML enhancement
2026-07-18 14:01:07,692 - buffett.scanner - INFO - 5117.KL: SELL signal (QS: 0.0, Moat: NONE)
2026-07-18 14:01:08,020 - yfinance - ERROR - HTTP Error 404: {"quoteSummary":{"result":null,"error":{"code":"Not Found","description":"Quote not found for symbol: 5118.KL"}}}
2026-07-18 14:01:08,071 - buffett.fetchers - WARNING - Alpha Vantage API key not configured
2026-07-18 14:01:08,159 - httpx - INFO - HTTP Request: GET https://www.malaysiastock.biz/Corporate-Infomation.aspx?securitycode=5118 "HTTP/1.1 302 Found"
2026-07-18 14:01:08,189 - httpx - INFO - HTTP Request: GET https://www.malaysiastock.biz/PageNotFound.aspx "HTTP/1.1 200 OK"
2026-07-18 14:01:08,221 - buffett.fetchers - INFO - Successfully scraped price for 5118 from malaysiastock.biz: RM None
2026-07-18 14:01:08,806 - yfinance - ERROR - $5118.KL: possibly delisted; no price data found  (period=100d) (Yahoo error = "No data found, symbol may be delisted")
2026-07-18 14:01:08,807 - yfinance - ERROR - 
1 Failed download:
2026-07-18 14:01:08,807 - yfinance - ERROR - ['5118.KL']: possibly delisted; no price data found  (period=100d) (Yahoo error = "No data found, symbol may be delisted")
2026-07-18 14:01:08,812 - buffett.scanner - WARNING - 5118.KL: No price data available for ML enhancement
2026-07-18 14:01:08,855 - buffett.scanner - INFO - 5118.KL: SELL signal (QS: 0.0, Moat: NONE)
2026-07-18 14:01:09,797 - yfinance - ERROR - $5122.KL: possibly delisted; no price data found  (period=100d) (Yahoo error = "No data found, symbol may be delisted")
2026-07-18 14:01:09,798 - yfinance - ERROR - 
1 Failed download:
2026-07-18 14:01:09,798 - yfinance - ERROR - ['5122.KL']: possibly delisted; no price data found  (period=100d) (Yahoo error = "No data found, symbol may be delisted")
2026-07-18 14:01:09,803 - buffett.scanner - WARNING - 5122.KL: No price data available for ML enhancement
2026-07-18 14:01:09,853 - buffett.scanner - INFO - 5122.KL: SELL signal (QS: 0.0, Moat: NONE)
2026-07-18 14:01:10,461 - ml.feature_engineer - ERROR - 5123.KL: Error engineering features: The truth value of a Series is ambiguous. Use a.empty, a.bool(), a.item(), a.any() or a.all().
2026-07-18 14:01:10,461 - ml.signal_enhancer - WARNING - 5123.KL: Feature engineering failed, using rule-based signal
2026-07-18 14:01:10,515 - buffett.scanner - INFO - 5123.KL: SELL signal (QS: 55.6, Moat: NONE)
2026-07-18 14:01:11,525 - ml.feature_engineer - ERROR - 5132.KL: Error engineering features: The truth value of a Series is ambiguous. Use a.empty, a.bool(), a.item(), a.any() or a.all().
2026-07-18 14:01:11,525 - ml.signal_enhancer - WARNING - 5132.KL: Feature engineering failed, using rule-based signal
2026-07-18 14:01:12,295 - ml.feature_engineer - ERROR - 5163.KL: Error engineering features: The truth value of a Series is ambiguous. Use a.empty, a.bool(), a.item(), a.any() or a.all().
2026-07-18 14:01:12,295 - ml.signal_enhancer - WARNING - 5163.KL: Feature engineering failed, using rule-based signal
2026-07-18 14:01:12,348 - buffett.scanner - INFO - 5163.KL: SELL signal (QS: 44.4, Moat: NONE)
2026-07-18 14:01:13,166 - ml.feature_engineer - ERROR - 5166.KL: Error engineering features: The truth value of a Series is ambiguous. Use a.empty, a.bool(), a.item(), a.any() or a.all().
2026-07-18 14:01:13,166 - ml.signal_enhancer - WARNING - 5166.KL: Feature engineering failed, using rule-based signal
2026-07-18 14:01:13,219 - buffett.scanner - INFO - 5166.KL: SELL signal (QS: 55.6, Moat: NONE)
2026-07-18 14:01:13,975 - ml.feature_engineer - ERROR - 5168.KL: Error engineering features: The truth value of a Series is ambiguous. Use a.empty, a.bool(), a.item(), a.any() or a.all().
2026-07-18 14:01:13,975 - ml.signal_enhancer - WARNING - 5168.KL: Feature engineering failed, using rule-based signal
2026-07-18 14:01:14,029 - buffett.scanner - INFO - 5168.KL: SELL signal (QS: 33.3, Moat: NONE)
2026-07-18 14:01:15,210 - ml.feature_engineer - ERROR - 5180.KL: Error engineering features: The truth value of a Series is ambiguous. Use a.empty, a.bool(), a.item(), a.any() or a.all().
2026-07-18 14:01:15,210 - ml.signal_enhancer - WARNING - 5180.KL: Feature engineering failed, using rule-based signal
2026-07-18 14:01:15,264 - buffett.scanner - INFO - 5180.KL: SELL signal (QS: 55.6, Moat: NONE)
2026-07-18 14:01:15,592 - yfinance - ERROR - HTTP Error 404: {"quoteSummary":{"result":null,"error":{"code":"Not Found","description":"Quote not found for symbol: 5181.KL"}}}
2026-07-18 14:01:15,660 - buffett.fetchers - WARNING - Alpha Vantage API key not configured
2026-07-18 14:01:15,742 - httpx - INFO - HTTP Request: GET https://www.malaysiastock.biz/Corporate-Infomation.aspx?securitycode=5181 "HTTP/1.1 302 Found"
2026-07-18 14:01:15,773 - httpx - INFO - HTTP Request: GET https://www.malaysiastock.biz/PageNotFound.aspx "HTTP/1.1 200 OK"
2026-07-18 14:01:15,795 - buffett.fetchers - INFO - Successfully scraped price for 5181 from malaysiastock.biz: RM None
2026-07-18 14:01:16,388 - yfinance - ERROR - $5181.KL: possibly delisted; no price data found  (period=100d) (Yahoo error = "No data found, symbol may be delisted")
2026-07-18 14:01:16,390 - yfinance - ERROR - 
1 Failed download:
2026-07-18 14:01:16,391 - yfinance - ERROR - ['5181.KL']: possibly delisted; no price data found  (period=100d) (Yahoo error = "No data found, symbol may be delisted")
2026-07-18 14:01:16,395 - buffett.scanner - WARNING - 5181.KL: No price data available for ML enhancement
2026-07-18 14:01:16,438 - buffett.scanner - INFO - 5181.KL: SELL signal (QS: 0.0, Moat: NONE)
2026-07-18 14:01:16,438 - buffett.scanner - INFO - Progress: 70/119
2026-07-18 14:01:17,003 - ml.feature_engineer - ERROR - 5182.KL: Error engineering features: The truth value of a Series is ambiguous. Use a.empty, a.bool(), a.item(), a.any() or a.all().
2026-07-18 14:01:17,003 - ml.signal_enhancer - WARNING - 5182.KL: Feature engineering failed, using rule-based signal
2026-07-18 14:01:17,055 - buffett.scanner - INFO - 5182.KL: SELL signal (QS: 55.6, Moat: NONE)
2026-07-18 14:01:18,225 - ml.feature_engineer - ERROR - 5183.KL: Error engineering features: The truth value of a Series is ambiguous. Use a.empty, a.bool(), a.item(), a.any() or a.all().
2026-07-18 14:01:18,226 - ml.signal_enhancer - WARNING - 5183.KL: Feature engineering failed, using rule-based signal
2026-07-18 14:01:18,280 - buffett.scanner - INFO - 5183.KL: SELL signal (QS: 22.2, Moat: NONE)
2026-07-18 14:01:19,114 - ml.feature_engineer - ERROR - 5185.KL: Error engineering features: The truth value of a Series is ambiguous. Use a.empty, a.bool(), a.item(), a.any() or a.all().
2026-07-18 14:01:19,115 - ml.signal_enhancer - WARNING - 5185.KL: Feature engineering failed, using rule-based signal
2026-07-18 14:01:19,168 - buffett.scanner - INFO - 5185.KL: SELL signal (QS: 55.6, Moat: NONE)
2026-07-18 14:01:19,959 - ml.feature_engineer - ERROR - 5188.KL: Error engineering features: The truth value of a Series is ambiguous. Use a.empty, a.bool(), a.item(), a.any() or a.all().
2026-07-18 14:01:19,959 - ml.signal_enhancer - WARNING - 5188.KL: Feature engineering failed, using rule-based signal
2026-07-18 14:01:20,012 - buffett.scanner - INFO - 5188.KL: SELL signal (QS: 22.2, Moat: NONE)
2026-07-18 14:01:20,778 - ml.feature_engineer - ERROR - 5200.KL: Error engineering features: The truth value of a Series is ambiguous. Use a.empty, a.bool(), a.item(), a.any() or a.all().
2026-07-18 14:01:20,779 - ml.signal_enhancer - WARNING - 5200.KL: Feature engineering failed, using rule-based signal
2026-07-18 14:01:21,589 - ml.feature_engineer - ERROR - 5202.KL: Error engineering features: The truth value of a Series is ambiguous. Use a.empty, a.bool(), a.item(), a.any() or a.all().
2026-07-18 14:01:21,590 - ml.signal_enhancer - WARNING - 5202.KL: Feature engineering failed, using rule-based signal
2026-07-18 14:01:21,643 - buffett.scanner - INFO - 5202.KL: SELL signal (QS: 11.1, Moat: NONE)
2026-07-18 14:01:22,414 - ml.feature_engineer - ERROR - 5211.KL: Error engineering features: The truth value of a Series is ambiguous. Use a.empty, a.bool(), a.item(), a.any() or a.all().
2026-07-18 14:01:22,414 - ml.signal_enhancer - WARNING - 5211.KL: Feature engineering failed, using rule-based signal
2026-07-18 14:01:22,465 - buffett.scanner - INFO - 5211.KL: SELL signal (QS: 55.6, Moat: NONE)
2026-07-18 14:01:23,679 - yfinance - ERROR - $5215.KL: possibly delisted; no price data found  (period=100d) (Yahoo error = "No data found, symbol may be delisted")
2026-07-18 14:01:23,687 - yfinance - ERROR - 
1 Failed download:
2026-07-18 14:01:23,687 - yfinance - ERROR - ['5215.KL']: possibly delisted; no price data found  (period=100d) (Yahoo error = "No data found, symbol may be delisted")
2026-07-18 14:01:23,690 - buffett.scanner - WARNING - 5215.KL: No price data available for ML enhancement
2026-07-18 14:01:23,744 - buffett.scanner - INFO - 5215.KL: SELL signal (QS: 0.0, Moat: NONE)
2026-07-18 14:01:24,375 - ml.feature_engineer - ERROR - 5216.KL: Error engineering features: The truth value of a Series is ambiguous. Use a.empty, a.bool(), a.item(), a.any() or a.all().
2026-07-18 14:01:24,375 - ml.signal_enhancer - WARNING - 5216.KL: Feature engineering failed, using rule-based signal
2026-07-18 14:01:24,429 - buffett.scanner - INFO - 5216.KL: SELL signal (QS: 24.5, Moat: NONE)
2026-07-18 14:01:25,184 - ml.feature_engineer - ERROR - 5225.KL: Error engineering features: The truth value of a Series is ambiguous. Use a.empty, a.bool(), a.item(), a.any() or a.all().
2026-07-18 14:01:25,184 - ml.signal_enhancer - WARNING - 5225.KL: Feature engineering failed, using rule-based signal
2026-07-18 14:01:25,236 - buffett.scanner - INFO - 5225.KL: SELL signal (QS: 11.1, Moat: NONE)
2026-07-18 14:01:25,236 - buffett.scanner - INFO - Progress: 80/119
2026-07-18 14:01:25,987 - ml.feature_engineer - ERROR - 5227.KL: Error engineering features: The truth value of a Series is ambiguous. Use a.empty, a.bool(), a.item(), a.any() or a.all().
2026-07-18 14:01:25,987 - ml.signal_enhancer - WARNING - 5227.KL: Feature engineering failed, using rule-based signal
2026-07-18 14:01:26,040 - buffett.scanner - INFO - 5227.KL: SELL signal (QS: 44.4, Moat: NONE)
2026-07-18 14:01:26,792 - ml.feature_engineer - ERROR - 5242.KL: Error engineering features: The truth value of a Series is ambiguous. Use a.empty, a.bool(), a.item(), a.any() or a.all().
2026-07-18 14:01:26,792 - ml.signal_enhancer - WARNING - 5242.KL: Feature engineering failed, using rule-based signal
2026-07-18 14:01:26,844 - buffett.scanner - INFO - 5242.KL: SELL signal (QS: 55.6, Moat: NONE)
2026-07-18 14:01:27,603 - ml.feature_engineer - ERROR - 5246.KL: Error engineering features: The truth value of a Series is ambiguous. Use a.empty, a.bool(), a.item(), a.any() or a.all().
2026-07-18 14:01:27,604 - ml.signal_enhancer - WARNING - 5246.KL: Feature engineering failed, using rule-based signal
2026-07-18 14:01:27,657 - buffett.scanner - INFO - 5246.KL: SELL signal (QS: 22.2, Moat: NONE)
2026-07-18 14:01:28,423 - ml.feature_engineer - ERROR - 5250.KL: Error engineering features: The truth value of a Series is ambiguous. Use a.empty, a.bool(), a.item(), a.any() or a.all().
2026-07-18 14:01:28,423 - ml.signal_enhancer - WARNING - 5250.KL: Feature engineering failed, using rule-based signal
2026-07-18 14:01:28,473 - buffett.scanner - INFO - 5250.KL: SELL signal (QS: 11.1, Moat: NONE)
2026-07-18 14:01:29,270 - ml.feature_engineer - ERROR - 5252.KL: Error engineering features: The truth value of a Series is ambiguous. Use a.empty, a.bool(), a.item(), a.any() or a.all().
2026-07-18 14:01:29,270 - ml.signal_enhancer - WARNING - 5252.KL: Feature engineering failed, using rule-based signal
2026-07-18 14:01:30,142 - ml.feature_engineer - ERROR - 5258.KL: Error engineering features: The truth value of a Series is ambiguous. Use a.empty, a.bool(), a.item(), a.any() or a.all().
2026-07-18 14:01:30,142 - ml.signal_enhancer - WARNING - 5258.KL: Feature engineering failed, using rule-based signal
2026-07-18 14:01:30,195 - buffett.scanner - INFO - 5258.KL: SELL signal (QS: 55.6, Moat: NONE)
2026-07-18 14:01:30,482 - yfinance - ERROR - HTTP Error 404: {"quoteSummary":{"result":null,"error":{"code":"Not Found","description":"Quote not found for symbol: 5262.KL"}}}
2026-07-18 14:01:30,569 - buffett.fetchers - WARNING - Alpha Vantage API key not configured
2026-07-18 14:01:30,638 - httpx - INFO - HTTP Request: GET https://www.malaysiastock.biz/Corporate-Infomation.aspx?securitycode=5262 "HTTP/1.1 302 Found"
2026-07-18 14:01:30,663 - httpx - INFO - HTTP Request: GET https://www.malaysiastock.biz/PageNotFound.aspx "HTTP/1.1 200 OK"
2026-07-18 14:01:30,686 - buffett.fetchers - INFO - Successfully scraped price for 5262 from malaysiastock.biz: RM None
2026-07-18 14:01:31,281 - yfinance - ERROR - $5262.KL: possibly delisted; no price data found  (period=100d) (Yahoo error = "No data found, symbol may be delisted")
2026-07-18 14:01:31,282 - yfinance - ERROR - 
1 Failed download:
2026-07-18 14:01:31,282 - yfinance - ERROR - ['5262.KL']: possibly delisted; no price data found  (period=100d) (Yahoo error = "No data found, symbol may be delisted")
2026-07-18 14:01:31,285 - buffett.scanner - WARNING - 5262.KL: No price data available for ML enhancement
2026-07-18 14:01:31,328 - buffett.scanner - INFO - 5262.KL: SELL signal (QS: 0.0, Moat: NONE)
2026-07-18 14:01:31,862 - ml.feature_engineer - ERROR - 5263.KL: Error engineering features: The truth value of a Series is ambiguous. Use a.empty, a.bool(), a.item(), a.any() or a.all().
2026-07-18 14:01:31,862 - ml.signal_enhancer - WARNING - 5263.KL: Feature engineering failed, using rule-based signal
2026-07-18 14:01:31,912 - buffett.scanner - INFO - 5263.KL: SELL signal (QS: 11.1, Moat: NONE)
2026-07-18 14:01:33,153 - yfinance - ERROR - $5266.KL: possibly delisted; no price data found  (period=100d) (Yahoo error = "No data found, symbol may be delisted")
2026-07-18 14:01:33,156 - yfinance - ERROR - 
1 Failed download:
2026-07-18 14:01:33,156 - yfinance - ERROR - ['5266.KL']: possibly delisted; no price data found  (period=100d) (Yahoo error = "No data found, symbol may be delisted")
2026-07-18 14:01:33,159 - buffett.scanner - WARNING - 5266.KL: No price data available for ML enhancement
2026-07-18 14:01:33,213 - buffett.scanner - INFO - 5266.KL: SELL signal (QS: 0.0, Moat: NONE)
2026-07-18 14:01:33,522 - yfinance - ERROR - HTTP Error 404: {"quoteSummary":{"result":null,"error":{"code":"Not Found","description":"Quote not found for symbol: 5270.KL"}}}
2026-07-18 14:01:33,599 - buffett.fetchers - WARNING - Alpha Vantage API key not configured
2026-07-18 14:01:33,727 - httpx - INFO - HTTP Request: GET https://www.malaysiastock.biz/Corporate-Infomation.aspx?securitycode=5270 "HTTP/1.1 200 OK"
2026-07-18 14:01:33,768 - buffett.fetchers - INFO - Successfully scraped price for 5270 from malaysiastock.biz: RM 0.505
2026-07-18 14:01:34,345 - yfinance - ERROR - $5270.KL: possibly delisted; no price data found  (period=100d) (Yahoo error = "No data found, symbol may be delisted")
2026-07-18 14:01:34,345 - yfinance - ERROR - 
1 Failed download:
2026-07-18 14:01:34,346 - yfinance - ERROR - ['5270.KL']: possibly delisted; no price data found  (period=100d) (Yahoo error = "No data found, symbol may be delisted")
2026-07-18 14:01:34,350 - buffett.scanner - WARNING - 5270.KL: No price data available for ML enhancement
2026-07-18 14:01:34,392 - buffett.scanner - INFO - 5270.KL: SELL signal (QS: 0.0, Moat: NONE)
2026-07-18 14:01:34,392 - buffett.scanner - INFO - Progress: 90/119
2026-07-18 14:01:35,023 - ml.feature_engineer - ERROR - 5288.KL: Error engineering features: The truth value of a Series is ambiguous. Use a.empty, a.bool(), a.item(), a.any() or a.all().
2026-07-18 14:01:35,023 - ml.signal_enhancer - WARNING - 5288.KL: Feature engineering failed, using rule-based signal
2026-07-18 14:01:35,077 - buffett.scanner - INFO - 5288.KL: SELL signal (QS: 55.6, Moat: NONE)
2026-07-18 14:01:35,894 - ml.feature_engineer - ERROR - 5296.KL: Error engineering features: The truth value of a Series is ambiguous. Use a.empty, a.bool(), a.item(), a.any() or a.all().
2026-07-18 14:01:35,894 - ml.signal_enhancer - WARNING - 5296.KL: Feature engineering failed, using rule-based signal
2026-07-18 14:01:35,948 - buffett.scanner - INFO - 5296.KL: SELL signal (QS: 22.2, Moat: NONE)
2026-07-18 14:01:36,682 - ml.feature_engineer - ERROR - 5302.KL: Error engineering features: The truth value of a Series is ambiguous. Use a.empty, a.bool(), a.item(), a.any() or a.all().
2026-07-18 14:01:36,682 - ml.signal_enhancer - WARNING - 5302.KL: Feature engineering failed, using rule-based signal
2026-07-18 14:01:36,733 - buffett.scanner - INFO - 5302.KL: SELL signal (QS: 30.3, Moat: NONE)
2026-07-18 14:01:37,676 - ml.feature_engineer - ERROR - 5308.KL: Error engineering features: The truth value of a Series is ambiguous. Use a.empty, a.bool(), a.item(), a.any() or a.all().
2026-07-18 14:01:37,676 - ml.signal_enhancer - WARNING - 5308.KL: Feature engineering failed, using rule-based signal
2026-07-18 14:01:37,729 - buffett.scanner - INFO - 5308.KL: SELL signal (QS: 33.3, Moat: NONE)
2026-07-18 14:01:38,512 - ml.feature_engineer - ERROR - 5347.KL: Error engineering features: The truth value of a Series is ambiguous. Use a.empty, a.bool(), a.item(), a.any() or a.all().
2026-07-18 14:01:38,512 - ml.signal_enhancer - WARNING - 5347.KL: Feature engineering failed, using rule-based signal
2026-07-18 14:01:38,566 - buffett.scanner - INFO - 5347.KL: SELL signal (QS: 44.4, Moat: NONE)
2026-07-18 14:01:39,415 - ml.feature_engineer - ERROR - 5398.KL: Error engineering features: The truth value of a Series is ambiguous. Use a.empty, a.bool(), a.item(), a.any() or a.all().
2026-07-18 14:01:39,415 - ml.signal_enhancer - WARNING - 5398.KL: Feature engineering failed, using rule-based signal
2026-07-18 14:01:39,469 - buffett.scanner - INFO - 5398.KL: SELL signal (QS: 22.2, Moat: NONE)
2026-07-18 14:01:40,233 - ml.feature_engineer - ERROR - 5681.KL: Error engineering features: The truth value of a Series is ambiguous. Use a.empty, a.bool(), a.item(), a.any() or a.all().
2026-07-18 14:01:40,234 - ml.signal_enhancer - WARNING - 5681.KL: Feature engineering failed, using rule-based signal
2026-07-18 14:01:40,284 - buffett.scanner - INFO - 5681.KL: SELL signal (QS: 33.3, Moat: NONE)
2026-07-18 14:01:40,609 - yfinance - ERROR - HTTP Error 404: {"quoteSummary":{"result":null,"error":{"code":"Not Found","description":"Quote not found for symbol: 5735.KL"}}}
2026-07-18 14:01:40,661 - buffett.fetchers - WARNING - Alpha Vantage API key not configured
2026-07-18 14:01:40,747 - httpx - INFO - HTTP Request: GET https://www.malaysiastock.biz/Corporate-Infomation.aspx?securitycode=5735 "HTTP/1.1 302 Found"
2026-07-18 14:01:40,780 - httpx - INFO - HTTP Request: GET https://www.malaysiastock.biz/PageNotFound.aspx "HTTP/1.1 200 OK"
2026-07-18 14:01:40,812 - buffett.fetchers - INFO - Successfully scraped price for 5735 from malaysiastock.biz: RM None
2026-07-18 14:01:41,397 - yfinance - ERROR - $5735.KL: possibly delisted; no price data found  (period=100d) (Yahoo error = "No data found, symbol may be delisted")
2026-07-18 14:01:41,398 - yfinance - ERROR - 
1 Failed download:
2026-07-18 14:01:41,398 - yfinance - ERROR - ['5735.KL']: possibly delisted; no price data found  (period=100d) (Yahoo error = "No data found, symbol may be delisted")
2026-07-18 14:01:41,403 - buffett.scanner - WARNING - 5735.KL: No price data available for ML enhancement
2026-07-18 14:01:41,448 - buffett.scanner - INFO - 5735.KL: SELL signal (QS: 0.0, Moat: NONE)
2026-07-18 14:01:42,022 - ml.feature_engineer - ERROR - 5819.KL: Error engineering features: The truth value of a Series is ambiguous. Use a.empty, a.bool(), a.item(), a.any() or a.all().
2026-07-18 14:01:42,022 - ml.signal_enhancer - WARNING - 5819.KL: Feature engineering failed, using rule-based signal
2026-07-18 14:01:42,075 - buffett.scanner - INFO - 5819.KL: SELL signal (QS: 55.6, Moat: NONE)
2026-07-18 14:01:42,364 - yfinance - ERROR - HTTP Error 404: {"quoteSummary":{"result":null,"error":{"code":"Not Found","description":"Quote not found for symbol: 5926.KL"}}}
2026-07-18 14:01:42,454 - buffett.fetchers - WARNING - Alpha Vantage API key not configured
2026-07-18 14:01:42,549 - httpx - INFO - HTTP Request: GET https://www.malaysiastock.biz/Corporate-Infomation.aspx?securitycode=5926 "HTTP/1.1 302 Found"
2026-07-18 14:01:42,580 - httpx - INFO - HTTP Request: GET https://www.malaysiastock.biz/PageNotFound.aspx "HTTP/1.1 200 OK"
2026-07-18 14:01:42,611 - buffett.fetchers - INFO - Successfully scraped price for 5926 from malaysiastock.biz: RM None
2026-07-18 14:01:43,211 - yfinance - ERROR - $5926.KL: possibly delisted; no price data found  (period=100d) (Yahoo error = "No data found, symbol may be delisted")
2026-07-18 14:01:43,217 - yfinance - ERROR - 
1 Failed download:
2026-07-18 14:01:43,217 - yfinance - ERROR - ['5926.KL']: possibly delisted; no price data found  (period=100d) (Yahoo error = "No data found, symbol may be delisted")
2026-07-18 14:01:43,222 - buffett.scanner - WARNING - 5926.KL: No price data available for ML enhancement
2026-07-18 14:01:43,266 - buffett.scanner - INFO - 5926.KL: SELL signal (QS: 0.0, Moat: NONE)
2026-07-18 14:01:43,266 - buffett.scanner - INFO - Progress: 100/119
2026-07-18 14:01:43,758 - buffett.scanner - ERROR - Error processing 5932.KL: '>' not supported between instances of 'str' and 'int'
2026-07-18 14:01:44,281 - ml.feature_engineer - ERROR - 6012.KL: Error engineering features: The truth value of a Series is ambiguous. Use a.empty, a.bool(), a.item(), a.any() or a.all().
2026-07-18 14:01:44,281 - ml.signal_enhancer - WARNING - 6012.KL: Feature engineering failed, using rule-based signal
2026-07-18 14:01:44,335 - buffett.scanner - INFO - 6012.KL: SELL signal (QS: 33.3, Moat: NONE)
2026-07-18 14:01:44,654 - yfinance - ERROR - HTTP Error 404: {"quoteSummary":{"result":null,"error":{"code":"Not Found","description":"Quote not found for symbol: 6013.KL"}}}
2026-07-18 14:01:44,710 - buffett.fetchers - WARNING - Alpha Vantage API key not configured
2026-07-18 14:01:44,838 - httpx - INFO - HTTP Request: GET https://www.malaysiastock.biz/Corporate-Infomation.aspx?securitycode=6013 "HTTP/1.1 302 Found"
2026-07-18 14:01:44,864 - httpx - INFO - HTTP Request: GET https://www.malaysiastock.biz/PageNotFound.aspx "HTTP/1.1 200 OK"
2026-07-18 14:01:44,887 - buffett.fetchers - INFO - Successfully scraped price for 6013 from malaysiastock.biz: RM None
2026-07-18 14:01:45,667 - yfinance - ERROR - $6013.KL: possibly delisted; no price data found  (period=100d) (Yahoo error = "No data found, symbol may be delisted")
2026-07-18 14:01:45,673 - yfinance - ERROR - 
1 Failed download:
2026-07-18 14:01:45,673 - yfinance - ERROR - ['6013.KL']: possibly delisted; no price data found  (period=100d) (Yahoo error = "No data found, symbol may be delisted")
2026-07-18 14:01:45,677 - buffett.scanner - WARNING - 6013.KL: No price data available for ML enhancement
2026-07-18 14:01:45,720 - buffett.scanner - INFO - 6013.KL: SELL signal (QS: 0.0, Moat: NONE)
2026-07-18 14:01:46,339 - ml.feature_engineer - ERROR - 6033.KL: Error engineering features: The truth value of a Series is ambiguous. Use a.empty, a.bool(), a.item(), a.any() or a.all().
2026-07-18 14:01:46,339 - ml.signal_enhancer - WARNING - 6033.KL: Feature engineering failed, using rule-based signal
2026-07-18 14:01:46,396 - buffett.scanner - INFO - 6033.KL: SELL signal (QS: 22.2, Moat: NONE)
2026-07-18 14:01:47,300 - ml.feature_engineer - ERROR - 6139.KL: Error engineering features: The truth value of a Series is ambiguous. Use a.empty, a.bool(), a.item(), a.any() or a.all().
2026-07-18 14:01:47,300 - ml.signal_enhancer - WARNING - 6139.KL: Feature engineering failed, using rule-based signal
2026-07-18 14:01:47,664 - yfinance - ERROR - HTTP Error 404: {"quoteSummary":{"result":null,"error":{"code":"Not Found","description":"Quote not found for symbol: 6155.KL"}}}
2026-07-18 14:01:47,716 - buffett.fetchers - WARNING - Alpha Vantage API key not configured
2026-07-18 14:01:47,791 - httpx - INFO - HTTP Request: GET https://www.malaysiastock.biz/Corporate-Infomation.aspx?securitycode=6155 "HTTP/1.1 302 Found"
2026-07-18 14:01:47,817 - httpx - INFO - HTTP Request: GET https://www.malaysiastock.biz/PageNotFound.aspx "HTTP/1.1 200 OK"
2026-07-18 14:01:47,840 - buffett.fetchers - INFO - Successfully scraped price for 6155 from malaysiastock.biz: RM None
2026-07-18 14:01:48,430 - yfinance - ERROR - $6155.KL: possibly delisted; no price data found  (period=100d) (Yahoo error = "No data found, symbol may be delisted")
2026-07-18 14:01:48,435 - yfinance - ERROR - 
1 Failed download:
2026-07-18 14:01:48,435 - yfinance - ERROR - ['6155.KL']: possibly delisted; no price data found  (period=100d) (Yahoo error = "No data found, symbol may be delisted")
2026-07-18 14:01:48,439 - buffett.scanner - WARNING - 6155.KL: No price data available for ML enhancement
2026-07-18 14:01:48,481 - buffett.scanner - INFO - 6155.KL: SELL signal (QS: 0.0, Moat: NONE)
2026-07-18 14:01:48,767 - yfinance - ERROR - HTTP Error 404: {"quoteSummary":{"result":null,"error":{"code":"Not Found","description":"Quote not found for symbol: 6664.KL"}}}
2026-07-18 14:01:48,849 - buffett.fetchers - WARNING - Alpha Vantage API key not configured
2026-07-18 14:01:48,925 - httpx - INFO - HTTP Request: GET https://www.malaysiastock.biz/Corporate-Infomation.aspx?securitycode=6664 "HTTP/1.1 302 Found"
2026-07-18 14:01:48,956 - httpx - INFO - HTTP Request: GET https://www.malaysiastock.biz/PageNotFound.aspx "HTTP/1.1 200 OK"
2026-07-18 14:01:48,982 - buffett.fetchers - INFO - Successfully scraped price for 6664 from malaysiastock.biz: RM None
2026-07-18 14:01:49,562 - yfinance - ERROR - $6664.KL: possibly delisted; no price data found  (period=100d) (Yahoo error = "No data found, symbol may be delisted")
2026-07-18 14:01:49,567 - yfinance - ERROR - 
1 Failed download:
2026-07-18 14:01:49,567 - yfinance - ERROR - ['6664.KL']: possibly delisted; no price data found  (period=100d) (Yahoo error = "No data found, symbol may be delisted")
2026-07-18 14:01:49,572 - buffett.scanner - WARNING - 6664.KL: No price data available for ML enhancement
2026-07-18 14:01:49,617 - buffett.scanner - INFO - 6664.KL: SELL signal (QS: 0.0, Moat: NONE)
2026-07-18 14:01:50,175 - ml.feature_engineer - ERROR - 6742.KL: Error engineering features: The truth value of a Series is ambiguous. Use a.empty, a.bool(), a.item(), a.any() or a.all().
2026-07-18 14:01:50,175 - ml.signal_enhancer - WARNING - 6742.KL: Feature engineering failed, using rule-based signal
2026-07-18 14:01:50,230 - buffett.scanner - INFO - 6742.KL: SELL signal (QS: 44.4, Moat: NONE)
2026-07-18 14:01:51,036 - ml.feature_engineer - ERROR - 6888.KL: Error engineering features: The truth value of a Series is ambiguous. Use a.empty, a.bool(), a.item(), a.any() or a.all().
2026-07-18 14:01:51,036 - ml.signal_enhancer - WARNING - 6888.KL: Feature engineering failed, using rule-based signal
2026-07-18 14:01:51,091 - buffett.scanner - INFO - 6888.KL: SELL signal (QS: 22.2, Moat: NONE)
2026-07-18 14:01:51,908 - ml.feature_engineer - ERROR - 6947.KL: Error engineering features: The truth value of a Series is ambiguous. Use a.empty, a.bool(), a.item(), a.any() or a.all().
2026-07-18 14:01:51,908 - ml.signal_enhancer - WARNING - 6947.KL: Feature engineering failed, using rule-based signal
2026-07-18 14:01:51,963 - buffett.scanner - INFO - 6947.KL: SELL signal (QS: 11.1, Moat: NONE)
2026-07-18 14:01:51,963 - buffett.scanner - INFO - Progress: 110/119
2026-07-18 14:01:52,830 - ml.feature_engineer - ERROR - 7033.KL: Error engineering features: The truth value of a Series is ambiguous. Use a.empty, a.bool(), a.item(), a.any() or a.all().
2026-07-18 14:01:52,830 - ml.signal_enhancer - WARNING - 7033.KL: Feature engineering failed, using rule-based signal
2026-07-18 14:01:53,932 - ml.feature_engineer - ERROR - 7084.KL: Error engineering features: The truth value of a Series is ambiguous. Use a.empty, a.bool(), a.item(), a.any() or a.all().
2026-07-18 14:01:53,932 - ml.signal_enhancer - WARNING - 7084.KL: Feature engineering failed, using rule-based signal
2026-07-18 14:01:53,987 - buffett.scanner - INFO - 7084.KL: SELL signal (QS: 22.2, Moat: NONE)
2026-07-18 14:01:54,746 - ml.feature_engineer - ERROR - 7085.KL: Error engineering features: The truth value of a Series is ambiguous. Use a.empty, a.bool(), a.item(), a.any() or a.all().
2026-07-18 14:01:54,746 - ml.signal_enhancer - WARNING - 7085.KL: Feature engineering failed, using rule-based signal
2026-07-18 14:01:55,637 - ml.feature_engineer - ERROR - 7160.KL: Error engineering features: The truth value of a Series is ambiguous. Use a.empty, a.bool(), a.item(), a.any() or a.all().
2026-07-18 14:01:55,637 - ml.signal_enhancer - WARNING - 7160.KL: Feature engineering failed, using rule-based signal
2026-07-18 14:01:55,691 - buffett.scanner - INFO - 7160.KL: SELL signal (QS: 11.1, Moat: NONE)
2026-07-18 14:01:56,923 - ml.feature_engineer - ERROR - 7178.KL: Error engineering features: The truth value of a Series is ambiguous. Use a.empty, a.bool(), a.item(), a.any() or a.all().
2026-07-18 14:01:56,923 - ml.signal_enhancer - WARNING - 7178.KL: Feature engineering failed, using rule-based signal
2026-07-18 14:01:57,972 - ml.feature_engineer - ERROR - 7195.KL: Error engineering features: The truth value of a Series is ambiguous. Use a.empty, a.bool(), a.item(), a.any() or a.all().
2026-07-18 14:01:57,973 - ml.signal_enhancer - WARNING - 7195.KL: Feature engineering failed, using rule-based signal
2026-07-18 14:01:58,026 - buffett.scanner - INFO - 7195.KL: SELL signal (QS: 33.3, Moat: NONE)
2026-07-18 14:01:58,862 - ml.feature_engineer - ERROR - 7277.KL: Error engineering features: The truth value of a Series is ambiguous. Use a.empty, a.bool(), a.item(), a.any() or a.all().
2026-07-18 14:01:58,862 - ml.signal_enhancer - WARNING - 7277.KL: Feature engineering failed, using rule-based signal
2026-07-18 14:01:58,919 - buffett.scanner - INFO - 7277.KL: SELL signal (QS: 22.2, Moat: NONE)
2026-07-18 14:01:59,221 - yfinance - ERROR - HTTP Error 404: {"quoteSummary":{"result":null,"error":{"code":"Not Found","description":"Quote not found for symbol: 7493.KL"}}}
2026-07-18 14:01:59,305 - buffett.fetchers - WARNING - Alpha Vantage API key not configured
2026-07-18 14:01:59,400 - httpx - INFO - HTTP Request: GET https://www.malaysiastock.biz/Corporate-Infomation.aspx?securitycode=7493 "HTTP/1.1 302 Found"
2026-07-18 14:01:59,428 - httpx - INFO - HTTP Request: GET https://www.malaysiastock.biz/PageNotFound.aspx "HTTP/1.1 200 OK"
2026-07-18 14:01:59,460 - buffett.fetchers - INFO - Successfully scraped price for 7493 from malaysiastock.biz: RM None
2026-07-18 14:02:00,036 - yfinance - ERROR - $7493.KL: possibly delisted; no price data found  (period=100d) (Yahoo error = "No data found, symbol may be delisted")
2026-07-18 14:02:00,036 - yfinance - ERROR - 
1 Failed download:
2026-07-18 14:02:00,037 - yfinance - ERROR - ['7493.KL']: possibly delisted; no price data found  (period=100d) (Yahoo error = "No data found, symbol may be delisted")
2026-07-18 14:02:00,041 - buffett.scanner - WARNING - 7493.KL: No price data available for ML enhancement
2026-07-18 14:02:00,083 - buffett.scanner - INFO - 7493.KL: SELL signal (QS: 0.0, Moat: NONE)
2026-07-18 14:02:00,419 - yfinance - ERROR - HTTP Error 404: {"quoteSummary":{"result":null,"error":{"code":"Not Found","description":"Quote not found for symbol: 7566.KL"}}}
2026-07-18 14:02:00,487 - buffett.fetchers - WARNING - Alpha Vantage API key not configured
2026-07-18 14:02:00,565 - httpx - INFO - HTTP Request: GET https://www.malaysiastock.biz/Corporate-Infomation.aspx?securitycode=7566 "HTTP/1.1 302 Found"
2026-07-18 14:02:00,592 - httpx - INFO - HTTP Request: GET https://www.malaysiastock.biz/PageNotFound.aspx "HTTP/1.1 200 OK"
2026-07-18 14:02:00,622 - buffett.fetchers - INFO - Successfully scraped price for 7566 from malaysiastock.biz: RM None
2026-07-18 14:02:01,213 - yfinance - ERROR - $7566.KL: possibly delisted; no price data found  (period=100d) (Yahoo error = "No data found, symbol may be delisted")
2026-07-18 14:02:01,218 - yfinance - ERROR - 
1 Failed download:
2026-07-18 14:02:01,218 - yfinance - ERROR - ['7566.KL']: possibly delisted; no price data found  (period=100d) (Yahoo error = "No data found, symbol may be delisted")
2026-07-18 14:02:01,223 - buffett.scanner - WARNING - 7566.KL: No price data available for ML enhancement
2026-07-18 14:02:01,266 - buffett.scanner - INFO - 7566.KL: SELL signal (QS: 0.0, Moat: NONE)
2026-07-18 14:02:01,925 - yfinance - ERROR - HTTP Error 404: {"quoteSummary":{"result":null,"error":{"code":"Not Found","description":"Quote not found for symbol: 7874.KL"}}}
2026-07-18 14:02:02,009 - buffett.fetchers - WARNING - Alpha Vantage API key not configured
2026-07-18 14:02:02,084 - httpx - INFO - HTTP Request: GET https://www.malaysiastock.biz/Corporate-Infomation.aspx?securitycode=7874 "HTTP/1.1 302 Found"
2026-07-18 14:02:02,115 - httpx - INFO - HTTP Request: GET https://www.malaysiastock.biz/PageNotFound.aspx "HTTP/1.1 200 OK"
2026-07-18 14:02:02,152 - buffett.fetchers - INFO - Successfully scraped price for 7874 from malaysiastock.biz: RM None
2026-07-18 14:02:02,733 - yfinance - ERROR - $7874.KL: possibly delisted; no price data found  (period=100d) (Yahoo error = "No data found, symbol may be delisted")
2026-07-18 14:02:02,738 - yfinance - ERROR - 
1 Failed download:
2026-07-18 14:02:02,738 - yfinance - ERROR - ['7874.KL']: possibly delisted; no price data found  (period=100d) (Yahoo error = "No data found, symbol may be delisted")
2026-07-18 14:02:02,742 - buffett.scanner - WARNING - 7874.KL: No price data available for ML enhancement
2026-07-18 14:02:02,786 - buffett.scanner - INFO - 7874.KL: SELL signal (QS: 0.0, Moat: NONE)
2026-07-18 14:02:02,787 - buffett.scanner - INFO - Scan complete. Successful: 117, Failed: 2
2026-07-18 14:02:02,787 - buffett.scanner - INFO - Signals - BUY: 0, HOLD: 18, SELL: 99, AVOID: 0
2026-07-18 14:02:02,788 - __main__ - INFO - Scan completed successfully
Database initialized at /home/shalu/buffett-monitor/data/buffett.db
Warning: No valid info returned for 0294.KL
Warning: No valid info returned for 0426.KL
Warning: No valid info returned for 0473.KL
Warning: No valid info returned for 0514.KL
Warning: No valid info returned for 0525.KL
Warning: No valid info returned for 2282.KL
Warning: No valid info returned for 2365.KL
Warning: No valid info returned for 3035.KL
Warning: No valid info returned for 3229.KL
Warning: No valid info returned for 5118.KL
Warning: No valid info returned for 5181.KL
Warning: No valid info returned for 5262.KL
Warning: No valid info returned for 5270.KL
Warning: No valid info returned for 5735.KL
Warning: No valid info returned for 5926.KL
Warning: No valid info returned for 6013.KL
Warning: No valid info returned for 6155.KL
Warning: No valid info returned for 6664.KL
Warning: No valid info returned for 7493.KL
Warning: No valid info returned for 7566.KL
Warning: No valid info returned for 7874.KL

=== BUFFETT MONITOR SCAN RESULTS ===
Date: 2026-07-18
Total tickers: 119
Successful: 117
Failed: 2
Signals - BUY: 0, HOLD: 18, SELL: 99, AVOID: 0

Errors (2):
  - 0041.KL: '>' not supported between instances of 'str' and 'int'
  - 5932.KL: '>' not supported between instances of 'str' and 'int'
2026-07-18 14:02:04,130 - INFO - scan_slice bucket=klse size=119 exit=0 dur=122.4s
2026-07-18 14:02:04+0800  [scan_slice_klse]  ok (raw=0)
2026-07-25 14:00:01+0800  [scan_slice_klse]  begin
2026-07-25 14:00:02,010 - INFO - scan_slice bucket=klse size=119
Telegram credentials not configured
2026-07-25 14:00:17,037 - __main__ - INFO - Starting manual Buffett Monitor scan...
2026-07-25 14:00:17,037 - buffett.scanner - INFO - Starting weekly scan...
2026-07-25 14:00:17,049 - buffett.scanner - INFO - Scanning 119 specified tickers...
2026-07-25 14:00:17,124 - ml.model_trainer - INFO - Model loaded from /home/shalu/buffett-monitor/ml/models/
2026-07-25 14:00:17,125 - ml.lasso.lasso_feature_selector - INFO - Initialized DoubleSelectionLASSO with cv=3, criterion=bic
2026-07-25 14:00:17,125 - ml.lasso.lasso_feature_selector - INFO - DoubleSelectionLASSO loaded from /home/shalu/buffett-monitor/ml/lasso/lasso_selector.pkl
2026-07-25 14:00:17,125 - ml.lassoo_selector - INFO - Loaded LASSO selector from /home/shalu/buffett-monitor/ml/lasso/lasso_selector.pkl
2026-07-25 14:00:17,125 - ml.lassoo_selector - INFO - LassooFeatureSelector initialized. Model loaded: True
2026-07-25 14:00:17,129 - ml.vq_factor_model - INFO - Created VQ-VAE model: input_dim=49, hidden_dim=128, latent_dim=64, num_embeddings=512
2026-07-25 14:00:17,138 - ml.signal_enhancer - INFO - Loaded VQ model from /home/shalu/buffett-monitor/ml/vq_models/vq_factor_model.pt
2026-07-25 14:00:17,138 - ml.signal_enhancer - INFO - VQ model input dimension: 49
2026-07-25 14:00:17,138 - ml.signal_enhancer - INFO - VQ model ready: True
2026-07-25 14:00:17,138 - ml.signal_enhancer - INFO - SignalEnhancer initialized with confidence threshold 0.6
2026-07-25 14:00:17,138 - ml.signal_enhancer - INFO - ML model ready: True
2026-07-25 14:00:17,138 - ml.signal_enhancer - INFO - VQ model ready: True
2026-07-25 14:00:17,138 - ml.signal_enhancer - INFO - VQ ranking enabled: True
2026-07-25 14:00:17,138 - ml.signal_enhancer - INFO - LASSO feature selection ready: True
2026-07-25 14:00:17,138 - buffett.scanner - INFO - ML signal enhancer initialized successfully.
2026-07-25 14:00:18,248 - buffett.scanner - ERROR - Error processing 0041.KL: '>' not supported between instances of 'str' and 'int'
2026-07-25 14:00:18,776 - ml.feature_engineer - ERROR - 0058.KL: Error engineering features: The truth value of a Series is ambiguous. Use a.empty, a.bool(), a.item(), a.any() or a.all().
2026-07-25 14:00:18,776 - ml.signal_enhancer - WARNING - 0058.KL: Feature engineering failed, using rule-based signal
2026-07-25 14:00:19,879 - ml.feature_engineer - ERROR - 0097.KL: Error engineering features: The truth value of a Series is ambiguous. Use a.empty, a.bool(), a.item(), a.any() or a.all().
2026-07-25 14:00:19,879 - ml.signal_enhancer - WARNING - 0097.KL: Feature engineering failed, using rule-based signal
2026-07-25 14:00:20,785 - ml.feature_engineer - ERROR - 0128.KL: Error engineering features: The truth value of a Series is ambiguous. Use a.empty, a.bool(), a.item(), a.any() or a.all().
2026-07-25 14:00:20,785 - ml.signal_enhancer - WARNING - 0128.KL: Feature engineering failed, using rule-based signal
2026-07-25 14:00:20,841 - buffett.scanner - INFO - 0128.KL: SELL signal (QS: 22.2, Moat: NONE)
2026-07-25 14:00:21,681 - ml.feature_engineer - ERROR - 0138.KL: Error engineering features: The truth value of a Series is ambiguous. Use a.empty, a.bool(), a.item(), a.any() or a.all().
2026-07-25 14:00:21,681 - ml.signal_enhancer - WARNING - 0138.KL: Feature engineering failed, using rule-based signal
2026-07-25 14:00:22,509 - ml.feature_engineer - ERROR - 0159.KL: Error engineering features: The truth value of a Series is ambiguous. Use a.empty, a.bool(), a.item(), a.any() or a.all().
2026-07-25 14:00:22,509 - ml.signal_enhancer - WARNING - 0159.KL: Feature engineering failed, using rule-based signal
2026-07-25 14:00:22,559 - buffett.scanner - INFO - 0159.KL: SELL signal (QS: 0.0, Moat: NONE)
2026-07-25 14:00:23,376 - ml.feature_engineer - ERROR - 0163.KL: Error engineering features: The truth value of a Series is ambiguous. Use a.empty, a.bool(), a.item(), a.any() or a.all().
2026-07-25 14:00:23,376 - ml.signal_enhancer - WARNING - 0163.KL: Feature engineering failed, using rule-based signal
2026-07-25 14:00:23,424 - buffett.scanner - INFO - 0163.KL: SELL signal (QS: 11.1, Moat: NONE)
2026-07-25 14:00:24,231 - ml.feature_engineer - ERROR - 0172.KL: Error engineering features: The truth value of a Series is ambiguous. Use a.empty, a.bool(), a.item(), a.any() or a.all().
2026-07-25 14:00:24,231 - ml.signal_enhancer - WARNING - 0172.KL: Feature engineering failed, using rule-based signal
2026-07-25 14:00:24,285 - buffett.scanner - INFO - 0172.KL: SELL signal (QS: 33.3, Moat: NONE)
2026-07-25 14:00:25,053 - ml.feature_engineer - ERROR - 0182.KL: Error engineering features: The truth value of a Series is ambiguous. Use a.empty, a.bool(), a.item(), a.any() or a.all().
2026-07-25 14:00:25,054 - ml.signal_enhancer - WARNING - 0182.KL: Feature engineering failed, using rule-based signal
2026-07-25 14:00:25,107 - buffett.scanner - INFO - 0182.KL: SELL signal (QS: 11.1, Moat: NONE)
2026-07-25 14:00:25,107 - buffett.scanner - INFO - Progress: 10/119
2026-07-25 14:00:26,062 - ml.feature_engineer - ERROR - 0193.KL: Error engineering features: The truth value of a Series is ambiguous. Use a.empty, a.bool(), a.item(), a.any() or a.all().
2026-07-25 14:00:26,062 - ml.signal_enhancer - WARNING - 0193.KL: Feature engineering failed, using rule-based signal
2026-07-25 14:00:26,116 - buffett.scanner - INFO - 0193.KL: SELL signal (QS: 11.1, Moat: NONE)
2026-07-25 14:00:26,937 - ml.feature_engineer - ERROR - 0213.KL: Error engineering features: The truth value of a Series is ambiguous. Use a.empty, a.bool(), a.item(), a.any() or a.all().
2026-07-25 14:00:26,937 - ml.signal_enhancer - WARNING - 0213.KL: Feature engineering failed, using rule-based signal
2026-07-25 14:00:26,991 - buffett.scanner - INFO - 0213.KL: SELL signal (QS: 44.4, Moat: NONE)
2026-07-25 14:00:27,863 - ml.feature_engineer - ERROR - 0226.KL: Error engineering features: The truth value of a Series is ambiguous. Use a.empty, a.bool(), a.item(), a.any() or a.all().
2026-07-25 14:00:27,863 - ml.signal_enhancer - WARNING - 0226.KL: Feature engineering failed, using rule-based signal
2026-07-25 14:00:27,916 - buffett.scanner - INFO - 0226.KL: SELL signal (QS: 44.4, Moat: NONE)
2026-07-25 14:00:28,687 - ml.feature_engineer - ERROR - 0259.KL: Error engineering features: The truth value of a Series is ambiguous. Use a.empty, a.bool(), a.item(), a.any() or a.all().
2026-07-25 14:00:28,687 - ml.signal_enhancer - WARNING - 0259.KL: Feature engineering failed, using rule-based signal
2026-07-25 14:00:28,741 - buffett.scanner - INFO - 0259.KL: SELL signal (QS: 18.7, Moat: NONE)
2026-07-25 14:00:29,080 - yfinance - ERROR - HTTP Error 404: {"quoteSummary":{"result":null,"error":{"code":"Not Found","description":"Quote not found for symbol: 0294.KL"}}}
2026-07-25 14:00:29,136 - buffett.fetchers - WARNING - Alpha Vantage API key not configured
2026-07-25 14:00:29,255 - httpx - INFO - HTTP Request: GET https://www.malaysiastock.biz/Corporate-Infomation.aspx?securitycode=0294 "HTTP/1.1 302 Found"
2026-07-25 14:00:29,289 - httpx - INFO - HTTP Request: GET https://www.malaysiastock.biz/PageNotFound.aspx "HTTP/1.1 200 OK"
2026-07-25 14:00:29,313 - buffett.fetchers - INFO - Successfully scraped price for 0294 from malaysiastock.biz: RM None
2026-07-25 14:00:29,926 - yfinance - ERROR - HTTP Error 404: {"quoteSummary":{"result":null,"error":{"code":"Not Found","description":"Quote not found for symbol: 0294.KL"}}}
2026-07-25 14:00:30,208 - yfinance - ERROR - $0294.KL: possibly delisted; no price data found  (period=100d) (Yahoo error = "No data found, symbol may be delisted")
2026-07-25 14:00:30,210 - yfinance - ERROR - 
1 Failed download:
2026-07-25 14:00:30,210 - yfinance - ERROR - ['0294.KL']: possibly delisted; no price data found  (period=100d) (Yahoo error = "No data found, symbol may be delisted")
2026-07-25 14:00:30,214 - buffett.scanner - WARNING - 0294.KL: No price data available for ML enhancement
2026-07-25 14:00:30,258 - buffett.scanner - INFO - 0294.KL: SELL signal (QS: 0.0, Moat: NONE)
2026-07-25 14:00:30,841 - ml.feature_engineer - ERROR - 03019.KL: Error engineering features: The truth value of a Series is ambiguous. Use a.empty, a.bool(), a.item(), a.any() or a.all().
2026-07-25 14:00:30,842 - ml.signal_enhancer - WARNING - 03019.KL: Feature engineering failed, using rule-based signal
2026-07-25 14:00:30,898 - buffett.scanner - INFO - 03019.KL: SELL signal (QS: 44.4, Moat: NONE)
2026-07-25 14:00:31,704 - ml.feature_engineer - ERROR - 0311.KL: Error engineering features: The truth value of a Series is ambiguous. Use a.empty, a.bool(), a.item(), a.any() or a.all().
2026-07-25 14:00:31,704 - ml.signal_enhancer - WARNING - 0311.KL: Feature engineering failed, using rule-based signal
2026-07-25 14:00:32,550 - ml.feature_engineer - ERROR - 0356.KL: Error engineering features: The truth value of a Series is ambiguous. Use a.empty, a.bool(), a.item(), a.any() or a.all().
2026-07-25 14:00:32,550 - ml.signal_enhancer - WARNING - 0356.KL: Feature engineering failed, using rule-based signal
2026-07-25 14:00:32,603 - buffett.scanner - INFO - 0356.KL: SELL signal (QS: 22.2, Moat: NONE)
2026-07-25 14:00:33,400 - ml.feature_engineer - ERROR - 0388.KL: Error engineering features: The truth value of a Series is ambiguous. Use a.empty, a.bool(), a.item(), a.any() or a.all().
2026-07-25 14:00:33,400 - ml.signal_enhancer - WARNING - 0388.KL: Feature engineering failed, using rule-based signal
2026-07-25 14:00:33,452 - buffett.scanner - INFO - 0388.KL: SELL signal (QS: 22.2, Moat: NONE)
2026-07-25 14:00:34,237 - ml.feature_engineer - ERROR - 0398.KL: Error engineering features: The truth value of a Series is ambiguous. Use a.empty, a.bool(), a.item(), a.any() or a.all().
2026-07-25 14:00:34,238 - ml.signal_enhancer - WARNING - 0398.KL: Feature engineering failed, using rule-based signal
2026-07-25 14:00:34,294 - buffett.scanner - INFO - 0398.KL: SELL signal (QS: 33.3, Moat: NONE)
2026-07-25 14:00:34,294 - buffett.scanner - INFO - Progress: 20/119
2026-07-25 14:00:34,624 - yfinance - ERROR - HTTP Error 404: {"quoteSummary":{"result":null,"error":{"code":"Not Found","description":"Quote not found for symbol: 0426.KL"}}}
2026-07-25 14:00:34,683 - buffett.fetchers - WARNING - Alpha Vantage API key not configured
2026-07-25 14:00:34,771 - httpx - INFO - HTTP Request: GET https://www.malaysiastock.biz/Corporate-Infomation.aspx?securitycode=0426 "HTTP/1.1 302 Found"
2026-07-25 14:00:34,804 - httpx - INFO - HTTP Request: GET https://www.malaysiastock.biz/PageNotFound.aspx "HTTP/1.1 200 OK"
2026-07-25 14:00:34,836 - buffett.fetchers - INFO - Successfully scraped price for 0426 from malaysiastock.biz: RM None
2026-07-25 14:00:35,424 - yfinance - ERROR - HTTP Error 404: {"quoteSummary":{"result":null,"error":{"code":"Not Found","description":"Quote not found for symbol: 0426.KL"}}}
2026-07-25 14:00:35,712 - yfinance - ERROR - $0426.KL: possibly delisted; no price data found  (period=100d) (Yahoo error = "No data found, symbol may be delisted")
2026-07-25 14:00:35,716 - yfinance - ERROR - 
1 Failed download:
2026-07-25 14:00:35,717 - yfinance - ERROR - ['0426.KL']: possibly delisted; no price data found  (period=100d) (Yahoo error = "No data found, symbol may be delisted")
2026-07-25 14:00:35,721 - buffett.scanner - WARNING - 0426.KL: No price data available for ML enhancement
2026-07-25 14:00:35,765 - buffett.scanner - INFO - 0426.KL: SELL signal (QS: 0.0, Moat: NONE)
2026-07-25 14:00:36,098 - yfinance - ERROR - HTTP Error 404: {"quoteSummary":{"result":null,"error":{"code":"Not Found","description":"Quote not found for symbol: 0473.KL"}}}
2026-07-25 14:00:36,169 - buffett.fetchers - WARNING - Alpha Vantage API key not configured
2026-07-25 14:00:36,246 - httpx - INFO - HTTP Request: GET https://www.malaysiastock.biz/Corporate-Infomation.aspx?securitycode=0473 "HTTP/1.1 302 Found"
2026-07-25 14:00:36,279 - httpx - INFO - HTTP Request: GET https://www.malaysiastock.biz/PageNotFound.aspx "HTTP/1.1 200 OK"
2026-07-25 14:00:36,310 - buffett.fetchers - INFO - Successfully scraped price for 0473 from malaysiastock.biz: RM None
2026-07-25 14:00:36,971 - yfinance - ERROR - $0473.KL: possibly delisted; no price data found  (period=100d) (Yahoo error = "No data found, symbol may be delisted")
2026-07-25 14:00:36,979 - yfinance - ERROR - 
1 Failed download:
2026-07-25 14:00:36,979 - yfinance - ERROR - ['0473.KL']: possibly delisted; no price data found  (period=100d) (Yahoo error = "No data found, symbol may be delisted")
2026-07-25 14:00:36,983 - buffett.scanner - WARNING - 0473.KL: No price data available for ML enhancement
2026-07-25 14:00:37,026 - buffett.scanner - INFO - 0473.KL: SELL signal (QS: 0.0, Moat: NONE)
2026-07-25 14:00:37,315 - yfinance - ERROR - HTTP Error 404: {"quoteSummary":{"result":null,"error":{"code":"Not Found","description":"Quote not found for symbol: 0514.KL"}}}
2026-07-25 14:00:37,406 - buffett.fetchers - WARNING - Alpha Vantage API key not configured
2026-07-25 14:00:37,488 - httpx - INFO - HTTP Request: GET https://www.malaysiastock.biz/Corporate-Infomation.aspx?securitycode=0514 "HTTP/1.1 302 Found"
2026-07-25 14:00:37,521 - httpx - INFO - HTTP Request: GET https://www.malaysiastock.biz/PageNotFound.aspx "HTTP/1.1 200 OK"
2026-07-25 14:00:37,556 - buffett.fetchers - INFO - Successfully scraped price for 0514 from malaysiastock.biz: RM None
2026-07-25 14:00:38,167 - yfinance - ERROR - $0514.KL: possibly delisted; no price data found  (period=100d) (Yahoo error = "No data found, symbol may be delisted")
2026-07-25 14:00:38,172 - yfinance - ERROR - 
1 Failed download:
2026-07-25 14:00:38,172 - yfinance - ERROR - ['0514.KL']: possibly delisted; no price data found  (period=100d) (Yahoo error = "No data found, symbol may be delisted")
2026-07-25 14:00:38,177 - buffett.scanner - WARNING - 0514.KL: No price data available for ML enhancement
2026-07-25 14:00:38,221 - buffett.scanner - INFO - 0514.KL: SELL signal (QS: 0.0, Moat: NONE)
2026-07-25 14:00:38,558 - yfinance - ERROR - HTTP Error 404: {"quoteSummary":{"result":null,"error":{"code":"Not Found","description":"Quote not found for symbol: 0525.KL"}}}
2026-07-25 14:00:38,613 - buffett.fetchers - WARNING - Alpha Vantage API key not configured
2026-07-25 14:00:38,696 - httpx - INFO - HTTP Request: GET https://www.malaysiastock.biz/Corporate-Infomation.aspx?securitycode=0525 "HTTP/1.1 302 Found"
2026-07-25 14:00:38,728 - httpx - INFO - HTTP Request: GET https://www.malaysiastock.biz/PageNotFound.aspx "HTTP/1.1 200 OK"
2026-07-25 14:00:38,759 - buffett.fetchers - INFO - Successfully scraped price for 0525 from malaysiastock.biz: RM None
2026-07-25 14:00:39,362 - yfinance - ERROR - $0525.KL: possibly delisted; no price data found  (period=100d) (Yahoo error = "No data found, symbol may be delisted")
2026-07-25 14:00:39,365 - yfinance - ERROR - 
1 Failed download:
2026-07-25 14:00:39,365 - yfinance - ERROR - ['0525.KL']: possibly delisted; no price data found  (period=100d) (Yahoo error = "No data found, symbol may be delisted")
2026-07-25 14:00:39,370 - buffett.scanner - WARNING - 0525.KL: No price data available for ML enhancement
2026-07-25 14:00:39,408 - buffett.scanner - INFO - 0525.KL: SELL signal (QS: 0.0, Moat: NONE)
2026-07-25 14:00:40,149 - ml.feature_engineer - ERROR - 1023.KL: Error engineering features: The truth value of a Series is ambiguous. Use a.empty, a.bool(), a.item(), a.any() or a.all().
2026-07-25 14:00:40,149 - ml.signal_enhancer - WARNING - 1023.KL: Feature engineering failed, using rule-based signal
2026-07-25 14:00:40,203 - buffett.scanner - INFO - 1023.KL: SELL signal (QS: 55.6, Moat: NONE)
2026-07-25 14:00:41,029 - ml.feature_engineer - ERROR - 1066.KL: Error engineering features: The truth value of a Series is ambiguous. Use a.empty, a.bool(), a.item(), a.any() or a.all().
2026-07-25 14:00:41,029 - ml.signal_enhancer - WARNING - 1066.KL: Feature engineering failed, using rule-based signal
2026-07-25 14:00:41,083 - buffett.scanner - INFO - 1066.KL: SELL signal (QS: 55.6, Moat: NONE)
2026-07-25 14:00:41,906 - ml.feature_engineer - ERROR - 1082.KL: Error engineering features: The truth value of a Series is ambiguous. Use a.empty, a.bool(), a.item(), a.any() or a.all().
2026-07-25 14:00:41,906 - ml.signal_enhancer - WARNING - 1082.KL: Feature engineering failed, using rule-based signal
2026-07-25 14:00:41,960 - buffett.scanner - INFO - 1082.KL: SELL signal (QS: 55.6, Moat: NONE)
2026-07-25 14:00:42,782 - ml.feature_engineer - ERROR - 1155.KL: Error engineering features: The truth value of a Series is ambiguous. Use a.empty, a.bool(), a.item(), a.any() or a.all().
2026-07-25 14:00:42,782 - ml.signal_enhancer - WARNING - 1155.KL: Feature engineering failed, using rule-based signal
2026-07-25 14:00:42,836 - buffett.scanner - INFO - 1155.KL: SELL signal (QS: 55.6, Moat: NONE)
2026-07-25 14:00:43,686 - ml.feature_engineer - ERROR - 1295.KL: Error engineering features: The truth value of a Series is ambiguous. Use a.empty, a.bool(), a.item(), a.any() or a.all().
2026-07-25 14:00:43,687 - ml.signal_enhancer - WARNING - 1295.KL: Feature engineering failed, using rule-based signal
2026-07-25 14:00:43,737 - buffett.scanner - INFO - 1295.KL: SELL signal (QS: 44.4, Moat: NONE)
2026-07-25 14:00:44,020 - yfinance - ERROR - HTTP Error 404: {"quoteSummary":{"result":null,"error":{"code":"Not Found","description":"Quote not found for symbol: 2282.KL"}}}
2026-07-25 14:00:44,109 - buffett.fetchers - WARNING - Alpha Vantage API key not configured
2026-07-25 14:00:44,197 - httpx - INFO - HTTP Request: GET https://www.malaysiastock.biz/Corporate-Infomation.aspx?securitycode=2282 "HTTP/1.1 302 Found"
2026-07-25 14:00:44,231 - httpx - INFO - HTTP Request: GET https://www.malaysiastock.biz/PageNotFound.aspx "HTTP/1.1 200 OK"
2026-07-25 14:00:44,255 - buffett.fetchers - INFO - Successfully scraped price for 2282 from malaysiastock.biz: RM None
2026-07-25 14:00:44,858 - yfinance - ERROR - $2282.KL: possibly delisted; no price data found  (period=100d) (Yahoo error = "No data found, symbol may be delisted")
2026-07-25 14:00:44,860 - yfinance - ERROR - 
1 Failed download:
2026-07-25 14:00:44,860 - yfinance - ERROR - ['2282.KL']: possibly delisted; no price data found  (period=100d) (Yahoo error = "No data found, symbol may be delisted")
2026-07-25 14:00:44,864 - buffett.scanner - WARNING - 2282.KL: No price data available for ML enhancement
2026-07-25 14:00:44,908 - buffett.scanner - INFO - 2282.KL: SELL signal (QS: 0.0, Moat: NONE)
2026-07-25 14:00:44,908 - buffett.scanner - INFO - Progress: 30/119
2026-07-25 14:00:45,770 - ml.feature_engineer - ERROR - 2291.KL: Error engineering features: The truth value of a Series is ambiguous. Use a.empty, a.bool(), a.item(), a.any() or a.all().
2026-07-25 14:00:45,771 - ml.signal_enhancer - WARNING - 2291.KL: Feature engineering failed, using rule-based signal
2026-07-25 14:00:46,167 - yfinance - ERROR - HTTP Error 404: {"quoteSummary":{"result":null,"error":{"code":"Not Found","description":"Quote not found for symbol: 2365.KL"}}}
2026-07-25 14:00:46,228 - buffett.fetchers - WARNING - Alpha Vantage API key not configured
2026-07-25 14:00:46,312 - httpx - INFO - HTTP Request: GET https://www.malaysiastock.biz/Corporate-Infomation.aspx?securitycode=2365 "HTTP/1.1 302 Found"
2026-07-25 14:00:46,343 - httpx - INFO - HTTP Request: GET https://www.malaysiastock.biz/PageNotFound.aspx "HTTP/1.1 200 OK"
2026-07-25 14:00:46,365 - buffett.fetchers - INFO - Successfully scraped price for 2365 from malaysiastock.biz: RM None
2026-07-25 14:00:46,964 - yfinance - ERROR - $2365.KL: possibly delisted; no price data found  (period=100d) (Yahoo error = "No data found, symbol may be delisted")
2026-07-25 14:00:46,972 - yfinance - ERROR - 
1 Failed download:
2026-07-25 14:00:46,972 - yfinance - ERROR - ['2365.KL']: possibly delisted; no price data found  (period=100d) (Yahoo error = "No data found, symbol may be delisted")
2026-07-25 14:00:46,975 - buffett.scanner - WARNING - 2365.KL: No price data available for ML enhancement
2026-07-25 14:00:47,017 - buffett.scanner - INFO - 2365.KL: SELL signal (QS: 0.0, Moat: NONE)
2026-07-25 14:00:47,693 - ml.feature_engineer - ERROR - 2445.KL: Error engineering features: The truth value of a Series is ambiguous. Use a.empty, a.bool(), a.item(), a.any() or a.all().
2026-07-25 14:00:47,693 - ml.signal_enhancer - WARNING - 2445.KL: Feature engineering failed, using rule-based signal
2026-07-25 14:00:47,747 - buffett.scanner - INFO - 2445.KL: SELL signal (QS: 22.2, Moat: NONE)
2026-07-25 14:00:48,581 - ml.feature_engineer - ERROR - 2488.KL: Error engineering features: The truth value of a Series is ambiguous. Use a.empty, a.bool(), a.item(), a.any() or a.all().
2026-07-25 14:00:48,581 - ml.signal_enhancer - WARNING - 2488.KL: Feature engineering failed, using rule-based signal
2026-07-25 14:00:48,635 - buffett.scanner - INFO - 2488.KL: SELL signal (QS: 55.6, Moat: NONE)
2026-07-25 14:00:49,464 - ml.feature_engineer - ERROR - 3026.KL: Error engineering features: The truth value of a Series is ambiguous. Use a.empty, a.bool(), a.item(), a.any() or a.all().
2026-07-25 14:00:49,464 - ml.signal_enhancer - WARNING - 3026.KL: Feature engineering failed, using rule-based signal
2026-07-25 14:00:49,514 - buffett.scanner - INFO - 3026.KL: SELL signal (QS: 22.2, Moat: NONE)
2026-07-25 14:00:50,367 - ml.feature_engineer - ERROR - 3034.KL: Error engineering features: The truth value of a Series is ambiguous. Use a.empty, a.bool(), a.item(), a.any() or a.all().
2026-07-25 14:00:50,367 - ml.signal_enhancer - WARNING - 3034.KL: Feature engineering failed, using rule-based signal
2026-07-25 14:00:50,761 - yfinance - ERROR - HTTP Error 404: {"quoteSummary":{"result":null,"error":{"code":"Not Found","description":"Quote not found for symbol: 3035.KL"}}}
2026-07-25 14:00:50,821 - buffett.fetchers - WARNING - Alpha Vantage API key not configured
2026-07-25 14:00:50,954 - httpx - INFO - HTTP Request: GET https://www.malaysiastock.biz/Corporate-Infomation.aspx?securitycode=3035 "HTTP/1.1 302 Found"
2026-07-25 14:00:50,987 - httpx - INFO - HTTP Request: GET https://www.malaysiastock.biz/PageNotFound.aspx "HTTP/1.1 200 OK"
2026-07-25 14:00:51,023 - buffett.fetchers - INFO - Successfully scraped price for 3035 from malaysiastock.biz: RM None
2026-07-25 14:00:51,657 - yfinance - ERROR - $3035.KL: possibly delisted; no price data found  (period=100d) (Yahoo error = "No data found, symbol may be delisted")
2026-07-25 14:00:51,661 - yfinance - ERROR - 
1 Failed download:
2026-07-25 14:00:51,661 - yfinance - ERROR - ['3035.KL']: possibly delisted; no price data found  (period=100d) (Yahoo error = "No data found, symbol may be delisted")
2026-07-25 14:00:51,666 - buffett.scanner - WARNING - 3035.KL: No price data available for ML enhancement
2026-07-25 14:00:51,711 - buffett.scanner - INFO - 3035.KL: SELL signal (QS: 0.0, Moat: NONE)
2026-07-25 14:00:52,432 - ml.feature_engineer - ERROR - 3182.KL: Error engineering features: The truth value of a Series is ambiguous. Use a.empty, a.bool(), a.item(), a.any() or a.all().
2026-07-25 14:00:52,432 - ml.signal_enhancer - WARNING - 3182.KL: Feature engineering failed, using rule-based signal
2026-07-25 14:00:52,480 - buffett.scanner - INFO - 3182.KL: SELL signal (QS: 22.2, Moat: NONE)
2026-07-25 14:00:52,797 - yfinance - ERROR - HTTP Error 404: {"quoteSummary":{"result":null,"error":{"code":"Not Found","description":"Quote not found for symbol: 3229.KL"}}}
2026-07-25 14:00:52,889 - buffett.fetchers - WARNING - Alpha Vantage API key not configured
2026-07-25 14:00:52,962 - httpx - INFO - HTTP Request: GET https://www.malaysiastock.biz/Corporate-Infomation.aspx?securitycode=3229 "HTTP/1.1 302 Found"
2026-07-25 14:00:52,995 - httpx - INFO - HTTP Request: GET https://www.malaysiastock.biz/PageNotFound.aspx "HTTP/1.1 200 OK"
2026-07-25 14:00:53,018 - buffett.fetchers - INFO - Successfully scraped price for 3229 from malaysiastock.biz: RM None
2026-07-25 14:00:53,616 - yfinance - ERROR - $3229.KL: possibly delisted; no price data found  (period=100d) (Yahoo error = "No data found, symbol may be delisted")
2026-07-25 14:00:53,623 - yfinance - ERROR - 
1 Failed download:
2026-07-25 14:00:53,623 - yfinance - ERROR - ['3229.KL']: possibly delisted; no price data found  (period=100d) (Yahoo error = "No data found, symbol may be delisted")
2026-07-25 14:00:53,627 - buffett.scanner - WARNING - 3229.KL: No price data available for ML enhancement
2026-07-25 14:00:53,669 - buffett.scanner - INFO - 3229.KL: SELL signal (QS: 0.0, Moat: NONE)
2026-07-25 14:00:54,264 - ml.feature_engineer - ERROR - 3395.KL: Error engineering features: The truth value of a Series is ambiguous. Use a.empty, a.bool(), a.item(), a.any() or a.all().
2026-07-25 14:00:54,264 - ml.signal_enhancer - WARNING - 3395.KL: Feature engineering failed, using rule-based signal
2026-07-25 14:00:54,315 - buffett.scanner - INFO - 3395.KL: SELL signal (QS: 11.1, Moat: NONE)
2026-07-25 14:00:54,315 - buffett.scanner - INFO - Progress: 40/119
2026-07-25 14:00:55,190 - ml.feature_engineer - ERROR - 3816.KL: Error engineering features: The truth value of a Series is ambiguous. Use a.empty, a.bool(), a.item(), a.any() or a.all().
2026-07-25 14:00:55,190 - ml.signal_enhancer - WARNING - 3816.KL: Feature engineering failed, using rule-based signal
2026-07-25 14:00:55,245 - buffett.scanner - INFO - 3816.KL: SELL signal (QS: 44.4, Moat: NONE)
2026-07-25 14:00:56,046 - ml.feature_engineer - ERROR - 4197.KL: Error engineering features: The truth value of a Series is ambiguous. Use a.empty, a.bool(), a.item(), a.any() or a.all().
2026-07-25 14:00:56,046 - ml.signal_enhancer - WARNING - 4197.KL: Feature engineering failed, using rule-based signal
2026-07-25 14:00:57,344 - yfinance - ERROR - $4588.KL: possibly delisted; no price data found  (period=100d) (Yahoo error = "No data found, symbol may be delisted")
2026-07-25 14:00:57,351 - yfinance - ERROR - 
1 Failed download:
2026-07-25 14:00:57,351 - yfinance - ERROR - ['4588.KL']: possibly delisted; no price data found  (period=100d) (Yahoo error = "No data found, symbol may be delisted")
2026-07-25 14:00:57,356 - buffett.scanner - WARNING - 4588.KL: No price data available for ML enhancement
2026-07-25 14:00:57,411 - buffett.scanner - INFO - 4588.KL: SELL signal (QS: 0.0, Moat: NONE)
2026-07-25 14:00:58,162 - ml.feature_engineer - ERROR - 4707.KL: Error engineering features: The truth value of a Series is ambiguous. Use a.empty, a.bool(), a.item(), a.any() or a.all().
2026-07-25 14:00:58,163 - ml.signal_enhancer - WARNING - 4707.KL: Feature engineering failed, using rule-based signal
2026-07-25 14:00:58,216 - buffett.scanner - INFO - 4707.KL: SELL signal (QS: 11.1, Moat: NONE)
2026-07-25 14:00:59,126 - ml.feature_engineer - ERROR - 4715.KL: Error engineering features: The truth value of a Series is ambiguous. Use a.empty, a.bool(), a.item(), a.any() or a.all().
2026-07-25 14:00:59,126 - ml.signal_enhancer - WARNING - 4715.KL: Feature engineering failed, using rule-based signal
2026-07-25 14:00:59,179 - buffett.scanner - INFO - 4715.KL: SELL signal (QS: 55.6, Moat: NONE)
2026-07-25 14:01:00,073 - ml.feature_engineer - ERROR - 4723.KL: Error engineering features: The truth value of a Series is ambiguous. Use a.empty, a.bool(), a.item(), a.any() or a.all().
2026-07-25 14:01:00,073 - ml.signal_enhancer - WARNING - 4723.KL: Feature engineering failed, using rule-based signal
2026-07-25 14:01:00,127 - buffett.scanner - INFO - 4723.KL: SELL signal (QS: 55.6, Moat: NONE)
2026-07-25 14:01:01,375 - yfinance - ERROR - $4782.KL: possibly delisted; no price data found  (period=100d) (Yahoo error = "No data found, symbol may be delisted")
2026-07-25 14:01:01,381 - yfinance - ERROR - 
1 Failed download:
2026-07-25 14:01:01,381 - yfinance - ERROR - ['4782.KL']: possibly delisted; no price data found  (period=100d) (Yahoo error = "No data found, symbol may be delisted")
2026-07-25 14:01:01,385 - buffett.scanner - WARNING - 4782.KL: No price data available for ML enhancement
2026-07-25 14:01:01,436 - buffett.scanner - INFO - 4782.KL: SELL signal (QS: 0.0, Moat: NONE)
2026-07-25 14:01:02,082 - ml.feature_engineer - ERROR - 4863.KL: Error engineering features: The truth value of a Series is ambiguous. Use a.empty, a.bool(), a.item(), a.any() or a.all().
2026-07-25 14:01:02,082 - ml.signal_enhancer - WARNING - 4863.KL: Feature engineering failed, using rule-based signal
2026-07-25 14:01:02,132 - buffett.scanner - INFO - 4863.KL: SELL signal (QS: 33.3, Moat: NONE)
2026-07-25 14:01:03,028 - ml.feature_engineer - ERROR - 5001.KL: Error engineering features: The truth value of a Series is ambiguous. Use a.empty, a.bool(), a.item(), a.any() or a.all().
2026-07-25 14:01:03,028 - ml.signal_enhancer - WARNING - 5001.KL: Feature engineering failed, using rule-based signal
2026-07-25 14:01:03,081 - buffett.scanner - INFO - 5001.KL: SELL signal (QS: 0.0, Moat: NONE)
2026-07-25 14:01:03,910 - ml.feature_engineer - ERROR - 5005.KL: Error engineering features: The truth value of a Series is ambiguous. Use a.empty, a.bool(), a.item(), a.any() or a.all().
2026-07-25 14:01:03,910 - ml.signal_enhancer - WARNING - 5005.KL: Feature engineering failed, using rule-based signal
2026-07-25 14:01:03,963 - buffett.scanner - INFO - 5005.KL: SELL signal (QS: 20.1, Moat: NONE)
2026-07-25 14:01:03,964 - buffett.scanner - INFO - Progress: 50/119
2026-07-25 14:01:05,320 - yfinance - ERROR - $5014.KL: possibly delisted; no price data found  (period=100d) (Yahoo error = "No data found, symbol may be delisted")
2026-07-25 14:01:05,325 - yfinance - ERROR - 
1 Failed download:
2026-07-25 14:01:05,325 - yfinance - ERROR - ['5014.KL']: possibly delisted; no price data found  (period=100d) (Yahoo error = "No data found, symbol may be delisted")
2026-07-25 14:01:05,329 - buffett.scanner - WARNING - 5014.KL: No price data available for ML enhancement
2026-07-25 14:01:05,380 - buffett.scanner - INFO - 5014.KL: SELL signal (QS: 0.0, Moat: NONE)
2026-07-25 14:01:06,172 - ml.feature_engineer - ERROR - 5015.KL: Error engineering features: The truth value of a Series is ambiguous. Use a.empty, a.bool(), a.item(), a.any() or a.all().
2026-07-25 14:01:06,172 - ml.signal_enhancer - WARNING - 5015.KL: Feature engineering failed, using rule-based signal
2026-07-25 14:01:07,040 - ml.feature_engineer - ERROR - 5016.KL: Error engineering features: The truth value of a Series is ambiguous. Use a.empty, a.bool(), a.item(), a.any() or a.all().
2026-07-25 14:01:07,040 - ml.signal_enhancer - WARNING - 5016.KL: Feature engineering failed, using rule-based signal
2026-07-25 14:01:07,093 - buffett.scanner - INFO - 5016.KL: SELL signal (QS: 11.1, Moat: NONE)
2026-07-25 14:01:07,977 - ml.feature_engineer - ERROR - 5026.KL: Error engineering features: The truth value of a Series is ambiguous. Use a.empty, a.bool(), a.item(), a.any() or a.all().
2026-07-25 14:01:07,977 - ml.signal_enhancer - WARNING - 5026.KL: Feature engineering failed, using rule-based signal
2026-07-25 14:01:08,938 - ml.feature_engineer - ERROR - 5031.KL: Error engineering features: The truth value of a Series is ambiguous. Use a.empty, a.bool(), a.item(), a.any() or a.all().
2026-07-25 14:01:08,938 - ml.signal_enhancer - WARNING - 5031.KL: Feature engineering failed, using rule-based signal
2026-07-25 14:01:08,992 - buffett.scanner - INFO - 5031.KL: SELL signal (QS: 11.1, Moat: NONE)
2026-07-25 14:01:10,022 - ml.feature_engineer - ERROR - 5041.KL: Error engineering features: The truth value of a Series is ambiguous. Use a.empty, a.bool(), a.item(), a.any() or a.all().
2026-07-25 14:01:10,022 - ml.signal_enhancer - WARNING - 5041.KL: Feature engineering failed, using rule-based signal
2026-07-25 14:01:10,865 - ml.feature_engineer - ERROR - 5100.KL: Error engineering features: The truth value of a Series is ambiguous. Use a.empty, a.bool(), a.item(), a.any() or a.all().
2026-07-25 14:01:10,865 - ml.signal_enhancer - WARNING - 5100.KL: Feature engineering failed, using rule-based signal
2026-07-25 14:01:10,918 - buffett.scanner - INFO - 5100.KL: SELL signal (QS: 55.6, Moat: NONE)
2026-07-25 14:01:11,794 - ml.feature_engineer - ERROR - 5108.KL: Error engineering features: The truth value of a Series is ambiguous. Use a.empty, a.bool(), a.item(), a.any() or a.all().
2026-07-25 14:01:11,794 - ml.signal_enhancer - WARNING - 5108.KL: Feature engineering failed, using rule-based signal
2026-07-25 14:01:11,847 - buffett.scanner - INFO - 5108.KL: SELL signal (QS: 33.3, Moat: NONE)
2026-07-25 14:01:12,782 - ml.feature_engineer - ERROR - 5109.KL: Error engineering features: The truth value of a Series is ambiguous. Use a.empty, a.bool(), a.item(), a.any() or a.all().
2026-07-25 14:01:12,782 - ml.signal_enhancer - WARNING - 5109.KL: Feature engineering failed, using rule-based signal
2026-07-25 14:01:12,835 - buffett.scanner - INFO - 5109.KL: SELL signal (QS: 55.6, Moat: NONE)
2026-07-25 14:01:13,695 - ml.feature_engineer - ERROR - 5112.KL: Error engineering features: The truth value of a Series is ambiguous. Use a.empty, a.bool(), a.item(), a.any() or a.all().
2026-07-25 14:01:13,696 - ml.signal_enhancer - WARNING - 5112.KL: Feature engineering failed, using rule-based signal
2026-07-25 14:01:13,744 - buffett.scanner - INFO - Progress: 60/119
2026-07-25 14:01:15,031 - yfinance - ERROR - $5117.KL: possibly delisted; no price data found  (period=100d) (Yahoo error = "No data found, symbol may be delisted")
2026-07-25 14:01:15,031 - yfinance - ERROR - 
1 Failed download:
2026-07-25 14:01:15,032 - yfinance - ERROR - ['5117.KL']: possibly delisted; no price data found  (period=100d) (Yahoo error = "No data found, symbol may be delisted")
2026-07-25 14:01:15,036 - buffett.scanner - WARNING - 5117.KL: No price data available for ML enhancement
2026-07-25 14:01:15,089 - buffett.scanner - INFO - 5117.KL: SELL signal (QS: 0.0, Moat: NONE)
2026-07-25 14:01:15,433 - yfinance - ERROR - HTTP Error 404: {"quoteSummary":{"result":null,"error":{"code":"Not Found","description":"Quote not found for symbol: 5118.KL"}}}
2026-07-25 14:01:15,495 - buffett.fetchers - WARNING - Alpha Vantage API key not configured
2026-07-25 14:01:15,596 - httpx - INFO - HTTP Request: GET https://www.malaysiastock.biz/Corporate-Infomation.aspx?securitycode=5118 "HTTP/1.1 302 Found"
2026-07-25 14:01:15,632 - httpx - INFO - HTTP Request: GET https://www.malaysiastock.biz/PageNotFound.aspx "HTTP/1.1 200 OK"
2026-07-25 14:01:15,668 - buffett.fetchers - INFO - Successfully scraped price for 5118 from malaysiastock.biz: RM None
2026-07-25 14:01:16,267 - yfinance - ERROR - $5118.KL: possibly delisted; no price data found  (period=100d) (Yahoo error = "No data found, symbol may be delisted")
2026-07-25 14:01:16,274 - yfinance - ERROR - 
1 Failed download:
2026-07-25 14:01:16,274 - yfinance - ERROR - ['5118.KL']: possibly delisted; no price data found  (period=100d) (Yahoo error = "No data found, symbol may be delisted")
2026-07-25 14:01:16,279 - buffett.scanner - WARNING - 5118.KL: No price data available for ML enhancement
2026-07-25 14:01:16,323 - buffett.scanner - INFO - 5118.KL: SELL signal (QS: 0.0, Moat: NONE)
2026-07-25 14:01:17,355 - yfinance - ERROR - $5122.KL: possibly delisted; no price data found  (period=100d) (Yahoo error = "No data found, symbol may be delisted")
2026-07-25 14:01:17,356 - yfinance - ERROR - 
1 Failed download:
2026-07-25 14:01:17,356 - yfinance - ERROR - ['5122.KL']: possibly delisted; no price data found  (period=100d) (Yahoo error = "No data found, symbol may be delisted")
2026-07-25 14:01:17,361 - buffett.scanner - WARNING - 5122.KL: No price data available for ML enhancement
2026-07-25 14:01:17,416 - buffett.scanner - INFO - 5122.KL: SELL signal (QS: 0.0, Moat: NONE)
2026-07-25 14:01:18,021 - ml.feature_engineer - ERROR - 5123.KL: Error engineering features: The truth value of a Series is ambiguous. Use a.empty, a.bool(), a.item(), a.any() or a.all().
2026-07-25 14:01:18,021 - ml.signal_enhancer - WARNING - 5123.KL: Feature engineering failed, using rule-based signal
2026-07-25 14:01:18,074 - buffett.scanner - INFO - 5123.KL: SELL signal (QS: 55.6, Moat: NONE)
2026-07-25 14:01:19,087 - ml.feature_engineer - ERROR - 5132.KL: Error engineering features: The truth value of a Series is ambiguous. Use a.empty, a.bool(), a.item(), a.any() or a.all().
2026-07-25 14:01:19,087 - ml.signal_enhancer - WARNING - 5132.KL: Feature engineering failed, using rule-based signal
2026-07-25 14:01:19,941 - ml.feature_engineer - ERROR - 5163.KL: Error engineering features: The truth value of a Series is ambiguous. Use a.empty, a.bool(), a.item(), a.any() or a.all().
2026-07-25 14:01:19,942 - ml.signal_enhancer - WARNING - 5163.KL: Feature engineering failed, using rule-based signal
2026-07-25 14:01:19,994 - buffett.scanner - INFO - 5163.KL: SELL signal (QS: 44.4, Moat: NONE)
2026-07-25 14:01:20,797 - ml.feature_engineer - ERROR - 5166.KL: Error engineering features: The truth value of a Series is ambiguous. Use a.empty, a.bool(), a.item(), a.any() or a.all().
2026-07-25 14:01:20,797 - ml.signal_enhancer - WARNING - 5166.KL: Feature engineering failed, using rule-based signal
2026-07-25 14:01:20,851 - buffett.scanner - INFO - 5166.KL: SELL signal (QS: 55.6, Moat: NONE)
2026-07-25 14:01:21,648 - ml.feature_engineer - ERROR - 5168.KL: Error engineering features: The truth value of a Series is ambiguous. Use a.empty, a.bool(), a.item(), a.any() or a.all().
2026-07-25 14:01:21,648 - ml.signal_enhancer - WARNING - 5168.KL: Feature engineering failed, using rule-based signal
2026-07-25 14:01:21,700 - buffett.scanner - INFO - 5168.KL: SELL signal (QS: 33.3, Moat: NONE)
2026-07-25 14:01:22,526 - ml.feature_engineer - ERROR - 5180.KL: Error engineering features: The truth value of a Series is ambiguous. Use a.empty, a.bool(), a.item(), a.any() or a.all().
2026-07-25 14:01:22,526 - ml.signal_enhancer - WARNING - 5180.KL: Feature engineering failed, using rule-based signal
2026-07-25 14:01:22,579 - buffett.scanner - INFO - 5180.KL: SELL signal (QS: 55.6, Moat: NONE)
2026-07-25 14:01:22,919 - yfinance - ERROR - HTTP Error 404: {"quoteSummary":{"result":null,"error":{"code":"Not Found","description":"Quote not found for symbol: 5181.KL"}}}
2026-07-25 14:01:22,978 - buffett.fetchers - WARNING - Alpha Vantage API key not configured
2026-07-25 14:01:23,061 - httpx - INFO - HTTP Request: GET https://www.malaysiastock.biz/Corporate-Infomation.aspx?securitycode=5181 "HTTP/1.1 302 Found"
2026-07-25 14:01:23,093 - httpx - INFO - HTTP Request: GET https://www.malaysiastock.biz/PageNotFound.aspx "HTTP/1.1 200 OK"
2026-07-25 14:01:23,121 - buffett.fetchers - INFO - Successfully scraped price for 5181 from malaysiastock.biz: RM None
2026-07-25 14:01:23,732 - yfinance - ERROR - $5181.KL: possibly delisted; no price data found  (period=100d) (Yahoo error = "No data found, symbol may be delisted")
2026-07-25 14:01:23,736 - yfinance - ERROR - 
1 Failed download:
2026-07-25 14:01:23,737 - yfinance - ERROR - ['5181.KL']: possibly delisted; no price data found  (period=100d) (Yahoo error = "No data found, symbol may be delisted")
2026-07-25 14:01:23,741 - buffett.scanner - WARNING - 5181.KL: No price data available for ML enhancement
2026-07-25 14:01:23,790 - buffett.scanner - INFO - 5181.KL: SELL signal (QS: 0.0, Moat: NONE)
2026-07-25 14:01:23,790 - buffett.scanner - INFO - Progress: 70/119
2026-07-25 14:01:24,249 - buffett.scanner - ERROR - Error processing 5182.KL: '>' not supported between instances of 'str' and 'int'
2026-07-25 14:01:24,812 - ml.feature_engineer - ERROR - 5183.KL: Error engineering features: The truth value of a Series is ambiguous. Use a.empty, a.bool(), a.item(), a.any() or a.all().
2026-07-25 14:01:24,812 - ml.signal_enhancer - WARNING - 5183.KL: Feature engineering failed, using rule-based signal
2026-07-25 14:01:24,861 - buffett.scanner - INFO - 5183.KL: SELL signal (QS: 22.2, Moat: NONE)
2026-07-25 14:01:25,702 - ml.feature_engineer - ERROR - 5185.KL: Error engineering features: The truth value of a Series is ambiguous. Use a.empty, a.bool(), a.item(), a.any() or a.all().
2026-07-25 14:01:25,702 - ml.signal_enhancer - WARNING - 5185.KL: Feature engineering failed, using rule-based signal
2026-07-25 14:01:25,755 - buffett.scanner - INFO - 5185.KL: SELL signal (QS: 55.6, Moat: NONE)
2026-07-25 14:01:26,556 - ml.feature_engineer - ERROR - 5188.KL: Error engineering features: The truth value of a Series is ambiguous. Use a.empty, a.bool(), a.item(), a.any() or a.all().
2026-07-25 14:01:26,556 - ml.signal_enhancer - WARNING - 5188.KL: Feature engineering failed, using rule-based signal
2026-07-25 14:01:26,610 - buffett.scanner - INFO - 5188.KL: SELL signal (QS: 22.2, Moat: NONE)
2026-07-25 14:01:27,448 - ml.feature_engineer - ERROR - 5200.KL: Error engineering features: The truth value of a Series is ambiguous. Use a.empty, a.bool(), a.item(), a.any() or a.all().
2026-07-25 14:01:27,448 - ml.signal_enhancer - WARNING - 5200.KL: Feature engineering failed, using rule-based signal
2026-07-25 14:01:28,300 - ml.feature_engineer - ERROR - 5202.KL: Error engineering features: The truth value of a Series is ambiguous. Use a.empty, a.bool(), a.item(), a.any() or a.all().
2026-07-25 14:01:28,300 - ml.signal_enhancer - WARNING - 5202.KL: Feature engineering failed, using rule-based signal
2026-07-25 14:01:28,352 - buffett.scanner - INFO - 5202.KL: SELL signal (QS: 11.1, Moat: NONE)
2026-07-25 14:01:29,445 - ml.feature_engineer - ERROR - 5211.KL: Error engineering features: The truth value of a Series is ambiguous. Use a.empty, a.bool(), a.item(), a.any() or a.all().
2026-07-25 14:01:29,445 - ml.signal_enhancer - WARNING - 5211.KL: Feature engineering failed, using rule-based signal
2026-07-25 14:01:29,499 - buffett.scanner - INFO - 5211.KL: SELL signal (QS: 55.6, Moat: NONE)
2026-07-25 14:01:31,098 - yfinance - ERROR - $5215.KL: possibly delisted; no price data found  (period=100d) (Yahoo error = "No data found, symbol may be delisted")
2026-07-25 14:01:31,098 - yfinance - ERROR - 
1 Failed download:
2026-07-25 14:01:31,099 - yfinance - ERROR - ['5215.KL']: possibly delisted; no price data found  (period=100d) (Yahoo error = "No data found, symbol may be delisted")
2026-07-25 14:01:31,104 - buffett.scanner - WARNING - 5215.KL: No price data available for ML enhancement
2026-07-25 14:01:31,159 - buffett.scanner - INFO - 5215.KL: SELL signal (QS: 0.0, Moat: NONE)
2026-07-25 14:01:31,818 - ml.feature_engineer - ERROR - 5216.KL: Error engineering features: The truth value of a Series is ambiguous. Use a.empty, a.bool(), a.item(), a.any() or a.all().
2026-07-25 14:01:31,819 - ml.signal_enhancer - WARNING - 5216.KL: Feature engineering failed, using rule-based signal
2026-07-25 14:01:31,872 - buffett.scanner - INFO - 5216.KL: SELL signal (QS: 26.1, Moat: NONE)
2026-07-25 14:01:32,962 - ml.feature_engineer - ERROR - 5225.KL: Error engineering features: The truth value of a Series is ambiguous. Use a.empty, a.bool(), a.item(), a.any() or a.all().
2026-07-25 14:01:32,962 - ml.signal_enhancer - WARNING - 5225.KL: Feature engineering failed, using rule-based signal
2026-07-25 14:01:33,015 - buffett.scanner - INFO - 5225.KL: SELL signal (QS: 11.1, Moat: NONE)
2026-07-25 14:01:33,015 - buffett.scanner - INFO - Progress: 80/119
2026-07-25 14:01:33,844 - ml.feature_engineer - ERROR - 5227.KL: Error engineering features: The truth value of a Series is ambiguous. Use a.empty, a.bool(), a.item(), a.any() or a.all().
2026-07-25 14:01:33,844 - ml.signal_enhancer - WARNING - 5227.KL: Feature engineering failed, using rule-based signal
2026-07-25 14:01:33,896 - buffett.scanner - INFO - 5227.KL: SELL signal (QS: 44.4, Moat: NONE)
2026-07-25 14:01:34,738 - ml.feature_engineer - ERROR - 5242.KL: Error engineering features: The truth value of a Series is ambiguous. Use a.empty, a.bool(), a.item(), a.any() or a.all().
2026-07-25 14:01:34,739 - ml.signal_enhancer - WARNING - 5242.KL: Feature engineering failed, using rule-based signal
2026-07-25 14:01:34,792 - buffett.scanner - INFO - 5242.KL: SELL signal (QS: 55.6, Moat: NONE)
2026-07-25 14:01:35,598 - ml.feature_engineer - ERROR - 5246.KL: Error engineering features: The truth value of a Series is ambiguous. Use a.empty, a.bool(), a.item(), a.any() or a.all().
2026-07-25 14:01:35,598 - ml.signal_enhancer - WARNING - 5246.KL: Feature engineering failed, using rule-based signal
2026-07-25 14:01:35,651 - buffett.scanner - INFO - 5246.KL: SELL signal (QS: 22.2, Moat: NONE)
2026-07-25 14:01:36,470 - ml.feature_engineer - ERROR - 5250.KL: Error engineering features: The truth value of a Series is ambiguous. Use a.empty, a.bool(), a.item(), a.any() or a.all().
2026-07-25 14:01:36,470 - ml.signal_enhancer - WARNING - 5250.KL: Feature engineering failed, using rule-based signal
2026-07-25 14:01:36,523 - buffett.scanner - INFO - 5250.KL: SELL signal (QS: 11.1, Moat: NONE)
2026-07-25 14:01:37,367 - ml.feature_engineer - ERROR - 5252.KL: Error engineering features: The truth value of a Series is ambiguous. Use a.empty, a.bool(), a.item(), a.any() or a.all().
2026-07-25 14:01:37,367 - ml.signal_enhancer - WARNING - 5252.KL: Feature engineering failed, using rule-based signal
2026-07-25 14:01:38,478 - ml.feature_engineer - ERROR - 5258.KL: Error engineering features: The truth value of a Series is ambiguous. Use a.empty, a.bool(), a.item(), a.any() or a.all().
2026-07-25 14:01:38,478 - ml.signal_enhancer - WARNING - 5258.KL: Feature engineering failed, using rule-based signal
2026-07-25 14:01:38,532 - buffett.scanner - INFO - 5258.KL: SELL signal (QS: 55.6, Moat: NONE)
2026-07-25 14:01:38,871 - yfinance - ERROR - HTTP Error 404: {"quoteSummary":{"result":null,"error":{"code":"Not Found","description":"Quote not found for symbol: 5262.KL"}}}
2026-07-25 14:01:38,931 - buffett.fetchers - WARNING - Alpha Vantage API key not configured
2026-07-25 14:01:39,011 - httpx - INFO - HTTP Request: GET https://www.malaysiastock.biz/Corporate-Infomation.aspx?securitycode=5262 "HTTP/1.1 302 Found"
2026-07-25 14:01:39,043 - httpx - INFO - HTTP Request: GET https://www.malaysiastock.biz/PageNotFound.aspx "HTTP/1.1 200 OK"
2026-07-25 14:01:39,066 - buffett.fetchers - INFO - Successfully scraped price for 5262 from malaysiastock.biz: RM None
2026-07-25 14:01:39,680 - yfinance - ERROR - $5262.KL: possibly delisted; no price data found  (period=100d) (Yahoo error = "No data found, symbol may be delisted")
2026-07-25 14:01:39,683 - yfinance - ERROR - 
1 Failed download:
2026-07-25 14:01:39,683 - yfinance - ERROR - ['5262.KL']: possibly delisted; no price data found  (period=100d) (Yahoo error = "No data found, symbol may be delisted")
2026-07-25 14:01:39,686 - buffett.scanner - WARNING - 5262.KL: No price data available for ML enhancement
2026-07-25 14:01:39,724 - buffett.scanner - INFO - 5262.KL: SELL signal (QS: 0.0, Moat: NONE)
2026-07-25 14:01:40,513 - ml.feature_engineer - ERROR - 5263.KL: Error engineering features: The truth value of a Series is ambiguous. Use a.empty, a.bool(), a.item(), a.any() or a.all().
2026-07-25 14:01:40,513 - ml.signal_enhancer - WARNING - 5263.KL: Feature engineering failed, using rule-based signal
2026-07-25 14:01:40,563 - buffett.scanner - INFO - 5263.KL: SELL signal (QS: 11.1, Moat: NONE)
2026-07-25 14:01:41,918 - yfinance - ERROR - $5266.KL: possibly delisted; no price data found  (period=100d) (Yahoo error = "No data found, symbol may be delisted")
2026-07-25 14:01:41,925 - yfinance - ERROR - 
1 Failed download:
2026-07-25 14:01:41,925 - yfinance - ERROR - ['5266.KL']: possibly delisted; no price data found  (period=100d) (Yahoo error = "No data found, symbol may be delisted")
2026-07-25 14:01:41,928 - buffett.scanner - WARNING - 5266.KL: No price data available for ML enhancement
2026-07-25 14:01:41,980 - buffett.scanner - INFO - 5266.KL: SELL signal (QS: 0.0, Moat: NONE)
2026-07-25 14:01:42,314 - yfinance - ERROR - HTTP Error 404: {"quoteSummary":{"result":null,"error":{"code":"Not Found","description":"Quote not found for symbol: 5270.KL"}}}
2026-07-25 14:01:42,366 - buffett.fetchers - WARNING - Alpha Vantage API key not configured
2026-07-25 14:01:42,447 - httpx - INFO - HTTP Request: GET https://www.malaysiastock.biz/Corporate-Infomation.aspx?securitycode=5270 "HTTP/1.1 200 OK"
2026-07-25 14:01:42,502 - buffett.fetchers - INFO - Successfully scraped price for 5270 from malaysiastock.biz: RM 0.505
2026-07-25 14:01:43,181 - yfinance - ERROR - $5270.KL: possibly delisted; no price data found  (period=100d) (Yahoo error = "No data found, symbol may be delisted")
2026-07-25 14:01:43,189 - yfinance - ERROR - 
1 Failed download:
2026-07-25 14:01:43,189 - yfinance - ERROR - ['5270.KL']: possibly delisted; no price data found  (period=100d) (Yahoo error = "No data found, symbol may be delisted")
2026-07-25 14:01:43,194 - buffett.scanner - WARNING - 5270.KL: No price data available for ML enhancement
2026-07-25 14:01:43,236 - buffett.scanner - INFO - 5270.KL: SELL signal (QS: 0.0, Moat: NONE)
2026-07-25 14:01:43,236 - buffett.scanner - INFO - Progress: 90/119
2026-07-25 14:01:43,822 - ml.feature_engineer - ERROR - 5288.KL: Error engineering features: The truth value of a Series is ambiguous. Use a.empty, a.bool(), a.item(), a.any() or a.all().
2026-07-25 14:01:43,822 - ml.signal_enhancer - WARNING - 5288.KL: Feature engineering failed, using rule-based signal
2026-07-25 14:01:43,871 - buffett.scanner - INFO - 5288.KL: SELL signal (QS: 55.6, Moat: NONE)
2026-07-25 14:01:44,705 - ml.feature_engineer - ERROR - 5296.KL: Error engineering features: The truth value of a Series is ambiguous. Use a.empty, a.bool(), a.item(), a.any() or a.all().
2026-07-25 14:01:44,705 - ml.signal_enhancer - WARNING - 5296.KL: Feature engineering failed, using rule-based signal
2026-07-25 14:01:44,755 - buffett.scanner - INFO - 5296.KL: SELL signal (QS: 22.2, Moat: NONE)
2026-07-25 14:01:45,548 - ml.feature_engineer - ERROR - 5302.KL: Error engineering features: The truth value of a Series is ambiguous. Use a.empty, a.bool(), a.item(), a.any() or a.all().
2026-07-25 14:01:45,549 - ml.signal_enhancer - WARNING - 5302.KL: Feature engineering failed, using rule-based signal
2026-07-25 14:01:45,600 - buffett.scanner - INFO - 5302.KL: SELL signal (QS: 30.3, Moat: NONE)
2026-07-25 14:01:46,412 - ml.feature_engineer - ERROR - 5308.KL: Error engineering features: The truth value of a Series is ambiguous. Use a.empty, a.bool(), a.item(), a.any() or a.all().
2026-07-25 14:01:46,412 - ml.signal_enhancer - WARNING - 5308.KL: Feature engineering failed, using rule-based signal
2026-07-25 14:01:46,460 - buffett.scanner - INFO - 5308.KL: SELL signal (QS: 33.3, Moat: NONE)
2026-07-25 14:01:47,273 - ml.feature_engineer - ERROR - 5347.KL: Error engineering features: The truth value of a Series is ambiguous. Use a.empty, a.bool(), a.item(), a.any() or a.all().
2026-07-25 14:01:47,273 - ml.signal_enhancer - WARNING - 5347.KL: Feature engineering failed, using rule-based signal
2026-07-25 14:01:47,326 - buffett.scanner - INFO - 5347.KL: SELL signal (QS: 44.4, Moat: NONE)
2026-07-25 14:01:48,261 - ml.feature_engineer - ERROR - 5398.KL: Error engineering features: The truth value of a Series is ambiguous. Use a.empty, a.bool(), a.item(), a.any() or a.all().
2026-07-25 14:01:48,261 - ml.signal_enhancer - WARNING - 5398.KL: Feature engineering failed, using rule-based signal
2026-07-25 14:01:48,315 - buffett.scanner - INFO - 5398.KL: SELL signal (QS: 22.2, Moat: NONE)
2026-07-25 14:01:49,578 - ml.feature_engineer - ERROR - 5681.KL: Error engineering features: The truth value of a Series is ambiguous. Use a.empty, a.bool(), a.item(), a.any() or a.all().
2026-07-25 14:01:49,578 - ml.signal_enhancer - WARNING - 5681.KL: Feature engineering failed, using rule-based signal
2026-07-25 14:01:49,631 - buffett.scanner - INFO - 5681.KL: SELL signal (QS: 33.3, Moat: NONE)
2026-07-25 14:01:49,966 - yfinance - ERROR - HTTP Error 404: {"quoteSummary":{"result":null,"error":{"code":"Not Found","description":"Quote not found for symbol: 5735.KL"}}}
2026-07-25 14:01:50,053 - buffett.fetchers - WARNING - Alpha Vantage API key not configured
2026-07-25 14:01:50,119 - httpx - INFO - HTTP Request: GET https://www.malaysiastock.biz/Corporate-Infomation.aspx?securitycode=5735 "HTTP/1.1 302 Found"
2026-07-25 14:01:50,152 - httpx - INFO - HTTP Request: GET https://www.malaysiastock.biz/PageNotFound.aspx "HTTP/1.1 200 OK"
2026-07-25 14:01:50,175 - buffett.fetchers - INFO - Successfully scraped price for 5735 from malaysiastock.biz: RM None
2026-07-25 14:01:50,798 - yfinance - ERROR - $5735.KL: possibly delisted; no price data found  (period=100d) (Yahoo error = "No data found, symbol may be delisted")
2026-07-25 14:01:50,800 - yfinance - ERROR - 
1 Failed download:
2026-07-25 14:01:50,800 - yfinance - ERROR - ['5735.KL']: possibly delisted; no price data found  (period=100d) (Yahoo error = "No data found, symbol may be delisted")
2026-07-25 14:01:50,804 - buffett.scanner - WARNING - 5735.KL: No price data available for ML enhancement
2026-07-25 14:01:50,847 - buffett.scanner - INFO - 5735.KL: SELL signal (QS: 0.0, Moat: NONE)
2026-07-25 14:01:51,438 - ml.feature_engineer - ERROR - 5819.KL: Error engineering features: The truth value of a Series is ambiguous. Use a.empty, a.bool(), a.item(), a.any() or a.all().
2026-07-25 14:01:51,438 - ml.signal_enhancer - WARNING - 5819.KL: Feature engineering failed, using rule-based signal
2026-07-25 14:01:51,491 - buffett.scanner - INFO - 5819.KL: SELL signal (QS: 55.6, Moat: NONE)
2026-07-25 14:01:51,814 - yfinance - ERROR - HTTP Error 404: {"quoteSummary":{"result":null,"error":{"code":"Not Found","description":"Quote not found for symbol: 5926.KL"}}}
2026-07-25 14:01:51,872 - buffett.fetchers - WARNING - Alpha Vantage API key not configured
2026-07-25 14:01:51,945 - httpx - INFO - HTTP Request: GET https://www.malaysiastock.biz/Corporate-Infomation.aspx?securitycode=5926 "HTTP/1.1 302 Found"
2026-07-25 14:01:51,979 - httpx - INFO - HTTP Request: GET https://www.malaysiastock.biz/PageNotFound.aspx "HTTP/1.1 200 OK"
2026-07-25 14:01:52,001 - buffett.fetchers - INFO - Successfully scraped price for 5926 from malaysiastock.biz: RM None
2026-07-25 14:01:52,712 - yfinance - ERROR - $5926.KL: possibly delisted; no price data found  (period=100d) (Yahoo error = "No data found, symbol may be delisted")
2026-07-25 14:01:52,717 - yfinance - ERROR - 
1 Failed download:
2026-07-25 14:01:52,717 - yfinance - ERROR - ['5926.KL']: possibly delisted; no price data found  (period=100d) (Yahoo error = "No data found, symbol may be delisted")
2026-07-25 14:01:52,721 - buffett.scanner - WARNING - 5926.KL: No price data available for ML enhancement
2026-07-25 14:01:52,759 - buffett.scanner - INFO - 5926.KL: SELL signal (QS: 0.0, Moat: NONE)
2026-07-25 14:01:52,759 - buffett.scanner - INFO - Progress: 100/119
2026-07-25 14:01:53,175 - buffett.scanner - ERROR - Error processing 5932.KL: '>' not supported between instances of 'str' and 'int'
2026-07-25 14:01:53,661 - ml.feature_engineer - ERROR - 6012.KL: Error engineering features: The truth value of a Series is ambiguous. Use a.empty, a.bool(), a.item(), a.any() or a.all().
2026-07-25 14:01:53,661 - ml.signal_enhancer - WARNING - 6012.KL: Feature engineering failed, using rule-based signal
2026-07-25 14:01:53,716 - buffett.scanner - INFO - 6012.KL: SELL signal (QS: 33.3, Moat: NONE)
2026-07-25 14:01:54,016 - yfinance - ERROR - HTTP Error 404: {"quoteSummary":{"result":null,"error":{"code":"Not Found","description":"Quote not found for symbol: 6013.KL"}}}
2026-07-25 14:01:54,109 - buffett.fetchers - WARNING - Alpha Vantage API key not configured
2026-07-25 14:01:54,177 - httpx - INFO - HTTP Request: GET https://www.malaysiastock.biz/Corporate-Infomation.aspx?securitycode=6013 "HTTP/1.1 302 Found"
2026-07-25 14:01:54,210 - httpx - INFO - HTTP Request: GET https://www.malaysiastock.biz/PageNotFound.aspx "HTTP/1.1 200 OK"
2026-07-25 14:01:54,233 - buffett.fetchers - INFO - Successfully scraped price for 6013 from malaysiastock.biz: RM None
2026-07-25 14:01:54,830 - yfinance - ERROR - $6013.KL: possibly delisted; no price data found  (period=100d) (Yahoo error = "No data found, symbol may be delisted")
2026-07-25 14:01:54,840 - yfinance - ERROR - 
1 Failed download:
2026-07-25 14:01:54,840 - yfinance - ERROR - ['6013.KL']: possibly delisted; no price data found  (period=100d) (Yahoo error = "No data found, symbol may be delisted")
2026-07-25 14:01:54,845 - buffett.scanner - WARNING - 6013.KL: No price data available for ML enhancement
2026-07-25 14:01:54,886 - buffett.scanner - INFO - 6013.KL: SELL signal (QS: 0.0, Moat: NONE)
2026-07-25 14:01:55,525 - ml.feature_engineer - ERROR - 6033.KL: Error engineering features: The truth value of a Series is ambiguous. Use a.empty, a.bool(), a.item(), a.any() or a.all().
2026-07-25 14:01:55,526 - ml.signal_enhancer - WARNING - 6033.KL: Feature engineering failed, using rule-based signal
2026-07-25 14:01:55,576 - buffett.scanner - INFO - 6033.KL: SELL signal (QS: 22.2, Moat: NONE)
2026-07-25 14:01:56,426 - ml.feature_engineer - ERROR - 6139.KL: Error engineering features: The truth value of a Series is ambiguous. Use a.empty, a.bool(), a.item(), a.any() or a.all().
2026-07-25 14:01:56,426 - ml.signal_enhancer - WARNING - 6139.KL: Feature engineering failed, using rule-based signal
2026-07-25 14:01:56,772 - yfinance - ERROR - HTTP Error 404: {"quoteSummary":{"result":null,"error":{"code":"Not Found","description":"Quote not found for symbol: 6155.KL"}}}
2026-07-25 14:01:56,873 - buffett.fetchers - WARNING - Alpha Vantage API key not configured
2026-07-25 14:01:56,969 - httpx - INFO - HTTP Request: GET https://www.malaysiastock.biz/Corporate-Infomation.aspx?securitycode=6155 "HTTP/1.1 302 Found"
2026-07-25 14:01:57,002 - httpx - INFO - HTTP Request: GET https://www.malaysiastock.biz/PageNotFound.aspx "HTTP/1.1 200 OK"
2026-07-25 14:01:57,033 - buffett.fetchers - INFO - Successfully scraped price for 6155 from malaysiastock.biz: RM None
2026-07-25 14:01:57,745 - yfinance - ERROR - $6155.KL: possibly delisted; no price data found  (period=100d) (Yahoo error = "No data found, symbol may be delisted")
2026-07-25 14:01:57,750 - yfinance - ERROR - 
1 Failed download:
2026-07-25 14:01:57,750 - yfinance - ERROR - ['6155.KL']: possibly delisted; no price data found  (period=100d) (Yahoo error = "No data found, symbol may be delisted")
2026-07-25 14:01:57,755 - buffett.scanner - WARNING - 6155.KL: No price data available for ML enhancement
2026-07-25 14:01:57,799 - buffett.scanner - INFO - 6155.KL: SELL signal (QS: 0.0, Moat: NONE)
2026-07-25 14:01:58,200 - yfinance - ERROR - HTTP Error 404: {"quoteSummary":{"result":null,"error":{"code":"Not Found","description":"Quote not found for symbol: 6664.KL"}}}
2026-07-25 14:01:58,259 - buffett.fetchers - WARNING - Alpha Vantage API key not configured
2026-07-25 14:01:58,337 - httpx - INFO - HTTP Request: GET https://www.malaysiastock.biz/Corporate-Infomation.aspx?securitycode=6664 "HTTP/1.1 302 Found"
2026-07-25 14:01:58,371 - httpx - INFO - HTTP Request: GET https://www.malaysiastock.biz/PageNotFound.aspx "HTTP/1.1 200 OK"
2026-07-25 14:01:58,408 - buffett.fetchers - INFO - Successfully scraped price for 6664 from malaysiastock.biz: RM None
2026-07-25 14:01:59,010 - yfinance - ERROR - $6664.KL: possibly delisted; no price data found  (period=100d) (Yahoo error = "No data found, symbol may be delisted")
2026-07-25 14:01:59,015 - yfinance - ERROR - 
1 Failed download:
2026-07-25 14:01:59,015 - yfinance - ERROR - ['6664.KL']: possibly delisted; no price data found  (period=100d) (Yahoo error = "No data found, symbol may be delisted")
2026-07-25 14:01:59,020 - buffett.scanner - WARNING - 6664.KL: No price data available for ML enhancement
2026-07-25 14:01:59,065 - buffett.scanner - INFO - 6664.KL: SELL signal (QS: 0.0, Moat: NONE)
2026-07-25 14:01:59,693 - ml.feature_engineer - ERROR - 6742.KL: Error engineering features: The truth value of a Series is ambiguous. Use a.empty, a.bool(), a.item(), a.any() or a.all().
2026-07-25 14:01:59,693 - ml.signal_enhancer - WARNING - 6742.KL: Feature engineering failed, using rule-based signal
2026-07-25 14:01:59,745 - buffett.scanner - INFO - 6742.KL: SELL signal (QS: 44.4, Moat: NONE)
2026-07-25 14:02:00,624 - ml.feature_engineer - ERROR - 6888.KL: Error engineering features: The truth value of a Series is ambiguous. Use a.empty, a.bool(), a.item(), a.any() or a.all().
2026-07-25 14:02:00,624 - ml.signal_enhancer - WARNING - 6888.KL: Feature engineering failed, using rule-based signal
2026-07-25 14:02:00,680 - buffett.scanner - INFO - 6888.KL: SELL signal (QS: 22.2, Moat: NONE)
2026-07-25 14:02:01,520 - ml.feature_engineer - ERROR - 6947.KL: Error engineering features: The truth value of a Series is ambiguous. Use a.empty, a.bool(), a.item(), a.any() or a.all().
2026-07-25 14:02:01,520 - ml.signal_enhancer - WARNING - 6947.KL: Feature engineering failed, using rule-based signal
2026-07-25 14:02:01,573 - buffett.scanner - INFO - 6947.KL: SELL signal (QS: 11.1, Moat: NONE)
2026-07-25 14:02:01,573 - buffett.scanner - INFO - Progress: 110/119
2026-07-25 14:02:02,441 - ml.feature_engineer - ERROR - 7033.KL: Error engineering features: The truth value of a Series is ambiguous. Use a.empty, a.bool(), a.item(), a.any() or a.all().
2026-07-25 14:02:02,442 - ml.signal_enhancer - WARNING - 7033.KL: Feature engineering failed, using rule-based signal
2026-07-25 14:02:03,595 - ml.feature_engineer - ERROR - 7084.KL: Error engineering features: The truth value of a Series is ambiguous. Use a.empty, a.bool(), a.item(), a.any() or a.all().
2026-07-25 14:02:03,595 - ml.signal_enhancer - WARNING - 7084.KL: Feature engineering failed, using rule-based signal
2026-07-25 14:02:03,649 - buffett.scanner - INFO - 7084.KL: SELL signal (QS: 22.2, Moat: NONE)
2026-07-25 14:02:04,659 - ml.feature_engineer - ERROR - 7085.KL: Error engineering features: The truth value of a Series is ambiguous. Use a.empty, a.bool(), a.item(), a.any() or a.all().
2026-07-25 14:02:04,659 - ml.signal_enhancer - WARNING - 7085.KL: Feature engineering failed, using rule-based signal
2026-07-25 14:02:05,894 - ml.feature_engineer - ERROR - 7160.KL: Error engineering features: The truth value of a Series is ambiguous. Use a.empty, a.bool(), a.item(), a.any() or a.all().
2026-07-25 14:02:05,894 - ml.signal_enhancer - WARNING - 7160.KL: Feature engineering failed, using rule-based signal
2026-07-25 14:02:05,948 - buffett.scanner - INFO - 7160.KL: SELL signal (QS: 11.1, Moat: NONE)
2026-07-25 14:02:06,812 - ml.feature_engineer - ERROR - 7178.KL: Error engineering features: The truth value of a Series is ambiguous. Use a.empty, a.bool(), a.item(), a.any() or a.all().
2026-07-25 14:02:06,812 - ml.signal_enhancer - WARNING - 7178.KL: Feature engineering failed, using rule-based signal
2026-07-25 14:02:07,744 - ml.feature_engineer - ERROR - 7195.KL: Error engineering features: The truth value of a Series is ambiguous. Use a.empty, a.bool(), a.item(), a.any() or a.all().
2026-07-25 14:02:07,744 - ml.signal_enhancer - WARNING - 7195.KL: Feature engineering failed, using rule-based signal
2026-07-25 14:02:07,793 - buffett.scanner - INFO - 7195.KL: SELL signal (QS: 33.3, Moat: NONE)
2026-07-25 14:02:08,571 - ml.feature_engineer - ERROR - 7277.KL: Error engineering features: The truth value of a Series is ambiguous. Use a.empty, a.bool(), a.item(), a.any() or a.all().
2026-07-25 14:02:08,571 - ml.signal_enhancer - WARNING - 7277.KL: Feature engineering failed, using rule-based signal
2026-07-25 14:02:08,625 - buffett.scanner - INFO - 7277.KL: SELL signal (QS: 33.3, Moat: NONE)
2026-07-25 14:02:09,899 - yfinance - ERROR - HTTP Error 404: {"quoteSummary":{"result":null,"error":{"code":"Not Found","description":"Quote not found for symbol: 7493.KL"}}}
2026-07-25 14:02:09,956 - buffett.fetchers - WARNING - Alpha Vantage API key not configured
2026-07-25 14:02:10,186 - httpx - INFO - HTTP Request: GET https://www.malaysiastock.biz/Corporate-Infomation.aspx?securitycode=7493 "HTTP/1.1 302 Found"
2026-07-25 14:02:10,221 - httpx - INFO - HTTP Request: GET https://www.malaysiastock.biz/PageNotFound.aspx "HTTP/1.1 200 OK"
2026-07-25 14:02:10,244 - buffett.fetchers - INFO - Successfully scraped price for 7493 from malaysiastock.biz: RM None
2026-07-25 14:02:10,855 - yfinance - ERROR - $7493.KL: possibly delisted; no price data found  (period=100d) (Yahoo error = "No data found, symbol may be delisted")
2026-07-25 14:02:10,861 - yfinance - ERROR - 
1 Failed download:
2026-07-25 14:02:10,861 - yfinance - ERROR - ['7493.KL']: possibly delisted; no price data found  (period=100d) (Yahoo error = "No data found, symbol may be delisted")
2026-07-25 14:02:10,865 - buffett.scanner - WARNING - 7493.KL: No price data available for ML enhancement
2026-07-25 14:02:10,908 - buffett.scanner - INFO - 7493.KL: SELL signal (QS: 0.0, Moat: NONE)
2026-07-25 14:02:11,205 - yfinance - ERROR - HTTP Error 404: {"quoteSummary":{"result":null,"error":{"code":"Not Found","description":"Quote not found for symbol: 7566.KL"}}}
2026-07-25 14:02:11,294 - buffett.fetchers - WARNING - Alpha Vantage API key not configured
2026-07-25 14:02:11,369 - httpx - INFO - HTTP Request: GET https://www.malaysiastock.biz/Corporate-Infomation.aspx?securitycode=7566 "HTTP/1.1 302 Found"
2026-07-25 14:02:11,435 - httpx - INFO - HTTP Request: GET https://www.malaysiastock.biz/PageNotFound.aspx "HTTP/1.1 200 OK"
2026-07-25 14:02:11,461 - buffett.fetchers - INFO - Successfully scraped price for 7566 from malaysiastock.biz: RM None
2026-07-25 14:02:12,062 - yfinance - ERROR - $7566.KL: possibly delisted; no price data found  (period=100d) (Yahoo error = "No data found, symbol may be delisted")
2026-07-25 14:02:12,068 - yfinance - ERROR - 
1 Failed download:
2026-07-25 14:02:12,068 - yfinance - ERROR - ['7566.KL']: possibly delisted; no price data found  (period=100d) (Yahoo error = "No data found, symbol may be delisted")
2026-07-25 14:02:12,072 - buffett.scanner - WARNING - 7566.KL: No price data available for ML enhancement
2026-07-25 14:02:12,114 - buffett.scanner - INFO - 7566.KL: SELL signal (QS: 0.0, Moat: NONE)
2026-07-25 14:02:12,450 - yfinance - ERROR - HTTP Error 404: {"quoteSummary":{"result":null,"error":{"code":"Not Found","description":"Quote not found for symbol: 7874.KL"}}}
2026-07-25 14:02:12,504 - buffett.fetchers - WARNING - Alpha Vantage API key not configured
2026-07-25 14:02:12,586 - httpx - INFO - HTTP Request: GET https://www.malaysiastock.biz/Corporate-Infomation.aspx?securitycode=7874 "HTTP/1.1 302 Found"
2026-07-25 14:02:12,620 - httpx - INFO - HTTP Request: GET https://www.malaysiastock.biz/PageNotFound.aspx "HTTP/1.1 200 OK"
2026-07-25 14:02:12,655 - buffett.fetchers - INFO - Successfully scraped price for 7874 from malaysiastock.biz: RM None
2026-07-25 14:02:13,489 - yfinance - ERROR - $7874.KL: possibly delisted; no price data found  (period=100d) (Yahoo error = "No data found, symbol may be delisted")
2026-07-25 14:02:13,493 - yfinance - ERROR - 
1 Failed download:
2026-07-25 14:02:13,493 - yfinance - ERROR - ['7874.KL']: possibly delisted; no price data found  (period=100d) (Yahoo error = "No data found, symbol may be delisted")
2026-07-25 14:02:13,498 - buffett.scanner - WARNING - 7874.KL: No price data available for ML enhancement
2026-07-25 14:02:13,536 - buffett.scanner - INFO - 7874.KL: SELL signal (QS: 0.0, Moat: NONE)
2026-07-25 14:02:13,536 - buffett.scanner - INFO - Scan complete. Successful: 116, Failed: 3
2026-07-25 14:02:13,536 - buffett.scanner - INFO - Signals - BUY: 0, HOLD: 18, SELL: 98, AVOID: 0
2026-07-25 14:02:13,538 - __main__ - INFO - Scan completed successfully
Database initialized at /home/shalu/buffett-monitor/data/buffett.db
Warning: No valid info returned for 0294.KL
Warning: No valid info returned for 0426.KL
Warning: No valid info returned for 0473.KL
Warning: No valid info returned for 0514.KL
Warning: No valid info returned for 0525.KL
Warning: No valid info returned for 2282.KL
Warning: No valid info returned for 2365.KL
Warning: No valid info returned for 3035.KL
Warning: No valid info returned for 3229.KL
Warning: No valid info returned for 5118.KL
Warning: No valid info returned for 5181.KL
Warning: No valid info returned for 5262.KL
Warning: No valid info returned for 5270.KL
Warning: No valid info returned for 5735.KL
Warning: No valid info returned for 5926.KL
Warning: No valid info returned for 6013.KL
Warning: No valid info returned for 6155.KL
Warning: No valid info returned for 6664.KL
Warning: No valid info returned for 7493.KL
Warning: No valid info returned for 7566.KL
Warning: No valid info returned for 7874.KL

=== BUFFETT MONITOR SCAN RESULTS ===
Date: 2026-07-25
Total tickers: 119
Successful: 116
Failed: 3
Signals - BUY: 0, HOLD: 18, SELL: 98, AVOID: 0

Errors (3):
  - 0041.KL: '>' not supported between instances of 'str' and 'int'
  - 5182.KL: '>' not supported between instances of 'str' and 'int'
  - 5932.KL: '>' not supported between instances of 'str' and 'int'
2026-07-25 14:02:14,946 - INFO - scan_slice bucket=klse size=119 exit=0 dur=132.9s
2026-07-25 14:02:14+0800  [scan_slice_klse]  ok (raw=0)
