2026-06-19 22:06:27+0800  [week_high_low_scan]  begin
2026-06-19 22:06:30,607 - __main__ - INFO - Starting week high/low scan...
2026-06-19 22:06:30,607 - __main__ - INFO - Exchanges to scan: KLSE, NASDAQ, NYSE
2026-06-19 22:06:30,607 - __main__ - INFO - === Scanning KLSE ===
2026-06-19 22:06:30,607 - __main__ - INFO - Loaded 119 tickers from config/klse_universe.csv
2026-06-19 22:06:30,607 - __main__ - INFO - Scanning 119 tickers from KLSE universe
2026-06-19 22:06:31,364 - ml.model_trainer - INFO - Model loaded from /home/shalu/buffett-monitor/ml/models/
2026-06-19 22:06:31,364 - ml.lasso.lasso_feature_selector - INFO - Initialized DoubleSelectionLASSO with cv=3, criterion=bic
2026-06-19 22:06:31,364 - ml.lasso.lasso_feature_selector - INFO - DoubleSelectionLASSO loaded from /home/shalu/buffett-monitor/ml/lasso/lasso_selector.pkl
2026-06-19 22:06:31,364 - ml.lassoo_selector - INFO - Loaded LASSO selector from /home/shalu/buffett-monitor/ml/lasso/lasso_selector.pkl
2026-06-19 22:06:31,364 - ml.lassoo_selector - INFO - LassooFeatureSelector initialized. Model loaded: True
2026-06-19 22:06:31,368 - ml.vq_factor_model - INFO - Created VQ-VAE model: input_dim=49, hidden_dim=128, latent_dim=64, num_embeddings=512
2026-06-19 22:06:31,374 - ml.signal_enhancer - INFO - Loaded VQ model from /home/shalu/buffett-monitor/ml/vq_models/vq_factor_model.pt
2026-06-19 22:06:31,374 - ml.signal_enhancer - INFO - VQ model input dimension: 49
2026-06-19 22:06:31,374 - ml.signal_enhancer - INFO - VQ model ready: True
2026-06-19 22:06:31,374 - ml.signal_enhancer - INFO - SignalEnhancer initialized with confidence threshold 0.6
2026-06-19 22:06:31,374 - ml.signal_enhancer - INFO - ML model ready: True
2026-06-19 22:06:31,374 - ml.signal_enhancer - INFO - VQ model ready: True
2026-06-19 22:06:31,374 - ml.signal_enhancer - INFO - VQ ranking enabled: True
2026-06-19 22:06:31,374 - ml.signal_enhancer - INFO - LASSO feature selection ready: True
2026-06-19 22:06:31,374 - __main__ - ERROR - 0058.KL: Error in ML signal enhancement: fetch_fundamentals() takes 1 positional argument but 2 were given
2026-06-19 22:06:31,387 - __main__ - INFO - New signal: 0058.KL (KLSE) HIGH_2W at 1.79 [Priority: 57.0]
2026-06-19 22:06:31,400 - __main__ - INFO - New signal: 0058.KL (KLSE) HIGH_4W at 1.79 [Priority: 59.0]
2026-06-19 22:06:31,818 - __main__ - ERROR - 0159.KL: Error in ML signal enhancement: fetch_fundamentals() takes 1 positional argument but 2 were given
2026-06-19 22:06:31,831 - __main__ - INFO - New signal: 0159.KL (KLSE) HIGH_2W at 0.01 [Priority: 57.0]
2026-06-19 22:06:31,843 - __main__ - INFO - New signal: 0159.KL (KLSE) LOW_2W at 0.01 [Priority: 52.0]
2026-06-19 22:06:31,856 - __main__ - INFO - New signal: 0159.KL (KLSE) HIGH_4W at 0.01 [Priority: 59.0]
2026-06-19 22:06:31,868 - __main__ - INFO - New signal: 0159.KL (KLSE) LOW_4W at 0.01 [Priority: 54.0]
2026-06-19 22:06:33,356 - yfinance - ERROR - HTTP Error 404: {"quoteSummary":{"result":null,"error":{"code":"Not Found","description":"Quote not found for symbol: 0294.KL"}}}
2026-06-19 22:06:33,676 - yfinance - ERROR - $0294.KL: possibly delisted; no price data found  (period=2y) (Yahoo error = "No data found, symbol may be delisted")
2026-06-19 22:06:33,683 - yfinance - ERROR - 
1 Failed download:
2026-06-19 22:06:33,683 - yfinance - ERROR - ['0294.KL']: possibly delisted; no price data found  (period=2y) (Yahoo error = "No data found, symbol may be delisted")
2026-06-19 22:06:33,687 - __main__ - WARNING - No weekly data found for 0294.KL
2026-06-19 22:06:33,795 - __main__ - ERROR - 03019.KL: Error in ML signal enhancement: fetch_fundamentals() takes 1 positional argument but 2 were given
2026-06-19 22:06:33,815 - __main__ - INFO - New signal: 03019.KL (KLSE) HIGH_2W at 0.13 [Priority: 57.0]
2026-06-19 22:06:33,828 - __main__ - INFO - New signal: 03019.KL (KLSE) LOW_2W at 0.13 [Priority: 52.0]
2026-06-19 22:06:33,838 - __main__ - INFO - New signal: 03019.KL (KLSE) HIGH_4W at 0.13 [Priority: 59.0]
2026-06-19 22:06:33,851 - __main__ - INFO - New signal: 03019.KL (KLSE) LOW_4W at 0.13 [Priority: 54.0]
2026-06-19 22:06:33,864 - __main__ - INFO - New signal: 03019.KL (KLSE) HIGH_12W at 0.13 [Priority: 61.0]
2026-06-19 22:06:34,238 - __main__ - INFO - KLSE Progress: 20/119
2026-06-19 22:06:34,827 - yfinance - ERROR - HTTP Error 404: {"quoteSummary":{"result":null,"error":{"code":"Not Found","description":"Quote not found for symbol: 0426.KL"}}}
2026-06-19 22:06:35,149 - yfinance - ERROR - $0426.KL: possibly delisted; no price data found  (period=2y) (Yahoo error = "No data found, symbol may be delisted")
2026-06-19 22:06:35,150 - yfinance - ERROR - 
1 Failed download:
2026-06-19 22:06:35,150 - yfinance - ERROR - ['0426.KL']: possibly delisted; no price data found  (period=2y) (Yahoo error = "No data found, symbol may be delisted")
2026-06-19 22:06:35,156 - __main__ - WARNING - No weekly data found for 0426.KL
2026-06-19 22:06:35,760 - yfinance - ERROR - $0473.KL: possibly delisted; no price data found  (period=2y) (Yahoo error = "No data found, symbol may be delisted")
2026-06-19 22:06:35,761 - yfinance - ERROR - 
1 Failed download:
2026-06-19 22:06:35,761 - yfinance - ERROR - ['0473.KL']: possibly delisted; no price data found  (period=2y) (Yahoo error = "No data found, symbol may be delisted")
2026-06-19 22:06:35,767 - __main__ - WARNING - No weekly data found for 0473.KL
2026-06-19 22:06:36,335 - yfinance - ERROR - $0514.KL: possibly delisted; no price data found  (period=2y) (Yahoo error = "No data found, symbol may be delisted")
2026-06-19 22:06:36,341 - yfinance - ERROR - 
1 Failed download:
2026-06-19 22:06:36,341 - yfinance - ERROR - ['0514.KL']: possibly delisted; no price data found  (period=2y) (Yahoo error = "No data found, symbol may be delisted")
2026-06-19 22:06:36,346 - __main__ - WARNING - No weekly data found for 0514.KL
2026-06-19 22:06:36,944 - yfinance - ERROR - $0525.KL: possibly delisted; no price data found  (period=2y) (Yahoo error = "No data found, symbol may be delisted")
2026-06-19 22:06:36,953 - yfinance - ERROR - 
1 Failed download:
2026-06-19 22:06:36,953 - yfinance - ERROR - ['0525.KL']: possibly delisted; no price data found  (period=2y) (Yahoo error = "No data found, symbol may be delisted")
2026-06-19 22:06:36,958 - __main__ - WARNING - No weekly data found for 0525.KL
2026-06-19 22:06:38,246 - yfinance - ERROR - $2282.KL: possibly delisted; no price data found  (period=2y) (Yahoo error = "No data found, symbol may be delisted")
2026-06-19 22:06:38,253 - yfinance - ERROR - 
1 Failed download:
2026-06-19 22:06:38,253 - yfinance - ERROR - ['2282.KL']: possibly delisted; no price data found  (period=2y) (Yahoo error = "No data found, symbol may be delisted")
2026-06-19 22:06:38,256 - __main__ - WARNING - No weekly data found for 2282.KL
2026-06-19 22:06:39,351 - yfinance - ERROR - $2365.KL: possibly delisted; no price data found  (period=2y) (Yahoo error = "No data found, symbol may be delisted")
2026-06-19 22:06:39,352 - yfinance - ERROR - 
1 Failed download:
2026-06-19 22:06:39,352 - yfinance - ERROR - ['2365.KL']: possibly delisted; no price data found  (period=2y) (Yahoo error = "No data found, symbol may be delisted")
2026-06-19 22:06:39,356 - __main__ - WARNING - No weekly data found for 2365.KL
2026-06-19 22:06:40,501 - yfinance - ERROR - $3035.KL: possibly delisted; no price data found  (period=2y) (Yahoo error = "No data found, symbol may be delisted")
2026-06-19 22:06:40,509 - yfinance - ERROR - 
1 Failed download:
2026-06-19 22:06:40,509 - yfinance - ERROR - ['3035.KL']: possibly delisted; no price data found  (period=2y) (Yahoo error = "No data found, symbol may be delisted")
2026-06-19 22:06:40,512 - __main__ - WARNING - No weekly data found for 3035.KL
2026-06-19 22:06:41,266 - yfinance - ERROR - $3229.KL: possibly delisted; no price data found  (period=2y) (Yahoo error = "No data found, symbol may be delisted")
2026-06-19 22:06:41,274 - yfinance - ERROR - 
1 Failed download:
2026-06-19 22:06:41,274 - yfinance - ERROR - ['3229.KL']: possibly delisted; no price data found  (period=2y) (Yahoo error = "No data found, symbol may be delisted")
2026-06-19 22:06:41,277 - __main__ - WARNING - No weekly data found for 3229.KL
2026-06-19 22:06:41,414 - __main__ - INFO - KLSE Progress: 40/119
2026-06-19 22:06:42,255 - yfinance - ERROR - $4588.KL: possibly delisted; no price data found  (period=2y) (Yahoo error = "No data found, symbol may be delisted")
2026-06-19 22:06:42,262 - yfinance - ERROR - 
1 Failed download:
2026-06-19 22:06:42,262 - yfinance - ERROR - ['4588.KL']: possibly delisted; no price data found  (period=2y) (Yahoo error = "No data found, symbol may be delisted")
2026-06-19 22:06:42,265 - __main__ - WARNING - No weekly data found for 4588.KL
2026-06-19 22:06:42,665 - __main__ - ERROR - 4723.KL: Error in ML signal enhancement: fetch_fundamentals() takes 1 positional argument but 2 were given
2026-06-19 22:06:42,682 - __main__ - INFO - New signal: 4723.KL (KLSE) LOW_2W at 0.08 [Priority: 52.0]
2026-06-19 22:06:42,695 - __main__ - INFO - New signal: 4723.KL (KLSE) LOW_4W at 0.08 [Priority: 54.0]
2026-06-19 22:06:42,707 - __main__ - INFO - New signal: 4723.KL (KLSE) LOW_12W at 0.08 [Priority: 56.0]
2026-06-19 22:06:43,296 - yfinance - ERROR - $4782.KL: possibly delisted; no price data found  (period=2y) (Yahoo error = "No data found, symbol may be delisted")
2026-06-19 22:06:43,302 - yfinance - ERROR - 
1 Failed download:
2026-06-19 22:06:43,302 - yfinance - ERROR - ['4782.KL']: possibly delisted; no price data found  (period=2y) (Yahoo error = "No data found, symbol may be delisted")
2026-06-19 22:06:43,306 - __main__ - WARNING - No weekly data found for 4782.KL
2026-06-19 22:06:44,304 - yfinance - ERROR - $5014.KL: possibly delisted; no price data found  (period=2y) (Yahoo error = "No data found, symbol may be delisted")
2026-06-19 22:06:44,306 - yfinance - ERROR - 
1 Failed download:
2026-06-19 22:06:44,306 - yfinance - ERROR - ['5014.KL']: possibly delisted; no price data found  (period=2y) (Yahoo error = "No data found, symbol may be delisted")
2026-06-19 22:06:44,310 - __main__ - WARNING - No weekly data found for 5014.KL
2026-06-19 22:06:44,704 - __main__ - ERROR - 5026.KL: Error in ML signal enhancement: fetch_fundamentals() takes 1 positional argument but 2 were given
2026-06-19 22:06:44,721 - __main__ - INFO - New signal: 5026.KL (KLSE) HIGH_2W at 1.73 [Priority: 57.0]
2026-06-19 22:06:44,734 - __main__ - INFO - New signal: 5026.KL (KLSE) HIGH_4W at 1.73 [Priority: 59.0]
2026-06-19 22:06:44,747 - __main__ - INFO - New signal: 5026.KL (KLSE) HIGH_12W at 1.73 [Priority: 61.0]
2026-06-19 22:06:45,508 - __main__ - INFO - KLSE Progress: 60/119
2026-06-19 22:06:46,107 - yfinance - ERROR - $5117.KL: possibly delisted; no price data found  (period=2y) (Yahoo error = "No data found, symbol may be delisted")
2026-06-19 22:06:46,114 - yfinance - ERROR - 
1 Failed download:
2026-06-19 22:06:46,114 - yfinance - ERROR - ['5117.KL']: possibly delisted; no price data found  (period=2y) (Yahoo error = "No data found, symbol may be delisted")
2026-06-19 22:06:46,118 - __main__ - WARNING - No weekly data found for 5117.KL
2026-06-19 22:06:46,702 - yfinance - ERROR - $5118.KL: possibly delisted; no price data found  (period=2y) (Yahoo error = "No data found, symbol may be delisted")
2026-06-19 22:06:46,704 - yfinance - ERROR - 
1 Failed download:
2026-06-19 22:06:46,704 - yfinance - ERROR - ['5118.KL']: possibly delisted; no price data found  (period=2y) (Yahoo error = "No data found, symbol may be delisted")
2026-06-19 22:06:46,709 - __main__ - WARNING - No weekly data found for 5118.KL
2026-06-19 22:06:47,311 - yfinance - ERROR - $5122.KL: possibly delisted; no price data found  (period=2y) (Yahoo error = "No data found, symbol may be delisted")
2026-06-19 22:06:47,314 - yfinance - ERROR - 
1 Failed download:
2026-06-19 22:06:47,314 - yfinance - ERROR - ['5122.KL']: possibly delisted; no price data found  (period=2y) (Yahoo error = "No data found, symbol may be delisted")
2026-06-19 22:06:47,319 - __main__ - WARNING - No weekly data found for 5122.KL
2026-06-19 22:06:48,771 - yfinance - ERROR - $5181.KL: possibly delisted; no price data found  (period=2y) (Yahoo error = "No data found, symbol may be delisted")
2026-06-19 22:06:48,772 - yfinance - ERROR - 
1 Failed download:
2026-06-19 22:06:48,773 - yfinance - ERROR - ['5181.KL']: possibly delisted; no price data found  (period=2y) (Yahoo error = "No data found, symbol may be delisted")
2026-06-19 22:06:48,777 - __main__ - WARNING - No weekly data found for 5181.KL
2026-06-19 22:06:49,263 - __main__ - ERROR - 5188.KL: Error in ML signal enhancement: fetch_fundamentals() takes 1 positional argument but 2 were given
2026-06-19 22:06:49,277 - __main__ - INFO - New signal: 5188.KL (KLSE) LOW_2W at 0.04 [Priority: 52.0]
2026-06-19 22:06:50,197 - yfinance - ERROR - $5215.KL: possibly delisted; no price data found  (period=2y) (Yahoo error = "No data found, symbol may be delisted")
2026-06-19 22:06:50,202 - yfinance - ERROR - 
1 Failed download:
2026-06-19 22:06:50,202 - yfinance - ERROR - ['5215.KL']: possibly delisted; no price data found  (period=2y) (Yahoo error = "No data found, symbol may be delisted")
2026-06-19 22:06:50,206 - __main__ - WARNING - No weekly data found for 5215.KL
2026-06-19 22:06:50,455 - __main__ - INFO - KLSE Progress: 80/119
2026-06-19 22:06:50,931 - __main__ - ERROR - 5250.KL: Error in ML signal enhancement: fetch_fundamentals() takes 1 positional argument but 2 were given
2026-06-19 22:06:50,948 - __main__ - INFO - New signal: 5250.KL (KLSE) HIGH_2W at 2.00 [Priority: 57.0]
2026-06-19 22:06:50,962 - __main__ - INFO - New signal: 5250.KL (KLSE) HIGH_4W at 2.00 [Priority: 59.0]
2026-06-19 22:06:51,808 - yfinance - ERROR - $5262.KL: possibly delisted; no price data found  (period=2y) (Yahoo error = "No data found, symbol may be delisted")
2026-06-19 22:06:51,814 - yfinance - ERROR - 
1 Failed download:
2026-06-19 22:06:51,814 - yfinance - ERROR - ['5262.KL']: possibly delisted; no price data found  (period=2y) (Yahoo error = "No data found, symbol may be delisted")
2026-06-19 22:06:51,818 - __main__ - WARNING - No weekly data found for 5262.KL
2026-06-19 22:06:52,547 - yfinance - ERROR - $5266.KL: possibly delisted; no price data found  (period=2y) (Yahoo error = "No data found, symbol may be delisted")
2026-06-19 22:06:52,551 - yfinance - ERROR - 
1 Failed download:
2026-06-19 22:06:52,551 - yfinance - ERROR - ['5266.KL']: possibly delisted; no price data found  (period=2y) (Yahoo error = "No data found, symbol may be delisted")
2026-06-19 22:06:52,556 - __main__ - WARNING - No weekly data found for 5266.KL
2026-06-19 22:06:53,165 - yfinance - ERROR - $5270.KL: possibly delisted; no price data found  (period=2y) (Yahoo error = "No data found, symbol may be delisted")
2026-06-19 22:06:53,170 - yfinance - ERROR - 
1 Failed download:
2026-06-19 22:06:53,171 - yfinance - ERROR - ['5270.KL']: possibly delisted; no price data found  (period=2y) (Yahoo error = "No data found, symbol may be delisted")
2026-06-19 22:06:53,175 - __main__ - WARNING - No weekly data found for 5270.KL
2026-06-19 22:06:54,655 - yfinance - ERROR - $5735.KL: possibly delisted; no price data found  (period=2y) (Yahoo error = "No data found, symbol may be delisted")
2026-06-19 22:06:54,655 - yfinance - ERROR - 
1 Failed download:
2026-06-19 22:06:54,656 - yfinance - ERROR - ['5735.KL']: possibly delisted; no price data found  (period=2y) (Yahoo error = "No data found, symbol may be delisted")
2026-06-19 22:06:54,660 - __main__ - WARNING - No weekly data found for 5735.KL
2026-06-19 22:06:55,381 - yfinance - ERROR - $5926.KL: possibly delisted; no price data found  (period=2y) (Yahoo error = "No data found, symbol may be delisted")
2026-06-19 22:06:55,385 - yfinance - ERROR - 
1 Failed download:
2026-06-19 22:06:55,385 - yfinance - ERROR - ['5926.KL']: possibly delisted; no price data found  (period=2y) (Yahoo error = "No data found, symbol may be delisted")
2026-06-19 22:06:55,390 - __main__ - WARNING - No weekly data found for 5926.KL
2026-06-19 22:06:55,390 - __main__ - INFO - KLSE Progress: 100/119
2026-06-19 22:06:56,242 - yfinance - ERROR - $6013.KL: possibly delisted; no price data found  (period=2y) (Yahoo error = "No data found, symbol may be delisted")
2026-06-19 22:06:56,242 - yfinance - ERROR - 
1 Failed download:
2026-06-19 22:06:56,243 - yfinance - ERROR - ['6013.KL']: possibly delisted; no price data found  (period=2y) (Yahoo error = "No data found, symbol may be delisted")
2026-06-19 22:06:56,247 - __main__ - WARNING - No weekly data found for 6013.KL
2026-06-19 22:06:57,157 - yfinance - ERROR - $6155.KL: possibly delisted; no price data found  (period=2y) (Yahoo error = "No data found, symbol may be delisted")
2026-06-19 22:06:57,162 - yfinance - ERROR - 
1 Failed download:
2026-06-19 22:06:57,162 - yfinance - ERROR - ['6155.KL']: possibly delisted; no price data found  (period=2y) (Yahoo error = "No data found, symbol may be delisted")
2026-06-19 22:06:57,167 - __main__ - WARNING - No weekly data found for 6155.KL
2026-06-19 22:06:57,824 - yfinance - ERROR - $6664.KL: possibly delisted; no price data found  (period=2y) (Yahoo error = "No data found, symbol may be delisted")
2026-06-19 22:06:57,833 - yfinance - ERROR - 
1 Failed download:
2026-06-19 22:06:57,833 - yfinance - ERROR - ['6664.KL']: possibly delisted; no price data found  (period=2y) (Yahoo error = "No data found, symbol may be delisted")
2026-06-19 22:06:57,837 - __main__ - WARNING - No weekly data found for 6664.KL
2026-06-19 22:06:59,824 - yfinance - ERROR - $7493.KL: possibly delisted; no price data found  (period=2y) (Yahoo error = "No data found, symbol may be delisted")
2026-06-19 22:06:59,830 - yfinance - ERROR - 
1 Failed download:
2026-06-19 22:06:59,830 - yfinance - ERROR - ['7493.KL']: possibly delisted; no price data found  (period=2y) (Yahoo error = "No data found, symbol may be delisted")
2026-06-19 22:06:59,834 - __main__ - WARNING - No weekly data found for 7493.KL
2026-06-19 22:07:00,435 - yfinance - ERROR - $7566.KL: possibly delisted; no price data found  (period=2y) (Yahoo error = "No data found, symbol may be delisted")
2026-06-19 22:07:00,439 - yfinance - ERROR - 
1 Failed download:
2026-06-19 22:07:00,440 - yfinance - ERROR - ['7566.KL']: possibly delisted; no price data found  (period=2y) (Yahoo error = "No data found, symbol may be delisted")
2026-06-19 22:07:00,444 - __main__ - WARNING - No weekly data found for 7566.KL
2026-06-19 22:07:01,027 - yfinance - ERROR - $7874.KL: possibly delisted; no price data found  (period=2y) (Yahoo error = "No data found, symbol may be delisted")
2026-06-19 22:07:01,027 - yfinance - ERROR - 
1 Failed download:
2026-06-19 22:07:01,029 - yfinance - ERROR - ['7874.KL']: possibly delisted; no price data found  (period=2y) (Yahoo error = "No data found, symbol may be delisted")
2026-06-19 22:07:01,034 - __main__ - WARNING - No weekly data found for 7874.KL
2026-06-19 22:07:01,034 - __main__ - INFO - === Scanning NASDAQ ===
2026-06-19 22:07:01,036 - __main__ - INFO - Loaded 400 tickers from config/nasdaq_universe.csv
2026-06-19 22:07:01,036 - __main__ - INFO - Scanning 400 tickers from NASDAQ universe
2026-06-19 22:07:03,337 - __main__ - INFO - NASDAQ Progress: 20/400
2026-06-19 22:07:05,918 - __main__ - INFO - NASDAQ Progress: 40/400
2026-06-19 22:07:08,337 - __main__ - INFO - NASDAQ Progress: 60/400
2026-06-19 22:07:10,566 - __main__ - INFO - NASDAQ Progress: 80/400
2026-06-19 22:07:12,880 - __main__ - INFO - NASDAQ Progress: 100/400
2026-06-19 22:07:14,547 - __main__ - ERROR - VOD: Error in ML signal enhancement: fetch_fundamentals() takes 1 positional argument but 2 were given
2026-06-19 22:07:14,565 - __main__ - INFO - New signal: VOD (NASDAQ) LOW_2W at 14.30 [Priority: 52.0]
2026-06-19 22:07:15,302 - __main__ - INFO - NASDAQ Progress: 120/400
2026-06-19 22:07:17,630 - __main__ - INFO - NASDAQ Progress: 140/400
2026-06-19 22:07:19,827 - __main__ - INFO - NASDAQ Progress: 160/400
2026-06-19 22:07:22,468 - __main__ - INFO - NASDAQ Progress: 180/400
2026-06-19 22:07:24,756 - __main__ - INFO - NASDAQ Progress: 200/400
2026-06-19 22:07:27,014 - __main__ - INFO - NASDAQ Progress: 220/400
2026-06-19 22:15:55+0800  [week_high_low_scan]  begin
2026-06-19 22:15:58,741 - __main__ - INFO - Starting week high/low scan...
2026-06-19 22:15:58,741 - __main__ - INFO - Exchanges to scan: KLSE, NASDAQ, NYSE
2026-06-19 22:15:58,741 - __main__ - INFO - === Scanning KLSE ===
2026-06-19 22:15:58,741 - __main__ - INFO - Loaded 119 tickers from config/klse_universe.csv
2026-06-19 22:15:58,741 - __main__ - INFO - Scanning 119 tickers from KLSE universe
2026-06-19 22:15:59,310 - ml.model_trainer - INFO - Model loaded from /home/shalu/buffett-monitor/ml/models/
2026-06-19 22:15:59,310 - ml.lasso.lasso_feature_selector - INFO - Initialized DoubleSelectionLASSO with cv=3, criterion=bic
2026-06-19 22:15:59,310 - ml.lasso.lasso_feature_selector - INFO - DoubleSelectionLASSO loaded from /home/shalu/buffett-monitor/ml/lasso/lasso_selector.pkl
2026-06-19 22:15:59,310 - ml.lassoo_selector - INFO - Loaded LASSO selector from /home/shalu/buffett-monitor/ml/lasso/lasso_selector.pkl
2026-06-19 22:15:59,310 - ml.lassoo_selector - INFO - LassooFeatureSelector initialized. Model loaded: True
2026-06-19 22:15:59,314 - ml.vq_factor_model - INFO - Created VQ-VAE model: input_dim=49, hidden_dim=128, latent_dim=64, num_embeddings=512
2026-06-19 22:15:59,321 - ml.signal_enhancer - INFO - Loaded VQ model from /home/shalu/buffett-monitor/ml/vq_models/vq_factor_model.pt
2026-06-19 22:15:59,321 - ml.signal_enhancer - INFO - VQ model input dimension: 49
2026-06-19 22:15:59,321 - ml.signal_enhancer - INFO - VQ model ready: True
2026-06-19 22:15:59,321 - ml.signal_enhancer - INFO - SignalEnhancer initialized with confidence threshold 0.6
2026-06-19 22:15:59,321 - ml.signal_enhancer - INFO - ML model ready: True
2026-06-19 22:15:59,321 - ml.signal_enhancer - INFO - VQ model ready: True
2026-06-19 22:15:59,321 - ml.signal_enhancer - INFO - VQ ranking enabled: True
2026-06-19 22:15:59,321 - ml.signal_enhancer - INFO - LASSO feature selection ready: True
2026-06-19 22:15:59,321 - __main__ - ERROR - 0058.KL: Error in ML signal enhancement: fetch_fundamentals() takes 1 positional argument but 2 were given
2026-06-19 22:15:59,780 - __main__ - ERROR - 0159.KL: Error in ML signal enhancement: fetch_fundamentals() takes 1 positional argument but 2 were given
2026-06-19 22:16:01,119 - yfinance - ERROR - HTTP Error 404: {"quoteSummary":{"result":null,"error":{"code":"Not Found","description":"Quote not found for symbol: 0294.KL"}}}
2026-06-19 22:16:01,447 - yfinance - ERROR - $0294.KL: possibly delisted; no price data found  (period=2y) (Yahoo error = "No data found, symbol may be delisted")
2026-06-19 22:16:01,447 - yfinance - ERROR - 
1 Failed download:
2026-06-19 22:16:01,447 - yfinance - ERROR - ['0294.KL']: possibly delisted; no price data found  (period=2y) (Yahoo error = "No data found, symbol may be delisted")
2026-06-19 22:16:01,451 - __main__ - WARNING - No weekly data found for 0294.KL
2026-06-19 22:16:01,547 - __main__ - ERROR - 03019.KL: Error in ML signal enhancement: fetch_fundamentals() takes 1 positional argument but 2 were given
2026-06-19 22:16:01,930 - __main__ - INFO - KLSE Progress: 20/119
2026-06-19 22:16:02,545 - yfinance - ERROR - HTTP Error 404: {"quoteSummary":{"result":null,"error":{"code":"Not Found","description":"Quote not found for symbol: 0426.KL"}}}
2026-06-19 22:16:02,866 - yfinance - ERROR - $0426.KL: possibly delisted; no price data found  (period=2y) (Yahoo error = "No data found, symbol may be delisted")
2026-06-19 22:16:02,871 - yfinance - ERROR - 
1 Failed download:
2026-06-19 22:16:02,871 - yfinance - ERROR - ['0426.KL']: possibly delisted; no price data found  (period=2y) (Yahoo error = "No data found, symbol may be delisted")
2026-06-19 22:16:02,876 - __main__ - WARNING - No weekly data found for 0426.KL
2026-06-19 22:16:03,476 - yfinance - ERROR - $0473.KL: possibly delisted; no price data found  (period=2y) (Yahoo error = "No data found, symbol may be delisted")
2026-06-19 22:16:03,484 - yfinance - ERROR - 
1 Failed download:
2026-06-19 22:16:03,484 - yfinance - ERROR - ['0473.KL']: possibly delisted; no price data found  (period=2y) (Yahoo error = "No data found, symbol may be delisted")
2026-06-19 22:16:03,489 - __main__ - WARNING - No weekly data found for 0473.KL
2026-06-19 22:16:04,097 - yfinance - ERROR - $0514.KL: possibly delisted; no price data found  (period=2y) (Yahoo error = "No data found, symbol may be delisted")
2026-06-19 22:16:04,104 - yfinance - ERROR - 
1 Failed download:
2026-06-19 22:16:04,104 - yfinance - ERROR - ['0514.KL']: possibly delisted; no price data found  (period=2y) (Yahoo error = "No data found, symbol may be delisted")
2026-06-19 22:16:04,108 - __main__ - WARNING - No weekly data found for 0514.KL
2026-06-19 22:16:04,710 - yfinance - ERROR - $0525.KL: possibly delisted; no price data found  (period=2y) (Yahoo error = "No data found, symbol may be delisted")
2026-06-19 22:16:04,714 - yfinance - ERROR - 
1 Failed download:
2026-06-19 22:16:04,714 - yfinance - ERROR - ['0525.KL']: possibly delisted; no price data found  (period=2y) (Yahoo error = "No data found, symbol may be delisted")
2026-06-19 22:16:04,719 - __main__ - WARNING - No weekly data found for 0525.KL
2026-06-19 22:16:05,995 - yfinance - ERROR - $2282.KL: possibly delisted; no price data found  (period=2y) (Yahoo error = "No data found, symbol may be delisted")
2026-06-19 22:16:06,001 - yfinance - ERROR - 
1 Failed download:
2026-06-19 22:16:06,001 - yfinance - ERROR - ['2282.KL']: possibly delisted; no price data found  (period=2y) (Yahoo error = "No data found, symbol may be delisted")
2026-06-19 22:16:06,006 - __main__ - WARNING - No weekly data found for 2282.KL
2026-06-19 22:16:06,764 - yfinance - ERROR - $2365.KL: possibly delisted; no price data found  (period=2y) (Yahoo error = "No data found, symbol may be delisted")
2026-06-19 22:16:06,772 - yfinance - ERROR - 
1 Failed download:
2026-06-19 22:16:06,772 - yfinance - ERROR - ['2365.KL']: possibly delisted; no price data found  (period=2y) (Yahoo error = "No data found, symbol may be delisted")
2026-06-19 22:16:06,776 - __main__ - WARNING - No weekly data found for 2365.KL
2026-06-19 22:16:08,234 - yfinance - ERROR - $3035.KL: possibly delisted; no price data found  (period=2y) (Yahoo error = "No data found, symbol may be delisted")
2026-06-19 22:16:08,237 - yfinance - ERROR - 
1 Failed download:
2026-06-19 22:16:08,237 - yfinance - ERROR - ['3035.KL']: possibly delisted; no price data found  (period=2y) (Yahoo error = "No data found, symbol may be delisted")
2026-06-19 22:16:08,241 - __main__ - WARNING - No weekly data found for 3035.KL
2026-06-19 22:16:09,189 - yfinance - ERROR - $3229.KL: possibly delisted; no price data found  (period=2y) (Yahoo error = "No data found, symbol may be delisted")
2026-06-19 22:16:09,190 - yfinance - ERROR - 
1 Failed download:
2026-06-19 22:16:09,190 - yfinance - ERROR - ['3229.KL']: possibly delisted; no price data found  (period=2y) (Yahoo error = "No data found, symbol may be delisted")
2026-06-19 22:16:09,196 - __main__ - WARNING - No weekly data found for 3229.KL
2026-06-19 22:16:09,333 - __main__ - INFO - KLSE Progress: 40/119
2026-06-19 22:16:10,297 - yfinance - ERROR - $4588.KL: possibly delisted; no price data found  (period=2y) (Yahoo error = "No data found, symbol may be delisted")
2026-06-19 22:16:10,301 - yfinance - ERROR - 
1 Failed download:
2026-06-19 22:16:10,301 - yfinance - ERROR - ['4588.KL']: possibly delisted; no price data found  (period=2y) (Yahoo error = "No data found, symbol may be delisted")
2026-06-19 22:16:10,305 - __main__ - WARNING - No weekly data found for 4588.KL
2026-06-19 22:16:10,769 - __main__ - ERROR - 4723.KL: Error in ML signal enhancement: fetch_fundamentals() takes 1 positional argument but 2 were given
2026-06-19 22:16:11,372 - yfinance - ERROR - $4782.KL: possibly delisted; no price data found  (period=2y) (Yahoo error = "No data found, symbol may be delisted")
2026-06-19 22:16:11,375 - yfinance - ERROR - 
1 Failed download:
2026-06-19 22:16:11,375 - yfinance - ERROR - ['4782.KL']: possibly delisted; no price data found  (period=2y) (Yahoo error = "No data found, symbol may be delisted")
2026-06-19 22:16:11,378 - __main__ - WARNING - No weekly data found for 4782.KL
2026-06-19 22:16:12,345 - yfinance - ERROR - $5014.KL: possibly delisted; no price data found  (period=2y) (Yahoo error = "No data found, symbol may be delisted")
2026-06-19 22:16:12,346 - yfinance - ERROR - 
1 Failed download:
2026-06-19 22:16:12,346 - yfinance - ERROR - ['5014.KL']: possibly delisted; no price data found  (period=2y) (Yahoo error = "No data found, symbol may be delisted")
2026-06-19 22:16:12,349 - __main__ - WARNING - No weekly data found for 5014.KL
2026-06-19 22:16:12,739 - __main__ - ERROR - 5026.KL: Error in ML signal enhancement: fetch_fundamentals() takes 1 positional argument but 2 were given
2026-06-19 22:16:13,483 - __main__ - INFO - KLSE Progress: 60/119
2026-06-19 22:16:14,059 - yfinance - ERROR - $5117.KL: possibly delisted; no price data found  (period=2y) (Yahoo error = "No data found, symbol may be delisted")
2026-06-19 22:16:14,067 - yfinance - ERROR - 
1 Failed download:
2026-06-19 22:16:14,067 - yfinance - ERROR - ['5117.KL']: possibly delisted; no price data found  (period=2y) (Yahoo error = "No data found, symbol may be delisted")
2026-06-19 22:16:14,070 - __main__ - WARNING - No weekly data found for 5117.KL
2026-06-19 22:16:14,660 - yfinance - ERROR - $5118.KL: possibly delisted; no price data found  (period=2y) (Yahoo error = "No data found, symbol may be delisted")
2026-06-19 22:16:14,664 - yfinance - ERROR - 
1 Failed download:
2026-06-19 22:16:14,664 - yfinance - ERROR - ['5118.KL']: possibly delisted; no price data found  (period=2y) (Yahoo error = "No data found, symbol may be delisted")
2026-06-19 22:16:14,668 - __main__ - WARNING - No weekly data found for 5118.KL
2026-06-19 22:16:15,256 - yfinance - ERROR - $5122.KL: possibly delisted; no price data found  (period=2y) (Yahoo error = "No data found, symbol may be delisted")
2026-06-19 22:16:15,256 - yfinance - ERROR - 
1 Failed download:
2026-06-19 22:16:15,257 - yfinance - ERROR - ['5122.KL']: possibly delisted; no price data found  (period=2y) (Yahoo error = "No data found, symbol may be delisted")
2026-06-19 22:16:15,261 - __main__ - WARNING - No weekly data found for 5122.KL
2026-06-19 22:16:16,515 - yfinance - ERROR - $5181.KL: possibly delisted; no price data found  (period=2y) (Yahoo error = "No data found, symbol may be delisted")
2026-06-19 22:16:16,516 - yfinance - ERROR - 
1 Failed download:
2026-06-19 22:16:16,516 - yfinance - ERROR - ['5181.KL']: possibly delisted; no price data found  (period=2y) (Yahoo error = "No data found, symbol may be delisted")
2026-06-19 22:16:16,520 - __main__ - WARNING - No weekly data found for 5181.KL
2026-06-19 22:16:17,016 - __main__ - ERROR - 5188.KL: Error in ML signal enhancement: fetch_fundamentals() takes 1 positional argument but 2 were given
2026-06-19 22:16:18,188 - yfinance - ERROR - $5215.KL: possibly delisted; no price data found  (period=2y) (Yahoo error = "No data found, symbol may be delisted")
2026-06-19 22:16:18,189 - yfinance - ERROR - 
1 Failed download:
2026-06-19 22:16:18,189 - yfinance - ERROR - ['5215.KL']: possibly delisted; no price data found  (period=2y) (Yahoo error = "No data found, symbol may be delisted")
2026-06-19 22:16:18,194 - __main__ - WARNING - No weekly data found for 5215.KL
2026-06-19 22:16:18,420 - __main__ - INFO - KLSE Progress: 80/119
2026-06-19 22:16:18,999 - __main__ - ERROR - 5250.KL: Error in ML signal enhancement: fetch_fundamentals() takes 1 positional argument but 2 were given
2026-06-19 22:16:19,828 - yfinance - ERROR - $5262.KL: possibly delisted; no price data found  (period=2y) (Yahoo error = "No data found, symbol may be delisted")
2026-06-19 22:16:19,832 - yfinance - ERROR - 
1 Failed download:
2026-06-19 22:16:19,832 - yfinance - ERROR - ['5262.KL']: possibly delisted; no price data found  (period=2y) (Yahoo error = "No data found, symbol may be delisted")
2026-06-19 22:16:19,837 - __main__ - WARNING - No weekly data found for 5262.KL
2026-06-19 22:16:20,538 - yfinance - ERROR - $5266.KL: possibly delisted; no price data found  (period=2y) (Yahoo error = "No data found, symbol may be delisted")
2026-06-19 22:16:20,544 - yfinance - ERROR - 
1 Failed download:
2026-06-19 22:16:20,544 - yfinance - ERROR - ['5266.KL']: possibly delisted; no price data found  (period=2y) (Yahoo error = "No data found, symbol may be delisted")
2026-06-19 22:16:20,548 - __main__ - WARNING - No weekly data found for 5266.KL
2026-06-19 22:16:21,125 - yfinance - ERROR - $5270.KL: possibly delisted; no price data found  (period=2y) (Yahoo error = "No data found, symbol may be delisted")
2026-06-19 22:16:21,133 - yfinance - ERROR - 
1 Failed download:
2026-06-19 22:16:21,133 - yfinance - ERROR - ['5270.KL']: possibly delisted; no price data found  (period=2y) (Yahoo error = "No data found, symbol may be delisted")
2026-06-19 22:16:21,138 - __main__ - WARNING - No weekly data found for 5270.KL
2026-06-19 22:16:22,716 - yfinance - ERROR - $5735.KL: possibly delisted; no price data found  (period=2y) (Yahoo error = "No data found, symbol may be delisted")
2026-06-19 22:16:22,717 - yfinance - ERROR - 
1 Failed download:
2026-06-19 22:16:22,718 - yfinance - ERROR - ['5735.KL']: possibly delisted; no price data found  (period=2y) (Yahoo error = "No data found, symbol may be delisted")
2026-06-19 22:16:22,722 - __main__ - WARNING - No weekly data found for 5735.KL
2026-06-19 22:16:23,685 - yfinance - ERROR - $5926.KL: possibly delisted; no price data found  (period=2y) (Yahoo error = "No data found, symbol may be delisted")
2026-06-19 22:16:23,687 - yfinance - ERROR - 
1 Failed download:
2026-06-19 22:16:23,687 - yfinance - ERROR - ['5926.KL']: possibly delisted; no price data found  (period=2y) (Yahoo error = "No data found, symbol may be delisted")
2026-06-19 22:16:23,691 - __main__ - WARNING - No weekly data found for 5926.KL
2026-06-19 22:16:23,691 - __main__ - INFO - KLSE Progress: 100/119
2026-06-19 22:16:24,542 - yfinance - ERROR - $6013.KL: possibly delisted; no price data found  (period=2y) (Yahoo error = "No data found, symbol may be delisted")
2026-06-19 22:16:24,542 - yfinance - ERROR - 
1 Failed download:
2026-06-19 22:16:24,542 - yfinance - ERROR - ['6013.KL']: possibly delisted; no price data found  (period=2y) (Yahoo error = "No data found, symbol may be delisted")
2026-06-19 22:16:24,547 - __main__ - WARNING - No weekly data found for 6013.KL
2026-06-19 22:16:25,444 - yfinance - ERROR - $6155.KL: possibly delisted; no price data found  (period=2y) (Yahoo error = "No data found, symbol may be delisted")
2026-06-19 22:16:25,452 - yfinance - ERROR - 
1 Failed download:
2026-06-19 22:16:25,452 - yfinance - ERROR - ['6155.KL']: possibly delisted; no price data found  (period=2y) (Yahoo error = "No data found, symbol may be delisted")
2026-06-19 22:16:25,457 - __main__ - WARNING - No weekly data found for 6155.KL
2026-06-19 22:16:26,040 - yfinance - ERROR - $6664.KL: possibly delisted; no price data found  (period=2y) (Yahoo error = "No data found, symbol may be delisted")
2026-06-19 22:16:26,041 - yfinance - ERROR - 
1 Failed download:
2026-06-19 22:16:26,042 - yfinance - ERROR - ['6664.KL']: possibly delisted; no price data found  (period=2y) (Yahoo error = "No data found, symbol may be delisted")
2026-06-19 22:16:26,048 - __main__ - WARNING - No weekly data found for 6664.KL
2026-06-19 22:16:27,957 - yfinance - ERROR - $7493.KL: possibly delisted; no price data found  (period=2y) (Yahoo error = "No data found, symbol may be delisted")
2026-06-19 22:16:27,958 - yfinance - ERROR - 
1 Failed download:
2026-06-19 22:16:27,958 - yfinance - ERROR - ['7493.KL']: possibly delisted; no price data found  (period=2y) (Yahoo error = "No data found, symbol may be delisted")
2026-06-19 22:16:27,963 - __main__ - WARNING - No weekly data found for 7493.KL
2026-06-19 22:16:28,563 - yfinance - ERROR - $7566.KL: possibly delisted; no price data found  (period=2y) (Yahoo error = "No data found, symbol may be delisted")
2026-06-19 22:16:28,569 - yfinance - ERROR - 
1 Failed download:
2026-06-19 22:16:28,569 - yfinance - ERROR - ['7566.KL']: possibly delisted; no price data found  (period=2y) (Yahoo error = "No data found, symbol may be delisted")
2026-06-19 22:16:28,573 - __main__ - WARNING - No weekly data found for 7566.KL
2026-06-19 22:16:29,158 - yfinance - ERROR - $7874.KL: possibly delisted; no price data found  (period=2y) (Yahoo error = "No data found, symbol may be delisted")
2026-06-19 22:16:29,162 - yfinance - ERROR - 
1 Failed download:
2026-06-19 22:16:29,162 - yfinance - ERROR - ['7874.KL']: possibly delisted; no price data found  (period=2y) (Yahoo error = "No data found, symbol may be delisted")
2026-06-19 22:16:29,166 - __main__ - WARNING - No weekly data found for 7874.KL
2026-06-19 22:16:29,166 - __main__ - INFO - === Scanning NASDAQ ===
2026-06-19 22:16:29,168 - __main__ - INFO - Loaded 400 tickers from config/nasdaq_universe.csv
2026-06-19 22:16:29,168 - __main__ - INFO - Scanning 400 tickers from NASDAQ universe
2026-06-19 22:16:31,570 - __main__ - INFO - NASDAQ Progress: 20/400
2026-06-19 22:16:33,992 - __main__ - INFO - NASDAQ Progress: 40/400
2026-06-19 22:16:36,350 - __main__ - INFO - NASDAQ Progress: 60/400
2026-06-19 22:16:38,736 - __main__ - INFO - NASDAQ Progress: 80/400
2026-06-19 22:16:41,049 - __main__ - INFO - NASDAQ Progress: 100/400
2026-06-19 22:16:42,704 - __main__ - ERROR - VOD: Error in ML signal enhancement: fetch_fundamentals() takes 1 positional argument but 2 were given
2026-06-19 22:16:43,414 - __main__ - INFO - NASDAQ Progress: 120/400
2026-06-19 22:16:45,669 - __main__ - INFO - NASDAQ Progress: 140/400
2026-06-19 22:16:47,807 - __main__ - INFO - NASDAQ Progress: 160/400
2026-06-19 22:16:50,070 - __main__ - INFO - NASDAQ Progress: 180/400
2026-06-19 22:16:52,167 - __main__ - INFO - NASDAQ Progress: 200/400
2026-06-19 22:16:54,349 - __main__ - INFO - NASDAQ Progress: 220/400
2026-06-19 22:16:56,604 - __main__ - INFO - NASDAQ Progress: 240/400
2026-06-19 22:16:58,809 - __main__ - INFO - NASDAQ Progress: 260/400
2026-06-19 22:17:01,051 - __main__ - INFO - NASDAQ Progress: 280/400
2026-06-19 22:17:03,329 - __main__ - INFO - NASDAQ Progress: 300/400
2026-06-19 22:17:05,520 - __main__ - INFO - NASDAQ Progress: 320/400
2026-06-19 22:17:07,574 - __main__ - INFO - NASDAQ Progress: 340/400
2026-06-19 22:17:09,820 - __main__ - INFO - NASDAQ Progress: 360/400
2026-06-19 22:17:11,728 - __main__ - ERROR - QMMM: Error in ML signal enhancement: fetch_fundamentals() takes 1 positional argument but 2 were given
2026-06-19 22:17:11,745 - __main__ - INFO - New signal: QMMM (NASDAQ) HIGH_2W at 119.40 [Priority: 57.0]
2026-06-19 22:17:11,758 - __main__ - INFO - New signal: QMMM (NASDAQ) LOW_2W at 119.40 [Priority: 52.0]
2026-06-19 22:17:11,771 - __main__ - INFO - New signal: QMMM (NASDAQ) HIGH_4W at 119.40 [Priority: 59.0]
2026-06-19 22:17:11,784 - __main__ - INFO - New signal: QMMM (NASDAQ) LOW_4W at 119.40 [Priority: 54.0]
2026-06-19 22:17:12,114 - __main__ - INFO - NASDAQ Progress: 380/400
2026-06-19 22:17:14,223 - __main__ - INFO - NASDAQ Progress: 400/400
2026-06-19 22:17:14,311 - __main__ - INFO - === Scanning NYSE ===
2026-06-19 22:17:14,312 - __main__ - INFO - Loaded 300 tickers from config/nyse_universe.csv
2026-06-19 22:17:14,313 - __main__ - INFO - Scanning 300 tickers from NYSE universe
2026-06-19 22:17:17,413 - __main__ - INFO - NYSE Progress: 20/300
2026-06-19 22:17:20,352 - __main__ - INFO - NYSE Progress: 40/300
2026-06-19 22:17:23,421 - __main__ - INFO - NYSE Progress: 60/300
2026-06-19 22:17:26,297 - __main__ - INFO - NYSE Progress: 80/300
2026-06-19 22:17:29,410 - __main__ - INFO - NYSE Progress: 100/300
2026-06-19 22:17:32,166 - __main__ - INFO - NYSE Progress: 120/300
2026-06-19 22:17:34,771 - __main__ - INFO - NYSE Progress: 140/300
2026-06-19 22:17:37,817 - __main__ - INFO - NYSE Progress: 160/300
2026-06-19 22:17:40,563 - __main__ - INFO - NYSE Progress: 180/300
2026-06-19 22:17:43,112 - __main__ - INFO - NYSE Progress: 200/300
2026-06-19 22:17:45,738 - __main__ - INFO - NYSE Progress: 220/300
2026-06-19 22:17:48,343 - __main__ - INFO - NYSE Progress: 240/300
2026-06-19 22:17:50,854 - __main__ - INFO - NYSE Progress: 260/300
2026-06-19 22:17:53,621 - __main__ - INFO - NYSE Progress: 280/300
2026-06-19 22:17:56,160 - __main__ - INFO - NYSE Progress: 300/300
2026-06-19 22:17:56,257 - __main__ - INFO - Scan complete. Processed: 791, Failed: 28
2026-06-19 22:17:56,257 - __main__ - INFO - Signals detected: 25, New signals: 4
2026-06-19 22:17:56,257 - __main__ - WARNING - Encountered 28 errors during scan

=== WEEK HIGH/LOW SCAN RESULTS ===
Date: 2026-06-19
Exchanges scanned: KLSE, NASDAQ, NYSE
Total tickers: 819
Successful: 791
Failed: 28
Signals detected: 25
New signals: 4

Signals by exchange:
  NASDAQ: 4

Signals by type:
  HIGH_2W: 1
  HIGH_4W: 1
  LOW_2W: 1
  LOW_4W: 1

Errors (28):
  - 0294.KL (KLSE): No price data available
  - 0426.KL (KLSE): No price data available
  - 0473.KL (KLSE): No price data available
  - 0514.KL (KLSE): No price data available
  - 0525.KL (KLSE): No price data available
  - 2282.KL (KLSE): No price data available
  - 2365.KL (KLSE): No price data available
  - 3035.KL (KLSE): No price data available
  - 3229.KL (KLSE): No price data available
  - 4588.KL (KLSE): No price data available
  ... and 18 more
2026-06-19 22:21:56+0800  [week_high_low_scan]  begin
2026-06-19 22:21:59,824 - __main__ - INFO - Starting week high/low scan...
2026-06-19 22:21:59,824 - __main__ - INFO - Exchanges to scan: KLSE, NASDAQ, NYSE
2026-06-19 22:21:59,824 - __main__ - INFO - === Scanning KLSE ===
2026-06-19 22:21:59,824 - __main__ - INFO - Loaded 119 tickers from config/klse_universe.csv
2026-06-19 22:21:59,824 - __main__ - INFO - Scanning 119 tickers from KLSE universe
2026-06-19 22:22:00,395 - ml.model_trainer - INFO - Model loaded from /home/shalu/buffett-monitor/ml/models/
2026-06-19 22:22:00,396 - ml.lasso.lasso_feature_selector - INFO - Initialized DoubleSelectionLASSO with cv=3, criterion=bic
2026-06-19 22:22:00,396 - ml.lasso.lasso_feature_selector - INFO - DoubleSelectionLASSO loaded from /home/shalu/buffett-monitor/ml/lasso/lasso_selector.pkl
2026-06-19 22:22:00,396 - ml.lassoo_selector - INFO - Loaded LASSO selector from /home/shalu/buffett-monitor/ml/lasso/lasso_selector.pkl
2026-06-19 22:22:00,396 - ml.lassoo_selector - INFO - LassooFeatureSelector initialized. Model loaded: True
2026-06-19 22:22:00,399 - ml.vq_factor_model - INFO - Created VQ-VAE model: input_dim=49, hidden_dim=128, latent_dim=64, num_embeddings=512
2026-06-19 22:22:00,406 - ml.signal_enhancer - INFO - Loaded VQ model from /home/shalu/buffett-monitor/ml/vq_models/vq_factor_model.pt
2026-06-19 22:22:00,406 - ml.signal_enhancer - INFO - VQ model input dimension: 49
2026-06-19 22:22:00,406 - ml.signal_enhancer - INFO - VQ model ready: True
2026-06-19 22:22:00,406 - ml.signal_enhancer - INFO - SignalEnhancer initialized with confidence threshold 0.6
2026-06-19 22:22:00,406 - ml.signal_enhancer - INFO - ML model ready: True
2026-06-19 22:22:00,406 - ml.signal_enhancer - INFO - VQ model ready: True
2026-06-19 22:22:00,406 - ml.signal_enhancer - INFO - VQ ranking enabled: True
2026-06-19 22:22:00,406 - ml.signal_enhancer - INFO - LASSO feature selection ready: True
2026-06-19 22:22:00,406 - __main__ - ERROR - 0058.KL: Error in ML signal enhancement: fetch_fundamentals() takes 1 positional argument but 2 were given
2026-06-19 22:22:00,893 - __main__ - ERROR - 0159.KL: Error in ML signal enhancement: fetch_fundamentals() takes 1 positional argument but 2 were given
2026-06-19 22:22:02,573 - yfinance - ERROR - HTTP Error 404: {"quoteSummary":{"result":null,"error":{"code":"Not Found","description":"Quote not found for symbol: 0294.KL"}}}
2026-06-19 22:22:02,878 - yfinance - ERROR - $0294.KL: possibly delisted; no price data found  (period=2y) (Yahoo error = "No data found, symbol may be delisted")
2026-06-19 22:22:02,878 - yfinance - ERROR - 
1 Failed download:
2026-06-19 22:22:02,879 - yfinance - ERROR - ['0294.KL']: possibly delisted; no price data found  (period=2y) (Yahoo error = "No data found, symbol may be delisted")
2026-06-19 22:22:02,882 - __main__ - WARNING - No weekly data found for 0294.KL
2026-06-19 22:22:02,979 - __main__ - ERROR - 03019.KL: Error in ML signal enhancement: fetch_fundamentals() takes 1 positional argument but 2 were given
2026-06-19 22:22:03,390 - __main__ - INFO - KLSE Progress: 20/119
2026-06-19 22:22:04,160 - yfinance - ERROR - HTTP Error 404: {"quoteSummary":{"result":null,"error":{"code":"Not Found","description":"Quote not found for symbol: 0426.KL"}}}
2026-06-19 22:22:04,491 - yfinance - ERROR - $0426.KL: possibly delisted; no price data found  (period=2y) (Yahoo error = "No data found, symbol may be delisted")
2026-06-19 22:22:04,498 - yfinance - ERROR - 
1 Failed download:
2026-06-19 22:22:04,498 - yfinance - ERROR - ['0426.KL']: possibly delisted; no price data found  (period=2y) (Yahoo error = "No data found, symbol may be delisted")
2026-06-19 22:22:04,506 - __main__ - WARNING - No weekly data found for 0426.KL
2026-06-19 22:22:05,123 - yfinance - ERROR - $0473.KL: possibly delisted; no price data found  (period=2y) (Yahoo error = "No data found, symbol may be delisted")
2026-06-19 22:22:05,124 - yfinance - ERROR - 
1 Failed download:
2026-06-19 22:22:05,124 - yfinance - ERROR - ['0473.KL']: possibly delisted; no price data found  (period=2y) (Yahoo error = "No data found, symbol may be delisted")
2026-06-19 22:22:05,127 - __main__ - WARNING - No weekly data found for 0473.KL
2026-06-19 22:22:05,920 - yfinance - ERROR - $0514.KL: possibly delisted; no price data found  (period=2y) (Yahoo error = "No data found, symbol may be delisted")
2026-06-19 22:22:05,924 - yfinance - ERROR - 
1 Failed download:
2026-06-19 22:22:05,924 - yfinance - ERROR - ['0514.KL']: possibly delisted; no price data found  (period=2y) (Yahoo error = "No data found, symbol may be delisted")
2026-06-19 22:22:05,928 - __main__ - WARNING - No weekly data found for 0514.KL
2026-06-19 22:22:06,529 - yfinance - ERROR - $0525.KL: possibly delisted; no price data found  (period=2y) (Yahoo error = "No data found, symbol may be delisted")
2026-06-19 22:22:06,532 - yfinance - ERROR - 
1 Failed download:
2026-06-19 22:22:06,532 - yfinance - ERROR - ['0525.KL']: possibly delisted; no price data found  (period=2y) (Yahoo error = "No data found, symbol may be delisted")
2026-06-19 22:22:06,538 - __main__ - WARNING - No weekly data found for 0525.KL
2026-06-19 22:22:07,826 - yfinance - ERROR - $2282.KL: possibly delisted; no price data found  (period=2y) (Yahoo error = "No data found, symbol may be delisted")
2026-06-19 22:22:07,827 - yfinance - ERROR - 
1 Failed download:
2026-06-19 22:22:07,827 - yfinance - ERROR - ['2282.KL']: possibly delisted; no price data found  (period=2y) (Yahoo error = "No data found, symbol may be delisted")
2026-06-19 22:22:07,831 - __main__ - WARNING - No weekly data found for 2282.KL
2026-06-19 22:22:08,582 - yfinance - ERROR - $2365.KL: possibly delisted; no price data found  (period=2y) (Yahoo error = "No data found, symbol may be delisted")
2026-06-19 22:22:08,585 - yfinance - ERROR - 
1 Failed download:
2026-06-19 22:22:08,585 - yfinance - ERROR - ['2365.KL']: possibly delisted; no price data found  (period=2y) (Yahoo error = "No data found, symbol may be delisted")
2026-06-19 22:22:08,589 - __main__ - WARNING - No weekly data found for 2365.KL
2026-06-19 22:22:09,772 - yfinance - ERROR - $3035.KL: possibly delisted; no price data found  (period=2y) (Yahoo error = "No data found, symbol may be delisted")
2026-06-19 22:22:09,774 - yfinance - ERROR - 
1 Failed download:
2026-06-19 22:22:09,774 - yfinance - ERROR - ['3035.KL']: possibly delisted; no price data found  (period=2y) (Yahoo error = "No data found, symbol may be delisted")
2026-06-19 22:22:09,778 - __main__ - WARNING - No weekly data found for 3035.KL
2026-06-19 22:22:10,533 - yfinance - ERROR - $3229.KL: possibly delisted; no price data found  (period=2y) (Yahoo error = "No data found, symbol may be delisted")
2026-06-19 22:22:10,540 - yfinance - ERROR - 
1 Failed download:
2026-06-19 22:22:10,540 - yfinance - ERROR - ['3229.KL']: possibly delisted; no price data found  (period=2y) (Yahoo error = "No data found, symbol may be delisted")
2026-06-19 22:22:10,545 - __main__ - WARNING - No weekly data found for 3229.KL
2026-06-19 22:22:10,671 - __main__ - INFO - KLSE Progress: 40/119
2026-06-19 22:22:11,561 - yfinance - ERROR - $4588.KL: possibly delisted; no price data found  (period=2y) (Yahoo error = "No data found, symbol may be delisted")
2026-06-19 22:22:11,561 - yfinance - ERROR - 
1 Failed download:
2026-06-19 22:22:11,562 - yfinance - ERROR - ['4588.KL']: possibly delisted; no price data found  (period=2y) (Yahoo error = "No data found, symbol may be delisted")
2026-06-19 22:22:11,567 - __main__ - WARNING - No weekly data found for 4588.KL
2026-06-19 22:22:11,979 - __main__ - ERROR - 4723.KL: Error in ML signal enhancement: fetch_fundamentals() takes 1 positional argument but 2 were given
2026-06-19 22:22:12,581 - yfinance - ERROR - $4782.KL: possibly delisted; no price data found  (period=2y) (Yahoo error = "No data found, symbol may be delisted")
2026-06-19 22:22:12,587 - yfinance - ERROR - 
1 Failed download:
2026-06-19 22:22:12,587 - yfinance - ERROR - ['4782.KL']: possibly delisted; no price data found  (period=2y) (Yahoo error = "No data found, symbol may be delisted")
2026-06-19 22:22:12,591 - __main__ - WARNING - No weekly data found for 4782.KL
2026-06-19 22:22:13,589 - yfinance - ERROR - $5014.KL: possibly delisted; no price data found  (period=2y) (Yahoo error = "No data found, symbol may be delisted")
2026-06-19 22:22:13,590 - yfinance - ERROR - 
1 Failed download:
2026-06-19 22:22:13,590 - yfinance - ERROR - ['5014.KL']: possibly delisted; no price data found  (period=2y) (Yahoo error = "No data found, symbol may be delisted")
2026-06-19 22:22:13,595 - __main__ - WARNING - No weekly data found for 5014.KL
2026-06-19 22:22:13,996 - __main__ - ERROR - 5026.KL: Error in ML signal enhancement: fetch_fundamentals() takes 1 positional argument but 2 were given
2026-06-19 22:22:14,738 - __main__ - INFO - KLSE Progress: 60/119
2026-06-19 22:22:15,335 - yfinance - ERROR - $5117.KL: possibly delisted; no price data found  (period=2y) (Yahoo error = "No data found, symbol may be delisted")
2026-06-19 22:22:15,336 - yfinance - ERROR - 
1 Failed download:
2026-06-19 22:22:15,336 - yfinance - ERROR - ['5117.KL']: possibly delisted; no price data found  (period=2y) (Yahoo error = "No data found, symbol may be delisted")
2026-06-19 22:22:15,341 - __main__ - WARNING - No weekly data found for 5117.KL
2026-06-19 22:22:15,961 - yfinance - ERROR - $5118.KL: possibly delisted; no price data found  (period=2y) (Yahoo error = "No data found, symbol may be delisted")
2026-06-19 22:22:15,966 - yfinance - ERROR - 
1 Failed download:
2026-06-19 22:22:15,966 - yfinance - ERROR - ['5118.KL']: possibly delisted; no price data found  (period=2y) (Yahoo error = "No data found, symbol may be delisted")
2026-06-19 22:22:15,970 - __main__ - WARNING - No weekly data found for 5118.KL
2026-06-19 22:22:16,597 - yfinance - ERROR - $5122.KL: possibly delisted; no price data found  (period=2y) (Yahoo error = "No data found, symbol may be delisted")
2026-06-19 22:22:16,597 - yfinance - ERROR - 
1 Failed download:
2026-06-19 22:22:16,598 - yfinance - ERROR - ['5122.KL']: possibly delisted; no price data found  (period=2y) (Yahoo error = "No data found, symbol may be delisted")
2026-06-19 22:22:16,603 - __main__ - WARNING - No weekly data found for 5122.KL
2026-06-19 22:22:18,109 - yfinance - ERROR - $5181.KL: possibly delisted; no price data found  (period=2y) (Yahoo error = "No data found, symbol may be delisted")
2026-06-19 22:22:18,118 - yfinance - ERROR - 
1 Failed download:
2026-06-19 22:22:18,118 - yfinance - ERROR - ['5181.KL']: possibly delisted; no price data found  (period=2y) (Yahoo error = "No data found, symbol may be delisted")
2026-06-19 22:22:18,122 - __main__ - WARNING - No weekly data found for 5181.KL
2026-06-19 22:22:18,598 - __main__ - ERROR - 5188.KL: Error in ML signal enhancement: fetch_fundamentals() takes 1 positional argument but 2 were given
2026-06-19 22:22:19,562 - yfinance - ERROR - $5215.KL: possibly delisted; no price data found  (period=2y) (Yahoo error = "No data found, symbol may be delisted")
2026-06-19 22:22:19,566 - yfinance - ERROR - 
1 Failed download:
2026-06-19 22:22:19,566 - yfinance - ERROR - ['5215.KL']: possibly delisted; no price data found  (period=2y) (Yahoo error = "No data found, symbol may be delisted")
2026-06-19 22:22:19,569 - __main__ - WARNING - No weekly data found for 5215.KL
2026-06-19 22:22:19,793 - __main__ - INFO - KLSE Progress: 80/119
2026-06-19 22:22:20,218 - __main__ - ERROR - 5250.KL: Error in ML signal enhancement: fetch_fundamentals() takes 1 positional argument but 2 were given
2026-06-19 22:22:21,046 - yfinance - ERROR - $5262.KL: possibly delisted; no price data found  (period=2y) (Yahoo error = "No data found, symbol may be delisted")
2026-06-19 22:22:21,049 - yfinance - ERROR - 
1 Failed download:
2026-06-19 22:22:21,049 - yfinance - ERROR - ['5262.KL']: possibly delisted; no price data found  (period=2y) (Yahoo error = "No data found, symbol may be delisted")
2026-06-19 22:22:21,052 - __main__ - WARNING - No weekly data found for 5262.KL
2026-06-19 22:22:21,740 - yfinance - ERROR - $5266.KL: possibly delisted; no price data found  (period=2y) (Yahoo error = "No data found, symbol may be delisted")
2026-06-19 22:22:21,742 - yfinance - ERROR - 
1 Failed download:
2026-06-19 22:22:21,744 - yfinance - ERROR - ['5266.KL']: possibly delisted; no price data found  (period=2y) (Yahoo error = "No data found, symbol may be delisted")
2026-06-19 22:22:21,748 - __main__ - WARNING - No weekly data found for 5266.KL
2026-06-19 22:22:22,334 - yfinance - ERROR - $5270.KL: possibly delisted; no price data found  (period=2y) (Yahoo error = "No data found, symbol may be delisted")
2026-06-19 22:22:22,342 - yfinance - ERROR - 
1 Failed download:
2026-06-19 22:22:22,342 - yfinance - ERROR - ['5270.KL']: possibly delisted; no price data found  (period=2y) (Yahoo error = "No data found, symbol may be delisted")
2026-06-19 22:22:22,346 - __main__ - WARNING - No weekly data found for 5270.KL
2026-06-19 22:22:23,980 - yfinance - ERROR - $5735.KL: possibly delisted; no price data found  (period=2y) (Yahoo error = "No data found, symbol may be delisted")
2026-06-19 22:22:23,983 - yfinance - ERROR - 
1 Failed download:
2026-06-19 22:22:23,984 - yfinance - ERROR - ['5735.KL']: possibly delisted; no price data found  (period=2y) (Yahoo error = "No data found, symbol may be delisted")
2026-06-19 22:22:23,988 - __main__ - WARNING - No weekly data found for 5735.KL
2026-06-19 22:22:24,728 - yfinance - ERROR - $5926.KL: possibly delisted; no price data found  (period=2y) (Yahoo error = "No data found, symbol may be delisted")
2026-06-19 22:22:24,734 - yfinance - ERROR - 
1 Failed download:
2026-06-19 22:22:24,734 - yfinance - ERROR - ['5926.KL']: possibly delisted; no price data found  (period=2y) (Yahoo error = "No data found, symbol may be delisted")
2026-06-19 22:22:24,741 - __main__ - WARNING - No weekly data found for 5926.KL
2026-06-19 22:22:24,741 - __main__ - INFO - KLSE Progress: 100/119
2026-06-19 22:22:25,585 - yfinance - ERROR - $6013.KL: possibly delisted; no price data found  (period=2y) (Yahoo error = "No data found, symbol may be delisted")
2026-06-19 22:22:25,585 - yfinance - ERROR - 
1 Failed download:
2026-06-19 22:22:25,586 - yfinance - ERROR - ['6013.KL']: possibly delisted; no price data found  (period=2y) (Yahoo error = "No data found, symbol may be delisted")
2026-06-19 22:22:25,591 - __main__ - WARNING - No weekly data found for 6013.KL
2026-06-19 22:22:26,508 - yfinance - ERROR - $6155.KL: possibly delisted; no price data found  (period=2y) (Yahoo error = "No data found, symbol may be delisted")
2026-06-19 22:22:26,513 - yfinance - ERROR - 
1 Failed download:
2026-06-19 22:22:26,513 - yfinance - ERROR - ['6155.KL']: possibly delisted; no price data found  (period=2y) (Yahoo error = "No data found, symbol may be delisted")
2026-06-19 22:22:26,518 - __main__ - WARNING - No weekly data found for 6155.KL
2026-06-19 22:22:27,373 - yfinance - ERROR - $6664.KL: possibly delisted; no price data found  (period=2y) (Yahoo error = "No data found, symbol may be delisted")
2026-06-19 22:22:27,374 - yfinance - ERROR - 
1 Failed download:
2026-06-19 22:22:27,374 - yfinance - ERROR - ['6664.KL']: possibly delisted; no price data found  (period=2y) (Yahoo error = "No data found, symbol may be delisted")
2026-06-19 22:22:27,378 - __main__ - WARNING - No weekly data found for 6664.KL
2026-06-19 22:22:29,316 - yfinance - ERROR - $7493.KL: possibly delisted; no price data found  (period=2y) (Yahoo error = "No data found, symbol may be delisted")
2026-06-19 22:22:29,317 - yfinance - ERROR - 
1 Failed download:
2026-06-19 22:22:29,317 - yfinance - ERROR - ['7493.KL']: possibly delisted; no price data found  (period=2y) (Yahoo error = "No data found, symbol may be delisted")
2026-06-19 22:22:29,322 - __main__ - WARNING - No weekly data found for 7493.KL
2026-06-19 22:22:30,049 - yfinance - ERROR - $7566.KL: possibly delisted; no price data found  (period=2y) (Yahoo error = "No data found, symbol may be delisted")
2026-06-19 22:22:30,049 - yfinance - ERROR - 
1 Failed download:
2026-06-19 22:22:30,050 - yfinance - ERROR - ['7566.KL']: possibly delisted; no price data found  (period=2y) (Yahoo error = "No data found, symbol may be delisted")
2026-06-19 22:22:30,054 - __main__ - WARNING - No weekly data found for 7566.KL
2026-06-19 22:22:30,859 - yfinance - ERROR - $7874.KL: possibly delisted; no price data found  (period=2y) (Yahoo error = "No data found, symbol may be delisted")
2026-06-19 22:22:30,860 - yfinance - ERROR - 
1 Failed download:
2026-06-19 22:22:30,860 - yfinance - ERROR - ['7874.KL']: possibly delisted; no price data found  (period=2y) (Yahoo error = "No data found, symbol may be delisted")
2026-06-19 22:22:30,864 - __main__ - WARNING - No weekly data found for 7874.KL
2026-06-19 22:22:30,864 - __main__ - INFO - === Scanning NASDAQ ===
2026-06-19 22:22:30,866 - __main__ - INFO - Loaded 400 tickers from config/nasdaq_universe.csv
2026-06-19 22:22:30,866 - __main__ - INFO - Scanning 400 tickers from NASDAQ universe
2026-06-19 22:22:33,353 - __main__ - INFO - NASDAQ Progress: 20/400
2026-06-19 22:22:35,774 - __main__ - INFO - NASDAQ Progress: 40/400
2026-06-19 22:22:38,304 - __main__ - INFO - NASDAQ Progress: 60/400
2026-06-19 22:22:40,777 - __main__ - INFO - NASDAQ Progress: 80/400
2026-06-19 22:22:43,148 - __main__ - INFO - NASDAQ Progress: 100/400
2026-06-19 22:22:44,768 - __main__ - ERROR - VOD: Error in ML signal enhancement: fetch_fundamentals() takes 1 positional argument but 2 were given
2026-06-19 22:22:45,485 - __main__ - INFO - NASDAQ Progress: 120/400
2026-06-19 22:22:47,786 - __main__ - INFO - NASDAQ Progress: 140/400
2026-06-19 22:22:49,968 - __main__ - INFO - NASDAQ Progress: 160/400
2026-06-19 22:22:52,281 - __main__ - INFO - NASDAQ Progress: 180/400
2026-06-19 22:22:54,480 - __main__ - INFO - NASDAQ Progress: 200/400
2026-06-19 22:22:56,665 - __main__ - INFO - NASDAQ Progress: 220/400
2026-06-19 22:22:58,898 - __main__ - INFO - NASDAQ Progress: 240/400
2026-06-19 22:23:01,150 - __main__ - INFO - NASDAQ Progress: 260/400
2026-06-19 22:23:03,447 - __main__ - INFO - NASDAQ Progress: 280/400
2026-06-19 22:23:05,774 - __main__ - INFO - NASDAQ Progress: 300/400
2026-06-19 22:23:08,054 - __main__ - INFO - NASDAQ Progress: 320/400
2026-06-19 22:23:10,200 - __main__ - INFO - NASDAQ Progress: 340/400
2026-06-19 22:23:12,373 - __main__ - INFO - NASDAQ Progress: 360/400
2026-06-19 22:23:14,287 - __main__ - ERROR - QMMM: Error in ML signal enhancement: fetch_fundamentals() takes 1 positional argument but 2 were given
2026-06-19 22:23:14,593 - __main__ - INFO - NASDAQ Progress: 380/400
2026-06-19 22:23:16,705 - __main__ - INFO - NASDAQ Progress: 400/400
2026-06-19 22:23:16,801 - __main__ - INFO - === Scanning NYSE ===
2026-06-19 22:23:16,802 - __main__ - INFO - Loaded 300 tickers from config/nyse_universe.csv
2026-06-19 22:23:16,802 - __main__ - INFO - Scanning 300 tickers from NYSE universe
2026-06-19 22:23:19,667 - __main__ - INFO - NYSE Progress: 20/300
2026-06-19 22:23:22,606 - __main__ - INFO - NYSE Progress: 40/300
2026-06-19 22:23:25,710 - __main__ - INFO - NYSE Progress: 60/300
2026-06-19 22:23:28,545 - __main__ - INFO - NYSE Progress: 80/300
2026-06-19 22:23:31,409 - __main__ - INFO - NYSE Progress: 100/300
2026-06-19 22:23:34,252 - __main__ - INFO - NYSE Progress: 120/300
2026-06-19 22:23:36,924 - __main__ - INFO - NYSE Progress: 140/300
2026-06-19 22:23:40,027 - __main__ - INFO - NYSE Progress: 160/300
2026-06-19 22:23:42,754 - __main__ - INFO - NYSE Progress: 180/300
2026-06-19 22:23:45,337 - __main__ - INFO - NYSE Progress: 200/300
2026-06-19 22:23:48,209 - __main__ - INFO - NYSE Progress: 220/300
2026-06-19 22:23:50,814 - __main__ - INFO - NYSE Progress: 240/300
2026-06-19 22:23:53,309 - __main__ - INFO - NYSE Progress: 260/300
2026-06-19 22:23:56,127 - __main__ - INFO - NYSE Progress: 280/300
2026-06-19 22:23:58,881 - __main__ - INFO - NYSE Progress: 300/300
2026-06-19 22:23:59,005 - __main__ - INFO - Scan complete. Processed: 791, Failed: 28
2026-06-19 22:23:59,005 - __main__ - INFO - Signals detected: 25, New signals: 0
2026-06-19 22:23:59,005 - __main__ - WARNING - Encountered 28 errors during scan

=== WEEK HIGH/LOW SCAN RESULTS ===
Date: 2026-06-19
Exchanges scanned: KLSE, NASDAQ, NYSE
Total tickers: 819
Successful: 791
Failed: 28
Signals detected: 25
New signals: 0

Signals by exchange:

Errors (28):
  - 0294.KL (KLSE): No price data available
  - 0426.KL (KLSE): No price data available
  - 0473.KL (KLSE): No price data available
  - 0514.KL (KLSE): No price data available
  - 0525.KL (KLSE): No price data available
  - 2282.KL (KLSE): No price data available
  - 2365.KL (KLSE): No price data available
  - 3035.KL (KLSE): No price data available
  - 3229.KL (KLSE): No price data available
  - 4588.KL (KLSE): No price data available
  ... and 18 more
2026-06-19 22:29:54+0800  [week_high_low_scan]  begin
2026-06-19 22:29:57,769 - __main__ - INFO - Starting week high/low scan...
2026-06-19 22:29:57,769 - __main__ - INFO - Exchanges to scan: KLSE, NASDAQ, NYSE
2026-06-19 22:29:57,769 - __main__ - INFO - === Scanning KLSE ===
2026-06-19 22:29:57,770 - __main__ - INFO - Loaded 119 tickers from config/klse_universe.csv
2026-06-19 22:29:57,770 - __main__ - INFO - Scanning 119 tickers from KLSE universe
2026-06-19 22:29:58,342 - ml.model_trainer - INFO - Model loaded from /home/shalu/buffett-monitor/ml/models/
2026-06-19 22:29:58,342 - ml.lasso.lasso_feature_selector - INFO - Initialized DoubleSelectionLASSO with cv=3, criterion=bic
2026-06-19 22:29:58,342 - ml.lasso.lasso_feature_selector - INFO - DoubleSelectionLASSO loaded from /home/shalu/buffett-monitor/ml/lasso/lasso_selector.pkl
2026-06-19 22:29:58,342 - ml.lassoo_selector - INFO - Loaded LASSO selector from /home/shalu/buffett-monitor/ml/lasso/lasso_selector.pkl
2026-06-19 22:29:58,342 - ml.lassoo_selector - INFO - LassooFeatureSelector initialized. Model loaded: True
2026-06-19 22:29:58,346 - ml.vq_factor_model - INFO - Created VQ-VAE model: input_dim=49, hidden_dim=128, latent_dim=64, num_embeddings=512
2026-06-19 22:29:58,352 - ml.signal_enhancer - INFO - Loaded VQ model from /home/shalu/buffett-monitor/ml/vq_models/vq_factor_model.pt
2026-06-19 22:29:58,352 - ml.signal_enhancer - INFO - VQ model input dimension: 49
2026-06-19 22:29:58,352 - ml.signal_enhancer - INFO - VQ model ready: True
2026-06-19 22:29:58,352 - ml.signal_enhancer - INFO - SignalEnhancer initialized with confidence threshold 0.6
2026-06-19 22:29:58,352 - ml.signal_enhancer - INFO - ML model ready: True
2026-06-19 22:29:58,352 - ml.signal_enhancer - INFO - VQ model ready: True
2026-06-19 22:29:58,352 - ml.signal_enhancer - INFO - VQ ranking enabled: True
2026-06-19 22:29:58,352 - ml.signal_enhancer - INFO - LASSO feature selection ready: True
2026-06-19 22:29:58,352 - __main__ - ERROR - 0058.KL: Error in ML signal enhancement: fetch_fundamentals() takes 1 positional argument but 2 were given
2026-06-19 22:29:58,823 - __main__ - ERROR - 0159.KL: Error in ML signal enhancement: fetch_fundamentals() takes 1 positional argument but 2 were given
2026-06-19 22:30:00,117 - yfinance - ERROR - HTTP Error 404: {"quoteSummary":{"result":null,"error":{"code":"Not Found","description":"Quote not found for symbol: 0294.KL"}}}
2026-06-19 22:30:00,800 - yfinance - ERROR - $0294.KL: possibly delisted; no price data found  (period=2y) (Yahoo error = "No data found, symbol may be delisted")
2026-06-19 22:30:00,809 - yfinance - ERROR - 
1 Failed download:
2026-06-19 22:30:00,809 - yfinance - ERROR - ['0294.KL']: possibly delisted; no price data found  (period=2y) (Yahoo error = "No data found, symbol may be delisted")
2026-06-19 22:30:00,812 - __main__ - WARNING - No weekly data found for 0294.KL
2026-06-19 22:30:00,929 - __main__ - ERROR - 03019.KL: Error in ML signal enhancement: fetch_fundamentals() takes 1 positional argument but 2 were given
2026-06-19 22:30:01,540 - __main__ - INFO - KLSE Progress: 20/119
2026-06-19 22:30:02,363 - yfinance - ERROR - HTTP Error 404: {"quoteSummary":{"result":null,"error":{"code":"Not Found","description":"Quote not found for symbol: 0426.KL"}}}
2026-06-19 22:30:02,776 - yfinance - ERROR - $0426.KL: possibly delisted; no price data found  (period=2y) (Yahoo error = "No data found, symbol may be delisted")
2026-06-19 22:30:02,779 - yfinance - ERROR - 
1 Failed download:
2026-06-19 22:30:02,779 - yfinance - ERROR - ['0426.KL']: possibly delisted; no price data found  (period=2y) (Yahoo error = "No data found, symbol may be delisted")
2026-06-19 22:30:02,782 - __main__ - WARNING - No weekly data found for 0426.KL
2026-06-19 22:30:03,397 - yfinance - ERROR - $0473.KL: possibly delisted; no price data found  (period=2y) (Yahoo error = "No data found, symbol may be delisted")
2026-06-19 22:30:03,399 - yfinance - ERROR - 
1 Failed download:
2026-06-19 22:30:03,399 - yfinance - ERROR - ['0473.KL']: possibly delisted; no price data found  (period=2y) (Yahoo error = "No data found, symbol may be delisted")
2026-06-19 22:30:03,403 - __main__ - WARNING - No weekly data found for 0473.KL
2026-06-19 22:30:04,210 - yfinance - ERROR - $0514.KL: possibly delisted; no price data found  (period=2y) (Yahoo error = "No data found, symbol may be delisted")
2026-06-19 22:30:04,218 - yfinance - ERROR - 
1 Failed download:
2026-06-19 22:30:04,218 - yfinance - ERROR - ['0514.KL']: possibly delisted; no price data found  (period=2y) (Yahoo error = "No data found, symbol may be delisted")
2026-06-19 22:30:04,222 - __main__ - WARNING - No weekly data found for 0514.KL
2026-06-19 22:30:04,816 - yfinance - ERROR - $0525.KL: possibly delisted; no price data found  (period=2y) (Yahoo error = "No data found, symbol may be delisted")
2026-06-19 22:30:04,817 - yfinance - ERROR - 
1 Failed download:
2026-06-19 22:30:04,820 - yfinance - ERROR - ['0525.KL']: possibly delisted; no price data found  (period=2y) (Yahoo error = "No data found, symbol may be delisted")
2026-06-19 22:30:04,824 - __main__ - WARNING - No weekly data found for 0525.KL
2026-06-19 22:30:06,208 - yfinance - ERROR - $2282.KL: possibly delisted; no price data found  (period=2y) (Yahoo error = "No data found, symbol may be delisted")
2026-06-19 22:30:06,211 - yfinance - ERROR - 
1 Failed download:
2026-06-19 22:30:06,211 - yfinance - ERROR - ['2282.KL']: possibly delisted; no price data found  (period=2y) (Yahoo error = "No data found, symbol may be delisted")
2026-06-19 22:30:06,215 - __main__ - WARNING - No weekly data found for 2282.KL
2026-06-19 22:30:06,979 - yfinance - ERROR - $2365.KL: possibly delisted; no price data found  (period=2y) (Yahoo error = "No data found, symbol may be delisted")
2026-06-19 22:30:06,979 - yfinance - ERROR - 
1 Failed download:
2026-06-19 22:30:06,980 - yfinance - ERROR - ['2365.KL']: possibly delisted; no price data found  (period=2y) (Yahoo error = "No data found, symbol may be delisted")
2026-06-19 22:30:06,985 - __main__ - WARNING - No weekly data found for 2365.KL
2026-06-19 22:30:08,218 - yfinance - ERROR - $3035.KL: possibly delisted; no price data found  (period=2y) (Yahoo error = "No data found, symbol may be delisted")
2026-06-19 22:30:08,219 - yfinance - ERROR - 
1 Failed download:
2026-06-19 22:30:08,219 - yfinance - ERROR - ['3035.KL']: possibly delisted; no price data found  (period=2y) (Yahoo error = "No data found, symbol may be delisted")
2026-06-19 22:30:08,223 - __main__ - WARNING - No weekly data found for 3035.KL
2026-06-19 22:30:09,255 - yfinance - ERROR - $3229.KL: possibly delisted; no price data found  (period=2y) (Yahoo error = "No data found, symbol may be delisted")
2026-06-19 22:30:09,260 - yfinance - ERROR - 
1 Failed download:
2026-06-19 22:30:09,260 - yfinance - ERROR - ['3229.KL']: possibly delisted; no price data found  (period=2y) (Yahoo error = "No data found, symbol may be delisted")
2026-06-19 22:30:09,264 - __main__ - WARNING - No weekly data found for 3229.KL
2026-06-19 22:30:09,384 - __main__ - INFO - KLSE Progress: 40/119
2026-06-19 22:30:10,236 - yfinance - ERROR - $4588.KL: possibly delisted; no price data found  (period=2y) (Yahoo error = "No data found, symbol may be delisted")
2026-06-19 22:30:10,243 - yfinance - ERROR - 
1 Failed download:
2026-06-19 22:30:10,243 - yfinance - ERROR - ['4588.KL']: possibly delisted; no price data found  (period=2y) (Yahoo error = "No data found, symbol may be delisted")
2026-06-19 22:30:10,246 - __main__ - WARNING - No weekly data found for 4588.KL
2026-06-19 22:30:10,722 - __main__ - ERROR - 4723.KL: Error in ML signal enhancement: fetch_fundamentals() takes 1 positional argument but 2 were given
2026-06-19 22:30:11,314 - yfinance - ERROR - $4782.KL: possibly delisted; no price data found  (period=2y) (Yahoo error = "No data found, symbol may be delisted")
2026-06-19 22:30:11,319 - yfinance - ERROR - 
1 Failed download:
2026-06-19 22:30:11,319 - yfinance - ERROR - ['4782.KL']: possibly delisted; no price data found  (period=2y) (Yahoo error = "No data found, symbol may be delisted")
2026-06-19 22:30:11,323 - __main__ - WARNING - No weekly data found for 4782.KL
2026-06-19 22:30:12,306 - yfinance - ERROR - $5014.KL: possibly delisted; no price data found  (period=2y) (Yahoo error = "No data found, symbol may be delisted")
2026-06-19 22:30:12,306 - yfinance - ERROR - 
1 Failed download:
2026-06-19 22:30:12,307 - yfinance - ERROR - ['5014.KL']: possibly delisted; no price data found  (period=2y) (Yahoo error = "No data found, symbol may be delisted")
2026-06-19 22:30:12,310 - __main__ - WARNING - No weekly data found for 5014.KL
2026-06-19 22:30:12,762 - __main__ - ERROR - 5026.KL: Error in ML signal enhancement: fetch_fundamentals() takes 1 positional argument but 2 were given
2026-06-19 22:30:13,505 - __main__ - INFO - KLSE Progress: 60/119
2026-06-19 22:30:14,076 - yfinance - ERROR - $5117.KL: possibly delisted; no price data found  (period=2y) (Yahoo error = "No data found, symbol may be delisted")
2026-06-19 22:30:14,079 - yfinance - ERROR - 
1 Failed download:
2026-06-19 22:30:14,079 - yfinance - ERROR - ['5117.KL']: possibly delisted; no price data found  (period=2y) (Yahoo error = "No data found, symbol may be delisted")
2026-06-19 22:30:14,082 - __main__ - WARNING - No weekly data found for 5117.KL
2026-06-19 22:30:14,688 - yfinance - ERROR - $5118.KL: possibly delisted; no price data found  (period=2y) (Yahoo error = "No data found, symbol may be delisted")
2026-06-19 22:30:14,688 - yfinance - ERROR - 
1 Failed download:
2026-06-19 22:30:14,688 - yfinance - ERROR - ['5118.KL']: possibly delisted; no price data found  (period=2y) (Yahoo error = "No data found, symbol may be delisted")
2026-06-19 22:30:14,693 - __main__ - WARNING - No weekly data found for 5118.KL
2026-06-19 22:30:15,305 - yfinance - ERROR - $5122.KL: possibly delisted; no price data found  (period=2y) (Yahoo error = "No data found, symbol may be delisted")
2026-06-19 22:30:15,308 - yfinance - ERROR - 
1 Failed download:
2026-06-19 22:30:15,308 - yfinance - ERROR - ['5122.KL']: possibly delisted; no price data found  (period=2y) (Yahoo error = "No data found, symbol may be delisted")
2026-06-19 22:30:15,313 - __main__ - WARNING - No weekly data found for 5122.KL
2026-06-19 22:30:16,640 - yfinance - ERROR - $5181.KL: possibly delisted; no price data found  (period=2y) (Yahoo error = "No data found, symbol may be delisted")
2026-06-19 22:30:16,640 - yfinance - ERROR - 
1 Failed download:
2026-06-19 22:30:16,641 - yfinance - ERROR - ['5181.KL']: possibly delisted; no price data found  (period=2y) (Yahoo error = "No data found, symbol may be delisted")
2026-06-19 22:30:16,645 - __main__ - WARNING - No weekly data found for 5181.KL
2026-06-19 22:30:17,151 - __main__ - ERROR - 5188.KL: Error in ML signal enhancement: fetch_fundamentals() takes 1 positional argument but 2 were given
2026-06-19 22:30:18,475 - yfinance - ERROR - $5215.KL: possibly delisted; no price data found  (period=2y) (Yahoo error = "No data found, symbol may be delisted")
2026-06-19 22:30:18,476 - yfinance - ERROR - 
1 Failed download:
2026-06-19 22:30:18,476 - yfinance - ERROR - ['5215.KL']: possibly delisted; no price data found  (period=2y) (Yahoo error = "No data found, symbol may be delisted")
2026-06-19 22:30:18,479 - __main__ - WARNING - No weekly data found for 5215.KL
2026-06-19 22:30:18,714 - __main__ - INFO - KLSE Progress: 80/119
2026-06-19 22:30:19,146 - __main__ - ERROR - 5250.KL: Error in ML signal enhancement: fetch_fundamentals() takes 1 positional argument but 2 were given
2026-06-19 22:30:19,967 - yfinance - ERROR - $5262.KL: possibly delisted; no price data found  (period=2y) (Yahoo error = "No data found, symbol may be delisted")
2026-06-19 22:30:19,976 - yfinance - ERROR - 
1 Failed download:
2026-06-19 22:30:19,976 - yfinance - ERROR - ['5262.KL']: possibly delisted; no price data found  (period=2y) (Yahoo error = "No data found, symbol may be delisted")
2026-06-19 22:30:19,979 - __main__ - WARNING - No weekly data found for 5262.KL
2026-06-19 22:30:20,912 - yfinance - ERROR - $5266.KL: possibly delisted; no price data found  (period=2y) (Yahoo error = "No data found, symbol may be delisted")
2026-06-19 22:30:20,914 - yfinance - ERROR - 
1 Failed download:
2026-06-19 22:30:20,914 - yfinance - ERROR - ['5266.KL']: possibly delisted; no price data found  (period=2y) (Yahoo error = "No data found, symbol may be delisted")
2026-06-19 22:30:20,917 - __main__ - WARNING - No weekly data found for 5266.KL
2026-06-19 22:30:21,747 - yfinance - ERROR - $5270.KL: possibly delisted; no price data found  (period=2y) (Yahoo error = "No data found, symbol may be delisted")
2026-06-19 22:30:21,754 - yfinance - ERROR - 
1 Failed download:
2026-06-19 22:30:21,754 - yfinance - ERROR - ['5270.KL']: possibly delisted; no price data found  (period=2y) (Yahoo error = "No data found, symbol may be delisted")
2026-06-19 22:30:21,758 - __main__ - WARNING - No weekly data found for 5270.KL
2026-06-19 22:30:23,355 - yfinance - ERROR - $5735.KL: possibly delisted; no price data found  (period=2y) (Yahoo error = "No data found, symbol may be delisted")
2026-06-19 22:30:23,364 - yfinance - ERROR - 
1 Failed download:
2026-06-19 22:30:23,364 - yfinance - ERROR - ['5735.KL']: possibly delisted; no price data found  (period=2y) (Yahoo error = "No data found, symbol may be delisted")
2026-06-19 22:30:23,369 - __main__ - WARNING - No weekly data found for 5735.KL
2026-06-19 22:30:24,457 - yfinance - ERROR - $5926.KL: possibly delisted; no price data found  (period=2y) (Yahoo error = "No data found, symbol may be delisted")
2026-06-19 22:30:24,464 - yfinance - ERROR - 
1 Failed download:
2026-06-19 22:30:24,464 - yfinance - ERROR - ['5926.KL']: possibly delisted; no price data found  (period=2y) (Yahoo error = "No data found, symbol may be delisted")
2026-06-19 22:30:24,468 - __main__ - WARNING - No weekly data found for 5926.KL
2026-06-19 22:30:24,468 - __main__ - INFO - KLSE Progress: 100/119
2026-06-19 22:30:25,503 - yfinance - ERROR - $6013.KL: possibly delisted; no price data found  (period=2y) (Yahoo error = "No data found, symbol may be delisted")
2026-06-19 22:30:25,512 - yfinance - ERROR - 
1 Failed download:
2026-06-19 22:30:25,512 - yfinance - ERROR - ['6013.KL']: possibly delisted; no price data found  (period=2y) (Yahoo error = "No data found, symbol may be delisted")
2026-06-19 22:30:25,516 - __main__ - WARNING - No weekly data found for 6013.KL
2026-06-19 22:30:26,440 - yfinance - ERROR - $6155.KL: possibly delisted; no price data found  (period=2y) (Yahoo error = "No data found, symbol may be delisted")
2026-06-19 22:30:26,445 - yfinance - ERROR - 
1 Failed download:
2026-06-19 22:30:26,445 - yfinance - ERROR - ['6155.KL']: possibly delisted; no price data found  (period=2y) (Yahoo error = "No data found, symbol may be delisted")
2026-06-19 22:30:26,449 - __main__ - WARNING - No weekly data found for 6155.KL
2026-06-19 22:30:27,102 - yfinance - ERROR - $6664.KL: possibly delisted; no price data found  (period=2y) (Yahoo error = "No data found, symbol may be delisted")
2026-06-19 22:30:27,104 - yfinance - ERROR - 
1 Failed download:
2026-06-19 22:30:27,104 - yfinance - ERROR - ['6664.KL']: possibly delisted; no price data found  (period=2y) (Yahoo error = "No data found, symbol may be delisted")
2026-06-19 22:30:27,109 - __main__ - WARNING - No weekly data found for 6664.KL
2026-06-19 22:30:29,101 - yfinance - ERROR - $7493.KL: possibly delisted; no price data found  (period=2y) (Yahoo error = "No data found, symbol may be delisted")
2026-06-19 22:30:29,108 - yfinance - ERROR - 
1 Failed download:
2026-06-19 22:30:29,109 - yfinance - ERROR - ['7493.KL']: possibly delisted; no price data found  (period=2y) (Yahoo error = "No data found, symbol may be delisted")
2026-06-19 22:30:29,113 - __main__ - WARNING - No weekly data found for 7493.KL
2026-06-19 22:30:30,094 - yfinance - ERROR - $7566.KL: possibly delisted; no price data found  (period=2y) (Yahoo error = "No data found, symbol may be delisted")
2026-06-19 22:30:30,099 - yfinance - ERROR - 
1 Failed download:
2026-06-19 22:30:30,099 - yfinance - ERROR - ['7566.KL']: possibly delisted; no price data found  (period=2y) (Yahoo error = "No data found, symbol may be delisted")
2026-06-19 22:30:30,103 - __main__ - WARNING - No weekly data found for 7566.KL
2026-06-19 22:30:30,799 - yfinance - ERROR - $7874.KL: possibly delisted; no price data found  (period=2y) (Yahoo error = "No data found, symbol may be delisted")
2026-06-19 22:30:30,799 - yfinance - ERROR - 
1 Failed download:
2026-06-19 22:30:30,799 - yfinance - ERROR - ['7874.KL']: possibly delisted; no price data found  (period=2y) (Yahoo error = "No data found, symbol may be delisted")
2026-06-19 22:30:30,804 - __main__ - WARNING - No weekly data found for 7874.KL
2026-06-19 22:30:30,804 - __main__ - INFO - === Scanning NASDAQ ===
2026-06-19 22:30:30,806 - __main__ - INFO - Loaded 400 tickers from config/nasdaq_universe.csv
2026-06-19 22:30:30,806 - __main__ - INFO - Scanning 400 tickers from NASDAQ universe
2026-06-19 22:30:33,238 - __main__ - INFO - NASDAQ Progress: 20/400
2026-06-19 22:30:35,500 - __main__ - INFO - NASDAQ Progress: 40/400
2026-06-19 22:30:37,800 - __main__ - INFO - NASDAQ Progress: 60/400
2026-06-19 22:30:40,231 - __main__ - INFO - NASDAQ Progress: 80/400
2026-06-19 22:30:42,601 - __main__ - INFO - NASDAQ Progress: 100/400
2026-06-19 22:30:44,232 - __main__ - ERROR - VOD: Error in ML signal enhancement: fetch_fundamentals() takes 1 positional argument but 2 were given
2026-06-19 22:30:44,977 - __main__ - INFO - NASDAQ Progress: 120/400
2026-06-19 22:30:47,249 - __main__ - INFO - NASDAQ Progress: 140/400
2026-06-19 22:30:49,325 - __main__ - INFO - NASDAQ Progress: 160/400
2026-06-19 22:30:51,673 - __main__ - INFO - NASDAQ Progress: 180/400
2026-06-19 22:30:53,990 - __main__ - INFO - NASDAQ Progress: 200/400
2026-06-19 22:30:56,221 - __main__ - INFO - NASDAQ Progress: 220/400
2026-06-19 22:30:58,491 - __main__ - INFO - NASDAQ Progress: 240/400
2026-06-19 22:31:00,703 - __main__ - INFO - NASDAQ Progress: 260/400
2026-06-19 22:31:03,072 - __main__ - INFO - NASDAQ Progress: 280/400
2026-06-19 22:31:05,256 - __main__ - INFO - NASDAQ Progress: 300/400
2026-06-19 22:31:07,370 - __main__ - INFO - NASDAQ Progress: 320/400
2026-06-19 22:31:09,436 - __main__ - INFO - NASDAQ Progress: 340/400
2026-06-19 22:31:11,541 - __main__ - INFO - NASDAQ Progress: 360/400
2026-06-19 22:31:13,452 - __main__ - ERROR - QMMM: Error in ML signal enhancement: fetch_fundamentals() takes 1 positional argument but 2 were given
2026-06-19 22:31:13,767 - __main__ - INFO - NASDAQ Progress: 380/400
2026-06-19 22:31:15,941 - __main__ - INFO - NASDAQ Progress: 400/400
2026-06-19 22:31:16,039 - __main__ - INFO - === Scanning NYSE ===
2026-06-19 22:31:16,040 - __main__ - INFO - Loaded 300 tickers from config/nyse_universe.csv
2026-06-19 22:31:16,040 - __main__ - INFO - Scanning 300 tickers from NYSE universe
2026-06-19 22:31:19,074 - __main__ - INFO - NYSE Progress: 20/300
2026-06-19 22:31:22,026 - __main__ - INFO - NYSE Progress: 40/300
2026-06-19 22:31:24,964 - __main__ - INFO - NYSE Progress: 60/300
2026-06-19 22:31:27,765 - __main__ - INFO - NYSE Progress: 80/300
2026-06-19 22:31:30,819 - __main__ - INFO - NYSE Progress: 100/300
2026-06-19 22:31:33,733 - __main__ - INFO - NYSE Progress: 120/300
2026-06-19 22:31:36,246 - __main__ - INFO - NYSE Progress: 140/300
2026-06-19 22:31:39,538 - __main__ - INFO - NYSE Progress: 160/300
2026-06-19 22:31:42,493 - __main__ - INFO - NYSE Progress: 180/300
2026-06-19 22:31:45,224 - __main__ - INFO - NYSE Progress: 200/300
2026-06-19 22:31:48,028 - __main__ - INFO - NYSE Progress: 220/300
2026-06-19 22:31:50,734 - __main__ - INFO - NYSE Progress: 240/300
2026-06-19 22:31:53,348 - __main__ - INFO - NYSE Progress: 260/300
2026-06-19 22:31:56,146 - __main__ - INFO - NYSE Progress: 280/300
2026-06-19 22:31:58,784 - __main__ - INFO - NYSE Progress: 300/300
2026-06-19 22:31:58,885 - __main__ - INFO - Scan complete. Processed: 791, Failed: 28
2026-06-19 22:31:58,885 - __main__ - INFO - Signals detected: 25, New signals: 0
2026-06-19 22:31:58,885 - __main__ - WARNING - Encountered 28 errors during scan

=== WEEK HIGH/LOW SCAN RESULTS ===
Date: 2026-06-19
Exchanges scanned: KLSE, NASDAQ, NYSE
Total tickers: 819
Successful: 791
Failed: 28
Signals detected: 25
New signals: 0

Signals by exchange:

Errors (28):
  - 0294.KL (KLSE): No price data available
  - 0426.KL (KLSE): No price data available
  - 0473.KL (KLSE): No price data available
  - 0514.KL (KLSE): No price data available
  - 0525.KL (KLSE): No price data available
  - 2282.KL (KLSE): No price data available
  - 2365.KL (KLSE): No price data available
  - 3035.KL (KLSE): No price data available
  - 3229.KL (KLSE): No price data available
  - 4588.KL (KLSE): No price data available
  ... and 18 more
2026-06-19 22:31:59+0800  [week_high_low_scan]  WARN exit 1
2026-06-20 00:07:52+0800  [week_high_low_scan]  begin
2026-06-20 00:07:55,885 - __main__ - INFO - Starting week high/low scan...
2026-06-20 00:07:55,885 - __main__ - INFO - Exchanges to scan: KLSE, NASDAQ, NYSE
2026-06-20 00:07:55,885 - __main__ - INFO - === Scanning KLSE ===
2026-06-20 00:07:55,885 - __main__ - INFO - Loaded 119 tickers from config/klse_universe.csv
2026-06-20 00:07:55,885 - __main__ - INFO - Scanning 119 tickers from KLSE universe
2026-06-20 00:07:56,444 - ml.model_trainer - INFO - Model loaded from /home/shalu/buffett-monitor/ml/models/
2026-06-20 00:07:56,444 - ml.lasso.lasso_feature_selector - INFO - Initialized DoubleSelectionLASSO with cv=3, criterion=bic
2026-06-20 00:07:56,444 - ml.lasso.lasso_feature_selector - INFO - DoubleSelectionLASSO loaded from /home/shalu/buffett-monitor/ml/lasso/lasso_selector.pkl
2026-06-20 00:07:56,444 - ml.lassoo_selector - INFO - Loaded LASSO selector from /home/shalu/buffett-monitor/ml/lasso/lasso_selector.pkl
2026-06-20 00:07:56,444 - ml.lassoo_selector - INFO - LassooFeatureSelector initialized. Model loaded: True
2026-06-20 00:07:56,448 - ml.vq_factor_model - INFO - Created VQ-VAE model: input_dim=49, hidden_dim=128, latent_dim=64, num_embeddings=512
2026-06-20 00:07:56,454 - ml.signal_enhancer - INFO - Loaded VQ model from /home/shalu/buffett-monitor/ml/vq_models/vq_factor_model.pt
2026-06-20 00:07:56,454 - ml.signal_enhancer - INFO - VQ model input dimension: 49
2026-06-20 00:07:56,454 - ml.signal_enhancer - INFO - VQ model ready: True
2026-06-20 00:07:56,454 - ml.signal_enhancer - INFO - SignalEnhancer initialized with confidence threshold 0.6
2026-06-20 00:07:56,454 - ml.signal_enhancer - INFO - ML model ready: True
2026-06-20 00:07:56,454 - ml.signal_enhancer - INFO - VQ model ready: True
2026-06-20 00:07:56,454 - ml.signal_enhancer - INFO - VQ ranking enabled: True
2026-06-20 00:07:56,454 - ml.signal_enhancer - INFO - LASSO feature selection ready: True
2026-06-20 00:07:56,454 - __main__ - ERROR - 0058.KL: Error in ML signal enhancement: fetch_fundamentals() takes 1 positional argument but 2 were given
2026-06-20 00:07:56,881 - __main__ - ERROR - 0159.KL: Error in ML signal enhancement: fetch_fundamentals() takes 1 positional argument but 2 were given
2026-06-20 00:07:58,174 - yfinance - ERROR - HTTP Error 404: {"quoteSummary":{"result":null,"error":{"code":"Not Found","description":"Quote not found for symbol: 0294.KL"}}}
2026-06-20 00:07:58,490 - yfinance - ERROR - $0294.KL: possibly delisted; no price data found  (period=2y) (Yahoo error = "No data found, symbol may be delisted")
2026-06-20 00:07:58,494 - yfinance - ERROR - 
1 Failed download:
2026-06-20 00:07:58,494 - yfinance - ERROR - ['0294.KL']: possibly delisted; no price data found  (period=2y) (Yahoo error = "No data found, symbol may be delisted")
2026-06-20 00:07:58,498 - __main__ - WARNING - No weekly data found for 0294.KL
2026-06-20 00:07:58,603 - __main__ - ERROR - 03019.KL: Error in ML signal enhancement: fetch_fundamentals() takes 1 positional argument but 2 were given
2026-06-20 00:07:58,982 - __main__ - INFO - KLSE Progress: 20/119
2026-06-20 00:07:59,564 - yfinance - ERROR - HTTP Error 404: {"quoteSummary":{"result":null,"error":{"code":"Not Found","description":"Quote not found for symbol: 0426.KL"}}}
2026-06-20 00:07:59,871 - yfinance - ERROR - $0426.KL: possibly delisted; no price data found  (period=2y) (Yahoo error = "No data found, symbol may be delisted")
2026-06-20 00:07:59,879 - yfinance - ERROR - 
1 Failed download:
2026-06-20 00:07:59,879 - yfinance - ERROR - ['0426.KL']: possibly delisted; no price data found  (period=2y) (Yahoo error = "No data found, symbol may be delisted")
2026-06-20 00:07:59,882 - __main__ - WARNING - No weekly data found for 0426.KL
2026-06-20 00:08:00,499 - yfinance - ERROR - $0473.KL: possibly delisted; no price data found  (period=2y) (Yahoo error = "No data found, symbol may be delisted")
2026-06-20 00:08:00,507 - yfinance - ERROR - 
1 Failed download:
2026-06-20 00:08:00,507 - yfinance - ERROR - ['0473.KL']: possibly delisted; no price data found  (period=2y) (Yahoo error = "No data found, symbol may be delisted")
2026-06-20 00:08:00,510 - __main__ - WARNING - No weekly data found for 0473.KL
2026-06-20 00:08:01,130 - yfinance - ERROR - $0514.KL: possibly delisted; no price data found  (period=2y) (Yahoo error = "No data found, symbol may be delisted")
2026-06-20 00:08:01,134 - yfinance - ERROR - 
1 Failed download:
2026-06-20 00:08:01,134 - yfinance - ERROR - ['0514.KL']: possibly delisted; no price data found  (period=2y) (Yahoo error = "No data found, symbol may be delisted")
2026-06-20 00:08:01,137 - __main__ - WARNING - No weekly data found for 0514.KL
2026-06-20 00:08:01,734 - yfinance - ERROR - $0525.KL: possibly delisted; no price data found  (period=2y) (Yahoo error = "No data found, symbol may be delisted")
2026-06-20 00:08:01,734 - yfinance - ERROR - 
1 Failed download:
2026-06-20 00:08:01,735 - yfinance - ERROR - ['0525.KL']: possibly delisted; no price data found  (period=2y) (Yahoo error = "No data found, symbol may be delisted")
2026-06-20 00:08:01,740 - __main__ - WARNING - No weekly data found for 0525.KL
2026-06-20 00:08:03,003 - yfinance - ERROR - $2282.KL: possibly delisted; no price data found  (period=2y) (Yahoo error = "No data found, symbol may be delisted")
2026-06-20 00:08:03,007 - yfinance - ERROR - 
1 Failed download:
2026-06-20 00:08:03,007 - yfinance - ERROR - ['2282.KL']: possibly delisted; no price data found  (period=2y) (Yahoo error = "No data found, symbol may be delisted")
2026-06-20 00:08:03,011 - __main__ - WARNING - No weekly data found for 2282.KL
2026-06-20 00:08:03,955 - yfinance - ERROR - $2365.KL: possibly delisted; no price data found  (period=2y) (Yahoo error = "No data found, symbol may be delisted")
2026-06-20 00:08:03,958 - yfinance - ERROR - 
1 Failed download:
2026-06-20 00:08:03,958 - yfinance - ERROR - ['2365.KL']: possibly delisted; no price data found  (period=2y) (Yahoo error = "No data found, symbol may be delisted")
2026-06-20 00:08:03,962 - __main__ - WARNING - No weekly data found for 2365.KL
2026-06-20 00:08:05,674 - yfinance - ERROR - $3035.KL: possibly delisted; no price data found  (period=2y) (Yahoo error = "No data found, symbol may be delisted")
2026-06-20 00:08:05,677 - yfinance - ERROR - 
1 Failed download:
2026-06-20 00:08:05,677 - yfinance - ERROR - ['3035.KL']: possibly delisted; no price data found  (period=2y) (Yahoo error = "No data found, symbol may be delisted")
2026-06-20 00:08:05,682 - __main__ - WARNING - No weekly data found for 3035.KL
2026-06-20 00:08:06,428 - yfinance - ERROR - $3229.KL: possibly delisted; no price data found  (period=2y) (Yahoo error = "No data found, symbol may be delisted")
2026-06-20 00:08:06,429 - yfinance - ERROR - 
1 Failed download:
2026-06-20 00:08:06,429 - yfinance - ERROR - ['3229.KL']: possibly delisted; no price data found  (period=2y) (Yahoo error = "No data found, symbol may be delisted")
2026-06-20 00:08:06,434 - __main__ - WARNING - No weekly data found for 3229.KL
2026-06-20 00:08:06,552 - __main__ - INFO - KLSE Progress: 40/119
2026-06-20 00:08:07,417 - yfinance - ERROR - $4588.KL: possibly delisted; no price data found  (period=2y) (Yahoo error = "No data found, symbol may be delisted")
2026-06-20 00:08:07,421 - yfinance - ERROR - 
1 Failed download:
2026-06-20 00:08:07,421 - yfinance - ERROR - ['4588.KL']: possibly delisted; no price data found  (period=2y) (Yahoo error = "No data found, symbol may be delisted")
2026-06-20 00:08:07,424 - __main__ - WARNING - No weekly data found for 4588.KL
2026-06-20 00:08:07,814 - __main__ - ERROR - 4723.KL: Error in ML signal enhancement: fetch_fundamentals() takes 1 positional argument but 2 were given
2026-06-20 00:08:08,623 - yfinance - ERROR - $4782.KL: possibly delisted; no price data found  (period=2y) (Yahoo error = "No data found, symbol may be delisted")
2026-06-20 00:08:08,630 - yfinance - ERROR - 
1 Failed download:
2026-06-20 00:08:08,630 - yfinance - ERROR - ['4782.KL']: possibly delisted; no price data found  (period=2y) (Yahoo error = "No data found, symbol may be delisted")
2026-06-20 00:08:08,634 - __main__ - WARNING - No weekly data found for 4782.KL
2026-06-20 00:08:09,819 - yfinance - ERROR - $5014.KL: possibly delisted; no price data found  (period=2y) (Yahoo error = "No data found, symbol may be delisted")
2026-06-20 00:08:09,823 - yfinance - ERROR - 
1 Failed download:
2026-06-20 00:08:09,824 - yfinance - ERROR - ['5014.KL']: possibly delisted; no price data found  (period=2y) (Yahoo error = "No data found, symbol may be delisted")
2026-06-20 00:08:09,827 - __main__ - WARNING - No weekly data found for 5014.KL
2026-06-20 00:08:10,220 - __main__ - ERROR - 5026.KL: Error in ML signal enhancement: fetch_fundamentals() takes 1 positional argument but 2 were given
2026-06-20 00:08:10,941 - __main__ - INFO - KLSE Progress: 60/119
2026-06-20 00:08:11,738 - yfinance - ERROR - $5117.KL: possibly delisted; no price data found  (period=2y) (Yahoo error = "No data found, symbol may be delisted")
2026-06-20 00:08:11,740 - yfinance - ERROR - 
1 Failed download:
2026-06-20 00:08:11,740 - yfinance - ERROR - ['5117.KL']: possibly delisted; no price data found  (period=2y) (Yahoo error = "No data found, symbol may be delisted")
2026-06-20 00:08:11,743 - __main__ - WARNING - No weekly data found for 5117.KL
2026-06-20 00:08:12,356 - yfinance - ERROR - $5118.KL: possibly delisted; no price data found  (period=2y) (Yahoo error = "No data found, symbol may be delisted")
2026-06-20 00:08:12,358 - yfinance - ERROR - 
1 Failed download:
2026-06-20 00:08:12,358 - yfinance - ERROR - ['5118.KL']: possibly delisted; no price data found  (period=2y) (Yahoo error = "No data found, symbol may be delisted")
2026-06-20 00:08:12,362 - __main__ - WARNING - No weekly data found for 5118.KL
2026-06-20 00:08:12,948 - yfinance - ERROR - $5122.KL: possibly delisted; no price data found  (period=2y) (Yahoo error = "No data found, symbol may be delisted")
2026-06-20 00:08:12,957 - yfinance - ERROR - 
1 Failed download:
2026-06-20 00:08:12,957 - yfinance - ERROR - ['5122.KL']: possibly delisted; no price data found  (period=2y) (Yahoo error = "No data found, symbol may be delisted")
2026-06-20 00:08:12,962 - __main__ - WARNING - No weekly data found for 5122.KL
2026-06-20 00:08:14,254 - yfinance - ERROR - $5181.KL: possibly delisted; no price data found  (period=2y) (Yahoo error = "No data found, symbol may be delisted")
2026-06-20 00:08:14,261 - yfinance - ERROR - 
1 Failed download:
2026-06-20 00:08:14,261 - yfinance - ERROR - ['5181.KL']: possibly delisted; no price data found  (period=2y) (Yahoo error = "No data found, symbol may be delisted")
2026-06-20 00:08:14,265 - __main__ - WARNING - No weekly data found for 5181.KL
2026-06-20 00:08:14,732 - __main__ - ERROR - 5188.KL: Error in ML signal enhancement: fetch_fundamentals() takes 1 positional argument but 2 were given
2026-06-20 00:08:15,698 - yfinance - ERROR - $5215.KL: possibly delisted; no price data found  (period=2y) (Yahoo error = "No data found, symbol may be delisted")
2026-06-20 00:08:15,707 - yfinance - ERROR - 
1 Failed download:
2026-06-20 00:08:15,707 - yfinance - ERROR - ['5215.KL']: possibly delisted; no price data found  (period=2y) (Yahoo error = "No data found, symbol may be delisted")
2026-06-20 00:08:15,712 - __main__ - WARNING - No weekly data found for 5215.KL
2026-06-20 00:08:15,942 - __main__ - INFO - KLSE Progress: 80/119
2026-06-20 00:08:16,405 - __main__ - ERROR - 5250.KL: Error in ML signal enhancement: fetch_fundamentals() takes 1 positional argument but 2 were given
2026-06-20 00:08:17,473 - yfinance - ERROR - $5262.KL: possibly delisted; no price data found  (period=2y) (Yahoo error = "No data found, symbol may be delisted")
2026-06-20 00:08:17,478 - yfinance - ERROR - 
1 Failed download:
2026-06-20 00:08:17,478 - yfinance - ERROR - ['5262.KL']: possibly delisted; no price data found  (period=2y) (Yahoo error = "No data found, symbol may be delisted")
2026-06-20 00:08:17,483 - __main__ - WARNING - No weekly data found for 5262.KL
2026-06-20 00:08:18,205 - yfinance - ERROR - $5266.KL: possibly delisted; no price data found  (period=2y) (Yahoo error = "No data found, symbol may be delisted")
2026-06-20 00:08:18,208 - yfinance - ERROR - 
1 Failed download:
2026-06-20 00:08:18,208 - yfinance - ERROR - ['5266.KL']: possibly delisted; no price data found  (period=2y) (Yahoo error = "No data found, symbol may be delisted")
2026-06-20 00:08:18,212 - __main__ - WARNING - No weekly data found for 5266.KL
2026-06-20 00:08:18,805 - yfinance - ERROR - $5270.KL: possibly delisted; no price data found  (period=2y) (Yahoo error = "No data found, symbol may be delisted")
2026-06-20 00:08:18,814 - yfinance - ERROR - 
1 Failed download:
2026-06-20 00:08:18,814 - yfinance - ERROR - ['5270.KL']: possibly delisted; no price data found  (period=2y) (Yahoo error = "No data found, symbol may be delisted")
2026-06-20 00:08:18,819 - __main__ - WARNING - No weekly data found for 5270.KL
2026-06-20 00:08:20,279 - yfinance - ERROR - $5735.KL: possibly delisted; no price data found  (period=2y) (Yahoo error = "No data found, symbol may be delisted")
2026-06-20 00:08:20,281 - yfinance - ERROR - 
1 Failed download:
2026-06-20 00:08:20,281 - yfinance - ERROR - ['5735.KL']: possibly delisted; no price data found  (period=2y) (Yahoo error = "No data found, symbol may be delisted")
2026-06-20 00:08:20,286 - __main__ - WARNING - No weekly data found for 5735.KL
2026-06-20 00:08:20,979 - yfinance - ERROR - $5926.KL: possibly delisted; no price data found  (period=2y) (Yahoo error = "No data found, symbol may be delisted")
2026-06-20 00:08:20,982 - yfinance - ERROR - 
1 Failed download:
2026-06-20 00:08:20,983 - yfinance - ERROR - ['5926.KL']: possibly delisted; no price data found  (period=2y) (Yahoo error = "No data found, symbol may be delisted")
2026-06-20 00:08:20,987 - __main__ - WARNING - No weekly data found for 5926.KL
2026-06-20 00:08:20,987 - __main__ - INFO - KLSE Progress: 100/119
2026-06-20 00:08:21,814 - yfinance - ERROR - $6013.KL: possibly delisted; no price data found  (period=2y) (Yahoo error = "No data found, symbol may be delisted")
2026-06-20 00:08:21,815 - yfinance - ERROR - 
1 Failed download:
2026-06-20 00:08:21,815 - yfinance - ERROR - ['6013.KL']: possibly delisted; no price data found  (period=2y) (Yahoo error = "No data found, symbol may be delisted")
2026-06-20 00:08:21,820 - __main__ - WARNING - No weekly data found for 6013.KL
2026-06-20 00:08:22,761 - yfinance - ERROR - $6155.KL: possibly delisted; no price data found  (period=2y) (Yahoo error = "No data found, symbol may be delisted")
2026-06-20 00:08:22,767 - yfinance - ERROR - 
1 Failed download:
2026-06-20 00:08:22,767 - yfinance - ERROR - ['6155.KL']: possibly delisted; no price data found  (period=2y) (Yahoo error = "No data found, symbol may be delisted")
2026-06-20 00:08:22,771 - __main__ - WARNING - No weekly data found for 6155.KL
2026-06-20 00:08:23,360 - yfinance - ERROR - $6664.KL: possibly delisted; no price data found  (period=2y) (Yahoo error = "No data found, symbol may be delisted")
2026-06-20 00:08:23,368 - yfinance - ERROR - 
1 Failed download:
2026-06-20 00:08:23,368 - yfinance - ERROR - ['6664.KL']: possibly delisted; no price data found  (period=2y) (Yahoo error = "No data found, symbol may be delisted")
2026-06-20 00:08:23,373 - __main__ - WARNING - No weekly data found for 6664.KL
2026-06-20 00:08:25,304 - yfinance - ERROR - $7493.KL: possibly delisted; no price data found  (period=2y) (Yahoo error = "No data found, symbol may be delisted")
2026-06-20 00:08:25,309 - yfinance - ERROR - 
1 Failed download:
2026-06-20 00:08:25,310 - yfinance - ERROR - ['7493.KL']: possibly delisted; no price data found  (period=2y) (Yahoo error = "No data found, symbol may be delisted")
2026-06-20 00:08:25,314 - __main__ - WARNING - No weekly data found for 7493.KL
2026-06-20 00:08:25,918 - yfinance - ERROR - $7566.KL: possibly delisted; no price data found  (period=2y) (Yahoo error = "No data found, symbol may be delisted")
2026-06-20 00:08:25,919 - yfinance - ERROR - 
1 Failed download:
2026-06-20 00:08:25,919 - yfinance - ERROR - ['7566.KL']: possibly delisted; no price data found  (period=2y) (Yahoo error = "No data found, symbol may be delisted")
2026-06-20 00:08:25,923 - __main__ - WARNING - No weekly data found for 7566.KL
2026-06-20 00:08:26,747 - yfinance - ERROR - $7874.KL: possibly delisted; no price data found  (period=2y) (Yahoo error = "No data found, symbol may be delisted")
2026-06-20 00:08:26,748 - yfinance - ERROR - 
1 Failed download:
2026-06-20 00:08:26,748 - yfinance - ERROR - ['7874.KL']: possibly delisted; no price data found  (period=2y) (Yahoo error = "No data found, symbol may be delisted")
2026-06-20 00:08:26,753 - __main__ - WARNING - No weekly data found for 7874.KL
2026-06-20 00:08:26,753 - __main__ - INFO - === Scanning NASDAQ ===
2026-06-20 00:08:26,755 - __main__ - INFO - Loaded 400 tickers from config/nasdaq_universe.csv
2026-06-20 00:08:26,755 - __main__ - INFO - Scanning 400 tickers from NASDAQ universe
2026-06-20 00:08:29,036 - __main__ - INFO - NASDAQ Progress: 20/400
2026-06-20 00:08:31,435 - __main__ - INFO - NASDAQ Progress: 40/400
2026-06-20 00:08:33,885 - __main__ - INFO - NASDAQ Progress: 60/400
2026-06-20 00:08:36,295 - __main__ - INFO - NASDAQ Progress: 80/400
2026-06-20 00:08:38,616 - __main__ - INFO - NASDAQ Progress: 100/400
2026-06-20 00:08:40,197 - __main__ - ERROR - VOD: Error in ML signal enhancement: fetch_fundamentals() takes 1 positional argument but 2 were given
2026-06-20 00:08:40,943 - __main__ - INFO - NASDAQ Progress: 120/400
2026-06-20 00:08:43,231 - __main__ - INFO - NASDAQ Progress: 140/400
2026-06-20 00:08:45,378 - __main__ - INFO - NASDAQ Progress: 160/400
2026-06-20 00:08:47,755 - __main__ - INFO - NASDAQ Progress: 180/400
2026-06-20 00:08:50,019 - __main__ - INFO - NASDAQ Progress: 200/400
2026-06-20 00:08:52,301 - __main__ - INFO - NASDAQ Progress: 220/400
2026-06-20 06:29:14+0800  [week_high_low_scan]  begin
usage: run_week_high_low_scan.py [-h] [--exchanges EXCHANGES [EXCHANGES ...]]
                                 [--db DB] [--backup] [--verbose]
run_week_high_low_scan.py: error: unrecognized arguments: /home/shalu/buffett-monitor/scripts/run_week_high_low_scan.py
2026-06-20 06:29:19+0800  [week_high_low_scan]  ok (raw=2)
2026-06-20 10:08:16+0800  [week_high_low_scan]  begin
usage: run_week_high_low_scan.py [-h] [--exchanges EXCHANGES [EXCHANGES ...]]
                                 [--db DB] [--backup] [--verbose]
run_week_high_low_scan.py: error: unrecognized arguments: /home/shalu/buffett-monitor/scripts/run_week_high_low_scan.py
2026-06-20 10:08:21+0800  [week_high_low_scan]  ok (raw=2)
2026-06-20 10:13:24+0800  [week_high_low_scan]  begin
usage: run_week_high_low_scan.py [-h] [--exchanges EXCHANGES [EXCHANGES ...]]
                                 [--db DB] [--backup] [--verbose]
run_week_high_low_scan.py: error: unrecognized arguments: /home/shalu/buffett-monitor/scripts/run_week_high_low_scan.py
2026-06-20 10:13:29+0800  [week_high_low_scan]  ok (raw=2)
2026-06-22 13:00:01+0800  [week_high_low_scan]  begin
usage: run_week_high_low_scan.py [-h] [--exchanges EXCHANGES [EXCHANGES ...]]
                                 [--db DB] [--backup] [--verbose]
run_week_high_low_scan.py: error: unrecognized arguments: /home/shalu/buffett-monitor/scripts/run_week_high_low_scan.py
2026-06-22 13:00:10+0800  [week_high_low_scan]  ok (raw=2)
2026-06-29 13:00:01+0800  [week_high_low_scan]  begin
usage: run_week_high_low_scan.py [-h] [--exchanges EXCHANGES [EXCHANGES ...]]
                                 [--db DB] [--backup] [--verbose]
run_week_high_low_scan.py: error: unrecognized arguments: /home/shalu/buffett-monitor/scripts/run_week_high_low_scan.py
2026-06-29 13:00:21+0800  [week_high_low_scan]  ok (raw=2)
2026-07-06 13:00:01+0800  [week_high_low_scan]  begin
2026-07-06 13:00:04,817 - __main__ - INFO - Starting week high/low scan...
2026-07-06 13:00:04,817 - __main__ - INFO - Exchanges to scan: KLSE, NASDAQ, NYSE
2026-07-06 13:00:04,817 - __main__ - INFO - === Scanning KLSE ===
2026-07-06 13:00:04,822 - __main__ - INFO - Loaded 119 tickers from config/klse_universe.csv
2026-07-06 13:00:04,822 - __main__ - INFO - Scanning 119 tickers from KLSE universe
2026-07-06 13:00:34,842 - yfinance - ERROR - $0041.KL: possibly delisted; no price data found  (period=2y)
2026-07-06 13:00:34,843 - yfinance - ERROR - 
1 Failed download:
2026-07-06 13:00:34,843 - yfinance - ERROR - ['0041.KL']: possibly delisted; no price data found  (period=2y)
2026-07-06 13:00:34,850 - __main__ - WARNING - No weekly data found for 0041.KL
2026-07-06 13:01:04,856 - yfinance - ERROR - $0058.KL: possibly delisted; no price data found  (period=2y)
2026-07-06 13:01:04,860 - yfinance - ERROR - 
1 Failed download:
2026-07-06 13:01:04,860 - yfinance - ERROR - ['0058.KL']: possibly delisted; no price data found  (period=2y)
2026-07-06 13:01:04,865 - __main__ - WARNING - No weekly data found for 0058.KL
2026-07-06 13:01:34,871 - yfinance - ERROR - $0097.KL: possibly delisted; no price data found  (period=2y)
2026-07-06 13:01:34,872 - yfinance - ERROR - 
1 Failed download:
2026-07-06 13:01:34,872 - yfinance - ERROR - ['0097.KL']: possibly delisted; no price data found  (period=2y)
2026-07-06 13:01:34,877 - __main__ - WARNING - No weekly data found for 0097.KL
2026-07-06 13:02:04,883 - yfinance - ERROR - $0128.KL: possibly delisted; no price data found  (period=2y)
2026-07-06 13:02:04,890 - yfinance - ERROR - 
1 Failed download:
2026-07-06 13:02:04,890 - yfinance - ERROR - ['0128.KL']: possibly delisted; no price data found  (period=2y)
2026-07-06 13:02:04,895 - __main__ - WARNING - No weekly data found for 0128.KL
2026-07-06 13:02:34,901 - yfinance - ERROR - $0138.KL: possibly delisted; no price data found  (period=2y)
2026-07-06 13:02:34,903 - yfinance - ERROR - 
1 Failed download:
2026-07-06 13:02:34,903 - yfinance - ERROR - ['0138.KL']: possibly delisted; no price data found  (period=2y)
2026-07-06 13:02:34,908 - __main__ - WARNING - No weekly data found for 0138.KL
2026-07-06 13:03:04,914 - yfinance - ERROR - $0159.KL: possibly delisted; no price data found  (period=2y)
2026-07-06 13:03:04,919 - yfinance - ERROR - 
1 Failed download:
2026-07-06 13:03:04,920 - yfinance - ERROR - ['0159.KL']: possibly delisted; no price data found  (period=2y)
2026-07-06 13:03:04,924 - __main__ - WARNING - No weekly data found for 0159.KL
2026-07-06 13:03:34,930 - yfinance - ERROR - $0163.KL: possibly delisted; no price data found  (period=2y)
2026-07-06 13:03:34,933 - yfinance - ERROR - 
1 Failed download:
2026-07-06 13:03:34,933 - yfinance - ERROR - ['0163.KL']: possibly delisted; no price data found  (period=2y)
2026-07-06 13:03:34,938 - __main__ - WARNING - No weekly data found for 0163.KL
2026-07-06 13:04:04,945 - yfinance - ERROR - $0172.KL: possibly delisted; no price data found  (period=2y)
2026-07-06 13:04:04,946 - yfinance - ERROR - 
1 Failed download:
2026-07-06 13:04:04,946 - yfinance - ERROR - ['0172.KL']: possibly delisted; no price data found  (period=2y)
2026-07-06 13:04:04,950 - __main__ - WARNING - No weekly data found for 0172.KL
2026-07-06 13:04:34,956 - yfinance - ERROR - $0182.KL: possibly delisted; no price data found  (period=2y)
2026-07-06 13:04:34,964 - yfinance - ERROR - 
1 Failed download:
2026-07-06 13:04:34,964 - yfinance - ERROR - ['0182.KL']: possibly delisted; no price data found  (period=2y)
2026-07-06 13:04:34,969 - __main__ - WARNING - No weekly data found for 0182.KL
2026-07-06 13:05:04,975 - yfinance - ERROR - $0193.KL: possibly delisted; no price data found  (period=2y)
2026-07-06 13:05:04,981 - yfinance - ERROR - 
1 Failed download:
2026-07-06 13:05:04,981 - yfinance - ERROR - ['0193.KL']: possibly delisted; no price data found  (period=2y)
2026-07-06 13:05:04,986 - __main__ - WARNING - No weekly data found for 0193.KL
2026-07-06 13:05:34,992 - yfinance - ERROR - $0213.KL: possibly delisted; no price data found  (period=2y)
2026-07-06 13:05:34,992 - yfinance - ERROR - 
1 Failed download:
2026-07-06 13:05:34,993 - yfinance - ERROR - ['0213.KL']: possibly delisted; no price data found  (period=2y)
2026-07-06 13:05:34,998 - __main__ - WARNING - No weekly data found for 0213.KL
2026-07-06 13:06:05,003 - yfinance - ERROR - $0226.KL: possibly delisted; no price data found  (period=2y)
2026-07-06 13:06:05,012 - yfinance - ERROR - 
1 Failed download:
2026-07-06 13:06:05,012 - yfinance - ERROR - ['0226.KL']: possibly delisted; no price data found  (period=2y)
2026-07-06 13:06:05,016 - __main__ - WARNING - No weekly data found for 0226.KL
2026-07-06 13:06:35,022 - yfinance - ERROR - $0259.KL: possibly delisted; no price data found  (period=2y)
2026-07-06 13:06:35,026 - yfinance - ERROR - 
1 Failed download:
2026-07-06 13:06:35,026 - yfinance - ERROR - ['0259.KL']: possibly delisted; no price data found  (period=2y)
2026-07-06 13:06:35,031 - __main__ - WARNING - No weekly data found for 0259.KL
2026-07-06 13:07:05,036 - yfinance - ERROR - Failed to get ticker '0294.KL' reason: Failed to perform, curl: (28) Connection timed out after 30002 milliseconds. See https://curl.se/libcurl/c/libcurl-errors.html first for more details.
2026-07-06 13:07:35,048 - yfinance - ERROR - 
1 Failed download:
2026-07-06 13:07:35,048 - yfinance - ERROR - ['0294.KL']: Timeout('Failed to perform, curl: (28) Connection timed out after 30002 milliseconds. See https://curl.se/libcurl/c/libcurl-errors.html first for more details.')
2026-07-06 13:07:35,053 - __main__ - WARNING - No weekly data found for 0294.KL
2026-07-06 13:08:05,058 - yfinance - ERROR - $03019.KL: possibly delisted; no price data found  (period=2y)
2026-07-06 13:08:05,065 - yfinance - ERROR - 
1 Failed download:
2026-07-06 13:08:05,065 - yfinance - ERROR - ['03019.KL']: possibly delisted; no price data found  (period=2y)
2026-07-06 13:08:05,070 - __main__ - WARNING - No weekly data found for 03019.KL
2026-07-06 13:08:35,076 - yfinance - ERROR - $0311.KL: possibly delisted; no price data found  (period=2y)
2026-07-06 13:08:35,077 - yfinance - ERROR - 
1 Failed download:
2026-07-06 13:08:35,077 - yfinance - ERROR - ['0311.KL']: possibly delisted; no price data found  (period=2y)
2026-07-06 13:08:35,082 - __main__ - WARNING - No weekly data found for 0311.KL
2026-07-06 13:09:05,087 - yfinance - ERROR - $0356.KL: possibly delisted; no price data found  (period=2y)
2026-07-06 13:09:05,096 - yfinance - ERROR - 
1 Failed download:
2026-07-06 13:09:05,096 - yfinance - ERROR - ['0356.KL']: possibly delisted; no price data found  (period=2y)
2026-07-06 13:09:05,100 - __main__ - WARNING - No weekly data found for 0356.KL
2026-07-06 13:09:35,106 - yfinance - ERROR - $0388.KL: possibly delisted; no price data found  (period=2y)
2026-07-06 13:09:35,112 - yfinance - ERROR - 
1 Failed download:
2026-07-06 13:09:35,112 - yfinance - ERROR - ['0388.KL']: possibly delisted; no price data found  (period=2y)
2026-07-06 13:09:35,116 - __main__ - WARNING - No weekly data found for 0388.KL
2026-07-06 13:10:05,122 - yfinance - ERROR - $0398.KL: possibly delisted; no price data found  (period=2y)
2026-07-06 13:10:05,125 - yfinance - ERROR - 
1 Failed download:
2026-07-06 13:10:05,125 - yfinance - ERROR - ['0398.KL']: possibly delisted; no price data found  (period=2y)
2026-07-06 13:10:05,130 - __main__ - WARNING - No weekly data found for 0398.KL
2026-07-06 13:10:05,130 - __main__ - INFO - KLSE Progress: 20/119
2026-07-06 13:10:35,135 - yfinance - ERROR - Failed to get ticker '0426.KL' reason: Failed to perform, curl: (28) Connection timed out after 30002 milliseconds. See https://curl.se/libcurl/c/libcurl-errors.html first for more details.
2026-07-06 13:11:05,142 - yfinance - ERROR - 
1 Failed download:
2026-07-06 13:11:05,142 - yfinance - ERROR - ['0426.KL']: Timeout('Failed to perform, curl: (28) Connection timed out after 30002 milliseconds. See https://curl.se/libcurl/c/libcurl-errors.html first for more details.')
2026-07-06 13:11:05,147 - __main__ - WARNING - No weekly data found for 0426.KL
2026-07-06 13:11:35,155 - yfinance - ERROR - Failed to get ticker '0473.KL' reason: Failed to perform, curl: (28) Connection timed out after 30002 milliseconds. See https://curl.se/libcurl/c/libcurl-errors.html first for more details.
2026-07-06 13:12:05,159 - yfinance - ERROR - $0473.KL: possibly delisted; no price data found  (period=2y)
2026-07-06 13:12:05,160 - yfinance - ERROR - 
1 Failed download:
2026-07-06 13:12:05,161 - yfinance - ERROR - ['0473.KL']: possibly delisted; no price data found  (period=2y)
2026-07-06 13:12:05,165 - __main__ - WARNING - No weekly data found for 0473.KL
2026-07-06 13:12:35,170 - yfinance - ERROR - Failed to get ticker '0514.KL' reason: Failed to perform, curl: (28) Connection timed out after 30002 milliseconds. See https://curl.se/libcurl/c/libcurl-errors.html first for more details.
2026-07-06 13:13:05,175 - yfinance - ERROR - $0514.KL: possibly delisted; no price data found  (period=2y)
2026-07-06 13:13:05,175 - yfinance - ERROR - 
1 Failed download:
2026-07-06 13:13:05,176 - yfinance - ERROR - ['0514.KL']: possibly delisted; no price data found  (period=2y)
2026-07-06 13:13:05,180 - __main__ - WARNING - No weekly data found for 0514.KL
2026-07-06 13:13:35,185 - yfinance - ERROR - Failed to get ticker '0525.KL' reason: Failed to perform, curl: (28) Connection timed out after 30002 milliseconds. See https://curl.se/libcurl/c/libcurl-errors.html first for more details.
2026-07-06 13:14:05,190 - yfinance - ERROR - $0525.KL: possibly delisted; no price data found  (period=2y)
2026-07-06 13:14:05,190 - yfinance - ERROR - 
1 Failed download:
2026-07-06 13:14:05,191 - yfinance - ERROR - ['0525.KL']: possibly delisted; no price data found  (period=2y)
2026-07-06 13:14:05,196 - __main__ - WARNING - No weekly data found for 0525.KL
2026-07-06 13:14:35,202 - yfinance - ERROR - $1023.KL: possibly delisted; no price data found  (period=2y)
2026-07-06 13:14:35,202 - yfinance - ERROR - 
1 Failed download:
2026-07-06 13:14:35,203 - yfinance - ERROR - ['1023.KL']: possibly delisted; no price data found  (period=2y)
2026-07-06 13:14:35,207 - __main__ - WARNING - No weekly data found for 1023.KL
2026-07-06 13:15:05,213 - yfinance - ERROR - $1066.KL: possibly delisted; no price data found  (period=2y)
2026-07-06 13:15:05,221 - yfinance - ERROR - 
1 Failed download:
2026-07-06 13:15:05,222 - yfinance - ERROR - ['1066.KL']: possibly delisted; no price data found  (period=2y)
2026-07-06 13:15:05,226 - __main__ - WARNING - No weekly data found for 1066.KL
2026-07-06 13:15:35,232 - yfinance - ERROR - $1082.KL: possibly delisted; no price data found  (period=2y)
2026-07-06 13:15:35,234 - yfinance - ERROR - 
1 Failed download:
2026-07-06 13:15:35,234 - yfinance - ERROR - ['1082.KL']: possibly delisted; no price data found  (period=2y)
2026-07-06 13:15:35,239 - __main__ - WARNING - No weekly data found for 1082.KL
2026-07-06 13:16:05,245 - yfinance - ERROR - $1155.KL: possibly delisted; no price data found  (period=2y)
2026-07-06 13:16:05,248 - yfinance - ERROR - 
1 Failed download:
2026-07-06 13:16:05,248 - yfinance - ERROR - ['1155.KL']: possibly delisted; no price data found  (period=2y)
2026-07-06 13:16:05,253 - __main__ - WARNING - No weekly data found for 1155.KL
2026-07-06 13:16:35,258 - yfinance - ERROR - $1295.KL: possibly delisted; no price data found  (period=2y)
2026-07-06 13:16:35,264 - yfinance - ERROR - 
1 Failed download:
2026-07-06 13:16:35,264 - yfinance - ERROR - ['1295.KL']: possibly delisted; no price data found  (period=2y)
2026-07-06 13:16:35,269 - __main__ - WARNING - No weekly data found for 1295.KL
2026-07-06 13:17:05,274 - yfinance - ERROR - Failed to get ticker '2282.KL' reason: Failed to perform, curl: (28) Connection timed out after 30001 milliseconds. See https://curl.se/libcurl/c/libcurl-errors.html first for more details.
2026-07-06 13:17:35,278 - yfinance - ERROR - $2282.KL: possibly delisted; no price data found  (period=2y)
2026-07-06 13:17:35,279 - yfinance - ERROR - 
1 Failed download:
2026-07-06 13:17:35,279 - yfinance - ERROR - ['2282.KL']: possibly delisted; no price data found  (period=2y)
2026-07-06 13:17:35,283 - __main__ - WARNING - No weekly data found for 2282.KL
2026-07-06 13:18:05,290 - yfinance - ERROR - $2291.KL: possibly delisted; no price data found  (period=2y)
2026-07-06 13:18:05,297 - yfinance - ERROR - 
1 Failed download:
2026-07-06 13:18:05,297 - yfinance - ERROR - ['2291.KL']: possibly delisted; no price data found  (period=2y)
2026-07-06 13:18:05,302 - __main__ - WARNING - No weekly data found for 2291.KL
2026-07-06 13:18:35,307 - yfinance - ERROR - Failed to get ticker '2365.KL' reason: Failed to perform, curl: (28) Connection timed out after 30002 milliseconds. See https://curl.se/libcurl/c/libcurl-errors.html first for more details.
2026-07-06 13:19:05,312 - yfinance - ERROR - $2365.KL: possibly delisted; no price data found  (period=2y)
2026-07-06 13:19:05,319 - yfinance - ERROR - 
1 Failed download:
2026-07-06 13:19:05,319 - yfinance - ERROR - ['2365.KL']: possibly delisted; no price data found  (period=2y)
2026-07-06 13:19:05,323 - __main__ - WARNING - No weekly data found for 2365.KL
2026-07-06 13:19:35,329 - yfinance - ERROR - $2445.KL: possibly delisted; no price data found  (period=2y)
2026-07-06 13:19:35,335 - yfinance - ERROR - 
1 Failed download:
2026-07-06 13:19:35,335 - yfinance - ERROR - ['2445.KL']: possibly delisted; no price data found  (period=2y)
2026-07-06 13:19:35,340 - __main__ - WARNING - No weekly data found for 2445.KL
2026-07-06 13:20:05,347 - yfinance - ERROR - $2488.KL: possibly delisted; no price data found  (period=2y)
2026-07-06 13:20:05,347 - yfinance - ERROR - 
1 Failed download:
2026-07-06 13:20:05,348 - yfinance - ERROR - ['2488.KL']: possibly delisted; no price data found  (period=2y)
2026-07-06 13:20:05,352 - __main__ - WARNING - No weekly data found for 2488.KL
2026-07-06 13:20:35,357 - yfinance - ERROR - $3026.KL: possibly delisted; no price data found  (period=2y)
2026-07-06 13:20:35,359 - yfinance - ERROR - 
1 Failed download:
2026-07-06 13:20:35,359 - yfinance - ERROR - ['3026.KL']: possibly delisted; no price data found  (period=2y)
2026-07-06 13:20:35,364 - __main__ - WARNING - No weekly data found for 3026.KL
2026-07-06 13:21:05,370 - yfinance - ERROR - $3034.KL: possibly delisted; no price data found  (period=2y)
2026-07-06 13:21:05,374 - yfinance - ERROR - 
1 Failed download:
2026-07-06 13:21:05,374 - yfinance - ERROR - ['3034.KL']: possibly delisted; no price data found  (period=2y)
2026-07-06 13:21:05,379 - __main__ - WARNING - No weekly data found for 3034.KL
2026-07-06 13:21:35,385 - yfinance - ERROR - Failed to get ticker '3035.KL' reason: Failed to perform, curl: (28) Connection timed out after 30002 milliseconds. See https://curl.se/libcurl/c/libcurl-errors.html first for more details.
2026-07-06 13:22:05,389 - yfinance - ERROR - $3035.KL: possibly delisted; no price data found  (period=2y)
2026-07-06 13:22:05,395 - yfinance - ERROR - 
1 Failed download:
2026-07-06 13:22:05,395 - yfinance - ERROR - ['3035.KL']: possibly delisted; no price data found  (period=2y)
2026-07-06 13:22:05,398 - __main__ - WARNING - No weekly data found for 3035.KL
2026-07-06 13:22:35,402 - yfinance - ERROR - $3182.KL: possibly delisted; no price data found  (period=2y)
2026-07-06 13:22:35,409 - yfinance - ERROR - 
1 Failed download:
2026-07-06 13:22:35,409 - yfinance - ERROR - ['3182.KL']: possibly delisted; no price data found  (period=2y)
2026-07-06 13:22:35,414 - __main__ - WARNING - No weekly data found for 3182.KL
2026-07-06 13:23:05,418 - yfinance - ERROR - Failed to get ticker '3229.KL' reason: Failed to perform, curl: (28) Connection timed out after 30001 milliseconds. See https://curl.se/libcurl/c/libcurl-errors.html first for more details.
2026-07-06 13:23:35,422 - yfinance - ERROR - $3229.KL: possibly delisted; no price data found  (period=2y)
2026-07-06 13:23:35,422 - yfinance - ERROR - 
1 Failed download:
2026-07-06 13:23:35,423 - yfinance - ERROR - ['3229.KL']: possibly delisted; no price data found  (period=2y)
2026-07-06 13:23:35,428 - __main__ - WARNING - No weekly data found for 3229.KL
2026-07-06 13:24:05,433 - yfinance - ERROR - $3395.KL: possibly delisted; no price data found  (period=2y)
2026-07-06 13:24:05,434 - yfinance - ERROR - 
1 Failed download:
2026-07-06 13:24:05,434 - yfinance - ERROR - ['3395.KL']: possibly delisted; no price data found  (period=2y)
2026-07-06 13:24:05,439 - __main__ - WARNING - No weekly data found for 3395.KL
2026-07-06 13:24:05,439 - __main__ - INFO - KLSE Progress: 40/119
2026-07-06 13:24:35,443 - yfinance - ERROR - $3816.KL: possibly delisted; no price data found  (period=2y)
2026-07-06 13:24:35,444 - yfinance - ERROR - 
1 Failed download:
2026-07-06 13:24:35,444 - yfinance - ERROR - ['3816.KL']: possibly delisted; no price data found  (period=2y)
2026-07-06 13:24:35,449 - __main__ - WARNING - No weekly data found for 3816.KL
2026-07-06 13:25:05,455 - yfinance - ERROR - $4197.KL: possibly delisted; no price data found  (period=2y)
2026-07-06 13:25:05,456 - yfinance - ERROR - 
1 Failed download:
2026-07-06 13:25:05,456 - yfinance - ERROR - ['4197.KL']: possibly delisted; no price data found  (period=2y)
2026-07-06 13:25:05,463 - __main__ - WARNING - No weekly data found for 4197.KL
2026-07-06 13:25:35,469 - yfinance - ERROR - Failed to get ticker '4588.KL' reason: Failed to perform, curl: (28) Connection timed out after 30001 milliseconds. See https://curl.se/libcurl/c/libcurl-errors.html first for more details.
2026-07-06 13:26:05,474 - yfinance - ERROR - $4588.KL: possibly delisted; no price data found  (period=2y)
2026-07-06 13:26:05,481 - yfinance - ERROR - 
1 Failed download:
2026-07-06 13:26:05,481 - yfinance - ERROR - ['4588.KL']: possibly delisted; no price data found  (period=2y)
2026-07-06 13:26:05,487 - __main__ - WARNING - No weekly data found for 4588.KL
2026-07-06 13:26:35,493 - yfinance - ERROR - $4707.KL: possibly delisted; no price data found  (period=2y)
2026-07-06 13:26:35,494 - yfinance - ERROR - 
1 Failed download:
2026-07-06 13:26:35,494 - yfinance - ERROR - ['4707.KL']: possibly delisted; no price data found  (period=2y)
2026-07-06 13:26:35,499 - __main__ - WARNING - No weekly data found for 4707.KL
2026-07-06 13:27:05,504 - yfinance - ERROR - $4715.KL: possibly delisted; no price data found  (period=2y)
2026-07-06 13:27:05,504 - yfinance - ERROR - 
1 Failed download:
2026-07-06 13:27:05,504 - yfinance - ERROR - ['4715.KL']: possibly delisted; no price data found  (period=2y)
2026-07-06 13:27:05,509 - __main__ - WARNING - No weekly data found for 4715.KL
2026-07-06 13:27:35,514 - yfinance - ERROR - $4723.KL: possibly delisted; no price data found  (period=2y)
2026-07-06 13:27:35,522 - yfinance - ERROR - 
1 Failed download:
2026-07-06 13:27:35,522 - yfinance - ERROR - ['4723.KL']: possibly delisted; no price data found  (period=2y)
2026-07-06 13:27:35,526 - __main__ - WARNING - No weekly data found for 4723.KL
2026-07-06 13:28:05,530 - yfinance - ERROR - Failed to get ticker '4782.KL' reason: Failed to perform, curl: (28) Connection timed out after 30001 milliseconds. See https://curl.se/libcurl/c/libcurl-errors.html first for more details.
2026-07-06 13:28:35,533 - yfinance - ERROR - $4782.KL: possibly delisted; no price data found  (period=2y)
2026-07-06 13:28:35,536 - yfinance - ERROR - 
1 Failed download:
2026-07-06 13:28:35,536 - yfinance - ERROR - ['4782.KL']: possibly delisted; no price data found  (period=2y)
2026-07-06 13:28:35,541 - __main__ - WARNING - No weekly data found for 4782.KL
2026-07-06 13:29:05,546 - yfinance - ERROR - $4863.KL: possibly delisted; no price data found  (period=2y)
2026-07-06 13:29:05,554 - yfinance - ERROR - 
1 Failed download:
2026-07-06 13:29:05,554 - yfinance - ERROR - ['4863.KL']: possibly delisted; no price data found  (period=2y)
2026-07-06 13:29:05,559 - __main__ - WARNING - No weekly data found for 4863.KL
2026-07-06 13:29:35,564 - yfinance - ERROR - $5001.KL: possibly delisted; no price data found  (period=2y)
2026-07-06 13:29:35,571 - yfinance - ERROR - 
1 Failed download:
2026-07-06 13:29:35,571 - yfinance - ERROR - ['5001.KL']: possibly delisted; no price data found  (period=2y)
2026-07-06 13:29:35,576 - __main__ - WARNING - No weekly data found for 5001.KL
2026-07-06 13:30:05,580 - yfinance - ERROR - $5005.KL: possibly delisted; no price data found  (period=2y)
2026-07-06 13:30:05,587 - yfinance - ERROR - 
1 Failed download:
2026-07-06 13:30:05,587 - yfinance - ERROR - ['5005.KL']: possibly delisted; no price data found  (period=2y)
2026-07-06 13:30:05,592 - __main__ - WARNING - No weekly data found for 5005.KL
2026-07-06 13:30:35,598 - yfinance - ERROR - Failed to get ticker '5014.KL' reason: Failed to perform, curl: (28) Connection timed out after 30002 milliseconds. See https://curl.se/libcurl/c/libcurl-errors.html first for more details.
2026-07-06 13:31:05,601 - yfinance - ERROR - $5014.KL: possibly delisted; no price data found  (period=2y)
2026-07-06 13:31:05,605 - yfinance - ERROR - 
1 Failed download:
2026-07-06 13:31:05,605 - yfinance - ERROR - ['5014.KL']: possibly delisted; no price data found  (period=2y)
2026-07-06 13:31:05,609 - __main__ - WARNING - No weekly data found for 5014.KL
2026-07-06 13:31:35,614 - yfinance - ERROR - $5015.KL: possibly delisted; no price data found  (period=2y)
2026-07-06 13:31:35,623 - yfinance - ERROR - 
1 Failed download:
2026-07-06 13:31:35,623 - yfinance - ERROR - ['5015.KL']: possibly delisted; no price data found  (period=2y)
2026-07-06 13:31:35,627 - __main__ - WARNING - No weekly data found for 5015.KL
2026-07-06 13:32:05,632 - yfinance - ERROR - $5016.KL: possibly delisted; no price data found  (period=2y)
2026-07-06 13:32:05,637 - yfinance - ERROR - 
1 Failed download:
2026-07-06 13:32:05,637 - yfinance - ERROR - ['5016.KL']: possibly delisted; no price data found  (period=2y)
2026-07-06 13:32:05,641 - __main__ - WARNING - No weekly data found for 5016.KL
2026-07-06 13:32:35,646 - yfinance - ERROR - $5026.KL: possibly delisted; no price data found  (period=2y)
2026-07-06 13:32:35,654 - yfinance - ERROR - 
1 Failed download:
2026-07-06 13:32:35,654 - yfinance - ERROR - ['5026.KL']: possibly delisted; no price data found  (period=2y)
2026-07-06 13:32:35,659 - __main__ - WARNING - No weekly data found for 5026.KL
2026-07-06 13:33:05,664 - yfinance - ERROR - $5031.KL: possibly delisted; no price data found  (period=2y)
2026-07-06 13:33:05,664 - yfinance - ERROR - 
1 Failed download:
2026-07-06 13:33:05,665 - yfinance - ERROR - ['5031.KL']: possibly delisted; no price data found  (period=2y)
2026-07-06 13:33:05,671 - __main__ - WARNING - No weekly data found for 5031.KL
2026-07-06 13:33:35,676 - yfinance - ERROR - $5041.KL: possibly delisted; no price data found  (period=2y)
2026-07-06 13:33:35,682 - yfinance - ERROR - 
1 Failed download:
2026-07-06 13:33:35,682 - yfinance - ERROR - ['5041.KL']: possibly delisted; no price data found  (period=2y)
2026-07-06 13:33:35,687 - __main__ - WARNING - No weekly data found for 5041.KL
2026-07-06 13:34:05,692 - yfinance - ERROR - $5100.KL: possibly delisted; no price data found  (period=2y)
2026-07-06 13:34:05,694 - yfinance - ERROR - 
1 Failed download:
2026-07-06 13:34:05,694 - yfinance - ERROR - ['5100.KL']: possibly delisted; no price data found  (period=2y)
2026-07-06 13:34:05,698 - __main__ - WARNING - No weekly data found for 5100.KL
2026-07-06 13:34:35,702 - yfinance - ERROR - $5108.KL: possibly delisted; no price data found  (period=2y)
2026-07-06 13:34:35,705 - yfinance - ERROR - 
1 Failed download:
2026-07-06 13:34:35,706 - yfinance - ERROR - ['5108.KL']: possibly delisted; no price data found  (period=2y)
2026-07-06 13:34:35,710 - __main__ - WARNING - No weekly data found for 5108.KL
2026-07-06 13:35:05,716 - yfinance - ERROR - $5109.KL: possibly delisted; no price data found  (period=2y)
2026-07-06 13:35:05,717 - yfinance - ERROR - 
1 Failed download:
2026-07-06 13:35:05,717 - yfinance - ERROR - ['5109.KL']: possibly delisted; no price data found  (period=2y)
2026-07-06 13:35:05,722 - __main__ - WARNING - No weekly data found for 5109.KL
2026-07-06 13:35:35,727 - yfinance - ERROR - $5112.KL: possibly delisted; no price data found  (period=2y)
2026-07-06 13:35:35,733 - yfinance - ERROR - 
1 Failed download:
2026-07-06 13:35:35,733 - yfinance - ERROR - ['5112.KL']: possibly delisted; no price data found  (period=2y)
2026-07-06 13:35:35,738 - __main__ - WARNING - No weekly data found for 5112.KL
2026-07-06 13:35:35,738 - __main__ - INFO - KLSE Progress: 60/119
2026-07-06 13:36:05,742 - yfinance - ERROR - Failed to get ticker '5117.KL' reason: Failed to perform, curl: (28) Connection timed out after 30000 milliseconds. See https://curl.se/libcurl/c/libcurl-errors.html first for more details.
2026-07-06 13:36:35,745 - yfinance - ERROR - $5117.KL: possibly delisted; no price data found  (period=2y)
2026-07-06 13:36:35,746 - yfinance - ERROR - 
1 Failed download:
2026-07-06 13:36:35,747 - yfinance - ERROR - ['5117.KL']: possibly delisted; no price data found  (period=2y)
2026-07-06 13:36:35,751 - __main__ - WARNING - No weekly data found for 5117.KL
2026-07-06 13:37:05,757 - yfinance - ERROR - Failed to get ticker '5118.KL' reason: Failed to perform, curl: (28) Connection timed out after 30002 milliseconds. See https://curl.se/libcurl/c/libcurl-errors.html first for more details.
2026-07-06 13:37:35,765 - yfinance - ERROR - $5118.KL: possibly delisted; no price data found  (period=2y)
2026-07-06 13:37:35,766 - yfinance - ERROR - 
1 Failed download:
2026-07-06 13:37:35,766 - yfinance - ERROR - ['5118.KL']: possibly delisted; no price data found  (period=2y)
2026-07-06 13:37:35,772 - __main__ - WARNING - No weekly data found for 5118.KL
2026-07-06 13:38:05,779 - yfinance - ERROR - Failed to get ticker '5122.KL' reason: Failed to perform, curl: (28) Connection timed out after 30002 milliseconds. See https://curl.se/libcurl/c/libcurl-errors.html first for more details.
2026-07-06 13:38:35,783 - yfinance - ERROR - $5122.KL: possibly delisted; no price data found  (period=2y)
2026-07-06 13:38:35,790 - yfinance - ERROR - 
1 Failed download:
2026-07-06 13:38:35,790 - yfinance - ERROR - ['5122.KL']: possibly delisted; no price data found  (period=2y)
2026-07-06 13:38:35,794 - __main__ - WARNING - No weekly data found for 5122.KL
2026-07-06 13:39:05,801 - yfinance - ERROR - $5123.KL: possibly delisted; no price data found  (period=2y)
2026-07-06 13:39:05,809 - yfinance - ERROR - 
1 Failed download:
2026-07-06 13:39:05,809 - yfinance - ERROR - ['5123.KL']: possibly delisted; no price data found  (period=2y)
2026-07-06 13:39:05,815 - __main__ - WARNING - No weekly data found for 5123.KL
2026-07-06 13:39:35,821 - yfinance - ERROR - $5132.KL: possibly delisted; no price data found  (period=2y)
2026-07-06 13:39:35,826 - yfinance - ERROR - 
1 Failed download:
2026-07-06 13:39:35,826 - yfinance - ERROR - ['5132.KL']: possibly delisted; no price data found  (period=2y)
2026-07-06 13:39:35,830 - __main__ - WARNING - No weekly data found for 5132.KL
2026-07-06 13:40:05,835 - yfinance - ERROR - $5163.KL: possibly delisted; no price data found  (period=2y)
2026-07-06 13:40:05,835 - yfinance - ERROR - 
1 Failed download:
2026-07-06 13:40:05,836 - yfinance - ERROR - ['5163.KL']: possibly delisted; no price data found  (period=2y)
2026-07-06 13:40:05,839 - __main__ - WARNING - No weekly data found for 5163.KL
2026-07-06 13:40:35,845 - yfinance - ERROR - $5166.KL: possibly delisted; no price data found  (period=2y)
2026-07-06 13:40:35,848 - yfinance - ERROR - 
1 Failed download:
2026-07-06 13:40:35,848 - yfinance - ERROR - ['5166.KL']: possibly delisted; no price data found  (period=2y)
2026-07-06 13:40:35,853 - __main__ - WARNING - No weekly data found for 5166.KL
2026-07-06 13:41:05,859 - yfinance - ERROR - $5168.KL: possibly delisted; no price data found  (period=2y)
2026-07-06 13:41:05,866 - yfinance - ERROR - 
1 Failed download:
2026-07-06 13:41:05,866 - yfinance - ERROR - ['5168.KL']: possibly delisted; no price data found  (period=2y)
2026-07-06 13:41:05,871 - __main__ - WARNING - No weekly data found for 5168.KL
2026-07-06 13:41:35,876 - yfinance - ERROR - $5180.KL: possibly delisted; no price data found  (period=2y)
2026-07-06 13:41:35,881 - yfinance - ERROR - 
1 Failed download:
2026-07-06 13:41:35,881 - yfinance - ERROR - ['5180.KL']: possibly delisted; no price data found  (period=2y)
2026-07-06 13:41:35,885 - __main__ - WARNING - No weekly data found for 5180.KL
2026-07-06 13:42:05,891 - yfinance - ERROR - Failed to get ticker '5181.KL' reason: Failed to perform, curl: (28) Connection timed out after 30002 milliseconds. See https://curl.se/libcurl/c/libcurl-errors.html first for more details.
2026-07-06 13:42:35,894 - yfinance - ERROR - $5181.KL: possibly delisted; no price data found  (period=2y)
2026-07-06 13:42:35,895 - yfinance - ERROR - 
1 Failed download:
2026-07-06 13:42:35,895 - yfinance - ERROR - ['5181.KL']: possibly delisted; no price data found  (period=2y)
2026-07-06 13:42:35,900 - __main__ - WARNING - No weekly data found for 5181.KL
2026-07-06 13:43:05,906 - yfinance - ERROR - $5182.KL: possibly delisted; no price data found  (period=2y)
2026-07-06 13:43:05,908 - yfinance - ERROR - 
1 Failed download:
2026-07-06 13:43:05,908 - yfinance - ERROR - ['5182.KL']: possibly delisted; no price data found  (period=2y)
2026-07-06 13:43:05,912 - __main__ - WARNING - No weekly data found for 5182.KL
2026-07-06 13:43:35,918 - yfinance - ERROR - $5183.KL: possibly delisted; no price data found  (period=2y)
2026-07-06 13:43:35,924 - yfinance - ERROR - 
1 Failed download:
2026-07-06 13:43:35,924 - yfinance - ERROR - ['5183.KL']: possibly delisted; no price data found  (period=2y)
2026-07-06 13:43:35,928 - __main__ - WARNING - No weekly data found for 5183.KL
2026-07-06 13:44:05,934 - yfinance - ERROR - $5185.KL: possibly delisted; no price data found  (period=2y)
2026-07-06 13:44:05,943 - yfinance - ERROR - 
1 Failed download:
2026-07-06 13:44:05,943 - yfinance - ERROR - ['5185.KL']: possibly delisted; no price data found  (period=2y)
2026-07-06 13:44:05,947 - __main__ - WARNING - No weekly data found for 5185.KL
2026-07-06 13:44:35,953 - yfinance - ERROR - $5188.KL: possibly delisted; no price data found  (period=2y)
2026-07-06 13:44:35,953 - yfinance - ERROR - 
1 Failed download:
2026-07-06 13:44:35,954 - yfinance - ERROR - ['5188.KL']: possibly delisted; no price data found  (period=2y)
2026-07-06 13:44:35,959 - __main__ - WARNING - No weekly data found for 5188.KL
2026-07-06 13:45:05,965 - yfinance - ERROR - $5200.KL: possibly delisted; no price data found  (period=2y)
2026-07-06 13:45:05,966 - yfinance - ERROR - 
1 Failed download:
2026-07-06 13:45:05,966 - yfinance - ERROR - ['5200.KL']: possibly delisted; no price data found  (period=2y)
2026-07-06 13:45:05,971 - __main__ - WARNING - No weekly data found for 5200.KL
2026-07-06 13:45:35,976 - yfinance - ERROR - $5202.KL: possibly delisted; no price data found  (period=2y)
2026-07-06 13:45:35,983 - yfinance - ERROR - 
1 Failed download:
2026-07-06 13:45:35,983 - yfinance - ERROR - ['5202.KL']: possibly delisted; no price data found  (period=2y)
2026-07-06 13:45:35,988 - __main__ - WARNING - No weekly data found for 5202.KL
2026-07-06 13:46:05,993 - yfinance - ERROR - $5211.KL: possibly delisted; no price data found  (period=2y)
2026-07-06 13:46:06,001 - yfinance - ERROR - 
1 Failed download:
2026-07-06 13:46:06,001 - yfinance - ERROR - ['5211.KL']: possibly delisted; no price data found  (period=2y)
2026-07-06 13:46:06,005 - __main__ - WARNING - No weekly data found for 5211.KL
2026-07-06 13:46:36,009 - yfinance - ERROR - Failed to get ticker '5215.KL' reason: Failed to perform, curl: (28) Connection timed out after 30001 milliseconds. See https://curl.se/libcurl/c/libcurl-errors.html first for more details.
2026-07-06 13:47:06,014 - yfinance - ERROR - $5215.KL: possibly delisted; no price data found  (period=2y)
2026-07-06 13:47:06,020 - yfinance - ERROR - 
1 Failed download:
2026-07-06 13:47:06,021 - yfinance - ERROR - ['5215.KL']: possibly delisted; no price data found  (period=2y)
2026-07-06 13:47:06,025 - __main__ - WARNING - No weekly data found for 5215.KL
2026-07-06 13:47:36,031 - yfinance - ERROR - $5216.KL: possibly delisted; no price data found  (period=2y)
2026-07-06 13:47:36,039 - yfinance - ERROR - 
1 Failed download:
2026-07-06 13:47:36,039 - yfinance - ERROR - ['5216.KL']: possibly delisted; no price data found  (period=2y)
2026-07-06 13:47:36,044 - __main__ - WARNING - No weekly data found for 5216.KL
2026-07-06 13:48:06,049 - yfinance - ERROR - $5225.KL: possibly delisted; no price data found  (period=2y)
2026-07-06 13:48:06,058 - yfinance - ERROR - 
1 Failed download:
2026-07-06 13:48:06,058 - yfinance - ERROR - ['5225.KL']: possibly delisted; no price data found  (period=2y)
2026-07-06 13:48:06,064 - __main__ - WARNING - No weekly data found for 5225.KL
2026-07-06 13:48:06,064 - __main__ - INFO - KLSE Progress: 80/119
2026-07-06 13:48:36,070 - yfinance - ERROR - $5227.KL: possibly delisted; no price data found  (period=2y)
2026-07-06 13:48:36,077 - yfinance - ERROR - 
1 Failed download:
2026-07-06 13:48:36,077 - yfinance - ERROR - ['5227.KL']: possibly delisted; no price data found  (period=2y)
2026-07-06 13:48:36,082 - __main__ - WARNING - No weekly data found for 5227.KL
2026-07-06 13:49:06,088 - yfinance - ERROR - $5242.KL: possibly delisted; no price data found  (period=2y)
2026-07-06 13:49:06,091 - yfinance - ERROR - 
1 Failed download:
2026-07-06 13:49:06,091 - yfinance - ERROR - ['5242.KL']: possibly delisted; no price data found  (period=2y)
2026-07-06 13:49:06,095 - __main__ - WARNING - No weekly data found for 5242.KL
2026-07-06 13:49:36,100 - yfinance - ERROR - $5246.KL: possibly delisted; no price data found  (period=2y)
2026-07-06 13:49:36,102 - yfinance - ERROR - 
1 Failed download:
2026-07-06 13:49:36,102 - yfinance - ERROR - ['5246.KL']: possibly delisted; no price data found  (period=2y)
2026-07-06 13:49:36,106 - __main__ - WARNING - No weekly data found for 5246.KL
2026-07-06 13:50:06,113 - yfinance - ERROR - $5250.KL: possibly delisted; no price data found  (period=2y)
2026-07-06 13:50:06,119 - yfinance - ERROR - 
1 Failed download:
2026-07-06 13:50:06,119 - yfinance - ERROR - ['5250.KL']: possibly delisted; no price data found  (period=2y)
2026-07-06 13:50:06,124 - __main__ - WARNING - No weekly data found for 5250.KL
2026-07-06 13:50:36,130 - yfinance - ERROR - $5252.KL: possibly delisted; no price data found  (period=2y)
2026-07-06 13:50:36,136 - yfinance - ERROR - 
1 Failed download:
2026-07-06 13:50:36,136 - yfinance - ERROR - ['5252.KL']: possibly delisted; no price data found  (period=2y)
2026-07-06 13:50:36,140 - __main__ - WARNING - No weekly data found for 5252.KL
2026-07-06 13:51:06,146 - yfinance - ERROR - $5258.KL: possibly delisted; no price data found  (period=2y)
2026-07-06 13:51:06,148 - yfinance - ERROR - 
1 Failed download:
2026-07-06 13:51:06,148 - yfinance - ERROR - ['5258.KL']: possibly delisted; no price data found  (period=2y)
2026-07-06 13:51:06,152 - __main__ - WARNING - No weekly data found for 5258.KL
2026-07-06 13:51:36,158 - yfinance - ERROR - Failed to get ticker '5262.KL' reason: Failed to perform, curl: (28) Connection timed out after 30002 milliseconds. See https://curl.se/libcurl/c/libcurl-errors.html first for more details.
2026-07-06 13:52:06,162 - yfinance - ERROR - $5262.KL: possibly delisted; no price data found  (period=2y)
2026-07-06 13:52:06,166 - yfinance - ERROR - 
1 Failed download:
2026-07-06 13:52:06,166 - yfinance - ERROR - ['5262.KL']: possibly delisted; no price data found  (period=2y)
2026-07-06 13:52:06,171 - __main__ - WARNING - No weekly data found for 5262.KL
2026-07-06 13:52:36,176 - yfinance - ERROR - $5263.KL: possibly delisted; no price data found  (period=2y)
2026-07-06 13:52:36,180 - yfinance - ERROR - 
1 Failed download:
2026-07-06 13:52:36,180 - yfinance - ERROR - ['5263.KL']: possibly delisted; no price data found  (period=2y)
2026-07-06 13:52:36,185 - __main__ - WARNING - No weekly data found for 5263.KL
2026-07-06 13:53:06,190 - yfinance - ERROR - Failed to get ticker '5266.KL' reason: Failed to perform, curl: (28) Connection timed out after 30002 milliseconds. See https://curl.se/libcurl/c/libcurl-errors.html first for more details.
2026-07-06 13:53:36,194 - yfinance - ERROR - $5266.KL: possibly delisted; no price data found  (period=2y)
2026-07-06 13:53:36,200 - yfinance - ERROR - 
1 Failed download:
2026-07-06 13:53:36,201 - yfinance - ERROR - ['5266.KL']: possibly delisted; no price data found  (period=2y)
2026-07-06 13:53:36,205 - __main__ - WARNING - No weekly data found for 5266.KL
2026-07-06 13:54:06,211 - yfinance - ERROR - Failed to get ticker '5270.KL' reason: Failed to perform, curl: (28) Connection timed out after 30002 milliseconds. See https://curl.se/libcurl/c/libcurl-errors.html first for more details.
2026-07-06 13:54:36,216 - yfinance - ERROR - $5270.KL: possibly delisted; no price data found  (period=2y)
2026-07-06 13:54:36,216 - yfinance - ERROR - 
1 Failed download:
2026-07-06 13:54:36,217 - yfinance - ERROR - ['5270.KL']: possibly delisted; no price data found  (period=2y)
2026-07-06 13:54:36,221 - __main__ - WARNING - No weekly data found for 5270.KL
2026-07-06 13:55:06,225 - yfinance - ERROR - $5288.KL: possibly delisted; no price data found  (period=2y)
2026-07-06 13:55:06,228 - yfinance - ERROR - 
1 Failed download:
2026-07-06 13:55:06,228 - yfinance - ERROR - ['5288.KL']: possibly delisted; no price data found  (period=2y)
2026-07-06 13:55:06,232 - __main__ - WARNING - No weekly data found for 5288.KL
2026-07-06 13:55:36,237 - yfinance - ERROR - $5296.KL: possibly delisted; no price data found  (period=2y)
2026-07-06 13:55:36,241 - yfinance - ERROR - 
1 Failed download:
2026-07-06 13:55:36,241 - yfinance - ERROR - ['5296.KL']: possibly delisted; no price data found  (period=2y)
2026-07-06 13:55:36,244 - __main__ - WARNING - No weekly data found for 5296.KL
2026-07-06 13:56:06,250 - yfinance - ERROR - $5302.KL: possibly delisted; no price data found  (period=2y)
2026-07-06 13:56:06,254 - yfinance - ERROR - 
1 Failed download:
2026-07-06 13:56:06,254 - yfinance - ERROR - ['5302.KL']: possibly delisted; no price data found  (period=2y)
2026-07-06 13:56:06,257 - __main__ - WARNING - No weekly data found for 5302.KL
2026-07-06 13:56:36,262 - yfinance - ERROR - $5308.KL: possibly delisted; no price data found  (period=2y)
2026-07-06 13:56:36,262 - yfinance - ERROR - 
1 Failed download:
2026-07-06 13:56:36,262 - yfinance - ERROR - ['5308.KL']: possibly delisted; no price data found  (period=2y)
2026-07-06 13:56:36,265 - __main__ - WARNING - No weekly data found for 5308.KL
2026-07-06 13:57:06,271 - yfinance - ERROR - $5347.KL: possibly delisted; no price data found  (period=2y)
2026-07-06 13:57:06,276 - yfinance - ERROR - 
1 Failed download:
2026-07-06 13:57:06,276 - yfinance - ERROR - ['5347.KL']: possibly delisted; no price data found  (period=2y)
2026-07-06 13:57:06,280 - __main__ - WARNING - No weekly data found for 5347.KL
2026-07-06 13:57:36,290 - yfinance - ERROR - $5398.KL: possibly delisted; no price data found  (period=2y)
2026-07-06 13:57:36,298 - yfinance - ERROR - 
1 Failed download:
2026-07-06 13:57:36,298 - yfinance - ERROR - ['5398.KL']: possibly delisted; no price data found  (period=2y)
2026-07-06 13:57:36,302 - __main__ - WARNING - No weekly data found for 5398.KL
2026-07-06 13:58:06,307 - yfinance - ERROR - $5681.KL: possibly delisted; no price data found  (period=2y)
2026-07-06 13:58:06,311 - yfinance - ERROR - 
1 Failed download:
2026-07-06 13:58:06,311 - yfinance - ERROR - ['5681.KL']: possibly delisted; no price data found  (period=2y)
2026-07-06 13:58:06,314 - __main__ - WARNING - No weekly data found for 5681.KL
2026-07-06 13:58:36,318 - yfinance - ERROR - Failed to get ticker '5735.KL' reason: Failed to perform, curl: (28) Connection timed out after 30002 milliseconds. See https://curl.se/libcurl/c/libcurl-errors.html first for more details.
2026-07-06 13:59:06,323 - yfinance - ERROR - $5735.KL: possibly delisted; no price data found  (period=2y)
2026-07-06 13:59:06,325 - yfinance - ERROR - 
1 Failed download:
2026-07-06 13:59:06,325 - yfinance - ERROR - ['5735.KL']: possibly delisted; no price data found  (period=2y)
2026-07-06 13:59:06,331 - __main__ - WARNING - No weekly data found for 5735.KL
2026-07-06 13:59:36,338 - yfinance - ERROR - $5819.KL: possibly delisted; no price data found  (period=2y)
2026-07-06 13:59:36,340 - yfinance - ERROR - 
1 Failed download:
2026-07-06 13:59:36,340 - yfinance - ERROR - ['5819.KL']: possibly delisted; no price data found  (period=2y)
2026-07-06 13:59:36,353 - __main__ - WARNING - No weekly data found for 5819.KL
2026-07-06 14:00:06,359 - yfinance - ERROR - Failed to get ticker '5926.KL' reason: Failed to perform, curl: (28) Connection timed out after 30002 milliseconds. See https://curl.se/libcurl/c/libcurl-errors.html first for more details.
2026-07-06 14:00:36,363 - yfinance - ERROR - $5926.KL: possibly delisted; no price data found  (period=2y)
2026-07-06 14:00:36,363 - yfinance - ERROR - 
1 Failed download:
2026-07-06 14:00:36,364 - yfinance - ERROR - ['5926.KL']: possibly delisted; no price data found  (period=2y)
2026-07-06 14:00:36,369 - __main__ - WARNING - No weekly data found for 5926.KL
2026-07-06 14:00:36,369 - __main__ - INFO - KLSE Progress: 100/119
2026-07-06 14:01:06,375 - yfinance - ERROR - $5932.KL: possibly delisted; no price data found  (period=2y)
2026-07-06 14:01:06,380 - yfinance - ERROR - 
1 Failed download:
2026-07-06 14:01:06,380 - yfinance - ERROR - ['5932.KL']: possibly delisted; no price data found  (period=2y)
2026-07-06 14:01:06,384 - __main__ - WARNING - No weekly data found for 5932.KL
2026-07-06 14:01:36,391 - yfinance - ERROR - $6012.KL: possibly delisted; no price data found  (period=2y)
2026-07-06 14:01:36,392 - yfinance - ERROR - 
1 Failed download:
2026-07-06 14:01:36,392 - yfinance - ERROR - ['6012.KL']: possibly delisted; no price data found  (period=2y)
2026-07-06 14:01:36,397 - __main__ - WARNING - No weekly data found for 6012.KL
2026-07-06 14:02:06,402 - yfinance - ERROR - Failed to get ticker '6013.KL' reason: Failed to perform, curl: (28) Connection timed out after 30002 milliseconds. See https://curl.se/libcurl/c/libcurl-errors.html first for more details.
2026-07-06 14:02:36,409 - yfinance - ERROR - $6013.KL: possibly delisted; no price data found  (period=2y)
2026-07-06 14:02:36,416 - yfinance - ERROR - 
1 Failed download:
2026-07-06 14:02:36,416 - yfinance - ERROR - ['6013.KL']: possibly delisted; no price data found  (period=2y)
2026-07-06 14:02:36,424 - __main__ - WARNING - No weekly data found for 6013.KL
2026-07-06 14:03:06,429 - yfinance - ERROR - $6033.KL: possibly delisted; no price data found  (period=2y)
2026-07-06 14:03:06,438 - yfinance - ERROR - 
1 Failed download:
2026-07-06 14:03:06,438 - yfinance - ERROR - ['6033.KL']: possibly delisted; no price data found  (period=2y)
2026-07-06 14:03:06,443 - __main__ - WARNING - No weekly data found for 6033.KL
2026-07-06 14:03:36,450 - yfinance - ERROR - $6139.KL: possibly delisted; no price data found  (period=2y)
2026-07-06 14:03:36,451 - yfinance - ERROR - 
1 Failed download:
2026-07-06 14:03:36,451 - yfinance - ERROR - ['6139.KL']: possibly delisted; no price data found  (period=2y)
2026-07-06 14:03:36,456 - __main__ - WARNING - No weekly data found for 6139.KL
2026-07-06 14:04:06,460 - yfinance - ERROR - Failed to get ticker '6155.KL' reason: Failed to perform, curl: (28) Connection timed out after 30001 milliseconds. See https://curl.se/libcurl/c/libcurl-errors.html first for more details.
2026-07-06 14:04:36,464 - yfinance - ERROR - $6155.KL: possibly delisted; no price data found  (period=2y)
2026-07-06 14:04:36,464 - yfinance - ERROR - 
1 Failed download:
2026-07-06 14:04:36,464 - yfinance - ERROR - ['6155.KL']: possibly delisted; no price data found  (period=2y)
2026-07-06 14:04:36,467 - __main__ - WARNING - No weekly data found for 6155.KL
2026-07-06 14:05:06,472 - yfinance - ERROR - Failed to get ticker '6664.KL' reason: Failed to perform, curl: (28) Connection timed out after 30002 milliseconds. See https://curl.se/libcurl/c/libcurl-errors.html first for more details.
2026-07-06 14:05:36,475 - yfinance - ERROR - $6664.KL: possibly delisted; no price data found  (period=2y)
2026-07-06 14:05:36,484 - yfinance - ERROR - 
1 Failed download:
2026-07-06 14:05:36,484 - yfinance - ERROR - ['6664.KL']: possibly delisted; no price data found  (period=2y)
2026-07-06 14:05:36,487 - __main__ - WARNING - No weekly data found for 6664.KL
2026-07-06 14:06:06,492 - yfinance - ERROR - $6742.KL: possibly delisted; no price data found  (period=2y)
2026-07-06 14:06:06,498 - yfinance - ERROR - 
1 Failed download:
2026-07-06 14:06:06,498 - yfinance - ERROR - ['6742.KL']: possibly delisted; no price data found  (period=2y)
2026-07-06 14:06:06,502 - __main__ - WARNING - No weekly data found for 6742.KL
2026-07-06 14:06:36,507 - yfinance - ERROR - $6888.KL: possibly delisted; no price data found  (period=2y)
2026-07-06 14:06:36,512 - yfinance - ERROR - 
1 Failed download:
2026-07-06 14:06:36,512 - yfinance - ERROR - ['6888.KL']: possibly delisted; no price data found  (period=2y)
2026-07-06 14:06:36,516 - __main__ - WARNING - No weekly data found for 6888.KL
2026-07-06 14:07:06,521 - yfinance - ERROR - $6947.KL: possibly delisted; no price data found  (period=2y)
2026-07-06 14:07:06,527 - yfinance - ERROR - 
1 Failed download:
2026-07-06 14:07:06,527 - yfinance - ERROR - ['6947.KL']: possibly delisted; no price data found  (period=2y)
2026-07-06 14:07:06,531 - __main__ - WARNING - No weekly data found for 6947.KL
2026-07-06 14:07:36,535 - yfinance - ERROR - $7033.KL: possibly delisted; no price data found  (period=2y)
2026-07-06 14:07:36,543 - yfinance - ERROR - 
1 Failed download:
2026-07-06 14:07:36,543 - yfinance - ERROR - ['7033.KL']: possibly delisted; no price data found  (period=2y)
2026-07-06 14:07:36,548 - __main__ - WARNING - No weekly data found for 7033.KL
2026-07-06 14:08:06,552 - yfinance - ERROR - $7084.KL: possibly delisted; no price data found  (period=2y)
2026-07-06 14:08:06,555 - yfinance - ERROR - 
1 Failed download:
2026-07-06 14:08:06,555 - yfinance - ERROR - ['7084.KL']: possibly delisted; no price data found  (period=2y)
2026-07-06 14:08:06,559 - __main__ - WARNING - No weekly data found for 7084.KL
2026-07-06 14:08:18,701 - yfinance - ERROR - $7085.KL: possibly delisted; no price data found  (period=2y)
2026-07-06 14:08:18,705 - yfinance - ERROR - 
1 Failed download:
2026-07-06 14:08:18,706 - yfinance - ERROR - ['7085.KL']: possibly delisted; no price data found  (period=2y)
2026-07-06 14:08:18,714 - __main__ - WARNING - No weekly data found for 7085.KL
2026-07-06 14:08:48,719 - yfinance - ERROR - $7160.KL: possibly delisted; no price data found  (period=2y)
2026-07-06 14:08:48,719 - yfinance - ERROR - 
1 Failed download:
2026-07-06 14:08:48,719 - yfinance - ERROR - ['7160.KL']: possibly delisted; no price data found  (period=2y)
2026-07-06 14:08:48,722 - __main__ - WARNING - No weekly data found for 7160.KL
2026-07-06 14:09:18,727 - yfinance - ERROR - $7178.KL: possibly delisted; no price data found  (period=2y)
2026-07-06 14:09:18,728 - yfinance - ERROR - 
1 Failed download:
2026-07-06 14:09:18,728 - yfinance - ERROR - ['7178.KL']: possibly delisted; no price data found  (period=2y)
2026-07-06 14:09:18,732 - __main__ - WARNING - No weekly data found for 7178.KL
2026-07-06 14:09:48,737 - yfinance - ERROR - $7195.KL: possibly delisted; no price data found  (period=2y)
2026-07-06 14:09:48,739 - yfinance - ERROR - 
1 Failed download:
2026-07-06 14:09:48,739 - yfinance - ERROR - ['7195.KL']: possibly delisted; no price data found  (period=2y)
2026-07-06 14:09:48,744 - __main__ - WARNING - No weekly data found for 7195.KL
2026-07-06 14:10:18,749 - yfinance - ERROR - $7277.KL: possibly delisted; no price data found  (period=2y)
2026-07-06 14:10:18,754 - yfinance - ERROR - 
1 Failed download:
2026-07-06 14:10:18,755 - yfinance - ERROR - ['7277.KL']: possibly delisted; no price data found  (period=2y)
2026-07-06 14:10:18,758 - __main__ - WARNING - No weekly data found for 7277.KL
2026-07-06 14:10:48,763 - yfinance - ERROR - Failed to get ticker '7493.KL' reason: Failed to perform, curl: (28) Connection timed out after 30001 milliseconds. See https://curl.se/libcurl/c/libcurl-errors.html first for more details.
2026-07-06 14:11:18,765 - yfinance - ERROR - $7493.KL: possibly delisted; no price data found  (period=2y)
2026-07-06 14:11:18,770 - yfinance - ERROR - 
1 Failed download:
2026-07-06 14:11:18,770 - yfinance - ERROR - ['7493.KL']: possibly delisted; no price data found  (period=2y)
2026-07-06 14:11:18,777 - __main__ - WARNING - No weekly data found for 7493.KL
2026-07-06 14:11:48,783 - yfinance - ERROR - Failed to get ticker '7566.KL' reason: Failed to perform, curl: (28) Connection timed out after 30002 milliseconds. See https://curl.se/libcurl/c/libcurl-errors.html first for more details.
2026-07-06 14:12:18,787 - yfinance - ERROR - $7566.KL: possibly delisted; no price data found  (period=2y)
2026-07-06 14:12:18,793 - yfinance - ERROR - 
1 Failed download:
2026-07-06 14:12:18,793 - yfinance - ERROR - ['7566.KL']: possibly delisted; no price data found  (period=2y)
2026-07-06 14:12:18,797 - __main__ - WARNING - No weekly data found for 7566.KL
2026-07-06 14:12:48,801 - yfinance - ERROR - Failed to get ticker '7874.KL' reason: Failed to perform, curl: (28) Connection timed out after 30002 milliseconds. See https://curl.se/libcurl/c/libcurl-errors.html first for more details.
2026-07-06 14:13:18,805 - yfinance - ERROR - $7874.KL: possibly delisted; no price data found  (period=2y)
2026-07-06 14:13:18,808 - yfinance - ERROR - 
1 Failed download:
2026-07-06 14:13:18,808 - yfinance - ERROR - ['7874.KL']: possibly delisted; no price data found  (period=2y)
2026-07-06 14:13:18,814 - __main__ - WARNING - No weekly data found for 7874.KL
2026-07-06 14:13:18,814 - __main__ - INFO - === Scanning NASDAQ ===
2026-07-06 14:13:18,819 - __main__ - INFO - Loaded 400 tickers from config/nasdaq_universe.csv
2026-07-06 14:13:18,820 - __main__ - INFO - Scanning 400 tickers from NASDAQ universe
2026-07-06 14:13:48,825 - yfinance - ERROR - $NVDA: possibly delisted; no price data found  (period=2y)
2026-07-06 14:13:48,828 - yfinance - ERROR - 
1 Failed download:
2026-07-06 14:13:48,829 - yfinance - ERROR - ['NVDA']: possibly delisted; no price data found  (period=2y)
2026-07-06 14:13:48,833 - __main__ - WARNING - No weekly data found for NVDA
2026-07-06 14:14:18,837 - yfinance - ERROR - $GOOGL: possibly delisted; no price data found  (period=2y)
2026-07-06 14:14:18,846 - yfinance - ERROR - 
1 Failed download:
2026-07-06 14:14:18,847 - yfinance - ERROR - ['GOOGL']: possibly delisted; no price data found  (period=2y)
2026-07-06 14:14:18,852 - __main__ - WARNING - No weekly data found for GOOGL
2026-07-06 14:14:48,857 - yfinance - ERROR - $GOOG: possibly delisted; no price data found  (period=2y)
2026-07-06 14:14:48,861 - yfinance - ERROR - 
1 Failed download:
2026-07-06 14:14:48,861 - yfinance - ERROR - ['GOOG']: possibly delisted; no price data found  (period=2y)
2026-07-06 14:14:48,864 - __main__ - WARNING - No weekly data found for GOOG
2026-07-06 14:15:18,868 - yfinance - ERROR - $AAPL: possibly delisted; no price data found  (period=2y)
2026-07-06 14:15:18,869 - yfinance - ERROR - 
1 Failed download:
2026-07-06 14:15:18,869 - yfinance - ERROR - ['AAPL']: possibly delisted; no price data found  (period=2y)
2026-07-06 14:15:18,874 - __main__ - WARNING - No weekly data found for AAPL
2026-07-06 14:15:48,880 - yfinance - ERROR - $MSFT: possibly delisted; no price data found  (period=2y)
2026-07-06 14:15:48,884 - yfinance - ERROR - 
1 Failed download:
2026-07-06 14:15:48,884 - yfinance - ERROR - ['MSFT']: possibly delisted; no price data found  (period=2y)
2026-07-06 14:15:48,888 - __main__ - WARNING - No weekly data found for MSFT
2026-07-06 14:16:18,895 - yfinance - ERROR - $AMZN: possibly delisted; no price data found  (period=2y)
2026-07-06 14:16:18,896 - yfinance - ERROR - 
1 Failed download:
2026-07-06 14:16:18,896 - yfinance - ERROR - ['AMZN']: possibly delisted; no price data found  (period=2y)
2026-07-06 14:16:18,900 - __main__ - WARNING - No weekly data found for AMZN
2026-07-06 14:16:48,905 - yfinance - ERROR - $AVGO: possibly delisted; no price data found  (period=2y)
2026-07-06 14:16:48,906 - yfinance - ERROR - 
1 Failed download:
2026-07-06 14:16:48,906 - yfinance - ERROR - ['AVGO']: possibly delisted; no price data found  (period=2y)
2026-07-06 14:16:48,909 - __main__ - WARNING - No weekly data found for AVGO
2026-07-06 14:17:18,914 - yfinance - ERROR - $TSLA: possibly delisted; no price data found  (period=2y)
2026-07-06 14:17:18,918 - yfinance - ERROR - 
1 Failed download:
2026-07-06 14:17:18,918 - yfinance - ERROR - ['TSLA']: possibly delisted; no price data found  (period=2y)
2026-07-06 14:17:18,922 - __main__ - WARNING - No weekly data found for TSLA
2026-07-06 14:17:48,929 - yfinance - ERROR - $META: possibly delisted; no price data found  (period=2y)
2026-07-06 14:17:48,930 - yfinance - ERROR - 
1 Failed download:
2026-07-06 14:17:48,930 - yfinance - ERROR - ['META']: possibly delisted; no price data found  (period=2y)
2026-07-06 14:17:48,935 - __main__ - WARNING - No weekly data found for META
2026-07-06 14:18:18,941 - yfinance - ERROR - $WMT: possibly delisted; no price data found  (period=2y)
2026-07-06 14:18:18,949 - yfinance - ERROR - 
1 Failed download:
2026-07-06 14:18:18,949 - yfinance - ERROR - ['WMT']: possibly delisted; no price data found  (period=2y)
2026-07-06 14:18:18,954 - __main__ - WARNING - No weekly data found for WMT
2026-07-06 14:18:48,959 - yfinance - ERROR - $MU: possibly delisted; no price data found  (period=2y)
2026-07-06 14:18:48,960 - yfinance - ERROR - 
1 Failed download:
2026-07-06 14:18:48,960 - yfinance - ERROR - ['MU']: possibly delisted; no price data found  (period=2y)
2026-07-06 14:18:48,965 - __main__ - WARNING - No weekly data found for MU
2026-07-06 14:19:18,970 - yfinance - ERROR - $AMD: possibly delisted; no price data found  (period=2y)
2026-07-06 14:19:18,971 - yfinance - ERROR - 
1 Failed download:
2026-07-06 14:19:18,971 - yfinance - ERROR - ['AMD']: possibly delisted; no price data found  (period=2y)
2026-07-06 14:19:18,976 - __main__ - WARNING - No weekly data found for AMD
2026-07-06 14:19:48,982 - yfinance - ERROR - $INTC: possibly delisted; no price data found  (period=2y)
2026-07-06 14:19:48,984 - yfinance - ERROR - 
1 Failed download:
2026-07-06 14:19:48,984 - yfinance - ERROR - ['INTC']: possibly delisted; no price data found  (period=2y)
2026-07-06 14:19:48,989 - __main__ - WARNING - No weekly data found for INTC
2026-07-06 14:20:18,994 - yfinance - ERROR - $ASML: possibly delisted; no price data found  (period=2y)
2026-07-06 14:20:18,994 - yfinance - ERROR - 
1 Failed download:
2026-07-06 14:20:18,995 - yfinance - ERROR - ['ASML']: possibly delisted; no price data found  (period=2y)
2026-07-06 14:20:19,000 - __main__ - WARNING - No weekly data found for ASML
2026-07-06 14:20:49,005 - yfinance - ERROR - $COST: possibly delisted; no price data found  (period=2y)
2026-07-06 14:20:49,006 - yfinance - ERROR - 
1 Failed download:
2026-07-06 14:20:49,006 - yfinance - ERROR - ['COST']: possibly delisted; no price data found  (period=2y)
2026-07-06 14:20:49,011 - __main__ - WARNING - No weekly data found for COST
2026-07-06 14:21:19,017 - yfinance - ERROR - $CSCO: possibly delisted; no price data found  (period=2y)
2026-07-06 14:21:19,022 - yfinance - ERROR - 
1 Failed download:
2026-07-06 14:21:19,022 - yfinance - ERROR - ['CSCO']: possibly delisted; no price data found  (period=2y)
2026-07-06 14:21:19,027 - __main__ - WARNING - No weekly data found for CSCO
2026-07-06 14:21:49,033 - yfinance - ERROR - $NFLX: possibly delisted; no price data found  (period=2y)
2026-07-06 14:21:49,037 - yfinance - ERROR - 
1 Failed download:
2026-07-06 14:21:49,037 - yfinance - ERROR - ['NFLX']: possibly delisted; no price data found  (period=2y)
2026-07-06 14:21:49,042 - __main__ - WARNING - No weekly data found for NFLX
2026-07-06 14:22:19,048 - yfinance - ERROR - $LRCX: possibly delisted; no price data found  (period=2y)
2026-07-06 14:22:19,048 - yfinance - ERROR - 
1 Failed download:
2026-07-06 14:22:19,049 - yfinance - ERROR - ['LRCX']: possibly delisted; no price data found  (period=2y)
2026-07-06 14:22:19,053 - __main__ - WARNING - No weekly data found for LRCX
2026-07-06 14:22:49,059 - yfinance - ERROR - $AMAT: possibly delisted; no price data found  (period=2y)
2026-07-06 14:22:49,065 - yfinance - ERROR - 
1 Failed download:
2026-07-06 14:22:49,065 - yfinance - ERROR - ['AMAT']: possibly delisted; no price data found  (period=2y)
2026-07-06 14:22:49,069 - __main__ - WARNING - No weekly data found for AMAT
2026-07-06 14:22:49,069 - __main__ - INFO - NASDAQ Progress: 20/400
2026-07-06 14:23:19,075 - yfinance - ERROR - $PLTR: possibly delisted; no price data found  (period=2y)
2026-07-06 14:23:19,082 - yfinance - ERROR - 
1 Failed download:
2026-07-06 14:23:19,082 - yfinance - ERROR - ['PLTR']: possibly delisted; no price data found  (period=2y)
2026-07-06 14:23:19,087 - __main__ - WARNING - No weekly data found for PLTR
2026-07-06 14:23:49,092 - yfinance - ERROR - $TXN: possibly delisted; no price data found  (period=2y)
2026-07-06 14:23:49,098 - yfinance - ERROR - 
1 Failed download:
2026-07-06 14:23:49,098 - yfinance - ERROR - ['TXN']: possibly delisted; no price data found  (period=2y)
2026-07-06 14:23:49,103 - __main__ - WARNING - No weekly data found for TXN
2026-07-06 14:24:19,108 - yfinance - ERROR - $LIN: possibly delisted; no price data found  (period=2y)
2026-07-06 14:24:19,117 - yfinance - ERROR - 
1 Failed download:
2026-07-06 14:24:19,117 - yfinance - ERROR - ['LIN']: possibly delisted; no price data found  (period=2y)
2026-07-06 14:24:19,122 - __main__ - WARNING - No weekly data found for LIN
2026-07-06 14:24:49,127 - yfinance - ERROR - $KLAC: possibly delisted; no price data found  (period=2y)
2026-07-06 14:24:49,135 - yfinance - ERROR - 
1 Failed download:
2026-07-06 14:24:49,136 - yfinance - ERROR - ['KLAC']: possibly delisted; no price data found  (period=2y)
2026-07-06 14:24:49,140 - __main__ - WARNING - No weekly data found for KLAC
2026-07-06 14:25:19,146 - yfinance - ERROR - $ARM: possibly delisted; no price data found  (period=2y)
2026-07-06 14:25:19,151 - yfinance - ERROR - 
1 Failed download:
2026-07-06 14:25:19,151 - yfinance - ERROR - ['ARM']: possibly delisted; no price data found  (period=2y)
2026-07-06 14:25:19,155 - __main__ - WARNING - No weekly data found for ARM
2026-07-06 14:25:49,161 - yfinance - ERROR - $QCOM: possibly delisted; no price data found  (period=2y)
2026-07-06 14:25:49,163 - yfinance - ERROR - 
1 Failed download:
2026-07-06 14:25:49,163 - yfinance - ERROR - ['QCOM']: possibly delisted; no price data found  (period=2y)
2026-07-06 14:25:49,168 - __main__ - WARNING - No weekly data found for QCOM
2026-07-06 14:26:19,175 - yfinance - ERROR - $TMUS: possibly delisted; no price data found  (period=2y)
2026-07-06 14:26:19,177 - yfinance - ERROR - 
1 Failed download:
2026-07-06 14:26:19,177 - yfinance - ERROR - ['TMUS']: possibly delisted; no price data found  (period=2y)
2026-07-06 14:26:19,182 - __main__ - WARNING - No weekly data found for TMUS
2026-07-06 14:26:49,187 - yfinance - ERROR - $PEP: possibly delisted; no price data found  (period=2y)
2026-07-06 14:26:49,190 - yfinance - ERROR - 
1 Failed download:
2026-07-06 14:26:49,190 - yfinance - ERROR - ['PEP']: possibly delisted; no price data found  (period=2y)
2026-07-06 14:26:49,194 - __main__ - WARNING - No weekly data found for PEP
2026-07-06 14:27:19,200 - yfinance - ERROR - $SNDK: possibly delisted; no price data found  (period=2y)
2026-07-06 14:27:19,200 - yfinance - ERROR - 
1 Failed download:
2026-07-06 14:27:19,201 - yfinance - ERROR - ['SNDK']: possibly delisted; no price data found  (period=2y)
2026-07-06 14:27:19,205 - __main__ - WARNING - No weekly data found for SNDK
2026-07-06 14:27:49,211 - yfinance - ERROR - $ADI: possibly delisted; no price data found  (period=2y)
2026-07-06 14:27:49,215 - yfinance - ERROR - 
1 Failed download:
2026-07-06 14:27:49,216 - yfinance - ERROR - ['ADI']: possibly delisted; no price data found  (period=2y)
2026-07-06 14:27:49,220 - __main__ - WARNING - No weekly data found for ADI
2026-07-06 14:28:19,226 - yfinance - ERROR - $AMGN: possibly delisted; no price data found  (period=2y)
2026-07-06 14:28:19,234 - yfinance - ERROR - 
1 Failed download:
2026-07-06 14:28:19,234 - yfinance - ERROR - ['AMGN']: possibly delisted; no price data found  (period=2y)
2026-07-06 14:28:19,239 - __main__ - WARNING - No weekly data found for AMGN
2026-07-06 14:28:49,245 - yfinance - ERROR - $STX: possibly delisted; no price data found  (period=2y)
2026-07-06 14:28:49,246 - yfinance - ERROR - 
1 Failed download:
2026-07-06 14:28:49,246 - yfinance - ERROR - ['STX']: possibly delisted; no price data found  (period=2y)
2026-07-06 14:28:49,250 - __main__ - WARNING - No weekly data found for STX
2026-07-06 14:29:19,257 - yfinance - ERROR - $PANW: possibly delisted; no price data found  (period=2y)
2026-07-06 14:29:19,258 - yfinance - ERROR - 
1 Failed download:
2026-07-06 14:29:19,258 - yfinance - ERROR - ['PANW']: possibly delisted; no price data found  (period=2y)
2026-07-06 14:29:19,264 - __main__ - WARNING - No weekly data found for PANW
2026-07-06 14:29:49,269 - yfinance - ERROR - $GILD: possibly delisted; no price data found  (period=2y)
2026-07-06 14:29:49,275 - yfinance - ERROR - 
1 Failed download:
2026-07-06 14:29:49,275 - yfinance - ERROR - ['GILD']: possibly delisted; no price data found  (period=2y)
2026-07-06 14:29:49,280 - __main__ - WARNING - No weekly data found for GILD
2026-07-06 14:30:19,286 - yfinance - ERROR - $WDC: possibly delisted; no price data found  (period=2y)
2026-07-06 14:30:19,294 - yfinance - ERROR - 
1 Failed download:
2026-07-06 14:30:19,294 - yfinance - ERROR - ['WDC']: possibly delisted; no price data found  (period=2y)
2026-07-06 14:30:19,299 - __main__ - WARNING - No weekly data found for WDC
2026-07-06 14:30:49,305 - yfinance - ERROR - $APP: possibly delisted; no price data found  (period=2y)
2026-07-06 14:30:49,309 - yfinance - ERROR - 
1 Failed download:
2026-07-06 14:30:49,309 - yfinance - ERROR - ['APP']: possibly delisted; no price data found  (period=2y)
2026-07-06 14:30:49,313 - __main__ - WARNING - No weekly data found for APP
2026-07-06 14:31:19,320 - yfinance - ERROR - $ISRG: possibly delisted; no price data found  (period=2y)
2026-07-06 14:31:19,320 - yfinance - ERROR - 
1 Failed download:
2026-07-06 14:31:19,321 - yfinance - ERROR - ['ISRG']: possibly delisted; no price data found  (period=2y)
2026-07-06 14:31:19,325 - __main__ - WARNING - No weekly data found for ISRG
2026-07-06 14:31:49,331 - yfinance - ERROR - $IBKR: possibly delisted; no price data found  (period=2y)
2026-07-06 14:31:49,333 - yfinance - ERROR - 
1 Failed download:
2026-07-06 14:31:49,333 - yfinance - ERROR - ['IBKR']: possibly delisted; no price data found  (period=2y)
2026-07-06 14:31:49,337 - __main__ - WARNING - No weekly data found for IBKR
2026-07-06 14:32:19,342 - yfinance - ERROR - $MRVL: possibly delisted; no price data found  (period=2y)
2026-07-06 14:32:19,348 - yfinance - ERROR - 
1 Failed download:
2026-07-06 14:32:19,348 - yfinance - ERROR - ['MRVL']: possibly delisted; no price data found  (period=2y)
2026-07-06 14:32:19,352 - __main__ - WARNING - No weekly data found for MRVL
2026-07-06 14:32:49,359 - yfinance - ERROR - $CRWD: possibly delisted; no price data found  (period=2y)
2026-07-06 14:32:49,366 - yfinance - ERROR - 
1 Failed download:
2026-07-06 14:32:49,366 - yfinance - ERROR - ['CRWD']: possibly delisted; no price data found  (period=2y)
2026-07-06 14:32:49,370 - __main__ - WARNING - No weekly data found for CRWD
2026-07-06 14:32:49,371 - __main__ - INFO - NASDAQ Progress: 40/400
2026-07-06 14:33:19,376 - yfinance - ERROR - $HON: possibly delisted; no price data found  (period=2y)
2026-07-06 14:33:19,384 - yfinance - ERROR - 
1 Failed download:
2026-07-06 14:33:19,384 - yfinance - ERROR - ['HON']: possibly delisted; no price data found  (period=2y)
2026-07-06 14:33:19,388 - __main__ - WARNING - No weekly data found for HON
2026-07-06 14:33:49,394 - yfinance - ERROR - $PDD: possibly delisted; no price data found  (period=2y)
2026-07-06 14:33:49,402 - yfinance - ERROR - 
1 Failed download:
2026-07-06 14:33:49,402 - yfinance - ERROR - ['PDD']: possibly delisted; no price data found  (period=2y)
2026-07-06 14:33:49,406 - __main__ - WARNING - No weekly data found for PDD
2026-07-06 14:34:19,410 - yfinance - ERROR - $SHOP: possibly delisted; no price data found  (period=2y)
2026-07-06 14:34:19,411 - yfinance - ERROR - 
1 Failed download:
2026-07-06 14:34:19,411 - yfinance - ERROR - ['SHOP']: possibly delisted; no price data found  (period=2y)
2026-07-06 14:34:19,417 - __main__ - WARNING - No weekly data found for SHOP
2026-07-06 14:34:49,423 - yfinance - ERROR - $BKNG: possibly delisted; no price data found  (period=2y)
2026-07-06 14:34:49,424 - yfinance - ERROR - 
1 Failed download:
2026-07-06 14:34:49,424 - yfinance - ERROR - ['BKNG']: possibly delisted; no price data found  (period=2y)
2026-07-06 14:34:49,428 - __main__ - WARNING - No weekly data found for BKNG
2026-07-06 14:35:19,434 - yfinance - ERROR - $SBUX: possibly delisted; no price data found  (period=2y)
2026-07-06 14:35:19,434 - yfinance - ERROR - 
1 Failed download:
2026-07-06 14:35:19,435 - yfinance - ERROR - ['SBUX']: possibly delisted; no price data found  (period=2y)
2026-07-06 14:35:19,439 - __main__ - WARNING - No weekly data found for SBUX
2026-07-06 14:35:49,443 - yfinance - ERROR - $VRTX: possibly delisted; no price data found  (period=2y)
2026-07-06 14:35:49,452 - yfinance - ERROR - 
1 Failed download:
2026-07-06 14:35:49,452 - yfinance - ERROR - ['VRTX']: possibly delisted; no price data found  (period=2y)
2026-07-06 14:35:49,457 - __main__ - WARNING - No weekly data found for VRTX
2026-07-06 14:36:19,463 - yfinance - ERROR - $INTU: possibly delisted; no price data found  (period=2y)
2026-07-06 14:36:19,464 - yfinance - ERROR - 
1 Failed download:
2026-07-06 14:36:19,465 - yfinance - ERROR - ['INTU']: possibly delisted; no price data found  (period=2y)
2026-07-06 14:36:19,469 - __main__ - WARNING - No weekly data found for INTU
2026-07-06 14:36:49,475 - yfinance - ERROR - $CEG: possibly delisted; no price data found  (period=2y)
2026-07-06 14:36:49,481 - yfinance - ERROR - 
1 Failed download:
2026-07-06 14:36:49,481 - yfinance - ERROR - ['CEG']: possibly delisted; no price data found  (period=2y)
2026-07-06 14:36:49,486 - __main__ - WARNING - No weekly data found for CEG
2026-07-06 14:37:19,492 - yfinance - ERROR - $EQIX: possibly delisted; no price data found  (period=2y)
2026-07-06 14:37:19,500 - yfinance - ERROR - 
1 Failed download:
2026-07-06 14:37:19,501 - yfinance - ERROR - ['EQIX']: possibly delisted; no price data found  (period=2y)
2026-07-06 14:37:19,505 - __main__ - WARNING - No weekly data found for EQIX
2026-07-06 14:37:49,511 - yfinance - ERROR - $CME: possibly delisted; no price data found  (period=2y)
2026-07-06 14:37:49,517 - yfinance - ERROR - 
1 Failed download:
2026-07-06 14:37:49,517 - yfinance - ERROR - ['CME']: possibly delisted; no price data found  (period=2y)
2026-07-06 14:37:49,522 - __main__ - WARNING - No weekly data found for CME
2026-07-06 14:38:19,527 - yfinance - ERROR - $SNY: possibly delisted; no price data found  (period=2y)
2026-07-06 14:38:19,528 - yfinance - ERROR - 
1 Failed download:
2026-07-06 14:38:19,528 - yfinance - ERROR - ['SNY']: possibly delisted; no price data found  (period=2y)
2026-07-06 14:38:19,531 - __main__ - WARNING - No weekly data found for SNY
2026-07-06 14:38:49,535 - yfinance - ERROR - $CDNS: possibly delisted; no price data found  (period=2y)
2026-07-06 14:38:49,536 - yfinance - ERROR - 
1 Failed download:
2026-07-06 14:38:49,536 - yfinance - ERROR - ['CDNS']: possibly delisted; no price data found  (period=2y)
2026-07-06 14:38:49,541 - __main__ - WARNING - No weekly data found for CDNS
2026-07-06 14:39:19,545 - yfinance - ERROR - $SNPS: possibly delisted; no price data found  (period=2y)
2026-07-06 14:39:19,549 - yfinance - ERROR - 
1 Failed download:
2026-07-06 14:39:19,549 - yfinance - ERROR - ['SNPS']: possibly delisted; no price data found  (period=2y)
2026-07-06 14:39:19,555 - __main__ - WARNING - No weekly data found for SNPS
2026-07-06 14:39:49,560 - yfinance - ERROR - $ADBE: possibly delisted; no price data found  (period=2y)
2026-07-06 14:39:49,565 - yfinance - ERROR - 
1 Failed download:
2026-07-06 14:39:49,565 - yfinance - ERROR - ['ADBE']: possibly delisted; no price data found  (period=2y)
2026-07-06 14:39:49,570 - __main__ - WARNING - No weekly data found for ADBE
2026-07-06 14:40:19,574 - yfinance - ERROR - $MAR: possibly delisted; no price data found  (period=2y)
2026-07-06 14:40:19,583 - yfinance - ERROR - 
1 Failed download:
2026-07-06 14:40:19,583 - yfinance - ERROR - ['MAR']: possibly delisted; no price data found  (period=2y)
2026-07-06 14:40:19,586 - __main__ - WARNING - No weekly data found for MAR
2026-07-06 14:40:49,590 - yfinance - ERROR - $CMCSA: possibly delisted; no price data found  (period=2y)
2026-07-06 14:40:49,593 - yfinance - ERROR - 
1 Failed download:
2026-07-06 14:40:49,593 - yfinance - ERROR - ['CMCSA']: possibly delisted; no price data found  (period=2y)
2026-07-06 14:40:49,598 - __main__ - WARNING - No weekly data found for CMCSA
2026-07-06 14:41:19,603 - yfinance - ERROR - $ADP: possibly delisted; no price data found  (period=2y)
2026-07-06 14:41:19,610 - yfinance - ERROR - 
1 Failed download:
2026-07-06 14:41:19,610 - yfinance - ERROR - ['ADP']: possibly delisted; no price data found  (period=2y)
2026-07-06 14:41:19,615 - __main__ - WARNING - No weekly data found for ADP
2026-07-06 14:41:49,619 - yfinance - ERROR - $MNST: possibly delisted; no price data found  (period=2y)
2026-07-06 14:41:49,620 - yfinance - ERROR - 
1 Failed download:
2026-07-06 14:41:49,620 - yfinance - ERROR - ['MNST']: possibly delisted; no price data found  (period=2y)
2026-07-06 14:41:49,625 - __main__ - WARNING - No weekly data found for MNST
2026-07-06 14:42:19,629 - yfinance - ERROR - $FTNT: possibly delisted; no price data found  (period=2y)
2026-07-06 14:42:19,634 - yfinance - ERROR - 
1 Failed download:
2026-07-06 14:42:19,634 - yfinance - ERROR - ['FTNT']: possibly delisted; no price data found  (period=2y)
2026-07-06 14:42:19,639 - __main__ - WARNING - No weekly data found for FTNT
2026-07-06 14:42:49,645 - yfinance - ERROR - $CSX: possibly delisted; no price data found  (period=2y)
2026-07-06 14:42:49,647 - yfinance - ERROR - 
1 Failed download:
2026-07-06 14:42:49,647 - yfinance - ERROR - ['CSX']: possibly delisted; no price data found  (period=2y)
2026-07-06 14:42:49,651 - __main__ - WARNING - No weekly data found for CSX
2026-07-06 14:42:49,651 - __main__ - INFO - NASDAQ Progress: 60/400
2026-07-06 14:43:19,656 - yfinance - ERROR - $ABNB: possibly delisted; no price data found  (period=2y)
2026-07-06 14:43:19,665 - yfinance - ERROR - 
1 Failed download:
2026-07-06 14:43:19,665 - yfinance - ERROR - ['ABNB']: possibly delisted; no price data found  (period=2y)
2026-07-06 14:43:19,669 - __main__ - WARNING - No weekly data found for ABNB
2026-07-06 14:43:49,674 - yfinance - ERROR - $MELI: possibly delisted; no price data found  (period=2y)
2026-07-06 14:43:49,681 - yfinance - ERROR - 
1 Failed download:
2026-07-06 14:43:49,681 - yfinance - ERROR - ['MELI']: possibly delisted; no price data found  (period=2y)
2026-07-06 14:43:49,686 - __main__ - WARNING - No weekly data found for MELI
2026-07-06 14:44:19,691 - yfinance - ERROR - $MDLZ: possibly delisted; no price data found  (period=2y)
2026-07-06 14:44:19,691 - yfinance - ERROR - 
1 Failed download:
2026-07-06 14:44:19,692 - yfinance - ERROR - ['MDLZ']: possibly delisted; no price data found  (period=2y)
2026-07-06 14:44:19,697 - __main__ - WARNING - No weekly data found for MDLZ
2026-07-06 14:44:49,703 - yfinance - ERROR - $MPWR: possibly delisted; no price data found  (period=2y)
2026-07-06 14:44:49,709 - yfinance - ERROR - 
1 Failed download:
2026-07-06 14:44:49,709 - yfinance - ERROR - ['MPWR']: possibly delisted; no price data found  (period=2y)
2026-07-06 14:44:49,714 - __main__ - WARNING - No weekly data found for MPWR
2026-07-06 14:45:19,718 - yfinance - ERROR - $ORLY: possibly delisted; no price data found  (period=2y)
2026-07-06 14:45:19,725 - yfinance - ERROR - 
1 Failed download:
2026-07-06 14:45:19,725 - yfinance - ERROR - ['ORLY']: possibly delisted; no price data found  (period=2y)
2026-07-06 14:45:19,728 - __main__ - WARNING - No weekly data found for ORLY
2026-07-06 14:45:49,733 - yfinance - ERROR - $LITE: possibly delisted; no price data found  (period=2y)
2026-07-06 14:45:49,740 - yfinance - ERROR - 
1 Failed download:
2026-07-06 14:45:49,740 - yfinance - ERROR - ['LITE']: possibly delisted; no price data found  (period=2y)
2026-07-06 14:45:49,744 - __main__ - WARNING - No weekly data found for LITE
2026-07-06 14:46:19,749 - yfinance - ERROR - $REGN: possibly delisted; no price data found  (period=2y)
2026-07-06 14:46:19,757 - yfinance - ERROR - 
1 Failed download:
2026-07-06 14:46:19,757 - yfinance - ERROR - ['REGN']: possibly delisted; no price data found  (period=2y)
2026-07-06 14:46:19,760 - __main__ - WARNING - No weekly data found for REGN
2026-07-06 14:46:49,764 - yfinance - ERROR - $NTES: possibly delisted; no price data found  (period=2y)
2026-07-06 14:46:49,765 - yfinance - ERROR - 
1 Failed download:
2026-07-06 14:46:49,765 - yfinance - ERROR - ['NTES']: possibly delisted; no price data found  (period=2y)
2026-07-06 14:46:49,770 - __main__ - WARNING - No weekly data found for NTES
2026-07-06 14:47:19,775 - yfinance - ERROR - $NXPI: possibly delisted; no price data found  (period=2y)
2026-07-06 14:47:19,783 - yfinance - ERROR - 
1 Failed download:
2026-07-06 14:47:19,783 - yfinance - ERROR - ['NXPI']: possibly delisted; no price data found  (period=2y)
2026-07-06 14:47:19,788 - __main__ - WARNING - No weekly data found for NXPI
2026-07-06 14:47:49,795 - yfinance - ERROR - $AEP: possibly delisted; no price data found  (period=2y)
2026-07-06 14:47:49,801 - yfinance - ERROR - 
1 Failed download:
2026-07-06 14:47:49,801 - yfinance - ERROR - ['AEP']: possibly delisted; no price data found  (period=2y)
2026-07-06 14:47:49,805 - __main__ - WARNING - No weekly data found for AEP
2026-07-06 14:48:19,810 - yfinance - ERROR - $ROST: possibly delisted; no price data found  (period=2y)
2026-07-06 14:48:19,811 - yfinance - ERROR - 
1 Failed download:
2026-07-06 14:48:19,811 - yfinance - ERROR - ['ROST']: possibly delisted; no price data found  (period=2y)
2026-07-06 14:48:19,816 - __main__ - WARNING - No weekly data found for ROST
2026-07-06 14:48:49,821 - yfinance - ERROR - $HOOD: possibly delisted; no price data found  (period=2y)
2026-07-06 14:48:49,822 - yfinance - ERROR - 
1 Failed download:
2026-07-06 14:48:49,822 - yfinance - ERROR - ['HOOD']: possibly delisted; no price data found  (period=2y)
2026-07-06 14:48:49,827 - __main__ - WARNING - No weekly data found for HOOD
2026-07-06 14:49:19,832 - yfinance - ERROR - $DDOG: possibly delisted; no price data found  (period=2y)
2026-07-06 14:49:19,834 - yfinance - ERROR - 
1 Failed download:
2026-07-06 14:49:19,834 - yfinance - ERROR - ['DDOG']: possibly delisted; no price data found  (period=2y)
2026-07-06 14:49:19,840 - __main__ - WARNING - No weekly data found for DDOG
2026-07-06 14:49:49,845 - yfinance - ERROR - $WBD: possibly delisted; no price data found  (period=2y)
2026-07-06 14:49:49,849 - yfinance - ERROR - 
1 Failed download:
2026-07-06 14:49:49,849 - yfinance - ERROR - ['WBD']: possibly delisted; no price data found  (period=2y)
2026-07-06 14:49:49,853 - __main__ - WARNING - No weekly data found for WBD
2026-07-06 14:50:19,859 - yfinance - ERROR - $RKLB: possibly delisted; no price data found  (period=2y)
2026-07-06 14:50:19,859 - yfinance - ERROR - 
1 Failed download:
2026-07-06 14:50:19,859 - yfinance - ERROR - ['RKLB']: possibly delisted; no price data found  (period=2y)
2026-07-06 14:50:19,864 - __main__ - WARNING - No weekly data found for RKLB
2026-07-06 14:50:49,870 - yfinance - ERROR - $DASH: possibly delisted; no price data found  (period=2y)
2026-07-06 14:50:49,870 - yfinance - ERROR - 
1 Failed download:
2026-07-06 14:50:49,870 - yfinance - ERROR - ['DASH']: possibly delisted; no price data found  (period=2y)
2026-07-06 14:50:49,875 - __main__ - WARNING - No weekly data found for DASH
2026-07-06 14:51:19,881 - yfinance - ERROR - $CTAS: possibly delisted; no price data found  (period=2y)
2026-07-06 14:51:19,886 - yfinance - ERROR - 
1 Failed download:
2026-07-06 14:51:19,886 - yfinance - ERROR - ['CTAS']: possibly delisted; no price data found  (period=2y)
2026-07-06 14:51:19,891 - __main__ - WARNING - No weekly data found for CTAS
2026-07-06 14:51:49,897 - yfinance - ERROR - $MSTR: possibly delisted; no price data found  (period=2y)
2026-07-06 14:51:49,899 - yfinance - ERROR - 
1 Failed download:
2026-07-06 14:51:49,899 - yfinance - ERROR - ['MSTR']: possibly delisted; no price data found  (period=2y)
2026-07-06 14:51:49,904 - __main__ - WARNING - No weekly data found for MSTR
2026-07-06 14:52:19,909 - yfinance - ERROR - $BKR: possibly delisted; no price data found  (period=2y)
2026-07-06 14:52:19,913 - yfinance - ERROR - 
1 Failed download:
2026-07-06 14:52:19,913 - yfinance - ERROR - ['BKR']: possibly delisted; no price data found  (period=2y)
2026-07-06 14:52:19,916 - __main__ - WARNING - No weekly data found for BKR
2026-07-06 14:52:49,922 - yfinance - ERROR - $PCAR: possibly delisted; no price data found  (period=2y)
2026-07-06 14:52:49,930 - yfinance - ERROR - 
1 Failed download:
2026-07-06 14:52:49,930 - yfinance - ERROR - ['PCAR']: possibly delisted; no price data found  (period=2y)
2026-07-06 14:52:49,935 - __main__ - WARNING - No weekly data found for PCAR
2026-07-06 14:52:49,935 - __main__ - INFO - NASDAQ Progress: 80/400
2026-07-06 14:53:19,940 - yfinance - ERROR - $CRWV: possibly delisted; no price data found  (period=2y)
2026-07-06 14:53:19,943 - yfinance - ERROR - 
1 Failed download:
2026-07-06 14:53:19,943 - yfinance - ERROR - ['CRWV']: possibly delisted; no price data found  (period=2y)
2026-07-06 14:53:19,948 - __main__ - WARNING - No weekly data found for CRWV
2026-07-06 14:53:49,954 - yfinance - ERROR - $FANG: possibly delisted; no price data found  (period=2y)
2026-07-06 14:53:49,954 - yfinance - ERROR - 
1 Failed download:
2026-07-06 14:53:49,955 - yfinance - ERROR - ['FANG']: possibly delisted; no price data found  (period=2y)
2026-07-06 14:53:49,959 - __main__ - WARNING - No weekly data found for FANG
2026-07-06 14:54:19,965 - yfinance - ERROR - $TER: possibly delisted; no price data found  (period=2y)
2026-07-06 14:54:19,969 - yfinance - ERROR - 
1 Failed download:
2026-07-06 14:54:19,970 - yfinance - ERROR - ['TER']: possibly delisted; no price data found  (period=2y)
2026-07-06 14:54:19,975 - __main__ - WARNING - No weekly data found for TER
2026-07-06 14:54:49,981 - yfinance - ERROR - $COIN: possibly delisted; no price data found  (period=2y)
2026-07-06 14:54:49,990 - yfinance - ERROR - 
1 Failed download:
2026-07-06 14:54:49,990 - yfinance - ERROR - ['COIN']: possibly delisted; no price data found  (period=2y)
2026-07-06 14:54:49,994 - __main__ - WARNING - No weekly data found for COIN
2026-07-06 14:55:20,000 - yfinance - ERROR - $MCHP: possibly delisted; no price data found  (period=2y)
2026-07-06 14:55:20,003 - yfinance - ERROR - 
1 Failed download:
2026-07-06 14:55:20,003 - yfinance - ERROR - ['MCHP']: possibly delisted; no price data found  (period=2y)
2026-07-06 14:55:20,008 - __main__ - WARNING - No weekly data found for MCHP
2026-07-06 14:55:50,013 - yfinance - ERROR - $FLEX: possibly delisted; no price data found  (period=2y)
2026-07-06 14:55:50,020 - yfinance - ERROR - 
1 Failed download:
2026-07-06 14:55:50,020 - yfinance - ERROR - ['FLEX']: possibly delisted; no price data found  (period=2y)
2026-07-06 14:55:50,024 - __main__ - WARNING - No weekly data found for FLEX
2026-07-06 14:56:20,031 - yfinance - ERROR - $NDAQ: possibly delisted; no price data found  (period=2y)
2026-07-06 14:56:20,039 - yfinance - ERROR - 
1 Failed download:
2026-07-06 14:56:20,039 - yfinance - ERROR - ['NDAQ']: possibly delisted; no price data found  (period=2y)
2026-07-06 14:56:20,044 - __main__ - WARNING - No weekly data found for NDAQ
2026-07-06 14:56:50,049 - yfinance - ERROR - $ARGX: possibly delisted; no price data found  (period=2y)
2026-07-06 14:56:50,050 - yfinance - ERROR - 
1 Failed download:
2026-07-06 14:56:50,050 - yfinance - ERROR - ['ARGX']: possibly delisted; no price data found  (period=2y)
2026-07-06 14:56:50,055 - __main__ - WARNING - No weekly data found for ARGX
2026-07-06 14:57:20,060 - yfinance - ERROR - $EA: possibly delisted; no price data found  (period=2y)
2026-07-06 14:57:20,067 - yfinance - ERROR - 
1 Failed download:
2026-07-06 14:57:20,067 - yfinance - ERROR - ['EA']: possibly delisted; no price data found  (period=2y)
2026-07-06 14:57:20,072 - __main__ - WARNING - No weekly data found for EA
2026-07-06 14:57:50,078 - yfinance - ERROR - $XEL: possibly delisted; no price data found  (period=2y)
2026-07-06 14:57:50,081 - yfinance - ERROR - 
1 Failed download:
2026-07-06 14:57:50,081 - yfinance - ERROR - ['XEL']: possibly delisted; no price data found  (period=2y)
2026-07-06 14:57:50,086 - __main__ - WARNING - No weekly data found for XEL
2026-07-06 14:58:20,091 - yfinance - ERROR - $FAST: possibly delisted; no price data found  (period=2y)
2026-07-06 14:58:20,095 - yfinance - ERROR - 
1 Failed download:
2026-07-06 14:58:20,095 - yfinance - ERROR - ['FAST']: possibly delisted; no price data found  (period=2y)
2026-07-06 14:58:20,098 - __main__ - WARNING - No weekly data found for FAST
2026-07-06 14:58:50,104 - yfinance - ERROR - $ADSK: possibly delisted; no price data found  (period=2y)
2026-07-06 14:58:50,111 - yfinance - ERROR - 
1 Failed download:
2026-07-06 14:58:50,111 - yfinance - ERROR - ['ADSK']: possibly delisted; no price data found  (period=2y)
2026-07-06 14:58:50,116 - __main__ - WARNING - No weekly data found for ADSK
2026-07-06 14:59:20,121 - yfinance - ERROR - $FER: possibly delisted; no price data found  (period=2y)
2026-07-06 14:59:20,128 - yfinance - ERROR - 
1 Failed download:
2026-07-06 14:59:20,128 - yfinance - ERROR - ['FER']: possibly delisted; no price data found  (period=2y)
2026-07-06 14:59:20,134 - __main__ - WARNING - No weekly data found for FER
2026-07-06 14:59:50,140 - yfinance - ERROR - $EBAY: possibly delisted; no price data found  (period=2y)
2026-07-06 14:59:50,142 - yfinance - ERROR - 
1 Failed download:
2026-07-06 14:59:50,142 - yfinance - ERROR - ['EBAY']: possibly delisted; no price data found  (period=2y)
2026-07-06 14:59:50,147 - __main__ - WARNING - No weekly data found for EBAY
2026-07-06 15:00:20,153 - yfinance - ERROR - $BIDU: possibly delisted; no price data found  (period=2y)
2026-07-06 15:00:20,156 - yfinance - ERROR - 
1 Failed download:
2026-07-06 15:00:20,156 - yfinance - ERROR - ['BIDU']: possibly delisted; no price data found  (period=2y)
2026-07-06 15:00:20,160 - __main__ - WARNING - No weekly data found for BIDU
2026-07-06 15:00:50,166 - yfinance - ERROR - $EXC: possibly delisted; no price data found  (period=2y)
2026-07-06 15:00:50,167 - yfinance - ERROR - 
1 Failed download:
2026-07-06 15:00:50,167 - yfinance - ERROR - ['EXC']: possibly delisted; no price data found  (period=2y)
2026-07-06 15:00:50,171 - __main__ - WARNING - No weekly data found for EXC
2026-07-06 15:01:20,178 - yfinance - ERROR - $NBIS: possibly delisted; no price data found  (period=2y)
2026-07-06 15:01:20,182 - yfinance - ERROR - 
1 Failed download:
2026-07-06 15:01:20,182 - yfinance - ERROR - ['NBIS']: possibly delisted; no price data found  (period=2y)
2026-07-06 15:01:20,187 - __main__ - WARNING - No weekly data found for NBIS
2026-07-06 15:01:50,192 - yfinance - ERROR - $FITB: possibly delisted; no price data found  (period=2y)
2026-07-06 15:01:50,200 - yfinance - ERROR - 
1 Failed download:
2026-07-06 15:01:50,200 - yfinance - ERROR - ['FITB']: possibly delisted; no price data found  (period=2y)
2026-07-06 15:01:50,205 - __main__ - WARNING - No weekly data found for FITB
2026-07-06 15:02:20,211 - yfinance - ERROR - $JD: possibly delisted; no price data found  (period=2y)
2026-07-06 15:02:20,217 - yfinance - ERROR - 
1 Failed download:
2026-07-06 15:02:20,218 - yfinance - ERROR - ['JD']: possibly delisted; no price data found  (period=2y)
2026-07-06 15:02:20,222 - __main__ - WARNING - No weekly data found for JD
2026-07-06 15:02:50,228 - yfinance - ERROR - $IDXX: possibly delisted; no price data found  (period=2y)
2026-07-06 15:02:50,231 - yfinance - ERROR - 
1 Failed download:
2026-07-06 15:02:50,231 - yfinance - ERROR - ['IDXX']: possibly delisted; no price data found  (period=2y)
2026-07-06 15:02:50,235 - __main__ - WARNING - No weekly data found for IDXX
2026-07-06 15:02:50,235 - __main__ - INFO - NASDAQ Progress: 100/400
2026-07-06 15:03:20,240 - yfinance - ERROR - $TTWO: possibly delisted; no price data found  (period=2y)
2026-07-06 15:03:20,241 - yfinance - ERROR - 
1 Failed download:
2026-07-06 15:03:20,241 - yfinance - ERROR - ['TTWO']: possibly delisted; no price data found  (period=2y)
2026-07-06 15:03:20,246 - __main__ - WARNING - No weekly data found for TTWO
2026-07-06 15:03:50,252 - yfinance - ERROR - $CCEP: possibly delisted; no price data found  (period=2y)
2026-07-06 15:03:50,256 - yfinance - ERROR - 
1 Failed download:
2026-07-06 15:03:50,256 - yfinance - ERROR - ['CCEP']: possibly delisted; no price data found  (period=2y)
2026-07-06 15:03:50,261 - __main__ - WARNING - No weekly data found for CCEP
2026-07-06 15:04:20,266 - yfinance - ERROR - $ERIC: possibly delisted; no price data found  (period=2y)
2026-07-06 15:04:20,275 - yfinance - ERROR - 
1 Failed download:
2026-07-06 15:04:20,275 - yfinance - ERROR - ['ERIC']: possibly delisted; no price data found  (period=2y)
2026-07-06 15:04:20,280 - __main__ - WARNING - No weekly data found for ERIC
2026-07-06 15:04:50,285 - yfinance - ERROR - $PYPL: possibly delisted; no price data found  (period=2y)
2026-07-06 15:04:50,287 - yfinance - ERROR - 
1 Failed download:
2026-07-06 15:04:50,287 - yfinance - ERROR - ['PYPL']: possibly delisted; no price data found  (period=2y)
2026-07-06 15:04:50,292 - __main__ - WARNING - No weekly data found for PYPL
2026-07-06 15:05:20,297 - yfinance - ERROR - $ON: possibly delisted; no price data found  (period=2y)
2026-07-06 15:05:20,304 - yfinance - ERROR - 
1 Failed download:
2026-07-06 15:05:20,304 - yfinance - ERROR - ['ON']: possibly delisted; no price data found  (period=2y)
2026-07-06 15:05:20,309 - __main__ - WARNING - No weekly data found for ON
2026-07-06 15:05:50,315 - yfinance - ERROR - $KDP: possibly delisted; no price data found  (period=2y)
2026-07-06 15:05:50,316 - yfinance - ERROR - 
1 Failed download:
2026-07-06 15:05:50,317 - yfinance - ERROR - ['KDP']: possibly delisted; no price data found  (period=2y)
2026-07-06 15:05:50,321 - __main__ - WARNING - No weekly data found for KDP
2026-07-06 15:06:20,327 - yfinance - ERROR - $ODFL: possibly delisted; no price data found  (period=2y)
2026-07-06 15:06:20,336 - yfinance - ERROR - 
1 Failed download:
2026-07-06 15:06:20,336 - yfinance - ERROR - ['ODFL']: possibly delisted; no price data found  (period=2y)
2026-07-06 15:06:20,340 - __main__ - WARNING - No weekly data found for ODFL
2026-07-06 15:06:50,346 - yfinance - ERROR - $ALNY: possibly delisted; no price data found  (period=2y)
2026-07-06 15:06:50,348 - yfinance - ERROR - 
1 Failed download:
2026-07-06 15:06:50,349 - yfinance - ERROR - ['ALNY']: possibly delisted; no price data found  (period=2y)
2026-07-06 15:06:50,353 - __main__ - WARNING - No weekly data found for ALNY
2026-07-06 15:07:20,359 - yfinance - ERROR - $GFS: possibly delisted; no price data found  (period=2y)
2026-07-06 15:07:20,360 - yfinance - ERROR - 
1 Failed download:
2026-07-06 15:07:20,360 - yfinance - ERROR - ['GFS']: possibly delisted; no price data found  (period=2y)
2026-07-06 15:07:20,364 - __main__ - WARNING - No weekly data found for GFS
2026-07-06 15:07:50,370 - yfinance - ERROR - $TRI: possibly delisted; no price data found  (period=2y)
2026-07-06 15:07:50,374 - yfinance - ERROR - 
1 Failed download:
2026-07-06 15:07:50,374 - yfinance - ERROR - ['TRI']: possibly delisted; no price data found  (period=2y)
2026-07-06 15:07:50,379 - __main__ - WARNING - No weekly data found for TRI
2026-07-06 15:08:20,384 - yfinance - ERROR - $ESLT: possibly delisted; no price data found  (period=2y)
2026-07-06 15:08:20,387 - yfinance - ERROR - 
1 Failed download:
2026-07-06 15:08:20,387 - yfinance - ERROR - ['ESLT']: possibly delisted; no price data found  (period=2y)
2026-07-06 15:08:20,390 - __main__ - WARNING - No weekly data found for ESLT
2026-07-06 15:08:50,395 - yfinance - ERROR - $SATS: possibly delisted; no price data found  (period=2y)
2026-07-06 15:08:50,396 - yfinance - ERROR - 
1 Failed download:
2026-07-06 15:08:50,396 - yfinance - ERROR - ['SATS']: possibly delisted; no price data found  (period=2y)
2026-07-06 15:08:50,400 - __main__ - WARNING - No weekly data found for SATS
2026-07-06 15:09:20,407 - yfinance - ERROR - $CRDO: possibly delisted; no price data found  (period=2y)
2026-07-06 15:09:20,413 - yfinance - ERROR - 
1 Failed download:
2026-07-06 15:09:20,413 - yfinance - ERROR - ['CRDO']: possibly delisted; no price data found  (period=2y)
2026-07-06 15:09:20,418 - __main__ - WARNING - No weekly data found for CRDO
2026-07-06 15:09:50,424 - yfinance - ERROR - $VOD: possibly delisted; no price data found  (period=2y)
2026-07-06 15:09:50,426 - yfinance - ERROR - 
1 Failed download:
2026-07-06 15:09:50,426 - yfinance - ERROR - ['VOD']: possibly delisted; no price data found  (period=2y)
2026-07-06 15:09:50,431 - __main__ - WARNING - No weekly data found for VOD
2026-07-06 15:10:20,437 - yfinance - ERROR - $ALAB: possibly delisted; no price data found  (period=2y)
2026-07-06 15:10:20,445 - yfinance - ERROR - 
1 Failed download:
2026-07-06 15:10:20,445 - yfinance - ERROR - ['ALAB']: possibly delisted; no price data found  (period=2y)
2026-07-06 15:10:20,448 - __main__ - WARNING - No weekly data found for ALAB
2026-07-06 15:10:50,454 - yfinance - ERROR - $STLD: possibly delisted; no price data found  (period=2y)
2026-07-06 15:10:50,462 - yfinance - ERROR - 
1 Failed download:
2026-07-06 15:10:50,462 - yfinance - ERROR - ['STLD']: possibly delisted; no price data found  (period=2y)
2026-07-06 15:10:50,467 - __main__ - WARNING - No weekly data found for STLD
2026-07-06 15:11:20,473 - yfinance - ERROR - $PAYX: possibly delisted; no price data found  (period=2y)
2026-07-06 15:11:20,483 - yfinance - ERROR - 
1 Failed download:
2026-07-06 15:11:20,483 - yfinance - ERROR - ['PAYX']: possibly delisted; no price data found  (period=2y)
2026-07-06 15:11:20,487 - __main__ - WARNING - No weekly data found for PAYX
2026-07-06 15:11:50,492 - yfinance - ERROR - $ACGL: possibly delisted; no price data found  (period=2y)
2026-07-06 15:11:50,492 - yfinance - ERROR - 
1 Failed download:
2026-07-06 15:11:50,493 - yfinance - ERROR - ['ACGL']: possibly delisted; no price data found  (period=2y)
2026-07-06 15:11:50,497 - __main__ - WARNING - No weekly data found for ACGL
2026-07-06 15:12:20,503 - yfinance - ERROR - $MDLN: possibly delisted; no price data found  (period=2y)
2026-07-06 15:12:20,503 - yfinance - ERROR - 
1 Failed download:
2026-07-06 15:12:20,504 - yfinance - ERROR - ['MDLN']: possibly delisted; no price data found  (period=2y)
2026-07-06 15:12:20,509 - __main__ - WARNING - No weekly data found for MDLN
2026-07-06 15:12:50,514 - yfinance - ERROR - $ROP: possibly delisted; no price data found  (period=2y)
2026-07-06 15:12:50,516 - yfinance - ERROR - 
1 Failed download:
2026-07-06 15:12:50,516 - yfinance - ERROR - ['ROP']: possibly delisted; no price data found  (period=2y)
2026-07-06 15:12:50,521 - __main__ - WARNING - No weekly data found for ROP
2026-07-06 15:12:50,521 - __main__ - INFO - NASDAQ Progress: 120/400
2026-07-06 15:13:20,525 - yfinance - ERROR - $TCOM: possibly delisted; no price data found  (period=2y)
2026-07-06 15:13:20,529 - yfinance - ERROR - 
1 Failed download:
2026-07-06 15:13:20,529 - yfinance - ERROR - ['TCOM']: possibly delisted; no price data found  (period=2y)
2026-07-06 15:13:20,533 - __main__ - WARNING - No weekly data found for TCOM
2026-07-06 15:13:50,538 - yfinance - ERROR - $ONC: possibly delisted; no price data found  (period=2y)
2026-07-06 15:13:50,544 - yfinance - ERROR - 
1 Failed download:
2026-07-06 15:13:50,544 - yfinance - ERROR - ['ONC']: possibly delisted; no price data found  (period=2y)
2026-07-06 15:13:50,548 - __main__ - WARNING - No weekly data found for ONC
2026-07-06 15:14:20,553 - yfinance - ERROR - $KMB: possibly delisted; no price data found  (period=2y)
2026-07-06 15:14:20,558 - yfinance - ERROR - 
1 Failed download:
2026-07-06 15:14:20,558 - yfinance - ERROR - ['KMB']: possibly delisted; no price data found  (period=2y)
2026-07-06 15:14:20,564 - __main__ - WARNING - No weekly data found for KMB
2026-07-06 15:14:50,570 - yfinance - ERROR - $CASY: possibly delisted; no price data found  (period=2y)
2026-07-06 15:14:50,577 - yfinance - ERROR - 
1 Failed download:
2026-07-06 15:14:50,577 - yfinance - ERROR - ['CASY']: possibly delisted; no price data found  (period=2y)
2026-07-06 15:14:50,582 - __main__ - WARNING - No weekly data found for CASY
2026-07-06 15:15:20,587 - yfinance - ERROR - $HBAN: possibly delisted; no price data found  (period=2y)
2026-07-06 15:15:20,593 - yfinance - ERROR - 
1 Failed download:
2026-07-06 15:15:20,593 - yfinance - ERROR - ['HBAN']: possibly delisted; no price data found  (period=2y)
2026-07-06 15:15:20,598 - __main__ - WARNING - No weekly data found for HBAN
2026-07-06 15:15:50,602 - yfinance - ERROR - $CPRT: possibly delisted; no price data found  (period=2y)
2026-07-06 15:15:50,607 - yfinance - ERROR - 
1 Failed download:
2026-07-06 15:15:50,607 - yfinance - ERROR - ['CPRT']: possibly delisted; no price data found  (period=2y)
2026-07-06 15:15:50,611 - __main__ - WARNING - No weekly data found for CPRT
2026-07-06 15:16:20,617 - yfinance - ERROR - $AXON: possibly delisted; no price data found  (period=2y)
2026-07-06 15:16:20,622 - yfinance - ERROR - 
1 Failed download:
2026-07-06 15:16:20,622 - yfinance - ERROR - ['AXON']: possibly delisted; no price data found  (period=2y)
2026-07-06 15:16:20,627 - __main__ - WARNING - No weekly data found for AXON
2026-07-06 15:16:50,631 - yfinance - ERROR - $UAL: possibly delisted; no price data found  (period=2y)
2026-07-06 15:16:50,632 - yfinance - ERROR - 
1 Failed download:
2026-07-06 15:16:50,633 - yfinance - ERROR - ['UAL']: possibly delisted; no price data found  (period=2y)
2026-07-06 15:16:50,637 - __main__ - WARNING - No weekly data found for UAL
2026-07-06 15:17:20,641 - yfinance - ERROR - $SYM: possibly delisted; no price data found  (period=2y)
2026-07-06 15:17:20,643 - yfinance - ERROR - 
1 Failed download:
2026-07-06 15:17:20,643 - yfinance - ERROR - ['SYM']: possibly delisted; no price data found  (period=2y)
2026-07-06 15:17:20,648 - __main__ - WARNING - No weekly data found for SYM
2026-07-06 15:17:50,653 - yfinance - ERROR - $RVMD: possibly delisted; no price data found  (period=2y)
2026-07-06 15:17:50,661 - yfinance - ERROR - 
1 Failed download:
2026-07-06 15:17:50,662 - yfinance - ERROR - ['RVMD']: possibly delisted; no price data found  (period=2y)
2026-07-06 15:17:50,665 - __main__ - WARNING - No weekly data found for RVMD
2026-07-06 15:18:20,670 - yfinance - ERROR - $ZM: possibly delisted; no price data found  (period=2y)
2026-07-06 15:18:20,677 - yfinance - ERROR - 
1 Failed download:
2026-07-06 15:18:20,677 - yfinance - ERROR - ['ZM']: possibly delisted; no price data found  (period=2y)
2026-07-06 15:18:20,684 - __main__ - WARNING - No weekly data found for ZM
2026-07-06 15:18:50,688 - yfinance - ERROR - $NTRS: possibly delisted; no price data found  (period=2y)
2026-07-06 15:18:50,696 - yfinance - ERROR - 
1 Failed download:
2026-07-06 15:18:50,696 - yfinance - ERROR - ['NTRS']: possibly delisted; no price data found  (period=2y)
2026-07-06 15:18:50,699 - __main__ - WARNING - No weekly data found for NTRS
2026-07-06 15:19:20,703 - yfinance - ERROR - $RPRX: possibly delisted; no price data found  (period=2y)
2026-07-06 15:19:20,704 - yfinance - ERROR - 
1 Failed download:
2026-07-06 15:19:20,704 - yfinance - ERROR - ['RPRX']: possibly delisted; no price data found  (period=2y)
2026-07-06 15:19:20,715 - __main__ - WARNING - No weekly data found for RPRX
2026-07-06 15:19:50,721 - yfinance - ERROR - $BIIB: possibly delisted; no price data found  (period=2y)
2026-07-06 15:19:50,728 - yfinance - ERROR - 
1 Failed download:
2026-07-06 15:19:50,728 - yfinance - ERROR - ['BIIB']: possibly delisted; no price data found  (period=2y)
2026-07-06 15:19:50,732 - __main__ - WARNING - No weekly data found for BIIB
2026-07-06 15:20:20,737 - yfinance - ERROR - $WDAY: possibly delisted; no price data found  (period=2y)
2026-07-06 15:20:20,742 - yfinance - ERROR - 
1 Failed download:
2026-07-06 15:20:20,742 - yfinance - ERROR - ['WDAY']: possibly delisted; no price data found  (period=2y)
2026-07-06 15:20:20,745 - __main__ - WARNING - No weekly data found for WDAY
2026-07-06 15:20:50,748 - yfinance - ERROR - $FISV: possibly delisted; no price data found  (period=2y)
2026-07-06 15:20:50,751 - yfinance - ERROR - 
1 Failed download:
2026-07-06 15:20:50,751 - yfinance - ERROR - ['FISV']: possibly delisted; no price data found  (period=2y)
2026-07-06 15:20:50,755 - __main__ - WARNING - No weekly data found for FISV
2026-07-06 15:21:20,760 - yfinance - ERROR - $NTRA: possibly delisted; no price data found  (period=2y)
2026-07-06 15:21:20,767 - yfinance - ERROR - 
1 Failed download:
2026-07-06 15:21:20,768 - yfinance - ERROR - ['NTRA']: possibly delisted; no price data found  (period=2y)
2026-07-06 15:21:20,771 - __main__ - WARNING - No weekly data found for NTRA
2026-07-06 15:21:50,776 - yfinance - ERROR - $RYAAY: possibly delisted; no price data found  (period=2y)
2026-07-06 15:21:50,780 - yfinance - ERROR - 
1 Failed download:
2026-07-06 15:21:50,780 - yfinance - ERROR - ['RYAAY']: possibly delisted; no price data found  (period=2y)
2026-07-06 15:21:50,783 - __main__ - WARNING - No weekly data found for RYAAY
2026-07-06 15:22:20,788 - yfinance - ERROR - $PSNYW: possibly delisted; no price data found  (period=2y)
2026-07-06 15:22:20,789 - yfinance - ERROR - 
1 Failed download:
2026-07-06 15:22:20,790 - yfinance - ERROR - ['PSNYW']: possibly delisted; no price data found  (period=2y)
2026-07-06 15:22:20,794 - __main__ - WARNING - No weekly data found for PSNYW
2026-07-06 15:22:50,800 - yfinance - ERROR - $GEHC: possibly delisted; no price data found  (period=2y)
2026-07-06 15:22:50,804 - yfinance - ERROR - 
1 Failed download:
2026-07-06 15:22:50,804 - yfinance - ERROR - ['GEHC']: possibly delisted; no price data found  (period=2y)
2026-07-06 15:22:50,810 - __main__ - WARNING - No weekly data found for GEHC
2026-07-06 15:22:50,810 - __main__ - INFO - NASDAQ Progress: 140/400
2026-07-06 15:23:20,818 - yfinance - ERROR - $FOXA: possibly delisted; no price data found  (period=2y)
2026-07-06 15:23:20,824 - yfinance - ERROR - 
1 Failed download:
2026-07-06 15:23:20,824 - yfinance - ERROR - ['FOXA']: possibly delisted; no price data found  (period=2y)
2026-07-06 15:23:20,827 - __main__ - WARNING - No weekly data found for FOXA
2026-07-06 15:23:50,832 - yfinance - ERROR - $KHC: possibly delisted; no price data found  (period=2y)
2026-07-06 15:23:50,839 - yfinance - ERROR - 
1 Failed download:
2026-07-06 15:23:50,840 - yfinance - ERROR - ['KHC']: possibly delisted; no price data found  (period=2y)
2026-07-06 15:23:50,846 - __main__ - WARNING - No weekly data found for KHC
2026-07-06 15:24:20,854 - yfinance - ERROR - $ASTS: possibly delisted; no price data found  (period=2y)
2026-07-06 15:24:20,854 - yfinance - ERROR - 
1 Failed download:
2026-07-06 15:24:20,854 - yfinance - ERROR - ['ASTS']: possibly delisted; no price data found  (period=2y)
2026-07-06 15:24:20,859 - __main__ - WARNING - No weekly data found for ASTS
2026-07-06 15:24:50,864 - yfinance - ERROR - $FTAI: possibly delisted; no price data found  (period=2y)
2026-07-06 15:24:50,864 - yfinance - ERROR - 
1 Failed download:
2026-07-06 15:24:50,864 - yfinance - ERROR - ['FTAI']: possibly delisted; no price data found  (period=2y)
2026-07-06 15:24:50,867 - __main__ - WARNING - No weekly data found for FTAI
2026-07-06 15:25:20,873 - yfinance - ERROR - $MTSI: possibly delisted; no price data found  (period=2y)
2026-07-06 15:25:20,874 - yfinance - ERROR - 
1 Failed download:
2026-07-06 15:25:20,874 - yfinance - ERROR - ['MTSI']: possibly delisted; no price data found  (period=2y)
2026-07-06 15:25:20,877 - __main__ - WARNING - No weekly data found for MTSI
2026-07-06 15:25:50,882 - yfinance - ERROR - $EXPE: possibly delisted; no price data found  (period=2y)
2026-07-06 15:25:50,887 - yfinance - ERROR - 
1 Failed download:
2026-07-06 15:25:50,887 - yfinance - ERROR - ['EXPE']: possibly delisted; no price data found  (period=2y)
2026-07-06 15:25:50,893 - __main__ - WARNING - No weekly data found for EXPE
2026-07-06 15:26:20,899 - yfinance - ERROR - $STRL: possibly delisted; no price data found  (period=2y)
2026-07-06 15:26:20,900 - yfinance - ERROR - 
1 Failed download:
2026-07-06 15:26:20,901 - yfinance - ERROR - ['STRL']: possibly delisted; no price data found  (period=2y)
2026-07-06 15:26:20,909 - __main__ - WARNING - No weekly data found for STRL
2026-07-06 15:26:50,917 - yfinance - ERROR - $VRSN: possibly delisted; no price data found  (period=2y)
2026-07-06 15:26:50,920 - yfinance - ERROR - 
1 Failed download:
2026-07-06 15:26:50,920 - yfinance - ERROR - ['VRSN']: possibly delisted; no price data found  (period=2y)
2026-07-06 15:26:50,924 - __main__ - WARNING - No weekly data found for VRSN
2026-07-06 15:27:20,930 - yfinance - ERROR - $TSEM: possibly delisted; no price data found  (period=2y)
2026-07-06 15:27:20,933 - yfinance - ERROR - 
1 Failed download:
2026-07-06 15:27:20,933 - yfinance - ERROR - ['TSEM']: possibly delisted; no price data found  (period=2y)
2026-07-06 15:27:20,938 - __main__ - WARNING - No weekly data found for TSEM
2026-07-06 15:27:50,944 - yfinance - ERROR - $INSM: possibly delisted; no price data found  (period=2y)
2026-07-06 15:27:50,951 - yfinance - ERROR - 
1 Failed download:
2026-07-06 15:27:50,951 - yfinance - ERROR - ['INSM']: possibly delisted; no price data found  (period=2y)
2026-07-06 15:27:50,957 - __main__ - WARNING - No weekly data found for INSM
2026-07-06 15:28:20,963 - yfinance - ERROR - $CINF: possibly delisted; no price data found  (period=2y)
2026-07-06 15:28:20,970 - yfinance - ERROR - 
1 Failed download:
2026-07-06 15:28:20,970 - yfinance - ERROR - ['CINF']: possibly delisted; no price data found  (period=2y)
2026-07-06 15:28:20,974 - __main__ - WARNING - No weekly data found for CINF
2026-07-06 15:28:50,981 - yfinance - ERROR - $FOX: possibly delisted; no price data found  (period=2y)
2026-07-06 15:28:50,990 - yfinance - ERROR - 
1 Failed download:
2026-07-06 15:28:50,990 - yfinance - ERROR - ['FOX']: possibly delisted; no price data found  (period=2y)
2026-07-06 15:28:50,995 - __main__ - WARNING - No weekly data found for FOX
2026-07-06 15:29:21,000 - yfinance - ERROR - $MDB: possibly delisted; no price data found  (period=2y)
2026-07-06 15:29:21,000 - yfinance - ERROR - 
1 Failed download:
2026-07-06 15:29:21,001 - yfinance - ERROR - ['MDB']: possibly delisted; no price data found  (period=2y)
2026-07-06 15:29:21,006 - __main__ - WARNING - No weekly data found for MDB
2026-07-06 15:29:51,012 - yfinance - ERROR - $UTHR: possibly delisted; no price data found  (period=2y)
2026-07-06 15:29:51,012 - yfinance - ERROR - 
1 Failed download:
2026-07-06 15:29:51,013 - yfinance - ERROR - ['UTHR']: possibly delisted; no price data found  (period=2y)
2026-07-06 15:29:51,017 - __main__ - WARNING - No weekly data found for UTHR
2026-07-06 15:30:21,023 - yfinance - ERROR - $FSLR: possibly delisted; no price data found  (period=2y)
2026-07-06 15:30:21,024 - yfinance - ERROR - 
1 Failed download:
2026-07-06 15:30:21,024 - yfinance - ERROR - ['FSLR']: possibly delisted; no price data found  (period=2y)
2026-07-06 15:30:21,029 - __main__ - WARNING - No weekly data found for FSLR
2026-07-06 15:30:51,034 - yfinance - ERROR - $TW: possibly delisted; no price data found  (period=2y)
2026-07-06 15:30:51,037 - yfinance - ERROR - 
1 Failed download:
2026-07-06 15:30:51,037 - yfinance - ERROR - ['TW']: possibly delisted; no price data found  (period=2y)
2026-07-06 15:30:51,042 - __main__ - WARNING - No weekly data found for TW
2026-07-06 15:31:21,048 - yfinance - ERROR - $WTW: possibly delisted; no price data found  (period=2y)
2026-07-06 15:31:21,049 - yfinance - ERROR - 
1 Failed download:
2026-07-06 15:31:21,049 - yfinance - ERROR - ['WTW']: possibly delisted; no price data found  (period=2y)
2026-07-06 15:31:21,053 - __main__ - WARNING - No weekly data found for WTW
2026-07-06 15:31:51,059 - yfinance - ERROR - $BNTX: possibly delisted; no price data found  (period=2y)
2026-07-06 15:31:51,060 - yfinance - ERROR - 
1 Failed download:
2026-07-06 15:31:51,060 - yfinance - ERROR - ['BNTX']: possibly delisted; no price data found  (period=2y)
2026-07-06 15:31:51,064 - __main__ - WARNING - No weekly data found for BNTX
2026-07-06 15:32:21,070 - yfinance - ERROR - $ZS: possibly delisted; no price data found  (period=2y)
2026-07-06 15:32:21,075 - yfinance - ERROR - 
1 Failed download:
2026-07-06 15:32:21,075 - yfinance - ERROR - ['ZS']: possibly delisted; no price data found  (period=2y)
2026-07-06 15:32:21,079 - __main__ - WARNING - No weekly data found for ZS
2026-07-06 15:32:51,086 - yfinance - ERROR - $DXCM: possibly delisted; no price data found  (period=2y)
2026-07-06 15:32:51,090 - yfinance - ERROR - 
1 Failed download:
2026-07-06 15:32:51,090 - yfinance - ERROR - ['DXCM']: possibly delisted; no price data found  (period=2y)
2026-07-06 15:32:51,094 - __main__ - WARNING - No weekly data found for DXCM
2026-07-06 15:32:51,095 - __main__ - INFO - NASDAQ Progress: 160/400
2026-07-06 15:33:21,101 - yfinance - ERROR - $LPLA: possibly delisted; no price data found  (period=2y)
2026-07-06 15:33:21,109 - yfinance - ERROR - 
1 Failed download:
2026-07-06 15:33:21,109 - yfinance - ERROR - ['LPLA']: possibly delisted; no price data found  (period=2y)
2026-07-06 15:33:21,113 - __main__ - WARNING - No weekly data found for LPLA
2026-07-06 15:33:51,119 - yfinance - ERROR - $SBAC: possibly delisted; no price data found  (period=2y)
2026-07-06 15:33:51,123 - yfinance - ERROR - 
1 Failed download:
2026-07-06 15:33:51,123 - yfinance - ERROR - ['SBAC']: possibly delisted; no price data found  (period=2y)
2026-07-06 15:33:51,128 - __main__ - WARNING - No weekly data found for SBAC
2026-07-06 15:34:21,133 - yfinance - ERROR - $EXE: possibly delisted; no price data found  (period=2y)
2026-07-06 15:34:21,142 - yfinance - ERROR - 
1 Failed download:
2026-07-06 15:34:21,142 - yfinance - ERROR - ['EXE']: possibly delisted; no price data found  (period=2y)
2026-07-06 15:34:21,147 - __main__ - WARNING - No weekly data found for EXE
2026-07-06 15:34:51,153 - yfinance - ERROR - $NTAP: possibly delisted; no price data found  (period=2y)
2026-07-06 15:34:51,156 - yfinance - ERROR - 
1 Failed download:
2026-07-06 15:34:51,157 - yfinance - ERROR - ['NTAP']: possibly delisted; no price data found  (period=2y)
2026-07-06 15:34:51,161 - __main__ - WARNING - No weekly data found for NTAP
2026-07-06 15:35:21,167 - yfinance - ERROR - $FWONK: possibly delisted; no price data found  (period=2y)
2026-07-06 15:35:21,171 - yfinance - ERROR - 
1 Failed download:
2026-07-06 15:35:21,171 - yfinance - ERROR - ['FWONK']: possibly delisted; no price data found  (period=2y)
2026-07-06 15:35:21,176 - __main__ - WARNING - No weekly data found for FWONK
2026-07-06 15:35:51,182 - yfinance - ERROR - $CTSH: possibly delisted; no price data found  (period=2y)
2026-07-06 15:35:51,185 - yfinance - ERROR - 
1 Failed download:
2026-07-06 15:35:51,185 - yfinance - ERROR - ['CTSH']: possibly delisted; no price data found  (period=2y)
2026-07-06 15:35:51,189 - __main__ - WARNING - No weekly data found for CTSH
2026-07-06 15:36:21,196 - yfinance - ERROR - $JBHT: possibly delisted; no price data found  (period=2y)
2026-07-06 15:36:21,203 - yfinance - ERROR - 
1 Failed download:
2026-07-06 15:36:21,203 - yfinance - ERROR - ['JBHT']: possibly delisted; no price data found  (period=2y)
2026-07-06 15:36:21,207 - __main__ - WARNING - No weekly data found for JBHT
2026-07-06 15:36:51,213 - yfinance - ERROR - $ULTA: possibly delisted; no price data found  (period=2y)
2026-07-06 15:36:51,220 - yfinance - ERROR - 
1 Failed download:
2026-07-06 15:36:51,220 - yfinance - ERROR - ['ULTA']: possibly delisted; no price data found  (period=2y)
2026-07-06 15:36:51,224 - __main__ - WARNING - No weekly data found for ULTA
2026-07-06 15:37:21,230 - yfinance - ERROR - $FCNCA: possibly delisted; no price data found  (period=2y)
2026-07-06 15:37:21,236 - yfinance - ERROR - 
1 Failed download:
2026-07-06 15:37:21,236 - yfinance - ERROR - ['FCNCA']: possibly delisted; no price data found  (period=2y)
2026-07-06 15:37:21,239 - __main__ - WARNING - No weekly data found for FCNCA
2026-07-06 15:37:51,245 - yfinance - ERROR - $TROW: possibly delisted; no price data found  (period=2y)
2026-07-06 15:37:51,254 - yfinance - ERROR - 
1 Failed download:
2026-07-06 15:37:51,254 - yfinance - ERROR - ['TROW']: possibly delisted; no price data found  (period=2y)
2026-07-06 15:37:51,259 - __main__ - WARNING - No weekly data found for TROW
2026-07-06 15:38:21,264 - yfinance - ERROR - $ILMN: possibly delisted; no price data found  (period=2y)
2026-07-06 15:38:21,271 - yfinance - ERROR - 
1 Failed download:
2026-07-06 15:38:21,271 - yfinance - ERROR - ['ILMN']: possibly delisted; no price data found  (period=2y)
2026-07-06 15:38:21,276 - __main__ - WARNING - No weekly data found for ILMN
2026-07-06 15:38:51,281 - yfinance - ERROR - $WWD: possibly delisted; no price data found  (period=2y)
2026-07-06 15:38:51,290 - yfinance - ERROR - 
1 Failed download:
2026-07-06 15:38:51,291 - yfinance - ERROR - ['WWD']: possibly delisted; no price data found  (period=2y)
2026-07-06 15:38:51,295 - __main__ - WARNING - No weekly data found for WWD
2026-07-06 15:39:21,301 - yfinance - ERROR - $VRSK: possibly delisted; no price data found  (period=2y)
2026-07-06 15:39:21,309 - yfinance - ERROR - 
1 Failed download:
2026-07-06 15:39:21,309 - yfinance - ERROR - ['VRSK']: possibly delisted; no price data found  (period=2y)
2026-07-06 15:39:21,315 - __main__ - WARNING - No weekly data found for VRSK
2026-07-06 15:39:51,321 - yfinance - ERROR - $AFRM: possibly delisted; no price data found  (period=2y)
2026-07-06 15:39:51,328 - yfinance - ERROR - 
1 Failed download:
2026-07-06 15:39:51,329 - yfinance - ERROR - ['AFRM']: possibly delisted; no price data found  (period=2y)
2026-07-06 15:39:51,332 - __main__ - WARNING - No weekly data found for AFRM
2026-07-06 15:40:21,338 - yfinance - ERROR - $SITM: possibly delisted; no price data found  (period=2y)
2026-07-06 15:40:21,344 - yfinance - ERROR - 
1 Failed download:
2026-07-06 15:40:21,345 - yfinance - ERROR - ['SITM']: possibly delisted; no price data found  (period=2y)
2026-07-06 15:40:21,353 - __main__ - WARNING - No weekly data found for SITM
2026-07-06 15:40:51,358 - yfinance - ERROR - $PFG: possibly delisted; no price data found  (period=2y)
2026-07-06 15:40:51,363 - yfinance - ERROR - 
1 Failed download:
2026-07-06 15:40:51,363 - yfinance - ERROR - ['PFG']: possibly delisted; no price data found  (period=2y)
2026-07-06 15:40:51,366 - __main__ - WARNING - No weekly data found for PFG
2026-07-06 15:41:21,373 - yfinance - ERROR - $ENTG: possibly delisted; no price data found  (period=2y)
2026-07-06 15:41:21,375 - yfinance - ERROR - 
1 Failed download:
2026-07-06 15:41:21,375 - yfinance - ERROR - ['ENTG']: possibly delisted; no price data found  (period=2y)
2026-07-06 15:41:21,382 - __main__ - WARNING - No weekly data found for ENTG
2026-07-06 15:41:51,388 - yfinance - ERROR - $TEAM: possibly delisted; no price data found  (period=2y)
2026-07-06 15:41:51,395 - yfinance - ERROR - 
1 Failed download:
2026-07-06 15:41:51,395 - yfinance - ERROR - ['TEAM']: possibly delisted; no price data found  (period=2y)
2026-07-06 15:41:51,401 - __main__ - WARNING - No weekly data found for TEAM
2026-07-06 15:42:21,406 - yfinance - ERROR - $MRNA: possibly delisted; no price data found  (period=2y)
2026-07-06 15:42:21,409 - yfinance - ERROR - 
1 Failed download:
2026-07-06 15:42:21,409 - yfinance - ERROR - ['MRNA']: possibly delisted; no price data found  (period=2y)
2026-07-06 15:42:21,412 - __main__ - WARNING - No weekly data found for MRNA
2026-07-06 15:42:51,420 - yfinance - ERROR - $AKAM: possibly delisted; no price data found  (period=2y)
2026-07-06 15:42:51,420 - yfinance - ERROR - 
1 Failed download:
2026-07-06 15:42:51,421 - yfinance - ERROR - ['AKAM']: possibly delisted; no price data found  (period=2y)
2026-07-06 15:42:51,426 - __main__ - WARNING - No weekly data found for AKAM
2026-07-06 15:42:51,426 - __main__ - INFO - NASDAQ Progress: 180/400
2026-07-06 15:43:21,431 - yfinance - ERROR - $ROIV: possibly delisted; no price data found  (period=2y)
2026-07-06 15:43:21,439 - yfinance - ERROR - 
1 Failed download:
2026-07-06 15:43:21,439 - yfinance - ERROR - ['ROIV']: possibly delisted; no price data found  (period=2y)
2026-07-06 15:43:21,450 - __main__ - WARNING - No weekly data found for ROIV
2026-07-06 15:43:51,465 - yfinance - ERROR - $CHTR: possibly delisted; no price data found  (period=2y)
2026-07-06 15:43:51,471 - yfinance - ERROR - 
1 Failed download:
2026-07-06 15:43:51,471 - yfinance - ERROR - ['CHTR']: possibly delisted; no price data found  (period=2y)
2026-07-06 15:43:51,479 - __main__ - WARNING - No weekly data found for CHTR
2026-07-06 15:44:21,485 - yfinance - ERROR - $FWONA: possibly delisted; no price data found  (period=2y)
2026-07-06 15:44:21,490 - yfinance - ERROR - 
1 Failed download:
2026-07-06 15:44:21,491 - yfinance - ERROR - ['FWONA']: possibly delisted; no price data found  (period=2y)
2026-07-06 15:44:21,498 - __main__ - WARNING - No weekly data found for FWONA
2026-07-06 15:44:51,504 - yfinance - ERROR - $RGLD: possibly delisted; no price data found  (period=2y)
2026-07-06 15:44:51,505 - yfinance - ERROR - 
1 Failed download:
2026-07-06 15:44:51,505 - yfinance - ERROR - ['RGLD']: possibly delisted; no price data found  (period=2y)
2026-07-06 15:44:51,509 - __main__ - WARNING - No weekly data found for RGLD
2026-07-06 15:45:21,513 - yfinance - ERROR - $MKSI: possibly delisted; no price data found  (period=2y)
2026-07-06 15:45:21,514 - yfinance - ERROR - 
1 Failed download:
2026-07-06 15:45:21,514 - yfinance - ERROR - ['MKSI']: possibly delisted; no price data found  (period=2y)
2026-07-06 15:45:21,518 - __main__ - WARNING - No weekly data found for MKSI
2026-07-06 15:45:51,526 - yfinance - ERROR - $SOFI: possibly delisted; no price data found  (period=2y)
2026-07-06 15:45:51,528 - yfinance - ERROR - 
1 Failed download:
2026-07-06 15:45:51,528 - yfinance - ERROR - ['SOFI']: possibly delisted; no price data found  (period=2y)
2026-07-06 15:45:51,533 - __main__ - WARNING - No weekly data found for SOFI
2026-07-06 15:46:21,537 - yfinance - ERROR - $FFIV: possibly delisted; no price data found  (period=2y)
2026-07-06 15:46:21,545 - yfinance - ERROR - 
1 Failed download:
2026-07-06 15:46:21,546 - yfinance - ERROR - ['FFIV']: possibly delisted; no price data found  (period=2y)
2026-07-06 15:46:21,549 - __main__ - WARNING - No weekly data found for FFIV
2026-07-06 15:46:51,553 - yfinance - ERROR - $IREN: possibly delisted; no price data found  (period=2y)
2026-07-06 15:46:51,553 - yfinance - ERROR - 
1 Failed download:
2026-07-06 15:46:51,554 - yfinance - ERROR - ['IREN']: possibly delisted; no price data found  (period=2y)
2026-07-06 15:46:51,558 - __main__ - WARNING - No weekly data found for IREN
2026-07-06 15:47:21,562 - yfinance - ERROR - $INCY: possibly delisted; no price data found  (period=2y)
2026-07-06 15:47:21,567 - yfinance - ERROR - 
1 Failed download:
2026-07-06 15:47:21,567 - yfinance - ERROR - ['INCY']: possibly delisted; no price data found  (period=2y)
2026-07-06 15:47:21,570 - __main__ - WARNING - No weekly data found for INCY
2026-07-06 15:47:51,574 - yfinance - ERROR - $VTRS: possibly delisted; no price data found  (period=2y)
2026-07-06 15:47:51,578 - yfinance - ERROR - 
1 Failed download:
2026-07-06 15:47:51,578 - yfinance - ERROR - ['VTRS']: possibly delisted; no price data found  (period=2y)
2026-07-06 15:47:51,581 - __main__ - WARNING - No weekly data found for VTRS
2026-07-06 15:48:21,585 - yfinance - ERROR - $CHRW: possibly delisted; no price data found  (period=2y)
2026-07-06 15:48:21,587 - yfinance - ERROR - 
1 Failed download:
2026-07-06 15:48:21,587 - yfinance - ERROR - ['CHRW']: possibly delisted; no price data found  (period=2y)
2026-07-06 15:48:21,591 - __main__ - WARNING - No weekly data found for CHRW
2026-07-06 15:48:51,596 - yfinance - ERROR - $SMCI: possibly delisted; no price data found  (period=2y)
2026-07-06 15:48:51,602 - yfinance - ERROR - 
1 Failed download:
2026-07-06 15:48:51,602 - yfinance - ERROR - ['SMCI']: possibly delisted; no price data found  (period=2y)
2026-07-06 15:48:51,605 - __main__ - WARNING - No weekly data found for SMCI
2026-07-06 15:49:21,613 - yfinance - ERROR - $FUTU: possibly delisted; no price data found  (period=2y)
2026-07-06 15:49:21,617 - yfinance - ERROR - 
1 Failed download:
2026-07-06 15:49:21,617 - yfinance - ERROR - ['FUTU']: possibly delisted; no price data found  (period=2y)
2026-07-06 15:49:21,620 - __main__ - WARNING - No weekly data found for FUTU
2026-07-06 15:49:51,625 - yfinance - ERROR - $EVRG: possibly delisted; no price data found  (period=2y)
2026-07-06 15:49:51,627 - yfinance - ERROR - 
1 Failed download:
2026-07-06 15:49:51,627 - yfinance - ERROR - ['EVRG']: possibly delisted; no price data found  (period=2y)
2026-07-06 15:49:51,631 - __main__ - WARNING - No weekly data found for EVRG
2026-07-06 15:50:21,637 - yfinance - ERROR - $LI: possibly delisted; no price data found  (period=2y)
2026-07-06 15:50:21,638 - yfinance - ERROR - 
1 Failed download:
2026-07-06 15:50:21,638 - yfinance - ERROR - ['LI']: possibly delisted; no price data found  (period=2y)
2026-07-06 15:50:21,642 - __main__ - WARNING - No weekly data found for LI
2026-07-06 15:50:51,649 - yfinance - ERROR - $NXT: possibly delisted; no price data found  (period=2y)
2026-07-06 15:50:51,650 - yfinance - ERROR - 
1 Failed download:
2026-07-06 15:50:51,652 - yfinance - ERROR - ['NXT']: possibly delisted; no price data found  (period=2y)
2026-07-06 15:50:51,656 - __main__ - WARNING - No weekly data found for NXT
2026-07-06 15:51:21,661 - yfinance - ERROR - $RIVN: possibly delisted; no price data found  (period=2y)
2026-07-06 15:51:21,666 - yfinance - ERROR - 
1 Failed download:
2026-07-06 15:51:21,667 - yfinance - ERROR - ['RIVN']: possibly delisted; no price data found  (period=2y)
2026-07-06 15:51:21,675 - __main__ - WARNING - No weekly data found for RIVN
2026-07-06 15:51:51,680 - yfinance - ERROR - $LNT: possibly delisted; no price data found  (period=2y)
2026-07-06 15:51:51,685 - yfinance - ERROR - 
1 Failed download:
2026-07-06 15:51:51,686 - yfinance - ERROR - ['LNT']: possibly delisted; no price data found  (period=2y)
2026-07-06 15:51:51,691 - __main__ - WARNING - No weekly data found for LNT
2026-07-06 15:52:21,696 - yfinance - ERROR - $ROKU: possibly delisted; no price data found  (period=2y)
2026-07-06 15:52:21,706 - yfinance - ERROR - 
1 Failed download:
2026-07-06 15:52:21,706 - yfinance - ERROR - ['ROKU']: possibly delisted; no price data found  (period=2y)
2026-07-06 15:52:21,710 - __main__ - WARNING - No weekly data found for ROKU
2026-07-06 15:52:51,717 - yfinance - ERROR - $AMKR: possibly delisted; no price data found  (period=2y)
2026-07-06 15:52:51,720 - yfinance - ERROR - 
1 Failed download:
2026-07-06 15:52:51,720 - yfinance - ERROR - ['AMKR']: possibly delisted; no price data found  (period=2y)
2026-07-06 15:52:51,723 - __main__ - WARNING - No weekly data found for AMKR
2026-07-06 15:52:51,723 - __main__ - INFO - NASDAQ Progress: 200/400
2026-07-06 15:53:21,727 - yfinance - ERROR - $CG: possibly delisted; no price data found  (period=2y)
2026-07-06 15:53:21,733 - yfinance - ERROR - 
1 Failed download:
2026-07-06 15:53:21,733 - yfinance - ERROR - ['CG']: possibly delisted; no price data found  (period=2y)
2026-07-06 15:53:21,737 - __main__ - WARNING - No weekly data found for CG
2026-07-06 15:53:51,741 - yfinance - ERROR - $WMG: possibly delisted; no price data found  (period=2y)
2026-07-06 15:53:51,747 - yfinance - ERROR - 
1 Failed download:
2026-07-06 15:53:51,747 - yfinance - ERROR - ['WMG']: possibly delisted; no price data found  (period=2y)
2026-07-06 15:53:51,751 - __main__ - WARNING - No weekly data found for WMG
2026-07-06 15:54:21,756 - yfinance - ERROR - $DLTR: possibly delisted; no price data found  (period=2y)
2026-07-06 15:54:21,765 - yfinance - ERROR - 
1 Failed download:
2026-07-06 15:54:21,765 - yfinance - ERROR - ['DLTR']: possibly delisted; no price data found  (period=2y)
2026-07-06 15:54:21,778 - __main__ - WARNING - No weekly data found for DLTR
2026-07-06 15:54:51,786 - yfinance - ERROR - $VNOM: possibly delisted; no price data found  (period=2y)
2026-07-06 15:54:51,787 - yfinance - ERROR - 
1 Failed download:
2026-07-06 15:54:51,787 - yfinance - ERROR - ['VNOM']: possibly delisted; no price data found  (period=2y)
2026-07-06 15:54:51,796 - __main__ - WARNING - No weekly data found for VNOM
2026-07-06 15:55:21,804 - yfinance - ERROR - $LSCC: possibly delisted; no price data found  (period=2y)
2026-07-06 15:55:21,805 - yfinance - ERROR - 
1 Failed download:
2026-07-06 15:55:21,805 - yfinance - ERROR - ['LSCC']: possibly delisted; no price data found  (period=2y)
2026-07-06 15:55:21,809 - __main__ - WARNING - No weekly data found for LSCC
2026-07-06 15:55:51,815 - yfinance - ERROR - $TLN: possibly delisted; no price data found  (period=2y)
2026-07-06 15:55:51,817 - yfinance - ERROR - 
1 Failed download:
2026-07-06 15:55:51,817 - yfinance - ERROR - ['TLN']: possibly delisted; no price data found  (period=2y)
2026-07-06 15:55:51,820 - __main__ - WARNING - No weekly data found for TLN
2026-07-06 15:56:21,825 - yfinance - ERROR - $TPG: possibly delisted; no price data found  (period=2y)
2026-07-06 15:56:21,832 - yfinance - ERROR - 
1 Failed download:
2026-07-06 15:56:21,833 - yfinance - ERROR - ['TPG']: possibly delisted; no price data found  (period=2y)
2026-07-06 15:56:21,836 - __main__ - WARNING - No weekly data found for TPG
2026-07-06 15:56:51,841 - yfinance - ERROR - $NWS: possibly delisted; no price data found  (period=2y)
2026-07-06 15:56:51,849 - yfinance - ERROR - 
1 Failed download:
2026-07-06 15:56:51,850 - yfinance - ERROR - ['NWS']: possibly delisted; no price data found  (period=2y)
2026-07-06 15:56:51,856 - __main__ - WARNING - No weekly data found for NWS
2026-07-06 15:57:21,861 - yfinance - ERROR - $PTC: possibly delisted; no price data found  (period=2y)
2026-07-06 15:57:21,861 - yfinance - ERROR - 
1 Failed download:
2026-07-06 15:57:21,862 - yfinance - ERROR - ['PTC']: possibly delisted; no price data found  (period=2y)
2026-07-06 15:57:21,865 - __main__ - WARNING - No weekly data found for PTC
2026-07-06 15:57:51,873 - yfinance - ERROR - $GMAB: possibly delisted; no price data found  (period=2y)
2026-07-06 15:57:51,881 - yfinance - ERROR - 
1 Failed download:
2026-07-06 15:57:51,881 - yfinance - ERROR - ['GMAB']: possibly delisted; no price data found  (period=2y)
2026-07-06 15:57:51,887 - __main__ - WARNING - No weekly data found for GMAB
2026-07-06 15:58:21,893 - yfinance - ERROR - $EWBC: possibly delisted; no price data found  (period=2y)
2026-07-06 15:58:21,902 - yfinance - ERROR - 
1 Failed download:
2026-07-06 15:58:21,902 - yfinance - ERROR - ['EWBC']: possibly delisted; no price data found  (period=2y)
2026-07-06 15:58:21,905 - __main__ - WARNING - No weekly data found for EWBC
2026-07-06 15:58:51,910 - yfinance - ERROR - $TTMI: possibly delisted; no price data found  (period=2y)
2026-07-06 15:58:51,912 - yfinance - ERROR - 
1 Failed download:
2026-07-06 15:58:51,912 - yfinance - ERROR - ['TTMI']: possibly delisted; no price data found  (period=2y)
2026-07-06 15:58:51,915 - __main__ - WARNING - No weekly data found for TTMI
2026-07-06 15:59:21,920 - yfinance - ERROR - $KSPI: possibly delisted; no price data found  (period=2y)
2026-07-06 15:59:21,923 - yfinance - ERROR - 
1 Failed download:
2026-07-06 15:59:21,923 - yfinance - ERROR - ['KSPI']: possibly delisted; no price data found  (period=2y)
2026-07-06 15:59:21,929 - __main__ - WARNING - No weekly data found for KSPI
2026-07-06 15:59:51,934 - yfinance - ERROR - $TSCO: possibly delisted; no price data found  (period=2y)
2026-07-06 15:59:51,937 - yfinance - ERROR - 
1 Failed download:
2026-07-06 15:59:51,937 - yfinance - ERROR - ['TSCO']: possibly delisted; no price data found  (period=2y)
2026-07-06 15:59:51,940 - __main__ - WARNING - No weekly data found for TSCO
2026-07-06 16:00:21,945 - yfinance - ERROR - $SSNC: possibly delisted; no price data found  (period=2y)
2026-07-06 16:00:21,952 - yfinance - ERROR - 
1 Failed download:
2026-07-06 16:00:21,952 - yfinance - ERROR - ['SSNC']: possibly delisted; no price data found  (period=2y)
2026-07-06 16:00:21,958 - __main__ - WARNING - No weekly data found for SSNC
2026-07-06 16:00:51,963 - yfinance - ERROR - $LGN: possibly delisted; no price data found  (period=2y)
2026-07-06 16:00:51,966 - yfinance - ERROR - 
1 Failed download:
2026-07-06 16:00:51,967 - yfinance - ERROR - ['LGN']: possibly delisted; no price data found  (period=2y)
2026-07-06 16:00:51,970 - __main__ - WARNING - No weekly data found for LGN
2026-07-06 16:01:21,974 - yfinance - ERROR - $NDSN: possibly delisted; no price data found  (period=2y)
2026-07-06 16:01:21,983 - yfinance - ERROR - 
1 Failed download:
2026-07-06 16:01:21,983 - yfinance - ERROR - ['NDSN']: possibly delisted; no price data found  (period=2y)
2026-07-06 16:01:21,986 - __main__ - WARNING - No weekly data found for NDSN
2026-07-06 16:01:51,996 - yfinance - ERROR - $NBIX: possibly delisted; no price data found  (period=2y)
2026-07-06 16:01:52,006 - yfinance - ERROR - 
1 Failed download:
2026-07-06 16:01:52,006 - yfinance - ERROR - ['NBIX']: possibly delisted; no price data found  (period=2y)
2026-07-06 16:01:52,011 - __main__ - WARNING - No weekly data found for NBIX
2026-07-06 16:02:22,016 - yfinance - ERROR - $PAA: possibly delisted; no price data found  (period=2y)
2026-07-06 16:02:22,022 - yfinance - ERROR - 
1 Failed download:
2026-07-06 16:02:22,022 - yfinance - ERROR - ['PAA']: possibly delisted; no price data found  (period=2y)
2026-07-06 16:02:22,025 - __main__ - WARNING - No weekly data found for PAA
2026-07-06 16:02:52,030 - yfinance - ERROR - $NVMI: possibly delisted; no price data found  (period=2y)
2026-07-06 16:02:52,037 - yfinance - ERROR - 
1 Failed download:
2026-07-06 16:02:52,037 - yfinance - ERROR - ['NVMI']: possibly delisted; no price data found  (period=2y)
2026-07-06 16:02:52,041 - __main__ - WARNING - No weekly data found for NVMI
2026-07-06 16:02:52,041 - __main__ - INFO - NASDAQ Progress: 220/400
2026-07-06 16:03:22,046 - yfinance - ERROR - $HST: possibly delisted; no price data found  (period=2y)
2026-07-06 16:03:22,047 - yfinance - ERROR - 
1 Failed download:
2026-07-06 16:03:22,047 - yfinance - ERROR - ['HST']: possibly delisted; no price data found  (period=2y)
2026-07-06 16:03:22,050 - __main__ - WARNING - No weekly data found for HST
2026-07-06 16:03:52,055 - yfinance - ERROR - $LAMR: possibly delisted; no price data found  (period=2y)
2026-07-06 16:03:52,057 - yfinance - ERROR - 
1 Failed download:
2026-07-06 16:03:52,057 - yfinance - ERROR - ['LAMR']: possibly delisted; no price data found  (period=2y)
2026-07-06 16:03:52,061 - __main__ - WARNING - No weekly data found for LAMR
2026-07-06 16:04:22,067 - yfinance - ERROR - $ASND: possibly delisted; no price data found  (period=2y)
2026-07-06 16:04:22,073 - yfinance - ERROR - 
1 Failed download:
2026-07-06 16:04:22,074 - yfinance - ERROR - ['ASND']: possibly delisted; no price data found  (period=2y)
2026-07-06 16:04:22,082 - __main__ - WARNING - No weekly data found for ASND
2026-07-06 16:04:52,086 - yfinance - ERROR - $HTHT: possibly delisted; no price data found  (period=2y)
2026-07-06 16:04:52,096 - yfinance - ERROR - 
1 Failed download:
2026-07-06 16:04:52,096 - yfinance - ERROR - ['HTHT']: possibly delisted; no price data found  (period=2y)
2026-07-06 16:04:52,099 - __main__ - WARNING - No weekly data found for HTHT
2026-07-06 16:05:22,103 - yfinance - ERROR - $ARXS: possibly delisted; no price data found  (period=2y)
2026-07-06 16:05:22,112 - yfinance - ERROR - 
1 Failed download:
2026-07-06 16:05:22,112 - yfinance - ERROR - ['ARXS']: possibly delisted; no price data found  (period=2y)
2026-07-06 16:05:22,116 - __main__ - WARNING - No weekly data found for ARXS
2026-07-06 16:05:52,125 - yfinance - ERROR - $GRAB: possibly delisted; no price data found  (period=2y)
2026-07-06 16:05:52,134 - yfinance - ERROR - 
1 Failed download:
2026-07-06 16:05:52,134 - yfinance - ERROR - ['GRAB']: possibly delisted; no price data found  (period=2y)
2026-07-06 16:05:52,140 - __main__ - WARNING - No weekly data found for GRAB
2026-07-06 16:06:22,147 - yfinance - ERROR - $LOGI: possibly delisted; no price data found  (period=2y)
2026-07-06 16:06:22,153 - yfinance - ERROR - 
1 Failed download:
2026-07-06 16:06:22,153 - yfinance - ERROR - ['LOGI']: possibly delisted; no price data found  (period=2y)
2026-07-06 16:06:22,160 - __main__ - WARNING - No weekly data found for LOGI
2026-07-06 16:06:52,167 - yfinance - ERROR - $LULU: possibly delisted; no price data found  (period=2y)
2026-07-06 16:06:52,177 - yfinance - ERROR - 
1 Failed download:
2026-07-06 16:06:52,177 - yfinance - ERROR - ['LULU']: possibly delisted; no price data found  (period=2y)
2026-07-06 16:06:52,183 - __main__ - WARNING - No weekly data found for LULU
2026-07-06 16:07:22,188 - yfinance - ERROR - $LECO: possibly delisted; no price data found  (period=2y)
2026-07-06 16:07:22,189 - yfinance - ERROR - 
1 Failed download:
2026-07-06 16:07:22,189 - yfinance - ERROR - ['LECO']: possibly delisted; no price data found  (period=2y)
2026-07-06 16:07:22,194 - __main__ - WARNING - No weekly data found for LECO
2026-07-06 16:07:52,202 - yfinance - ERROR - $AAOI: possibly delisted; no price data found  (period=2y)
2026-07-06 16:07:52,208 - yfinance - ERROR - 
1 Failed download:
2026-07-06 16:07:52,209 - yfinance - ERROR - ['AAOI']: possibly delisted; no price data found  (period=2y)
2026-07-06 16:07:52,217 - __main__ - WARNING - No weekly data found for AAOI
2026-07-06 16:08:22,222 - yfinance - ERROR - $SMMT: possibly delisted; no price data found  (period=2y)
2026-07-06 16:08:22,223 - yfinance - ERROR - 
1 Failed download:
2026-07-06 16:08:22,224 - yfinance - ERROR - ['SMMT']: possibly delisted; no price data found  (period=2y)
2026-07-06 16:08:22,230 - __main__ - WARNING - No weekly data found for SMMT
2026-07-06 16:08:52,235 - yfinance - ERROR - $NWSA: possibly delisted; no price data found  (period=2y)
2026-07-06 16:08:52,240 - yfinance - ERROR - 
1 Failed download:
2026-07-06 16:08:52,240 - yfinance - ERROR - ['NWSA']: possibly delisted; no price data found  (period=2y)
2026-07-06 16:08:52,251 - __main__ - WARNING - No weekly data found for NWSA
2026-07-06 16:09:22,256 - yfinance - ERROR - $REG: possibly delisted; no price data found  (period=2y)
2026-07-06 16:09:22,257 - yfinance - ERROR - 
1 Failed download:
2026-07-06 16:09:22,258 - yfinance - ERROR - ['REG']: possibly delisted; no price data found  (period=2y)
2026-07-06 16:09:22,270 - __main__ - WARNING - No weekly data found for REG
2026-07-06 16:09:52,277 - yfinance - ERROR - $AUR: possibly delisted; no price data found  (period=2y)
2026-07-06 16:09:52,278 - yfinance - ERROR - 
1 Failed download:
2026-07-06 16:09:52,278 - yfinance - ERROR - ['AUR']: possibly delisted; no price data found  (period=2y)
2026-07-06 16:09:52,285 - __main__ - WARNING - No weekly data found for AUR
2026-07-06 16:10:22,294 - yfinance - ERROR - $WSE: possibly delisted; no price data found  (period=2y)
2026-07-06 16:10:22,294 - yfinance - ERROR - 
1 Failed download:
2026-07-06 16:10:22,302 - yfinance - ERROR - ['WSE']: possibly delisted; no price data found  (period=2y)
2026-07-06 16:10:22,311 - __main__ - WARNING - No weekly data found for WSE
2026-07-06 16:10:52,317 - yfinance - ERROR - $JAZZ: possibly delisted; no price data found  (period=2y)
2026-07-06 16:10:52,322 - yfinance - ERROR - 
1 Failed download:
2026-07-06 16:10:52,323 - yfinance - ERROR - ['JAZZ']: possibly delisted; no price data found  (period=2y)
2026-07-06 16:10:52,330 - __main__ - WARNING - No weekly data found for JAZZ
2026-07-06 16:11:22,335 - yfinance - ERROR - $OKTA: possibly delisted; no price data found  (period=2y)
2026-07-06 16:11:22,342 - yfinance - ERROR - 
1 Failed download:
2026-07-06 16:11:22,342 - yfinance - ERROR - ['OKTA']: possibly delisted; no price data found  (period=2y)
2026-07-06 16:11:22,348 - __main__ - WARNING - No weekly data found for OKTA
2026-07-06 16:11:52,354 - yfinance - ERROR - $SOLS: possibly delisted; no price data found  (period=2y)
2026-07-06 16:11:52,360 - yfinance - ERROR - 
1 Failed download:
2026-07-06 16:11:52,360 - yfinance - ERROR - ['SOLS']: possibly delisted; no price data found  (period=2y)
2026-07-06 16:11:52,366 - __main__ - WARNING - No weekly data found for SOLS
2026-07-06 16:12:22,371 - yfinance - ERROR - $PAYP: possibly delisted; no price data found  (period=2y)
2026-07-06 16:12:22,376 - yfinance - ERROR - 
1 Failed download:
2026-07-06 16:12:22,376 - yfinance - ERROR - ['PAYP']: possibly delisted; no price data found  (period=2y)
2026-07-06 16:12:22,380 - __main__ - WARNING - No weekly data found for PAYP
2026-07-06 16:12:52,385 - yfinance - ERROR - $GLPI: possibly delisted; no price data found  (period=2y)
2026-07-06 16:12:52,394 - yfinance - ERROR - 
1 Failed download:
2026-07-06 16:12:52,394 - yfinance - ERROR - ['GLPI']: possibly delisted; no price data found  (period=2y)
2026-07-06 16:12:52,411 - __main__ - WARNING - No weekly data found for GLPI
2026-07-06 16:12:52,412 - __main__ - INFO - NASDAQ Progress: 240/400
2026-07-06 16:13:22,417 - yfinance - ERROR - $RMBS: possibly delisted; no price data found  (period=2y)
2026-07-06 16:13:22,418 - yfinance - ERROR - 
1 Failed download:
2026-07-06 16:13:22,418 - yfinance - ERROR - ['RMBS']: possibly delisted; no price data found  (period=2y)
2026-07-06 16:13:22,422 - __main__ - WARNING - No weekly data found for RMBS
2026-07-06 16:13:52,428 - yfinance - ERROR - $TIGO: possibly delisted; no price data found  (period=2y)
2026-07-06 16:13:52,435 - yfinance - ERROR - 
1 Failed download:
2026-07-06 16:13:52,435 - yfinance - ERROR - ['TIGO']: possibly delisted; no price data found  (period=2y)
2026-07-06 16:13:52,444 - __main__ - WARNING - No weekly data found for TIGO
2026-07-06 16:14:22,449 - yfinance - ERROR - $ARCC: possibly delisted; no price data found  (period=2y)
2026-07-06 16:14:22,456 - yfinance - ERROR - 
1 Failed download:
2026-07-06 16:14:22,456 - yfinance - ERROR - ['ARCC']: possibly delisted; no price data found  (period=2y)
2026-07-06 16:14:22,461 - __main__ - WARNING - No weekly data found for ARCC
2026-07-06 16:14:52,466 - yfinance - ERROR - $HAS: possibly delisted; no price data found  (period=2y)
2026-07-06 16:14:52,467 - yfinance - ERROR - 
1 Failed download:
2026-07-06 16:14:52,467 - yfinance - ERROR - ['HAS']: possibly delisted; no price data found  (period=2y)
2026-07-06 16:14:52,476 - __main__ - WARNING - No weekly data found for HAS
2026-07-06 16:15:22,482 - yfinance - ERROR - $IESC: possibly delisted; no price data found  (period=2y)
2026-07-06 16:15:22,491 - yfinance - ERROR - 
1 Failed download:
2026-07-06 16:15:22,492 - yfinance - ERROR - ['IESC']: possibly delisted; no price data found  (period=2y)
2026-07-06 16:15:22,503 - __main__ - WARNING - No weekly data found for IESC
2026-07-06 16:15:52,507 - yfinance - ERROR - $GEN: possibly delisted; no price data found  (period=2y)
2026-07-06 16:15:52,513 - yfinance - ERROR - 
1 Failed download:
2026-07-06 16:15:52,513 - yfinance - ERROR - ['GEN']: possibly delisted; no price data found  (period=2y)
2026-07-06 16:15:52,521 - __main__ - WARNING - No weekly data found for GEN
2026-07-06 16:16:22,528 - yfinance - ERROR - $CSGP: possibly delisted; no price data found  (period=2y)
2026-07-06 16:16:22,539 - yfinance - ERROR - 
1 Failed download:
2026-07-06 16:16:22,539 - yfinance - ERROR - ['CSGP']: possibly delisted; no price data found  (period=2y)
2026-07-06 16:16:22,547 - __main__ - WARNING - No weekly data found for CSGP
2026-07-06 16:16:52,552 - yfinance - ERROR - $TRMB: possibly delisted; no price data found  (period=2y)
2026-07-06 16:16:52,555 - yfinance - ERROR - 
1 Failed download:
2026-07-06 16:16:52,556 - yfinance - ERROR - ['TRMB']: possibly delisted; no price data found  (period=2y)
2026-07-06 16:16:52,561 - __main__ - WARNING - No weekly data found for TRMB
2026-07-06 16:17:22,565 - yfinance - ERROR - $APA: possibly delisted; no price data found  (period=2y)
2026-07-06 16:17:22,568 - yfinance - ERROR - 
1 Failed download:
2026-07-06 16:17:22,568 - yfinance - ERROR - ['APA']: possibly delisted; no price data found  (period=2y)
2026-07-06 16:17:22,574 - __main__ - WARNING - No weekly data found for APA
2026-07-06 16:17:52,580 - yfinance - ERROR - $VICR: possibly delisted; no price data found  (period=2y)
2026-07-06 16:17:52,589 - yfinance - ERROR - 
1 Failed download:
2026-07-06 16:17:52,590 - yfinance - ERROR - ['VICR']: possibly delisted; no price data found  (period=2y)
2026-07-06 16:17:52,602 - __main__ - WARNING - No weekly data found for VICR
2026-07-06 16:18:22,607 - yfinance - ERROR - $GH: possibly delisted; no price data found  (period=2y)
2026-07-06 16:18:22,608 - yfinance - ERROR - 
1 Failed download:
2026-07-06 16:18:22,609 - yfinance - ERROR - ['GH']: possibly delisted; no price data found  (period=2y)
2026-07-06 16:18:22,616 - __main__ - WARNING - No weekly data found for GH
2026-07-06 16:18:52,621 - yfinance - ERROR - $RGC: possibly delisted; no price data found  (period=2y)
2026-07-06 16:18:52,628 - yfinance - ERROR - 
1 Failed download:
2026-07-06 16:18:52,628 - yfinance - ERROR - ['RGC']: possibly delisted; no price data found  (period=2y)
2026-07-06 16:18:52,634 - __main__ - WARNING - No weekly data found for RGC
2026-07-06 16:19:22,640 - yfinance - ERROR - $BBIO: possibly delisted; no price data found  (period=2y)
2026-07-06 16:19:22,645 - yfinance - ERROR - 
1 Failed download:
2026-07-06 16:19:22,646 - yfinance - ERROR - ['BBIO']: possibly delisted; no price data found  (period=2y)
2026-07-06 16:19:22,656 - __main__ - WARNING - No weekly data found for BBIO
2026-07-06 16:19:52,661 - yfinance - ERROR - $AEIS: possibly delisted; no price data found  (period=2y)
2026-07-06 16:19:52,670 - yfinance - ERROR - 
1 Failed download:
2026-07-06 16:19:52,670 - yfinance - ERROR - ['AEIS']: possibly delisted; no price data found  (period=2y)
2026-07-06 16:19:52,678 - __main__ - WARNING - No weekly data found for AEIS
2026-07-06 16:20:22,684 - yfinance - ERROR - $ENLT: possibly delisted; no price data found  (period=2y)
2026-07-06 16:20:22,687 - yfinance - ERROR - 
1 Failed download:
2026-07-06 16:20:22,687 - yfinance - ERROR - ['ENLT']: possibly delisted; no price data found  (period=2y)
2026-07-06 16:20:22,691 - __main__ - WARNING - No weekly data found for ENLT
2026-07-06 16:20:52,696 - yfinance - ERROR - $CDW: possibly delisted; no price data found  (period=2y)
2026-07-06 16:20:52,702 - yfinance - ERROR - 
1 Failed download:
2026-07-06 16:20:52,702 - yfinance - ERROR - ['CDW']: possibly delisted; no price data found  (period=2y)
2026-07-06 16:20:52,708 - __main__ - WARNING - No weekly data found for CDW
2026-07-06 16:21:22,714 - yfinance - ERROR - $IONS: possibly delisted; no price data found  (period=2y)
2026-07-06 16:21:22,716 - yfinance - ERROR - 
1 Failed download:
2026-07-06 16:21:22,716 - yfinance - ERROR - ['IONS']: possibly delisted; no price data found  (period=2y)
2026-07-06 16:21:22,722 - __main__ - WARNING - No weekly data found for IONS
2026-07-06 16:21:52,728 - yfinance - ERROR - $SANM: possibly delisted; no price data found  (period=2y)
2026-07-06 16:21:52,730 - yfinance - ERROR - 
1 Failed download:
2026-07-06 16:21:52,730 - yfinance - ERROR - ['SANM']: possibly delisted; no price data found  (period=2y)
2026-07-06 16:21:52,736 - __main__ - WARNING - No weekly data found for SANM
2026-07-06 16:22:22,742 - yfinance - ERROR - $APLD: possibly delisted; no price data found  (period=2y)
2026-07-06 16:22:22,746 - yfinance - ERROR - 
1 Failed download:
2026-07-06 16:22:22,747 - yfinance - ERROR - ['APLD']: possibly delisted; no price data found  (period=2y)
2026-07-06 16:22:22,755 - __main__ - WARNING - No weekly data found for APLD
2026-07-06 16:22:52,768 - yfinance - ERROR - $VIAV: possibly delisted; no price data found  (period=2y)
2026-07-06 16:22:52,768 - yfinance - ERROR - 
1 Failed download:
2026-07-06 16:22:52,777 - yfinance - ERROR - ['VIAV']: possibly delisted; no price data found  (period=2y)
2026-07-06 16:22:52,791 - __main__ - WARNING - No weekly data found for VIAV
2026-07-06 16:22:52,792 - __main__ - INFO - NASDAQ Progress: 260/400
2026-07-06 16:23:22,798 - yfinance - ERROR - $DKNG: possibly delisted; no price data found  (period=2y)
2026-07-06 16:23:22,808 - yfinance - ERROR - 
1 Failed download:
2026-07-06 16:23:22,808 - yfinance - ERROR - ['DKNG']: possibly delisted; no price data found  (period=2y)
2026-07-06 16:23:22,814 - __main__ - WARNING - No weekly data found for DKNG
2026-07-06 16:23:52,822 - yfinance - ERROR - $AGNC: possibly delisted; no price data found  (period=2y)
2026-07-06 16:23:52,831 - yfinance - ERROR - 
1 Failed download:
2026-07-06 16:23:52,831 - yfinance - ERROR - ['AGNC']: possibly delisted; no price data found  (period=2y)
2026-07-06 16:23:52,855 - __main__ - WARNING - No weekly data found for AGNC
2026-07-06 16:24:22,862 - yfinance - ERROR - $EXEL: possibly delisted; no price data found  (period=2y)
2026-07-06 16:24:22,871 - yfinance - ERROR - 
1 Failed download:
2026-07-06 16:24:22,871 - yfinance - ERROR - ['EXEL']: possibly delisted; no price data found  (period=2y)
2026-07-06 16:24:22,881 - __main__ - WARNING - No weekly data found for EXEL
2026-07-06 16:24:52,888 - yfinance - ERROR - $CHKP: possibly delisted; no price data found  (period=2y)
2026-07-06 16:24:52,893 - yfinance - ERROR - 
1 Failed download:
2026-07-06 16:24:52,893 - yfinance - ERROR - ['CHKP']: possibly delisted; no price data found  (period=2y)
2026-07-06 16:24:52,899 - __main__ - WARNING - No weekly data found for CHKP
2026-07-06 16:25:22,905 - yfinance - ERROR - $TXRH: possibly delisted; no price data found  (period=2y)
2026-07-06 16:25:22,912 - yfinance - ERROR - 
1 Failed download:
2026-07-06 16:25:22,913 - yfinance - ERROR - ['TXRH']: possibly delisted; no price data found  (period=2y)
2026-07-06 16:25:22,941 - __main__ - WARNING - No weekly data found for TXRH
2026-07-06 16:25:52,960 - yfinance - ERROR - $PSKY: possibly delisted; no price data found  (period=2y)
2026-07-06 16:25:52,960 - yfinance - ERROR - 
1 Failed download:
2026-07-06 16:25:52,961 - yfinance - ERROR - ['PSKY']: possibly delisted; no price data found  (period=2y)
2026-07-06 16:25:52,967 - __main__ - WARNING - No weekly data found for PSKY
2026-07-06 16:26:22,974 - yfinance - ERROR - $ALGN: possibly delisted; no price data found  (period=2y)
2026-07-06 16:26:22,974 - yfinance - ERROR - 
1 Failed download:
2026-07-06 16:26:22,975 - yfinance - ERROR - ['ALGN']: possibly delisted; no price data found  (period=2y)
2026-07-06 16:26:22,981 - __main__ - WARNING - No weekly data found for ALGN
2026-07-06 16:26:52,990 - yfinance - ERROR - $SMTC: possibly delisted; no price data found  (period=2y)
2026-07-06 16:26:52,995 - yfinance - ERROR - 
1 Failed download:
2026-07-06 16:26:52,995 - yfinance - ERROR - ['SMTC']: possibly delisted; no price data found  (period=2y)
2026-07-06 16:26:53,007 - __main__ - WARNING - No weekly data found for SMTC
2026-07-06 16:27:23,013 - yfinance - ERROR - $MEDP: possibly delisted; no price data found  (period=2y)
2026-07-06 16:27:23,023 - yfinance - ERROR - 
1 Failed download:
2026-07-06 16:27:23,023 - yfinance - ERROR - ['MEDP']: possibly delisted; no price data found  (period=2y)
2026-07-06 16:27:23,032 - __main__ - WARNING - No weekly data found for MEDP
2026-07-06 16:27:53,038 - yfinance - ERROR - $NTNX: possibly delisted; no price data found  (period=2y)
2026-07-06 16:27:53,041 - yfinance - ERROR - 
1 Failed download:
2026-07-06 16:27:53,041 - yfinance - ERROR - ['NTNX']: possibly delisted; no price data found  (period=2y)
2026-07-06 16:27:53,050 - __main__ - WARNING - No weekly data found for NTNX
2026-07-06 16:28:23,059 - yfinance - ERROR - $ZBRA: possibly delisted; no price data found  (period=2y)
2026-07-06 16:28:23,063 - yfinance - ERROR - 
1 Failed download:
2026-07-06 16:28:23,064 - yfinance - ERROR - ['ZBRA']: possibly delisted; no price data found  (period=2y)
2026-07-06 16:28:23,070 - __main__ - WARNING - No weekly data found for ZBRA
2026-07-06 16:28:53,076 - yfinance - ERROR - $HUT: possibly delisted; no price data found  (period=2y)
2026-07-06 16:28:53,081 - yfinance - ERROR - 
1 Failed download:
2026-07-06 16:28:53,081 - yfinance - ERROR - ['HUT']: possibly delisted; no price data found  (period=2y)
2026-07-06 16:28:53,090 - __main__ - WARNING - No weekly data found for HUT
2026-07-06 16:29:23,099 - yfinance - ERROR - $COO: possibly delisted; no price data found  (period=2y)
2026-07-06 16:29:23,099 - yfinance - ERROR - 
1 Failed download:
2026-07-06 16:29:23,100 - yfinance - ERROR - ['COO']: possibly delisted; no price data found  (period=2y)
2026-07-06 16:29:23,107 - __main__ - WARNING - No weekly data found for COO
2026-07-06 16:29:53,114 - yfinance - ERROR - $MDGL: possibly delisted; no price data found  (period=2y)
2026-07-06 16:29:53,118 - yfinance - ERROR - 
1 Failed download:
2026-07-06 16:29:53,118 - yfinance - ERROR - ['MDGL']: possibly delisted; no price data found  (period=2y)
2026-07-06 16:29:53,124 - __main__ - WARNING - No weekly data found for MDGL
2026-07-06 16:30:23,130 - yfinance - ERROR - $FIVE: possibly delisted; no price data found  (period=2y)
2026-07-06 16:30:23,135 - yfinance - ERROR - 
1 Failed download:
2026-07-06 16:30:23,135 - yfinance - ERROR - ['FIVE']: possibly delisted; no price data found  (period=2y)
2026-07-06 16:30:23,140 - __main__ - WARNING - No weekly data found for FIVE
2026-07-06 16:30:53,149 - yfinance - ERROR - $SAIA: possibly delisted; no price data found  (period=2y)
2026-07-06 16:30:53,149 - yfinance - ERROR - 
1 Failed download:
2026-07-06 16:30:53,151 - yfinance - ERROR - ['SAIA']: possibly delisted; no price data found  (period=2y)
2026-07-06 16:30:53,160 - __main__ - WARNING - No weekly data found for SAIA
2026-07-06 16:31:23,169 - yfinance - ERROR - $AXSM: possibly delisted; no price data found  (period=2y)
2026-07-06 16:31:23,171 - yfinance - ERROR - 
1 Failed download:
2026-07-06 16:31:23,171 - yfinance - ERROR - ['AXSM']: possibly delisted; no price data found  (period=2y)
2026-07-06 16:31:23,177 - __main__ - WARNING - No weekly data found for AXSM
2026-07-06 16:31:53,183 - yfinance - ERROR - $ERIE: possibly delisted; no price data found  (period=2y)
2026-07-06 16:31:53,191 - yfinance - ERROR - 
1 Failed download:
2026-07-06 16:31:53,192 - yfinance - ERROR - ['ERIE']: possibly delisted; no price data found  (period=2y)
2026-07-06 16:31:53,199 - __main__ - WARNING - No weekly data found for ERIE
2026-07-06 16:32:23,204 - yfinance - ERROR - $COKE: possibly delisted; no price data found  (period=2y)
2026-07-06 16:32:23,212 - yfinance - ERROR - 
1 Failed download:
2026-07-06 16:32:23,212 - yfinance - ERROR - ['COKE']: possibly delisted; no price data found  (period=2y)
2026-07-06 16:32:23,217 - __main__ - WARNING - No weekly data found for COKE
2026-07-06 16:32:53,222 - yfinance - ERROR - $LFUS: possibly delisted; no price data found  (period=2y)
2026-07-06 16:32:53,224 - yfinance - ERROR - 
1 Failed download:
2026-07-06 16:32:53,224 - yfinance - ERROR - ['LFUS']: possibly delisted; no price data found  (period=2y)
2026-07-06 16:32:53,231 - __main__ - WARNING - No weekly data found for LFUS
2026-07-06 16:32:53,232 - __main__ - INFO - NASDAQ Progress: 280/400
2026-07-06 16:33:23,237 - yfinance - ERROR - $DRS: possibly delisted; no price data found  (period=2y)
2026-07-06 16:33:23,238 - yfinance - ERROR - 
1 Failed download:
2026-07-06 16:33:23,238 - yfinance - ERROR - ['DRS']: possibly delisted; no price data found  (period=2y)
2026-07-06 16:33:23,246 - __main__ - WARNING - No weekly data found for DRS
2026-07-06 16:33:53,252 - yfinance - ERROR - $SEIC: possibly delisted; no price data found  (period=2y)
2026-07-06 16:33:53,262 - yfinance - ERROR - 
1 Failed download:
2026-07-06 16:33:53,262 - yfinance - ERROR - ['SEIC']: possibly delisted; no price data found  (period=2y)
2026-07-06 16:33:53,271 - __main__ - WARNING - No weekly data found for SEIC
2026-07-06 16:34:23,276 - yfinance - ERROR - $WULF: possibly delisted; no price data found  (period=2y)
2026-07-06 16:34:23,280 - yfinance - ERROR - 
1 Failed download:
2026-07-06 16:34:23,280 - yfinance - ERROR - ['WULF']: possibly delisted; no price data found  (period=2y)
2026-07-06 16:34:23,288 - __main__ - WARNING - No weekly data found for WULF
2026-07-06 16:34:53,293 - yfinance - ERROR - $POWL: possibly delisted; no price data found  (period=2y)
2026-07-06 16:34:53,300 - yfinance - ERROR - 
1 Failed download:
2026-07-06 16:34:53,300 - yfinance - ERROR - ['POWL']: possibly delisted; no price data found  (period=2y)
2026-07-06 16:34:53,306 - __main__ - WARNING - No weekly data found for POWL
2026-07-06 16:35:23,313 - yfinance - ERROR - $ARWR: possibly delisted; no price data found  (period=2y)
2026-07-06 16:35:23,313 - yfinance - ERROR - 
1 Failed download:
2026-07-06 16:35:23,314 - yfinance - ERROR - ['ARWR']: possibly delisted; no price data found  (period=2y)
2026-07-06 16:35:23,322 - __main__ - WARNING - No weekly data found for ARWR
2026-07-06 16:35:53,327 - yfinance - ERROR - $PODD: possibly delisted; no price data found  (period=2y)
2026-07-06 16:35:53,331 - yfinance - ERROR - 
1 Failed download:
2026-07-06 16:35:53,332 - yfinance - ERROR - ['PODD']: possibly delisted; no price data found  (period=2y)
2026-07-06 16:35:53,338 - __main__ - WARNING - No weekly data found for PODD
2026-07-06 16:36:23,344 - yfinance - ERROR - $CGNX: possibly delisted; no price data found  (period=2y)
2026-07-06 16:36:23,351 - yfinance - ERROR - 
1 Failed download:
2026-07-06 16:36:23,351 - yfinance - ERROR - ['CGNX']: possibly delisted; no price data found  (period=2y)
2026-07-06 16:36:23,359 - __main__ - WARNING - No weekly data found for CGNX
2026-07-06 16:36:53,364 - yfinance - ERROR - $BTSG: possibly delisted; no price data found  (period=2y)
2026-07-06 16:36:53,370 - yfinance - ERROR - 
1 Failed download:
2026-07-06 16:36:53,370 - yfinance - ERROR - ['BTSG']: possibly delisted; no price data found  (period=2y)
2026-07-06 16:36:53,379 - __main__ - WARNING - No weekly data found for BTSG
2026-07-06 16:37:23,386 - yfinance - ERROR - $AAON: possibly delisted; no price data found  (period=2y)
2026-07-06 16:37:23,392 - yfinance - ERROR - 
1 Failed download:
2026-07-06 16:37:23,392 - yfinance - ERROR - ['AAON']: possibly delisted; no price data found  (period=2y)
2026-07-06 16:37:23,404 - __main__ - WARNING - No weekly data found for AAON
2026-07-06 16:37:53,411 - yfinance - ERROR - $KTOS: possibly delisted; no price data found  (period=2y)
2026-07-06 16:37:53,420 - yfinance - ERROR - 
1 Failed download:
2026-07-06 16:37:53,421 - yfinance - ERROR - ['KTOS']: possibly delisted; no price data found  (period=2y)
2026-07-06 16:37:53,426 - __main__ - WARNING - No weekly data found for KTOS
2026-07-06 16:38:23,431 - yfinance - ERROR - $GSAT: possibly delisted; no price data found  (period=2y)
2026-07-06 16:38:23,440 - yfinance - ERROR - 
1 Failed download:
2026-07-06 16:38:23,440 - yfinance - ERROR - ['GSAT']: possibly delisted; no price data found  (period=2y)
2026-07-06 16:38:23,446 - __main__ - WARNING - No weekly data found for GSAT
2026-07-06 16:38:53,451 - yfinance - ERROR - $DPZ: possibly delisted; no price data found  (period=2y)
2026-07-06 16:38:53,455 - yfinance - ERROR - 
1 Failed download:
2026-07-06 16:38:53,455 - yfinance - ERROR - ['DPZ']: possibly delisted; no price data found  (period=2y)
2026-07-06 16:38:53,463 - __main__ - WARNING - No weekly data found for DPZ
2026-07-06 16:39:23,470 - yfinance - ERROR - $JKHY: possibly delisted; no price data found  (period=2y)
2026-07-06 16:39:23,472 - yfinance - ERROR - 
1 Failed download:
2026-07-06 16:39:23,472 - yfinance - ERROR - ['JKHY']: possibly delisted; no price data found  (period=2y)
2026-07-06 16:39:23,479 - __main__ - WARNING - No weekly data found for JKHY
2026-07-06 16:39:53,483 - yfinance - ERROR - $ENSG: possibly delisted; no price data found  (period=2y)
2026-07-06 16:39:53,487 - yfinance - ERROR - 
1 Failed download:
2026-07-06 16:39:53,487 - yfinance - ERROR - ['ENSG']: possibly delisted; no price data found  (period=2y)
2026-07-06 16:39:53,496 - __main__ - WARNING - No weekly data found for ENSG
2026-07-06 16:40:23,506 - yfinance - ERROR - $BMRN: possibly delisted; no price data found  (period=2y)
2026-07-06 16:40:23,511 - yfinance - ERROR - 
1 Failed download:
2026-07-06 16:40:23,511 - yfinance - ERROR - ['BMRN']: possibly delisted; no price data found  (period=2y)
2026-07-06 16:40:23,520 - __main__ - WARNING - No weekly data found for BMRN
2026-07-06 16:40:53,529 - yfinance - ERROR - $FORM: possibly delisted; no price data found  (period=2y)
2026-07-06 16:40:53,534 - yfinance - ERROR - 
1 Failed download:
2026-07-06 16:40:53,534 - yfinance - ERROR - ['FORM']: possibly delisted; no price data found  (period=2y)
2026-07-06 16:40:53,540 - __main__ - WARNING - No weekly data found for FORM
2026-07-06 16:41:23,547 - yfinance - ERROR - $FCFS: possibly delisted; no price data found  (period=2y)
2026-07-06 16:41:23,548 - yfinance - ERROR - 
1 Failed download:
2026-07-06 16:41:23,548 - yfinance - ERROR - ['FCFS']: possibly delisted; no price data found  (period=2y)
2026-07-06 16:41:23,554 - __main__ - WARNING - No weekly data found for FCFS
2026-07-06 16:41:53,559 - yfinance - ERROR - $CYTK: possibly delisted; no price data found  (period=2y)
2026-07-06 16:41:53,561 - yfinance - ERROR - 
1 Failed download:
2026-07-06 16:41:53,561 - yfinance - ERROR - ['CYTK']: possibly delisted; no price data found  (period=2y)
2026-07-06 16:41:53,573 - __main__ - WARNING - No weekly data found for CYTK
2026-07-06 16:42:23,584 - yfinance - ERROR - $WYNN: possibly delisted; no price data found  (period=2y)
2026-07-06 16:42:23,584 - yfinance - ERROR - 
1 Failed download:
2026-07-06 16:42:23,585 - yfinance - ERROR - ['WYNN']: possibly delisted; no price data found  (period=2y)
2026-07-06 16:42:23,592 - __main__ - WARNING - No weekly data found for WYNN
2026-07-06 16:42:53,599 - yfinance - ERROR - $SFD: possibly delisted; no price data found  (period=2y)
2026-07-06 16:42:53,606 - yfinance - ERROR - 
1 Failed download:
2026-07-06 16:42:53,606 - yfinance - ERROR - ['SFD']: possibly delisted; no price data found  (period=2y)
2026-07-06 16:42:53,624 - __main__ - WARNING - No weekly data found for SFD
2026-07-06 16:42:53,625 - __main__ - INFO - NASDAQ Progress: 300/400
2026-07-06 16:43:23,632 - yfinance - ERROR - $WTFC: possibly delisted; no price data found  (period=2y)
2026-07-06 16:43:23,634 - yfinance - ERROR - 
1 Failed download:
2026-07-06 16:43:23,634 - yfinance - ERROR - ['WTFC']: possibly delisted; no price data found  (period=2y)
2026-07-06 16:43:23,641 - __main__ - WARNING - No weekly data found for WTFC
2026-07-06 16:43:53,647 - yfinance - ERROR - $BSY: possibly delisted; no price data found  (period=2y)
2026-07-06 16:43:53,649 - yfinance - ERROR - 
1 Failed download:
2026-07-06 16:43:53,649 - yfinance - ERROR - ['BSY']: possibly delisted; no price data found  (period=2y)
2026-07-06 16:43:53,656 - __main__ - WARNING - No weekly data found for BSY
2026-07-06 16:44:23,662 - yfinance - ERROR - $SWKS: possibly delisted; no price data found  (period=2y)
2026-07-06 16:44:23,669 - yfinance - ERROR - 
1 Failed download:
2026-07-06 16:44:23,670 - yfinance - ERROR - ['SWKS']: possibly delisted; no price data found  (period=2y)
2026-07-06 16:44:23,684 - __main__ - WARNING - No weekly data found for SWKS
2026-07-06 16:44:53,689 - yfinance - ERROR - $TTD: possibly delisted; no price data found  (period=2y)
2026-07-06 16:44:53,693 - yfinance - ERROR - 
1 Failed download:
2026-07-06 16:44:53,694 - yfinance - ERROR - ['TTD']: possibly delisted; no price data found  (period=2y)
2026-07-06 16:44:53,701 - __main__ - WARNING - No weekly data found for TTD
2026-07-06 16:45:23,705 - yfinance - ERROR - $UMBF: possibly delisted; no price data found  (period=2y)
2026-07-06 16:45:23,711 - yfinance - ERROR - 
1 Failed download:
2026-07-06 16:45:23,711 - yfinance - ERROR - ['UMBF']: possibly delisted; no price data found  (period=2y)
2026-07-06 16:45:23,719 - __main__ - WARNING - No weekly data found for UMBF
2026-07-06 16:45:53,729 - yfinance - ERROR - $LINE: possibly delisted; no price data found  (period=2y)
2026-07-06 16:45:53,733 - yfinance - ERROR - 
1 Failed download:
2026-07-06 16:45:53,733 - yfinance - ERROR - ['LINE']: possibly delisted; no price data found  (period=2y)
2026-07-06 16:45:53,739 - __main__ - WARNING - No weekly data found for LINE
2026-07-06 16:46:23,745 - yfinance - ERROR - $ABVX: possibly delisted; no price data found  (period=2y)
2026-07-06 16:46:23,754 - yfinance - ERROR - 
1 Failed download:
2026-07-06 16:46:23,755 - yfinance - ERROR - ['ABVX']: possibly delisted; no price data found  (period=2y)
2026-07-06 16:46:23,762 - __main__ - WARNING - No weekly data found for ABVX
2026-07-06 16:46:53,767 - yfinance - ERROR - $XP: possibly delisted; no price data found  (period=2y)
2026-07-06 16:46:53,768 - yfinance - ERROR - 
1 Failed download:
2026-07-06 16:46:53,769 - yfinance - ERROR - ['XP']: possibly delisted; no price data found  (period=2y)
2026-07-06 16:46:53,774 - __main__ - WARNING - No weekly data found for XP
2026-07-06 16:47:23,783 - yfinance - ERROR - $VSAT: possibly delisted; no price data found  (period=2y)
2026-07-06 16:47:23,788 - yfinance - ERROR - 
1 Failed download:
2026-07-06 16:47:23,788 - yfinance - ERROR - ['VSAT']: possibly delisted; no price data found  (period=2y)
2026-07-06 16:47:23,796 - __main__ - WARNING - No weekly data found for VSAT
2026-07-06 16:47:53,804 - yfinance - ERROR - $ICLR: possibly delisted; no price data found  (period=2y)
2026-07-06 16:47:53,804 - yfinance - ERROR - 
1 Failed download:
2026-07-06 16:47:53,805 - yfinance - ERROR - ['ICLR']: possibly delisted; no price data found  (period=2y)
2026-07-06 16:47:53,815 - __main__ - WARNING - No weekly data found for ICLR
2026-07-06 16:48:23,821 - yfinance - ERROR - $VFS: possibly delisted; no price data found  (period=2y)
2026-07-06 16:48:23,822 - yfinance - ERROR - 
1 Failed download:
2026-07-06 16:48:23,822 - yfinance - ERROR - ['VFS']: possibly delisted; no price data found  (period=2y)
2026-07-06 16:48:23,837 - __main__ - WARNING - No weekly data found for VFS
2026-07-06 16:48:53,846 - yfinance - ERROR - $SNEX: possibly delisted; no price data found  (period=2y)
2026-07-06 16:48:53,856 - yfinance - ERROR - 
1 Failed download:
2026-07-06 16:48:53,856 - yfinance - ERROR - ['SNEX']: possibly delisted; no price data found  (period=2y)
2026-07-06 16:48:53,862 - __main__ - WARNING - No weekly data found for SNEX
2026-07-06 16:49:23,868 - yfinance - ERROR - $BPOP: possibly delisted; no price data found  (period=2y)
2026-07-06 16:49:23,869 - yfinance - ERROR - 
1 Failed download:
2026-07-06 16:49:23,870 - yfinance - ERROR - ['BPOP']: possibly delisted; no price data found  (period=2y)
2026-07-06 16:49:23,880 - __main__ - WARNING - No weekly data found for BPOP
2026-07-06 16:49:53,889 - yfinance - ERROR - $MASI: possibly delisted; no price data found  (period=2y)
2026-07-06 16:49:53,892 - yfinance - ERROR - 
1 Failed download:
2026-07-06 16:49:53,893 - yfinance - ERROR - ['MASI']: possibly delisted; no price data found  (period=2y)
2026-07-06 16:49:53,906 - __main__ - WARNING - No weekly data found for MASI
2026-07-06 16:50:23,913 - yfinance - ERROR - $ONB: possibly delisted; no price data found  (period=2y)
2026-07-06 16:50:23,916 - yfinance - ERROR - 
1 Failed download:
2026-07-06 16:50:23,916 - yfinance - ERROR - ['ONB']: possibly delisted; no price data found  (period=2y)
2026-07-06 16:50:23,921 - __main__ - WARNING - No weekly data found for ONB
2026-07-06 16:50:53,926 - yfinance - ERROR - $CART: possibly delisted; no price data found  (period=2y)
2026-07-06 16:50:53,929 - yfinance - ERROR - 
1 Failed download:
2026-07-06 16:50:53,930 - yfinance - ERROR - ['CART']: possibly delisted; no price data found  (period=2y)
2026-07-06 16:50:53,941 - __main__ - WARNING - No weekly data found for CART
2026-07-06 16:51:23,952 - yfinance - ERROR - $PRAX: possibly delisted; no price data found  (period=2y)
2026-07-06 16:51:23,960 - yfinance - ERROR - 
1 Failed download:
2026-07-06 16:51:23,960 - yfinance - ERROR - ['PRAX']: possibly delisted; no price data found  (period=2y)
2026-07-06 16:51:23,966 - __main__ - WARNING - No weekly data found for PRAX
2026-07-06 16:51:53,971 - yfinance - ERROR - $MWH: possibly delisted; no price data found  (period=2y)
2026-07-06 16:51:53,976 - yfinance - ERROR - 
1 Failed download:
2026-07-06 16:51:53,976 - yfinance - ERROR - ['MWH']: possibly delisted; no price data found  (period=2y)
2026-07-06 16:51:53,980 - __main__ - WARNING - No weekly data found for MWH
2026-07-06 16:52:23,985 - yfinance - ERROR - $RIOT: possibly delisted; no price data found  (period=2y)
2026-07-06 16:52:23,992 - yfinance - ERROR - 
1 Failed download:
2026-07-06 16:52:23,992 - yfinance - ERROR - ['RIOT']: possibly delisted; no price data found  (period=2y)
2026-07-06 16:52:23,999 - __main__ - WARNING - No weekly data found for RIOT
2026-07-06 16:52:54,006 - yfinance - ERROR - $KRYS: possibly delisted; no price data found  (period=2y)
2026-07-06 16:52:54,015 - yfinance - ERROR - 
1 Failed download:
2026-07-06 16:52:54,015 - yfinance - ERROR - ['KRYS']: possibly delisted; no price data found  (period=2y)
2026-07-06 16:52:54,019 - __main__ - WARNING - No weekly data found for KRYS
2026-07-06 16:52:54,019 - __main__ - INFO - NASDAQ Progress: 320/400
2026-07-06 16:53:24,024 - yfinance - ERROR - $ZG: possibly delisted; no price data found  (period=2y)
2026-07-06 16:53:24,033 - yfinance - ERROR - 
1 Failed download:
2026-07-06 16:53:24,033 - yfinance - ERROR - ['ZG']: possibly delisted; no price data found  (period=2y)
2026-07-06 16:53:24,038 - __main__ - WARNING - No weekly data found for ZG
2026-07-06 16:53:54,043 - yfinance - ERROR - $Z: possibly delisted; no price data found  (period=2y)
2026-07-06 16:53:54,046 - yfinance - ERROR - 
1 Failed download:
2026-07-06 16:53:54,046 - yfinance - ERROR - ['Z']: possibly delisted; no price data found  (period=2y)
2026-07-06 16:53:54,051 - __main__ - WARNING - No weekly data found for Z
2026-07-13 13:00:01+0800  [week_high_low_scan]  begin
2026-07-13 13:00:08,589 - __main__ - INFO - Starting week high/low scan...
2026-07-13 13:00:08,589 - __main__ - INFO - Exchanges to scan: KLSE, NASDAQ, NYSE
2026-07-13 13:00:08,590 - __main__ - INFO - === Scanning KLSE ===
2026-07-13 13:00:08,590 - __main__ - INFO - Loaded 119 tickers from config/klse_universe.csv
2026-07-13 13:00:08,590 - __main__ - INFO - Scanning 119 tickers from KLSE universe
2026-07-13 13:00:09,517 - ml.model_trainer - INFO - Model loaded from /home/shalu/buffett-monitor/ml/models/
2026-07-13 13:00:09,518 - ml.lasso.lasso_feature_selector - INFO - Initialized DoubleSelectionLASSO with cv=3, criterion=bic
2026-07-13 13:00:09,518 - ml.lasso.lasso_feature_selector - INFO - DoubleSelectionLASSO loaded from /home/shalu/buffett-monitor/ml/lasso/lasso_selector.pkl
2026-07-13 13:00:09,518 - ml.lassoo_selector - INFO - Loaded LASSO selector from /home/shalu/buffett-monitor/ml/lasso/lasso_selector.pkl
2026-07-13 13:00:09,518 - ml.lassoo_selector - INFO - LassooFeatureSelector initialized. Model loaded: True
2026-07-13 13:00:09,524 - ml.vq_factor_model - INFO - Created VQ-VAE model: input_dim=49, hidden_dim=128, latent_dim=64, num_embeddings=512
2026-07-13 13:00:09,532 - ml.signal_enhancer - INFO - Loaded VQ model from /home/shalu/buffett-monitor/ml/vq_models/vq_factor_model.pt
2026-07-13 13:00:09,532 - ml.signal_enhancer - INFO - VQ model input dimension: 49
2026-07-13 13:00:09,532 - ml.signal_enhancer - INFO - VQ model ready: True
2026-07-13 13:00:09,533 - ml.signal_enhancer - INFO - SignalEnhancer initialized with confidence threshold 0.6
2026-07-13 13:00:09,533 - ml.signal_enhancer - INFO - ML model ready: True
2026-07-13 13:00:09,533 - ml.signal_enhancer - INFO - VQ model ready: True
2026-07-13 13:00:09,533 - ml.signal_enhancer - INFO - VQ ranking enabled: True
2026-07-13 13:00:09,533 - ml.signal_enhancer - INFO - LASSO feature selection ready: True
2026-07-13 13:00:09,533 - __main__ - ERROR - 0058.KL: Error in ML signal enhancement: fetch_fundamentals() takes 1 positional argument but 2 were given
2026-07-13 13:00:10,040 - __main__ - ERROR - 0159.KL: Error in ML signal enhancement: fetch_fundamentals() takes 1 positional argument but 2 were given
2026-07-13 13:00:11,839 - yfinance - ERROR - HTTP Error 404: {"quoteSummary":{"result":null,"error":{"code":"Not Found","description":"Quote not found for symbol: 0294.KL"}}}
2026-07-13 13:00:12,229 - yfinance - ERROR - $0294.KL: possibly delisted; no price data found  (period=2y) (Yahoo error = "No data found, symbol may be delisted")
2026-07-13 13:00:12,232 - yfinance - ERROR - 
1 Failed download:
2026-07-13 13:00:12,232 - yfinance - ERROR - ['0294.KL']: possibly delisted; no price data found  (period=2y) (Yahoo error = "No data found, symbol may be delisted")
2026-07-13 13:00:12,237 - __main__ - WARNING - No weekly data found for 0294.KL
2026-07-13 13:00:12,365 - __main__ - ERROR - 03019.KL: Error in ML signal enhancement: fetch_fundamentals() takes 1 positional argument but 2 were given
2026-07-13 13:00:12,839 - __main__ - INFO - KLSE Progress: 20/119
2026-07-13 13:00:13,551 - yfinance - ERROR - HTTP Error 404: {"quoteSummary":{"result":null,"error":{"code":"Not Found","description":"Quote not found for symbol: 0426.KL"}}}
2026-07-13 13:00:14,267 - yfinance - ERROR - $0426.KL: possibly delisted; no price data found  (period=2y) (Yahoo error = "No data found, symbol may be delisted")
2026-07-13 13:00:14,268 - yfinance - ERROR - 
1 Failed download:
2026-07-13 13:00:14,268 - yfinance - ERROR - ['0426.KL']: possibly delisted; no price data found  (period=2y) (Yahoo error = "No data found, symbol may be delisted")
2026-07-13 13:00:14,273 - __main__ - WARNING - No weekly data found for 0426.KL
2026-07-13 13:00:14,878 - yfinance - ERROR - $0473.KL: possibly delisted; no price data found  (period=2y) (Yahoo error = "No data found, symbol may be delisted")
2026-07-13 13:00:14,878 - yfinance - ERROR - 
1 Failed download:
2026-07-13 13:00:14,879 - yfinance - ERROR - ['0473.KL']: possibly delisted; no price data found  (period=2y) (Yahoo error = "No data found, symbol may be delisted")
2026-07-13 13:00:14,883 - __main__ - WARNING - No weekly data found for 0473.KL
2026-07-13 13:00:15,531 - yfinance - ERROR - $0514.KL: possibly delisted; no price data found  (period=2y) (Yahoo error = "No data found, symbol may be delisted")
2026-07-13 13:00:15,531 - yfinance - ERROR - 
1 Failed download:
2026-07-13 13:00:15,532 - yfinance - ERROR - ['0514.KL']: possibly delisted; no price data found  (period=2y) (Yahoo error = "No data found, symbol may be delisted")
2026-07-13 13:00:15,537 - __main__ - WARNING - No weekly data found for 0514.KL
2026-07-13 13:00:16,205 - yfinance - ERROR - $0525.KL: possibly delisted; no price data found  (period=2y) (Yahoo error = "No data found, symbol may be delisted")
2026-07-13 13:00:16,211 - yfinance - ERROR - 
1 Failed download:
2026-07-13 13:00:16,211 - yfinance - ERROR - ['0525.KL']: possibly delisted; no price data found  (period=2y) (Yahoo error = "No data found, symbol may be delisted")
2026-07-13 13:00:16,216 - __main__ - WARNING - No weekly data found for 0525.KL
2026-07-13 13:00:17,658 - yfinance - ERROR - $2282.KL: possibly delisted; no price data found  (period=2y) (Yahoo error = "No data found, symbol may be delisted")
2026-07-13 13:00:17,661 - yfinance - ERROR - 
1 Failed download:
2026-07-13 13:00:17,661 - yfinance - ERROR - ['2282.KL']: possibly delisted; no price data found  (period=2y) (Yahoo error = "No data found, symbol may be delisted")
2026-07-13 13:00:17,665 - __main__ - WARNING - No weekly data found for 2282.KL
2026-07-13 13:00:18,498 - yfinance - ERROR - $2365.KL: possibly delisted; no price data found  (period=2y) (Yahoo error = "No data found, symbol may be delisted")
2026-07-13 13:00:18,499 - yfinance - ERROR - 
1 Failed download:
2026-07-13 13:00:18,499 - yfinance - ERROR - ['2365.KL']: possibly delisted; no price data found  (period=2y) (Yahoo error = "No data found, symbol may be delisted")
2026-07-13 13:00:18,504 - __main__ - WARNING - No weekly data found for 2365.KL
2026-07-13 13:00:20,251 - yfinance - ERROR - $3035.KL: possibly delisted; no price data found  (period=2y) (Yahoo error = "No data found, symbol may be delisted")
2026-07-13 13:00:20,254 - yfinance - ERROR - 
1 Failed download:
2026-07-13 13:00:20,254 - yfinance - ERROR - ['3035.KL']: possibly delisted; no price data found  (period=2y) (Yahoo error = "No data found, symbol may be delisted")
2026-07-13 13:00:20,259 - __main__ - WARNING - No weekly data found for 3035.KL
2026-07-13 13:00:21,015 - yfinance - ERROR - $3229.KL: possibly delisted; no price data found  (period=2y) (Yahoo error = "No data found, symbol may be delisted")
2026-07-13 13:00:21,021 - yfinance - ERROR - 
1 Failed download:
2026-07-13 13:00:21,022 - yfinance - ERROR - ['3229.KL']: possibly delisted; no price data found  (period=2y) (Yahoo error = "No data found, symbol may be delisted")
2026-07-13 13:00:21,026 - __main__ - WARNING - No weekly data found for 3229.KL
2026-07-13 13:00:21,175 - __main__ - INFO - KLSE Progress: 40/119
2026-07-13 13:00:22,044 - yfinance - ERROR - $4588.KL: possibly delisted; no price data found  (period=2y) (Yahoo error = "No data found, symbol may be delisted")
2026-07-13 13:00:22,047 - yfinance - ERROR - 
1 Failed download:
2026-07-13 13:00:22,047 - yfinance - ERROR - ['4588.KL']: possibly delisted; no price data found  (period=2y) (Yahoo error = "No data found, symbol may be delisted")
2026-07-13 13:00:22,051 - __main__ - WARNING - No weekly data found for 4588.KL
2026-07-13 13:00:23,085 - yfinance - ERROR - $4782.KL: possibly delisted; no price data found  (period=2y) (Yahoo error = "No data found, symbol may be delisted")
2026-07-13 13:00:23,087 - yfinance - ERROR - 
1 Failed download:
2026-07-13 13:00:23,088 - yfinance - ERROR - ['4782.KL']: possibly delisted; no price data found  (period=2y) (Yahoo error = "No data found, symbol may be delisted")
2026-07-13 13:00:23,092 - __main__ - WARNING - No weekly data found for 4782.KL
2026-07-13 13:00:24,073 - yfinance - ERROR - $5014.KL: possibly delisted; no price data found  (period=2y) (Yahoo error = "No data found, symbol may be delisted")
2026-07-13 13:00:24,076 - yfinance - ERROR - 
1 Failed download:
2026-07-13 13:00:24,076 - yfinance - ERROR - ['5014.KL']: possibly delisted; no price data found  (period=2y) (Yahoo error = "No data found, symbol may be delisted")
2026-07-13 13:00:24,081 - __main__ - WARNING - No weekly data found for 5014.KL
2026-07-13 13:00:24,314 - __main__ - ERROR - 5016.KL: Error in ML signal enhancement: fetch_fundamentals() takes 1 positional argument but 2 were given
2026-07-13 13:00:25,476 - __main__ - INFO - KLSE Progress: 60/119
2026-07-13 13:00:26,104 - yfinance - ERROR - $5117.KL: possibly delisted; no price data found  (period=2y) (Yahoo error = "No data found, symbol may be delisted")
2026-07-13 13:00:26,111 - yfinance - ERROR - 
1 Failed download:
2026-07-13 13:00:26,111 - yfinance - ERROR - ['5117.KL']: possibly delisted; no price data found  (period=2y) (Yahoo error = "No data found, symbol may be delisted")
2026-07-13 13:00:26,115 - __main__ - WARNING - No weekly data found for 5117.KL
2026-07-13 13:00:26,708 - yfinance - ERROR - $5118.KL: possibly delisted; no price data found  (period=2y) (Yahoo error = "No data found, symbol may be delisted")
2026-07-13 13:00:26,709 - yfinance - ERROR - 
1 Failed download:
2026-07-13 13:00:26,709 - yfinance - ERROR - ['5118.KL']: possibly delisted; no price data found  (period=2y) (Yahoo error = "No data found, symbol may be delisted")
2026-07-13 13:00:26,714 - __main__ - WARNING - No weekly data found for 5118.KL
2026-07-13 13:00:27,288 - yfinance - ERROR - $5122.KL: possibly delisted; no price data found  (period=2y) (Yahoo error = "No data found, symbol may be delisted")
2026-07-13 13:00:27,288 - yfinance - ERROR - 
1 Failed download:
2026-07-13 13:00:27,289 - yfinance - ERROR - ['5122.KL']: possibly delisted; no price data found  (period=2y) (Yahoo error = "No data found, symbol may be delisted")
2026-07-13 13:00:27,294 - __main__ - WARNING - No weekly data found for 5122.KL
2026-07-13 13:00:28,776 - yfinance - ERROR - $5181.KL: possibly delisted; no price data found  (period=2y) (Yahoo error = "No data found, symbol may be delisted")
2026-07-13 13:00:28,776 - yfinance - ERROR - 
1 Failed download:
2026-07-13 13:00:28,776 - yfinance - ERROR - ['5181.KL']: possibly delisted; no price data found  (period=2y) (Yahoo error = "No data found, symbol may be delisted")
2026-07-13 13:00:28,781 - __main__ - WARNING - No weekly data found for 5181.KL
2026-07-13 13:00:29,263 - __main__ - ERROR - 5188.KL: Error in ML signal enhancement: fetch_fundamentals() takes 1 positional argument but 2 were given
2026-07-13 13:00:30,556 - yfinance - ERROR - $5215.KL: possibly delisted; no price data found  (period=2y) (Yahoo error = "No data found, symbol may be delisted")
2026-07-13 13:00:30,557 - yfinance - ERROR - 
1 Failed download:
2026-07-13 13:00:30,557 - yfinance - ERROR - ['5215.KL']: possibly delisted; no price data found  (period=2y) (Yahoo error = "No data found, symbol may be delisted")
2026-07-13 13:00:30,562 - __main__ - WARNING - No weekly data found for 5215.KL
2026-07-13 13:00:30,777 - __main__ - INFO - KLSE Progress: 80/119
2026-07-13 13:00:32,168 - yfinance - ERROR - $5262.KL: possibly delisted; no price data found  (period=2y) (Yahoo error = "No data found, symbol may be delisted")
2026-07-13 13:00:32,177 - yfinance - ERROR - 
1 Failed download:
2026-07-13 13:00:32,177 - yfinance - ERROR - ['5262.KL']: possibly delisted; no price data found  (period=2y) (Yahoo error = "No data found, symbol may be delisted")
2026-07-13 13:00:32,181 - __main__ - WARNING - No weekly data found for 5262.KL
2026-07-13 13:00:32,924 - yfinance - ERROR - $5266.KL: possibly delisted; no price data found  (period=2y) (Yahoo error = "No data found, symbol may be delisted")
2026-07-13 13:00:32,926 - yfinance - ERROR - 
1 Failed download:
2026-07-13 13:00:32,926 - yfinance - ERROR - ['5266.KL']: possibly delisted; no price data found  (period=2y) (Yahoo error = "No data found, symbol may be delisted")
2026-07-13 13:00:32,931 - __main__ - WARNING - No weekly data found for 5266.KL
2026-07-13 13:00:33,599 - yfinance - ERROR - $5270.KL: possibly delisted; no price data found  (period=2y) (Yahoo error = "No data found, symbol may be delisted")
2026-07-13 13:00:33,605 - yfinance - ERROR - 
1 Failed download:
2026-07-13 13:00:33,606 - yfinance - ERROR - ['5270.KL']: possibly delisted; no price data found  (period=2y) (Yahoo error = "No data found, symbol may be delisted")
2026-07-13 13:00:33,610 - __main__ - WARNING - No weekly data found for 5270.KL
2026-07-13 13:00:35,354 - yfinance - ERROR - $5735.KL: possibly delisted; no price data found  (period=2y) (Yahoo error = "No data found, symbol may be delisted")
2026-07-13 13:00:35,358 - yfinance - ERROR - 
1 Failed download:
2026-07-13 13:00:35,358 - yfinance - ERROR - ['5735.KL']: possibly delisted; no price data found  (period=2y) (Yahoo error = "No data found, symbol may be delisted")
2026-07-13 13:00:35,362 - __main__ - WARNING - No weekly data found for 5735.KL
2026-07-13 13:00:36,128 - yfinance - ERROR - $5926.KL: possibly delisted; no price data found  (period=2y) (Yahoo error = "No data found, symbol may be delisted")
2026-07-13 13:00:36,135 - yfinance - ERROR - 
1 Failed download:
2026-07-13 13:00:36,136 - yfinance - ERROR - ['5926.KL']: possibly delisted; no price data found  (period=2y) (Yahoo error = "No data found, symbol may be delisted")
2026-07-13 13:00:36,140 - __main__ - WARNING - No weekly data found for 5926.KL
2026-07-13 13:00:36,140 - __main__ - INFO - KLSE Progress: 100/119
2026-07-13 13:00:36,999 - yfinance - ERROR - $6013.KL: possibly delisted; no price data found  (period=2y) (Yahoo error = "No data found, symbol may be delisted")
2026-07-13 13:00:37,002 - yfinance - ERROR - 
1 Failed download:
2026-07-13 13:00:37,002 - yfinance - ERROR - ['6013.KL']: possibly delisted; no price data found  (period=2y) (Yahoo error = "No data found, symbol may be delisted")
2026-07-13 13:00:37,006 - __main__ - WARNING - No weekly data found for 6013.KL
2026-07-13 13:00:38,241 - yfinance - ERROR - $6155.KL: possibly delisted; no price data found  (period=2y) (Yahoo error = "No data found, symbol may be delisted")
2026-07-13 13:00:38,248 - yfinance - ERROR - 
1 Failed download:
2026-07-13 13:00:38,248 - yfinance - ERROR - ['6155.KL']: possibly delisted; no price data found  (period=2y) (Yahoo error = "No data found, symbol may be delisted")
2026-07-13 13:00:38,252 - __main__ - WARNING - No weekly data found for 6155.KL
2026-07-13 13:00:38,896 - yfinance - ERROR - $6664.KL: possibly delisted; no price data found  (period=2y) (Yahoo error = "No data found, symbol may be delisted")
2026-07-13 13:00:38,897 - yfinance - ERROR - 
1 Failed download:
2026-07-13 13:00:38,897 - yfinance - ERROR - ['6664.KL']: possibly delisted; no price data found  (period=2y) (Yahoo error = "No data found, symbol may be delisted")
2026-07-13 13:00:38,902 - __main__ - WARNING - No weekly data found for 6664.KL
2026-07-13 13:00:40,876 - yfinance - ERROR - $7493.KL: possibly delisted; no price data found  (period=2y) (Yahoo error = "No data found, symbol may be delisted")
2026-07-13 13:00:40,876 - yfinance - ERROR - 
1 Failed download:
2026-07-13 13:00:40,876 - yfinance - ERROR - ['7493.KL']: possibly delisted; no price data found  (period=2y) (Yahoo error = "No data found, symbol may be delisted")
2026-07-13 13:00:40,880 - __main__ - WARNING - No weekly data found for 7493.KL
2026-07-13 13:00:41,509 - yfinance - ERROR - $7566.KL: possibly delisted; no price data found  (period=2y) (Yahoo error = "No data found, symbol may be delisted")
2026-07-13 13:00:41,514 - yfinance - ERROR - 
1 Failed download:
2026-07-13 13:00:41,514 - yfinance - ERROR - ['7566.KL']: possibly delisted; no price data found  (period=2y) (Yahoo error = "No data found, symbol may be delisted")
2026-07-13 13:00:41,517 - __main__ - WARNING - No weekly data found for 7566.KL
2026-07-13 13:00:42,117 - yfinance - ERROR - $7874.KL: possibly delisted; no price data found  (period=2y) (Yahoo error = "No data found, symbol may be delisted")
2026-07-13 13:00:42,122 - yfinance - ERROR - 
1 Failed download:
2026-07-13 13:00:42,122 - yfinance - ERROR - ['7874.KL']: possibly delisted; no price data found  (period=2y) (Yahoo error = "No data found, symbol may be delisted")
2026-07-13 13:00:42,125 - __main__ - WARNING - No weekly data found for 7874.KL
2026-07-13 13:00:42,125 - __main__ - INFO - === Scanning NASDAQ ===
2026-07-13 13:00:42,130 - __main__ - INFO - Loaded 400 tickers from config/nasdaq_universe.csv
2026-07-13 13:00:42,130 - __main__ - INFO - Scanning 400 tickers from NASDAQ universe
2026-07-13 13:00:44,381 - __main__ - INFO - NASDAQ Progress: 20/400
2026-07-13 13:00:47,789 - __main__ - INFO - NASDAQ Progress: 40/400
2026-07-13 13:00:50,649 - __main__ - INFO - NASDAQ Progress: 60/400
2026-07-13 13:00:54,129 - __main__ - INFO - NASDAQ Progress: 80/400
2026-07-13 13:00:56,692 - __main__ - INFO - NASDAQ Progress: 100/400
2026-07-13 13:00:59,270 - __main__ - INFO - NASDAQ Progress: 120/400
2026-07-13 13:01:01,460 - __main__ - INFO - NASDAQ Progress: 140/400
2026-07-13 13:01:06,642 - __main__ - INFO - NASDAQ Progress: 160/400
2026-07-13 13:01:09,651 - __main__ - INFO - NASDAQ Progress: 180/400
2026-07-13 13:01:12,039 - __main__ - INFO - NASDAQ Progress: 200/400
2026-07-13 13:01:14,313 - __main__ - INFO - NASDAQ Progress: 220/400
2026-07-13 13:01:16,509 - __main__ - INFO - NASDAQ Progress: 240/400
2026-07-13 13:01:18,712 - __main__ - INFO - NASDAQ Progress: 260/400
2026-07-13 13:01:20,993 - __main__ - INFO - NASDAQ Progress: 280/400
2026-07-13 13:01:23,698 - __main__ - INFO - NASDAQ Progress: 300/400
2026-07-13 13:01:25,950 - __main__ - INFO - NASDAQ Progress: 320/400
2026-07-13 13:01:28,030 - __main__ - INFO - NASDAQ Progress: 340/400
2026-07-13 13:01:30,229 - __main__ - INFO - NASDAQ Progress: 360/400
2026-07-13 13:01:32,065 - __main__ - ERROR - QMMM: Error in ML signal enhancement: fetch_fundamentals() takes 1 positional argument but 2 were given
2026-07-13 13:01:32,356 - __main__ - INFO - NASDAQ Progress: 380/400
2026-07-13 13:01:34,454 - __main__ - INFO - NASDAQ Progress: 400/400
2026-07-13 13:01:34,541 - __main__ - INFO - === Scanning NYSE ===
2026-07-13 13:01:34,543 - __main__ - INFO - Loaded 300 tickers from config/nyse_universe.csv
2026-07-13 13:01:34,543 - __main__ - INFO - Scanning 300 tickers from NYSE universe
2026-07-13 13:01:45,329 - yfinance - ERROR - $V: possibly delisted; no price data found  (period=2y)
2026-07-13 13:01:45,330 - yfinance - ERROR - 
1 Failed download:
2026-07-13 13:01:45,330 - yfinance - ERROR - ['V']: possibly delisted; no price data found  (period=2y)
2026-07-13 13:01:45,334 - __main__ - WARNING - No weekly data found for V
2026-07-13 13:02:00,366 - yfinance - ERROR - $JNJ: possibly delisted; no price data found  (period=2y)
2026-07-13 13:02:00,371 - yfinance - ERROR - 
1 Failed download:
2026-07-13 13:02:00,371 - yfinance - ERROR - ['JNJ']: possibly delisted; no price data found  (period=2y)
2026-07-13 13:02:00,376 - __main__ - WARNING - No weekly data found for JNJ
2026-07-13 13:02:02,484 - __main__ - INFO - NYSE Progress: 20/300
2026-07-13 13:02:05,670 - __main__ - INFO - NYSE Progress: 40/300
2026-07-13 13:02:08,915 - __main__ - INFO - NYSE Progress: 60/300
2026-07-13 13:02:11,824 - __main__ - INFO - NYSE Progress: 80/300
2026-07-13 13:02:15,032 - __main__ - INFO - NYSE Progress: 100/300
2026-07-13 13:02:17,855 - __main__ - INFO - NYSE Progress: 120/300
2026-07-13 13:02:20,424 - __main__ - INFO - NYSE Progress: 140/300
2026-07-13 13:02:23,202 - __main__ - INFO - NYSE Progress: 160/300
2026-07-13 13:02:25,856 - __main__ - INFO - NYSE Progress: 180/300
2026-07-13 13:02:28,327 - __main__ - INFO - NYSE Progress: 200/300
2026-07-13 13:02:31,063 - __main__ - INFO - NYSE Progress: 220/300
2026-07-13 13:02:33,527 - __main__ - INFO - NYSE Progress: 240/300
2026-07-13 13:02:36,105 - __main__ - INFO - NYSE Progress: 260/300
2026-07-13 13:02:38,919 - __main__ - INFO - NYSE Progress: 280/300
2026-07-13 13:02:41,725 - __main__ - INFO - NYSE Progress: 300/300
2026-07-13 13:02:41,834 - __main__ - INFO - Scan complete. Processed: 789, Failed: 30
2026-07-13 13:02:41,834 - __main__ - INFO - Signals detected: 21, New signals: 0
2026-07-13 13:02:41,834 - __main__ - WARNING - Encountered 30 errors during scan

=== WEEK HIGH/LOW SCAN RESULTS ===
Date: 2026-07-13
Exchanges scanned: KLSE, NASDAQ, NYSE
Total tickers: 819
Successful: 789
Failed: 30
Signals detected: 21
New signals: 0

Signals by exchange:

Errors (30):
  - 0294.KL (KLSE): No price data available
  - 0426.KL (KLSE): No price data available
  - 0473.KL (KLSE): No price data available
  - 0514.KL (KLSE): No price data available
  - 0525.KL (KLSE): No price data available
  - 2282.KL (KLSE): No price data available
  - 2365.KL (KLSE): No price data available
  - 3035.KL (KLSE): No price data available
  - 3229.KL (KLSE): No price data available
  - 4588.KL (KLSE): No price data available
  ... and 20 more
2026-07-13 13:02:43+0800  [week_high_low_scan]  ok (raw=0)
2026-07-20 13:00:01+0800  [week_high_low_scan]  begin
2026-07-20 13:00:04,351 - __main__ - INFO - Starting week high/low scan...
2026-07-20 13:00:04,351 - __main__ - INFO - Exchanges to scan: KLSE, NASDAQ, NYSE
2026-07-20 13:00:04,351 - __main__ - INFO - === Scanning KLSE ===
2026-07-20 13:00:04,356 - __main__ - INFO - Loaded 119 tickers from config/klse_universe.csv
2026-07-20 13:00:04,356 - __main__ - INFO - Scanning 119 tickers from KLSE universe
2026-07-20 13:00:05,453 - ml.model_trainer - INFO - Model loaded from /home/shalu/buffett-monitor/ml/models/
2026-07-20 13:00:05,453 - ml.lasso.lasso_feature_selector - INFO - Initialized DoubleSelectionLASSO with cv=3, criterion=bic
2026-07-20 13:00:05,453 - ml.lasso.lasso_feature_selector - INFO - DoubleSelectionLASSO loaded from /home/shalu/buffett-monitor/ml/lasso/lasso_selector.pkl
2026-07-20 13:00:05,453 - ml.lassoo_selector - INFO - Loaded LASSO selector from /home/shalu/buffett-monitor/ml/lasso/lasso_selector.pkl
2026-07-20 13:00:05,453 - ml.lassoo_selector - INFO - LassooFeatureSelector initialized. Model loaded: True
2026-07-20 13:00:05,457 - ml.vq_factor_model - INFO - Created VQ-VAE model: input_dim=49, hidden_dim=128, latent_dim=64, num_embeddings=512
2026-07-20 13:00:05,463 - ml.signal_enhancer - INFO - Loaded VQ model from /home/shalu/buffett-monitor/ml/vq_models/vq_factor_model.pt
2026-07-20 13:00:05,463 - ml.signal_enhancer - INFO - VQ model input dimension: 49
2026-07-20 13:00:05,463 - ml.signal_enhancer - INFO - VQ model ready: True
2026-07-20 13:00:05,463 - ml.signal_enhancer - INFO - SignalEnhancer initialized with confidence threshold 0.6
2026-07-20 13:00:05,463 - ml.signal_enhancer - INFO - ML model ready: True
2026-07-20 13:00:05,463 - ml.signal_enhancer - INFO - VQ model ready: True
2026-07-20 13:00:05,463 - ml.signal_enhancer - INFO - VQ ranking enabled: True
2026-07-20 13:00:05,463 - ml.signal_enhancer - INFO - LASSO feature selection ready: True
2026-07-20 13:00:05,463 - __main__ - ERROR - 0159.KL: Error in ML signal enhancement: fetch_fundamentals() takes 1 positional argument but 2 were given
2026-07-20 13:00:07,032 - yfinance - ERROR - HTTP Error 404: {"quoteSummary":{"result":null,"error":{"code":"Not Found","description":"Quote not found for symbol: 0294.KL"}}}
2026-07-20 13:00:07,381 - yfinance - ERROR - $0294.KL: possibly delisted; no price data found  (period=2y) (Yahoo error = "No data found, symbol may be delisted")
2026-07-20 13:00:07,391 - yfinance - ERROR - 
1 Failed download:
2026-07-20 13:00:07,391 - yfinance - ERROR - ['0294.KL']: possibly delisted; no price data found  (period=2y) (Yahoo error = "No data found, symbol may be delisted")
2026-07-20 13:00:07,394 - __main__ - WARNING - No weekly data found for 0294.KL
2026-07-20 13:00:07,501 - __main__ - ERROR - 03019.KL: Error in ML signal enhancement: fetch_fundamentals() takes 1 positional argument but 2 were given
2026-07-20 13:00:07,885 - __main__ - INFO - KLSE Progress: 20/119
2026-07-20 13:00:09,057 - yfinance - ERROR - HTTP Error 404: {"quoteSummary":{"result":null,"error":{"code":"Not Found","description":"Quote not found for symbol: 0426.KL"}}}
2026-07-20 13:00:09,400 - yfinance - ERROR - $0426.KL: possibly delisted; no price data found  (period=2y) (Yahoo error = "No data found, symbol may be delisted")
2026-07-20 13:00:09,404 - yfinance - ERROR - 
1 Failed download:
2026-07-20 13:00:09,404 - yfinance - ERROR - ['0426.KL']: possibly delisted; no price data found  (period=2y) (Yahoo error = "No data found, symbol may be delisted")
2026-07-20 13:00:09,408 - __main__ - WARNING - No weekly data found for 0426.KL
2026-07-20 13:00:10,393 - yfinance - ERROR - $0473.KL: possibly delisted; no price data found  (period=2y) (Yahoo error = "No data found, symbol may be delisted")
2026-07-20 13:00:10,393 - yfinance - ERROR - 
1 Failed download:
2026-07-20 13:00:10,393 - yfinance - ERROR - ['0473.KL']: possibly delisted; no price data found  (period=2y) (Yahoo error = "No data found, symbol may be delisted")
2026-07-20 13:00:10,397 - __main__ - WARNING - No weekly data found for 0473.KL
2026-07-20 13:00:11,052 - yfinance - ERROR - $0514.KL: possibly delisted; no price data found  (period=2y) (Yahoo error = "No data found, symbol may be delisted")
2026-07-20 13:00:11,061 - yfinance - ERROR - 
1 Failed download:
2026-07-20 13:00:11,061 - yfinance - ERROR - ['0514.KL']: possibly delisted; no price data found  (period=2y) (Yahoo error = "No data found, symbol may be delisted")
2026-07-20 13:00:11,064 - __main__ - WARNING - No weekly data found for 0514.KL
2026-07-20 13:00:11,768 - yfinance - ERROR - $0525.KL: possibly delisted; no price data found  (period=2y) (Yahoo error = "No data found, symbol may be delisted")
2026-07-20 13:00:11,769 - yfinance - ERROR - 
1 Failed download:
2026-07-20 13:00:11,769 - yfinance - ERROR - ['0525.KL']: possibly delisted; no price data found  (period=2y) (Yahoo error = "No data found, symbol may be delisted")
2026-07-20 13:00:11,773 - __main__ - WARNING - No weekly data found for 0525.KL
2026-07-20 13:00:13,505 - yfinance - ERROR - $2282.KL: possibly delisted; no price data found  (period=2y) (Yahoo error = "No data found, symbol may be delisted")
2026-07-20 13:00:13,509 - yfinance - ERROR - 
1 Failed download:
2026-07-20 13:00:13,509 - yfinance - ERROR - ['2282.KL']: possibly delisted; no price data found  (period=2y) (Yahoo error = "No data found, symbol may be delisted")
2026-07-20 13:00:13,512 - __main__ - WARNING - No weekly data found for 2282.KL
2026-07-20 13:00:15,038 - yfinance - ERROR - $2365.KL: possibly delisted; no price data found  (period=2y) (Yahoo error = "No data found, symbol may be delisted")
2026-07-20 13:00:15,045 - yfinance - ERROR - 
1 Failed download:
2026-07-20 13:00:15,045 - yfinance - ERROR - ['2365.KL']: possibly delisted; no price data found  (period=2y) (Yahoo error = "No data found, symbol may be delisted")
2026-07-20 13:00:15,048 - __main__ - WARNING - No weekly data found for 2365.KL
2026-07-20 13:00:16,258 - yfinance - ERROR - $3035.KL: possibly delisted; no price data found  (period=2y) (Yahoo error = "No data found, symbol may be delisted")
2026-07-20 13:00:16,258 - yfinance - ERROR - 
1 Failed download:
2026-07-20 13:00:16,259 - yfinance - ERROR - ['3035.KL']: possibly delisted; no price data found  (period=2y) (Yahoo error = "No data found, symbol may be delisted")
2026-07-20 13:00:16,262 - __main__ - WARNING - No weekly data found for 3035.KL
2026-07-20 13:00:17,060 - yfinance - ERROR - $3229.KL: possibly delisted; no price data found  (period=2y) (Yahoo error = "No data found, symbol may be delisted")
2026-07-20 13:00:17,068 - yfinance - ERROR - 
1 Failed download:
2026-07-20 13:00:17,069 - yfinance - ERROR - ['3229.KL']: possibly delisted; no price data found  (period=2y) (Yahoo error = "No data found, symbol may be delisted")
2026-07-20 13:00:17,072 - __main__ - WARNING - No weekly data found for 3229.KL
2026-07-20 13:00:17,199 - __main__ - INFO - KLSE Progress: 40/119
2026-07-20 13:00:18,159 - yfinance - ERROR - $4588.KL: possibly delisted; no price data found  (period=2y) (Yahoo error = "No data found, symbol may be delisted")
2026-07-20 13:00:18,163 - yfinance - ERROR - 
1 Failed download:
2026-07-20 13:00:18,163 - yfinance - ERROR - ['4588.KL']: possibly delisted; no price data found  (period=2y) (Yahoo error = "No data found, symbol may be delisted")
2026-07-20 13:00:18,168 - __main__ - WARNING - No weekly data found for 4588.KL
2026-07-20 13:00:19,216 - yfinance - ERROR - $4782.KL: possibly delisted; no price data found  (period=2y) (Yahoo error = "No data found, symbol may be delisted")
2026-07-20 13:00:19,217 - yfinance - ERROR - 
1 Failed download:
2026-07-20 13:00:19,217 - yfinance - ERROR - ['4782.KL']: possibly delisted; no price data found  (period=2y) (Yahoo error = "No data found, symbol may be delisted")
2026-07-20 13:00:19,221 - __main__ - WARNING - No weekly data found for 4782.KL
2026-07-20 13:00:20,638 - yfinance - ERROR - $5014.KL: possibly delisted; no price data found  (period=2y) (Yahoo error = "No data found, symbol may be delisted")
2026-07-20 13:00:20,646 - yfinance - ERROR - 
1 Failed download:
2026-07-20 13:00:20,646 - yfinance - ERROR - ['5014.KL']: possibly delisted; no price data found  (period=2y) (Yahoo error = "No data found, symbol may be delisted")
2026-07-20 13:00:20,649 - __main__ - WARNING - No weekly data found for 5014.KL
2026-07-20 13:00:21,791 - __main__ - INFO - KLSE Progress: 60/119
2026-07-20 13:00:22,556 - yfinance - ERROR - $5117.KL: possibly delisted; no price data found  (period=2y) (Yahoo error = "No data found, symbol may be delisted")
2026-07-20 13:00:22,566 - yfinance - ERROR - 
1 Failed download:
2026-07-20 13:00:22,566 - yfinance - ERROR - ['5117.KL']: possibly delisted; no price data found  (period=2y) (Yahoo error = "No data found, symbol may be delisted")
2026-07-20 13:00:22,570 - __main__ - WARNING - No weekly data found for 5117.KL
2026-07-20 13:00:23,158 - yfinance - ERROR - $5118.KL: possibly delisted; no price data found  (period=2y) (Yahoo error = "No data found, symbol may be delisted")
2026-07-20 13:00:23,164 - yfinance - ERROR - 
1 Failed download:
2026-07-20 13:00:23,164 - yfinance - ERROR - ['5118.KL']: possibly delisted; no price data found  (period=2y) (Yahoo error = "No data found, symbol may be delisted")
2026-07-20 13:00:23,167 - __main__ - WARNING - No weekly data found for 5118.KL
2026-07-20 13:00:24,166 - yfinance - ERROR - $5122.KL: possibly delisted; no price data found  (period=2y) (Yahoo error = "No data found, symbol may be delisted")
2026-07-20 13:00:24,166 - yfinance - ERROR - 
1 Failed download:
2026-07-20 13:00:24,167 - yfinance - ERROR - ['5122.KL']: possibly delisted; no price data found  (period=2y) (Yahoo error = "No data found, symbol may be delisted")
2026-07-20 13:00:24,170 - __main__ - WARNING - No weekly data found for 5122.KL
2026-07-20 13:00:25,805 - yfinance - ERROR - $5181.KL: possibly delisted; no price data found  (period=2y) (Yahoo error = "No data found, symbol may be delisted")
2026-07-20 13:00:25,813 - yfinance - ERROR - 
1 Failed download:
2026-07-20 13:00:25,813 - yfinance - ERROR - ['5181.KL']: possibly delisted; no price data found  (period=2y) (Yahoo error = "No data found, symbol may be delisted")
2026-07-20 13:00:25,817 - __main__ - WARNING - No weekly data found for 5181.KL
2026-07-20 13:00:27,239 - yfinance - ERROR - $5215.KL: possibly delisted; no price data found  (period=2y) (Yahoo error = "No data found, symbol may be delisted")
2026-07-20 13:00:27,243 - yfinance - ERROR - 
1 Failed download:
2026-07-20 13:00:27,243 - yfinance - ERROR - ['5215.KL']: possibly delisted; no price data found  (period=2y) (Yahoo error = "No data found, symbol may be delisted")
2026-07-20 13:00:27,246 - __main__ - WARNING - No weekly data found for 5215.KL
2026-07-20 13:00:27,471 - __main__ - INFO - KLSE Progress: 80/119
2026-07-20 13:00:28,822 - yfinance - ERROR - $5262.KL: possibly delisted; no price data found  (period=2y) (Yahoo error = "No data found, symbol may be delisted")
2026-07-20 13:00:28,822 - yfinance - ERROR - 
1 Failed download:
2026-07-20 13:00:28,823 - yfinance - ERROR - ['5262.KL']: possibly delisted; no price data found  (period=2y) (Yahoo error = "No data found, symbol may be delisted")
2026-07-20 13:00:28,827 - __main__ - WARNING - No weekly data found for 5262.KL
2026-07-20 13:00:29,637 - yfinance - ERROR - $5266.KL: possibly delisted; no price data found  (period=2y) (Yahoo error = "No data found, symbol may be delisted")
2026-07-20 13:00:29,639 - yfinance - ERROR - 
1 Failed download:
2026-07-20 13:00:29,639 - yfinance - ERROR - ['5266.KL']: possibly delisted; no price data found  (period=2y) (Yahoo error = "No data found, symbol may be delisted")
2026-07-20 13:00:29,643 - __main__ - WARNING - No weekly data found for 5266.KL
2026-07-20 13:00:30,620 - yfinance - ERROR - $5270.KL: possibly delisted; no price data found  (period=2y) (Yahoo error = "No data found, symbol may be delisted")
2026-07-20 13:00:30,621 - yfinance - ERROR - 
1 Failed download:
2026-07-20 13:00:30,621 - yfinance - ERROR - ['5270.KL']: possibly delisted; no price data found  (period=2y) (Yahoo error = "No data found, symbol may be delisted")
2026-07-20 13:00:30,626 - __main__ - WARNING - No weekly data found for 5270.KL
2026-07-20 13:00:32,185 - yfinance - ERROR - $5735.KL: possibly delisted; no price data found  (period=2y) (Yahoo error = "No data found, symbol may be delisted")
2026-07-20 13:00:32,189 - yfinance - ERROR - 
1 Failed download:
2026-07-20 13:00:32,189 - yfinance - ERROR - ['5735.KL']: possibly delisted; no price data found  (period=2y) (Yahoo error = "No data found, symbol may be delisted")
2026-07-20 13:00:32,193 - __main__ - WARNING - No weekly data found for 5735.KL
2026-07-20 13:00:32,933 - yfinance - ERROR - $5926.KL: possibly delisted; no price data found  (period=2y) (Yahoo error = "No data found, symbol may be delisted")
2026-07-20 13:00:32,940 - yfinance - ERROR - 
1 Failed download:
2026-07-20 13:00:32,940 - yfinance - ERROR - ['5926.KL']: possibly delisted; no price data found  (period=2y) (Yahoo error = "No data found, symbol may be delisted")
2026-07-20 13:00:32,945 - __main__ - WARNING - No weekly data found for 5926.KL
2026-07-20 13:00:32,945 - __main__ - INFO - KLSE Progress: 100/119
2026-07-20 13:00:33,800 - yfinance - ERROR - $6013.KL: possibly delisted; no price data found  (period=2y) (Yahoo error = "No data found, symbol may be delisted")
2026-07-20 13:00:33,801 - yfinance - ERROR - 
1 Failed download:
2026-07-20 13:00:33,801 - yfinance - ERROR - ['6013.KL']: possibly delisted; no price data found  (period=2y) (Yahoo error = "No data found, symbol may be delisted")
2026-07-20 13:00:33,805 - __main__ - WARNING - No weekly data found for 6013.KL
2026-07-20 13:00:34,776 - yfinance - ERROR - $6155.KL: possibly delisted; no price data found  (period=2y) (Yahoo error = "No data found, symbol may be delisted")
2026-07-20 13:00:34,782 - yfinance - ERROR - 
1 Failed download:
2026-07-20 13:00:34,782 - yfinance - ERROR - ['6155.KL']: possibly delisted; no price data found  (period=2y) (Yahoo error = "No data found, symbol may be delisted")
2026-07-20 13:00:34,785 - __main__ - WARNING - No weekly data found for 6155.KL
2026-07-20 13:00:35,404 - yfinance - ERROR - $6664.KL: possibly delisted; no price data found  (period=2y) (Yahoo error = "No data found, symbol may be delisted")
2026-07-20 13:00:35,409 - yfinance - ERROR - 
1 Failed download:
2026-07-20 13:00:35,409 - yfinance - ERROR - ['6664.KL']: possibly delisted; no price data found  (period=2y) (Yahoo error = "No data found, symbol may be delisted")
2026-07-20 13:00:35,412 - __main__ - WARNING - No weekly data found for 6664.KL
2026-07-20 13:00:37,355 - yfinance - ERROR - $7493.KL: possibly delisted; no price data found  (period=2y) (Yahoo error = "No data found, symbol may be delisted")
2026-07-20 13:00:37,359 - yfinance - ERROR - 
1 Failed download:
2026-07-20 13:00:37,359 - yfinance - ERROR - ['7493.KL']: possibly delisted; no price data found  (period=2y) (Yahoo error = "No data found, symbol may be delisted")
2026-07-20 13:00:37,362 - __main__ - WARNING - No weekly data found for 7493.KL
2026-07-20 13:00:38,020 - yfinance - ERROR - $7566.KL: possibly delisted; no price data found  (period=2y) (Yahoo error = "No data found, symbol may be delisted")
2026-07-20 13:00:38,026 - yfinance - ERROR - 
1 Failed download:
2026-07-20 13:00:38,026 - yfinance - ERROR - ['7566.KL']: possibly delisted; no price data found  (period=2y) (Yahoo error = "No data found, symbol may be delisted")
2026-07-20 13:00:38,031 - __main__ - WARNING - No weekly data found for 7566.KL
2026-07-20 13:00:38,630 - yfinance - ERROR - $7874.KL: possibly delisted; no price data found  (period=2y) (Yahoo error = "No data found, symbol may be delisted")
2026-07-20 13:00:38,630 - yfinance - ERROR - 
1 Failed download:
2026-07-20 13:00:38,630 - yfinance - ERROR - ['7874.KL']: possibly delisted; no price data found  (period=2y) (Yahoo error = "No data found, symbol may be delisted")
2026-07-20 13:00:38,635 - __main__ - WARNING - No weekly data found for 7874.KL
2026-07-20 13:00:38,635 - __main__ - INFO - === Scanning NASDAQ ===
2026-07-20 13:00:38,637 - __main__ - INFO - Loaded 400 tickers from config/nasdaq_universe.csv
2026-07-20 13:00:38,637 - __main__ - INFO - Scanning 400 tickers from NASDAQ universe
2026-07-20 13:00:40,902 - __main__ - INFO - NASDAQ Progress: 20/400
2026-07-20 13:00:43,384 - __main__ - INFO - NASDAQ Progress: 40/400
2026-07-20 13:00:45,954 - __main__ - INFO - NASDAQ Progress: 60/400
2026-07-20 13:00:48,648 - __main__ - INFO - NASDAQ Progress: 80/400
2026-07-20 13:00:51,055 - __main__ - INFO - NASDAQ Progress: 100/400
2026-07-20 13:00:53,381 - __main__ - INFO - NASDAQ Progress: 120/400
2026-07-20 13:00:55,694 - __main__ - INFO - NASDAQ Progress: 140/400
2026-07-20 13:00:57,886 - __main__ - INFO - NASDAQ Progress: 160/400
2026-07-20 13:01:00,225 - __main__ - INFO - NASDAQ Progress: 180/400
2026-07-20 13:01:02,574 - __main__ - INFO - NASDAQ Progress: 200/400
2026-07-20 13:01:04,989 - __main__ - INFO - NASDAQ Progress: 220/400
2026-07-20 13:01:07,354 - __main__ - INFO - NASDAQ Progress: 240/400
2026-07-20 13:01:09,644 - __main__ - INFO - NASDAQ Progress: 260/400
2026-07-20 13:01:11,840 - __main__ - INFO - NASDAQ Progress: 280/400
2026-07-20 13:01:14,311 - __main__ - INFO - NASDAQ Progress: 300/400
2026-07-20 13:01:16,620 - __main__ - INFO - NASDAQ Progress: 320/400
2026-07-20 13:01:18,744 - __main__ - INFO - NASDAQ Progress: 340/400
2026-07-20 13:01:20,887 - __main__ - INFO - NASDAQ Progress: 360/400
2026-07-20 13:01:21,004 - __main__ - ERROR - TECH: Error in ML signal enhancement: fetch_fundamentals() takes 1 positional argument but 2 were given
2026-07-20 13:01:22,833 - __main__ - ERROR - QMMM: Error in ML signal enhancement: fetch_fundamentals() takes 1 positional argument but 2 were given
2026-07-20 13:01:23,154 - __main__ - INFO - NASDAQ Progress: 380/400
2026-07-20 13:01:25,402 - __main__ - INFO - NASDAQ Progress: 400/400
2026-07-20 13:01:25,498 - __main__ - INFO - === Scanning NYSE ===
2026-07-20 13:01:25,499 - __main__ - INFO - Loaded 300 tickers from config/nyse_universe.csv
2026-07-20 13:01:25,499 - __main__ - INFO - Scanning 300 tickers from NYSE universe
2026-07-20 13:01:28,378 - __main__ - INFO - NYSE Progress: 20/300
2026-07-20 13:01:31,404 - __main__ - INFO - NYSE Progress: 40/300
2026-07-20 13:01:34,588 - __main__ - INFO - NYSE Progress: 60/300
2026-07-20 13:01:37,442 - __main__ - INFO - NYSE Progress: 80/300
2026-07-20 13:01:40,433 - __main__ - INFO - NYSE Progress: 100/300
2026-07-20 13:01:43,466 - __main__ - INFO - NYSE Progress: 120/300
2026-07-20 13:01:46,137 - __main__ - INFO - NYSE Progress: 140/300
2026-07-20 13:01:49,360 - __main__ - INFO - NYSE Progress: 160/300
2026-07-20 13:01:52,056 - __main__ - INFO - NYSE Progress: 180/300
2026-07-20 13:01:54,609 - __main__ - INFO - NYSE Progress: 200/300
2026-07-20 13:01:57,472 - __main__ - INFO - NYSE Progress: 220/300
2026-07-20 13:02:00,134 - __main__ - INFO - NYSE Progress: 240/300
2026-07-20 13:02:02,727 - __main__ - INFO - NYSE Progress: 260/300
2026-07-20 13:02:05,625 - __main__ - INFO - NYSE Progress: 280/300
2026-07-20 13:02:08,354 - __main__ - INFO - NYSE Progress: 300/300
2026-07-20 13:02:08,459 - __main__ - INFO - Scan complete. Processed: 791, Failed: 28
2026-07-20 13:02:08,459 - __main__ - INFO - Signals detected: 16, New signals: 0
2026-07-20 13:02:08,459 - __main__ - WARNING - Encountered 28 errors during scan

=== WEEK HIGH/LOW SCAN RESULTS ===
Date: 2026-07-20
Exchanges scanned: KLSE, NASDAQ, NYSE
Total tickers: 819
Successful: 791
Failed: 28
Signals detected: 16
New signals: 0

Signals by exchange:

Errors (28):
  - 0294.KL (KLSE): No price data available
  - 0426.KL (KLSE): No price data available
  - 0473.KL (KLSE): No price data available
  - 0514.KL (KLSE): No price data available
  - 0525.KL (KLSE): No price data available
  - 2282.KL (KLSE): No price data available
  - 2365.KL (KLSE): No price data available
  - 3035.KL (KLSE): No price data available
  - 3229.KL (KLSE): No price data available
  - 4588.KL (KLSE): No price data available
  ... and 18 more
2026-07-20 13:02:09+0800  [week_high_low_scan]  ok (raw=0)
