2026-06-19 22:05:27+0800  [weekly_scan]  begin
Telegram credentials not configured
Failed to initialize ML signal enhancer: 'SignalEnhancer' object has no attribute 'is_ready'
Failed to initialize ML signal enhancer: 'SignalEnhancer' object has no attribute 'is_ready'
2026-06-19 22:05:31,574 - __main__ - INFO - Starting manual Buffett Monitor scan...
2026-06-19 22:05:31,574 - buffett.scanner - INFO - Starting weekly scan...
2026-06-19 22:05:31,585 - buffett.scanner - INFO - Scanning 8473 specified tickers...
2026-06-19 22:05:32,475 - buffett.scanner - INFO - AACB: SELL signal (QS: 0.0, Moat: NARROW)
2026-06-19 22:05:32,905 - buffett.scanner - INFO - AACBR: SELL signal (QS: 0.0, Moat: NARROW)
2026-06-19 22:05:33,339 - buffett.scanner - INFO - AACBU: SELL signal (QS: 0.0, Moat: NARROW)
2026-06-19 22:05:33,808 - buffett.scanner - INFO - AACG: SELL signal (QS: 28.6, Moat: NARROW)
2026-06-19 22:05:34,325 - buffett.scanner - INFO - AACI: SELL signal (QS: 0.0, Moat: NARROW)
2026-06-19 22:05:34,870 - buffett.scanner - INFO - AACIU: SELL signal (QS: 0.0, Moat: NARROW)
2026-06-19 22:05:35,260 - buffett.scanner - INFO - AACIW: SELL signal (QS: 0.0, Moat: NARROW)
2026-06-19 22:05:35,794 - buffett.scanner - INFO - AACO: SELL signal (QS: 14.3, Moat: NARROW)
2026-06-19 22:05:36,285 - buffett.scanner - INFO - AACOU: SELL signal (QS: 14.3, Moat: NARROW)
2026-06-19 22:05:36,285 - buffett.scanner - INFO - Progress: 10/8473
2026-06-19 22:05:36,662 - buffett.scanner - INFO - AACOW: SELL signal (QS: 14.3, Moat: NARROW)
2026-06-19 22:05:37,210 - buffett.scanner - INFO - AACPU: SELL signal (QS: 0.0, Moat: NARROW)
2026-06-19 22:05:37,611 - buffett.scanner - INFO - AADR: SELL signal (QS: 14.3, Moat: NARROW)
2026-06-19 22:05:38,103 - buffett.scanner - INFO - AAEQ: SELL signal (QS: 0.0, Moat: NARROW)
2026-06-19 22:05:38,629 - buffett.scanner - INFO - AAL: SELL signal (QS: 0.0, Moat: NARROW)
2026-06-19 22:05:39,033 - buffett.scanner - INFO - AALG: SELL signal (QS: 0.0, Moat: NARROW)
2026-06-19 22:05:39,999 - buffett.scanner - INFO - AAOI: SELL signal (QS: 14.3, Moat: NARROW)
2026-06-19 22:05:40,546 - buffett.scanner - INFO - AAON: SELL signal (QS: 14.3, Moat: NARROW)
2026-06-19 22:05:40,980 - buffett.scanner - INFO - AAPB: SELL signal (QS: 14.3, Moat: NARROW)
2026-06-19 22:05:40,980 - buffett.scanner - INFO - Progress: 20/8473
2026-06-19 22:05:41,418 - buffett.scanner - INFO - AAPD: SELL signal (QS: 14.3, Moat: NARROW)
2026-06-19 22:05:41,951 - buffett.scanner - INFO - AAPG: SELL signal (QS: 14.3, Moat: NARROW)
2026-06-19 22:05:42,440 - buffett.scanner - INFO - AAPL: SELL signal (QS: 14.3, Moat: NARROW)
2026-06-19 22:05:42,863 - buffett.scanner - INFO - AAPU: SELL signal (QS: 14.3, Moat: NARROW)
2026-06-19 22:05:43,272 - buffett.scanner - INFO - AARD: SELL signal (QS: 28.6, Moat: NARROW)
2026-06-19 22:05:43,709 - buffett.scanner - INFO - AAUS: SELL signal (QS: 0.0, Moat: NARROW)
2026-06-19 22:05:44,138 - buffett.scanner - INFO - AAVM: SELL signal (QS: 14.3, Moat: NARROW)
2026-06-19 22:05:44,517 - buffett.scanner - INFO - AAXJ: SELL signal (QS: 14.3, Moat: NARROW)
2026-06-19 22:05:45,043 - buffett.scanner - INFO - ABAT: SELL signal (QS: 14.3, Moat: NARROW)
2026-06-19 22:05:45,547 - buffett.scanner - INFO - ABCL: SELL signal (QS: 14.3, Moat: NARROW)
2026-06-19 22:05:45,547 - buffett.scanner - INFO - Progress: 30/8473
2026-06-19 22:05:46,056 - buffett.scanner - INFO - ABCS: SELL signal (QS: 14.3, Moat: NARROW)
2026-06-19 22:05:46,482 - buffett.scanner - INFO - ABEO: SELL signal (QS: 42.9, Moat: NARROW)
2026-06-19 22:05:46,883 - buffett.scanner - INFO - ABI: SELL signal (QS: 0.0, Moat: NARROW)
2026-06-19 22:05:47,314 - buffett.scanner - INFO - ABIG: SELL signal (QS: 14.3, Moat: NARROW)
2026-06-19 22:05:47,798 - buffett.scanner - INFO - ABLV: SELL signal (QS: 14.3, Moat: NARROW)
2026-06-19 22:05:48,213 - buffett.scanner - INFO - ABLVW: SELL signal (QS: 28.6, Moat: NARROW)
2026-06-19 22:05:48,658 - buffett.scanner - INFO - ABNB: SELL signal (QS: 0.0, Moat: NARROW)
2026-06-19 22:05:49,050 - buffett.scanner - INFO - ABNG: SELL signal (QS: 0.0, Moat: NARROW)
2026-06-19 22:05:49,522 - buffett.scanner - INFO - ABOS: SELL signal (QS: 14.3, Moat: NARROW)
2026-06-19 22:05:50,001 - buffett.scanner - INFO - ABSI: SELL signal (QS: 14.3, Moat: NARROW)
2026-06-19 22:05:50,001 - buffett.scanner - INFO - Progress: 40/8473
2026-06-19 22:05:50,429 - buffett.scanner - INFO - ABTC: SELL signal (QS: 14.3, Moat: NARROW)
2026-06-19 22:05:50,915 - buffett.scanner - INFO - ABTS: SELL signal (QS: 14.3, Moat: NARROW)
2026-06-19 22:05:51,358 - buffett.scanner - INFO - ABUS: SELL signal (QS: 42.9, Moat: NARROW)
2026-06-19 22:05:51,847 - buffett.scanner - INFO - ABVC: SELL signal (QS: 0.0, Moat: NARROW)
2026-06-19 22:05:52,356 - buffett.scanner - INFO - ABVE: SELL signal (QS: 0.0, Moat: NARROW)
2026-06-19 22:05:52,795 - buffett.scanner - INFO - ABVEW: SELL signal (QS: 0.0, Moat: NARROW)
2026-06-19 22:05:53,331 - buffett.scanner - INFO - ABVX: SELL signal (QS: 14.3, Moat: NARROW)
2026-06-19 22:05:53,909 - buffett.scanner - INFO - ACAA: SELL signal (QS: 0.0, Moat: NARROW)
2026-06-19 22:05:54,409 - buffett.scanner - INFO - ACAAU: SELL signal (QS: 0.0, Moat: NARROW)
2026-06-19 22:05:54,879 - buffett.scanner - INFO - ACAAW: SELL signal (QS: 0.0, Moat: NARROW)
2026-06-19 22:05:54,879 - buffett.scanner - INFO - Progress: 50/8473
2026-06-19 22:05:55,338 - buffett.scanner - INFO - ACAD: SELL signal (QS: 28.6, Moat: NARROW)
2026-06-19 22:05:55,877 - buffett.scanner - INFO - ACB: SELL signal (QS: 28.6, Moat: NARROW)
2026-06-19 22:05:56,342 - buffett.scanner - INFO - ACCL: SELL signal (QS: 14.3, Moat: NARROW)
2026-06-19 22:05:56,835 - buffett.scanner - INFO - ACDC: SELL signal (QS: 0.0, Moat: NARROW)
2026-06-19 22:05:57,211 - buffett.scanner - INFO - ACEP: SELL signal (QS: 0.0, Moat: NARROW)
2026-06-19 22:05:57,637 - buffett.scanner - INFO - ACET: SELL signal (QS: 28.6, Moat: NARROW)
2026-06-19 22:05:58,122 - buffett.scanner - INFO - ACFN: SELL signal (QS: 14.3, Moat: NARROW)
2026-06-19 22:05:58,609 - buffett.scanner - INFO - ACGCU: SELL signal (QS: 0.0, Moat: NARROW)
2026-06-19 22:05:59,062 - buffett.scanner - INFO - ACGL: SELL signal (QS: 42.9, Moat: NARROW)
2026-06-19 22:05:59,548 - buffett.scanner - INFO - ACGLN: SELL signal (QS: 57.1, Moat: NARROW)
2026-06-19 22:05:59,548 - buffett.scanner - INFO - Progress: 60/8473
2026-06-19 22:06:00,054 - buffett.scanner - INFO - ACGLO: SELL signal (QS: 57.1, Moat: NARROW)
2026-06-19 22:06:00,549 - buffett.scanner - INFO - ACHC: SELL signal (QS: 42.9, Moat: NARROW)
2026-06-19 22:06:01,033 - buffett.scanner - INFO - ACHV: SELL signal (QS: 14.3, Moat: NARROW)
2026-06-19 22:06:01,510 - buffett.scanner - INFO - ACIC: SELL signal (QS: 28.6, Moat: NARROW)
2026-06-19 22:06:01,994 - buffett.scanner - INFO - ACIU: SELL signal (QS: 0.0, Moat: NARROW)
2026-06-19 22:06:02,529 - buffett.scanner - INFO - ACIW: SELL signal (QS: 14.3, Moat: NARROW)
2026-06-19 22:06:03,002 - buffett.scanner - INFO - ACLS: SELL signal (QS: 14.3, Moat: NARROW)
2026-06-19 22:06:03,489 - buffett.scanner - INFO - ACMR: SELL signal (QS: 14.3, Moat: NARROW)
2026-06-19 22:06:04,221 - buffett.scanner - INFO - ACNB: SELL signal (QS: 42.9, Moat: NARROW)
2026-06-19 22:06:04,691 - buffett.scanner - INFO - ACNT: SELL signal (QS: 14.3, Moat: NARROW)
2026-06-19 22:06:04,691 - buffett.scanner - INFO - Progress: 70/8473
2026-06-19 22:06:05,167 - buffett.scanner - INFO - ACOG: SELL signal (QS: 14.3, Moat: NARROW)
2026-06-19 22:06:05,636 - buffett.scanner - INFO - ACON: SELL signal (QS: 28.6, Moat: NARROW)
2026-06-19 22:06:06,246 - buffett.scanner - INFO - ACONW: SELL signal (QS: 28.6, Moat: NARROW)
2026-06-19 22:06:06,746 - buffett.scanner - INFO - ACRS: SELL signal (QS: 14.3, Moat: NARROW)
2026-06-19 22:06:07,232 - buffett.scanner - INFO - ACRV: SELL signal (QS: 28.6, Moat: NARROW)
2026-06-19 22:06:07,755 - buffett.scanner - INFO - ACT: SELL signal (QS: 42.9, Moat: NARROW)
2026-06-19 22:06:08,287 - buffett.scanner - INFO - ACTG: SELL signal (QS: 28.6, Moat: NARROW)
2026-06-19 22:06:08,725 - buffett.scanner - INFO - ACTU: SELL signal (QS: 14.3, Moat: NARROW)
2026-06-19 22:06:09,194 - buffett.scanner - INFO - ACWI: SELL signal (QS: 14.3, Moat: NARROW)
2026-06-19 22:06:09,601 - buffett.scanner - INFO - ACWX: SELL signal (QS: 14.3, Moat: NARROW)
2026-06-19 22:06:09,602 - buffett.scanner - INFO - Progress: 80/8473
2026-06-19 22:06:10,055 - buffett.scanner - INFO - ACXP: SELL signal (QS: 28.6, Moat: NARROW)
2026-06-19 22:06:10,602 - buffett.scanner - INFO - ADAC: SELL signal (QS: 14.3, Moat: NARROW)
2026-06-19 22:06:11,142 - buffett.scanner - INFO - ADACU: SELL signal (QS: 14.3, Moat: NARROW)
2026-06-19 22:06:11,566 - buffett.scanner - INFO - ADACW: SELL signal (QS: 14.3, Moat: NARROW)
2026-06-19 22:06:12,057 - buffett.scanner - INFO - ADAG: SELL signal (QS: 14.3, Moat: NARROW)
2026-06-19 22:06:12,618 - buffett.scanner - INFO - ADAM: SELL signal (QS: 57.1, Moat: NARROW)
2026-06-19 22:06:13,027 - buffett.scanner - INFO - ADAMG: SELL signal (QS: 0.0, Moat: NARROW)
2026-06-19 22:06:13,468 - buffett.scanner - INFO - ADAMH: SELL signal (QS: 0.0, Moat: NARROW)
2026-06-19 22:06:13,886 - buffett.scanner - INFO - ADAMI: SELL signal (QS: 0.0, Moat: NARROW)
2026-06-19 22:06:14,355 - buffett.scanner - INFO - ADAML: SELL signal (QS: 14.3, Moat: NARROW)
2026-06-19 22:06:14,355 - buffett.scanner - INFO - Progress: 90/8473
2026-06-19 22:06:14,795 - buffett.scanner - INFO - ADAMM: SELL signal (QS: 14.3, Moat: NARROW)
2026-06-19 22:06:15,277 - buffett.scanner - INFO - ADAMN: SELL signal (QS: 14.3, Moat: NARROW)
2026-06-19 22:06:15,666 - buffett.scanner - INFO - ADAMO: SELL signal (QS: 0.0, Moat: NARROW)
2026-06-19 22:06:16,125 - buffett.scanner - INFO - ADAMZ: SELL signal (QS: 14.3, Moat: NARROW)
2026-06-19 22:06:16,596 - buffett.scanner - INFO - ADBE: SELL signal (QS: 14.3, Moat: NARROW)
2026-06-19 22:06:17,073 - buffett.scanner - INFO - ADBG: SELL signal (QS: 0.0, Moat: NARROW)
2026-06-19 22:06:17,535 - buffett.scanner - INFO - ADEA: SELL signal (QS: 28.6, Moat: NARROW)
2026-06-19 22:06:17,935 - buffett.scanner - INFO - ADGM: SELL signal (QS: 14.3, Moat: NARROW)
2026-06-19 22:06:18,361 - buffett.scanner - INFO - ADI: SELL signal (QS: 14.3, Moat: NARROW)
2026-06-19 22:06:18,791 - buffett.scanner - INFO - ADIL: SELL signal (QS: 28.6, Moat: NARROW)
2026-06-19 22:06:18,791 - buffett.scanner - INFO - Progress: 100/8473
2026-06-19 22:06:19,242 - buffett.scanner - INFO - ADMA: SELL signal (QS: 28.6, Moat: NARROW)
2026-06-19 22:06:19,750 - buffett.scanner - INFO - ADP: SELL signal (QS: 14.3, Moat: NARROW)
2026-06-19 22:06:20,240 - buffett.scanner - INFO - ADPT: SELL signal (QS: 14.3, Moat: NARROW)
2026-06-19 22:06:20,703 - buffett.scanner - INFO - ADSE: SELL signal (QS: 28.6, Moat: NARROW)
2026-06-19 22:06:21,146 - buffett.scanner - INFO - ADSEW: SELL signal (QS: 14.3, Moat: NARROW)
2026-06-19 22:06:21,585 - buffett.scanner - INFO - ADSK: SELL signal (QS: 0.0, Moat: NARROW)
2026-06-19 22:06:22,038 - buffett.scanner - INFO - ADTN: SELL signal (QS: 14.3, Moat: NARROW)
2026-06-19 22:06:22,503 - buffett.scanner - INFO - ADTX: SELL signal (QS: 0.0, Moat: NARROW)
2026-06-19 22:06:22,985 - buffett.scanner - INFO - ADUR: SELL signal (QS: 14.3, Moat: NARROW)
2026-06-19 22:06:23,461 - buffett.scanner - INFO - ADUS: SELL signal (QS: 14.3, Moat: NARROW)
2026-06-19 22:06:23,461 - buffett.scanner - INFO - Progress: 110/8473
2026-06-19 22:06:23,892 - buffett.scanner - INFO - ADV: SELL signal (QS: 42.9, Moat: NARROW)
2026-06-19 22:06:24,345 - buffett.scanner - INFO - ADVB: SELL signal (QS: 57.1, Moat: NARROW)
2026-06-19 22:06:24,902 - buffett.scanner - INFO - ADXN: SELL signal (QS: 14.3, Moat: NARROW)
2026-06-19 22:06:25,495 - buffett.scanner - INFO - AEAQ: SELL signal (QS: 14.3, Moat: NARROW)
2026-06-19 22:06:26,056 - buffett.scanner - INFO - AEAQU: SELL signal (QS: 14.3, Moat: NARROW)
2026-06-19 22:06:26,423 - buffett.scanner - INFO - AEAQW: SELL signal (QS: 14.3, Moat: NARROW)
2026-06-19 22:06:26,908 - buffett.scanner - INFO - AEBI: SELL signal (QS: 42.9, Moat: NARROW)
2026-06-19 22:12:55+0800  [weekly_scan]  begin
Telegram credentials not configured
Failed to initialize ML signal enhancer: 'SignalEnhancer' object has no attribute 'is_ready'
Failed to initialize ML signal enhancer: 'SignalEnhancer' object has no attribute 'is_ready'
2026-06-19 22:12:59,733 - __main__ - INFO - Starting manual Buffett Monitor scan...
2026-06-19 22:12:59,733 - buffett.scanner - INFO - Starting weekly scan...
2026-06-19 22:12:59,741 - buffett.scanner - INFO - Scanning 8473 specified tickers...
2026-06-19 22:13:00,487 - buffett.scanner - INFO - AACB: SELL signal (QS: 0.0, Moat: NARROW)
2026-06-19 22:13:00,859 - buffett.scanner - INFO - AACBR: SELL signal (QS: 0.0, Moat: NARROW)
2026-06-19 22:13:01,283 - buffett.scanner - INFO - AACBU: SELL signal (QS: 0.0, Moat: NARROW)
2026-06-19 22:13:01,756 - buffett.scanner - INFO - AACG: SELL signal (QS: 28.6, Moat: NARROW)
2026-06-19 22:13:02,281 - buffett.scanner - INFO - AACI: SELL signal (QS: 0.0, Moat: NARROW)
2026-06-19 22:13:02,802 - buffett.scanner - INFO - AACIU: SELL signal (QS: 0.0, Moat: NARROW)
2026-06-19 22:13:03,204 - buffett.scanner - INFO - AACIW: SELL signal (QS: 0.0, Moat: NARROW)
2026-06-19 22:13:03,773 - buffett.scanner - INFO - AACO: SELL signal (QS: 14.3, Moat: NARROW)
2026-06-19 22:13:04,291 - buffett.scanner - INFO - AACOU: SELL signal (QS: 14.3, Moat: NARROW)
2026-06-19 22:13:04,291 - buffett.scanner - INFO - Progress: 10/8473
2026-06-19 22:13:04,681 - buffett.scanner - INFO - AACOW: SELL signal (QS: 14.3, Moat: NARROW)
2026-06-19 22:13:05,172 - buffett.scanner - INFO - AACPU: SELL signal (QS: 0.0, Moat: NARROW)
2026-06-19 22:13:05,611 - buffett.scanner - INFO - AADR: SELL signal (QS: 14.3, Moat: NARROW)
2026-06-19 22:13:06,047 - buffett.scanner - INFO - AAEQ: SELL signal (QS: 0.0, Moat: NARROW)
2026-06-19 22:13:06,542 - buffett.scanner - INFO - AAL: SELL signal (QS: 0.0, Moat: NARROW)
2026-06-19 22:13:06,956 - buffett.scanner - INFO - AALG: SELL signal (QS: 0.0, Moat: NARROW)
2026-06-19 22:13:07,966 - buffett.scanner - INFO - AAOI: SELL signal (QS: 14.3, Moat: NARROW)
2026-06-19 22:13:08,479 - buffett.scanner - INFO - AAON: SELL signal (QS: 14.3, Moat: NARROW)
2026-06-19 22:13:08,921 - buffett.scanner - INFO - AAPB: SELL signal (QS: 14.3, Moat: NARROW)
2026-06-19 22:13:08,921 - buffett.scanner - INFO - Progress: 20/8473
2026-06-19 22:13:09,334 - buffett.scanner - INFO - AAPD: SELL signal (QS: 14.3, Moat: NARROW)
2026-06-19 22:13:09,815 - buffett.scanner - INFO - AAPG: SELL signal (QS: 14.3, Moat: NARROW)
2026-06-19 22:13:10,324 - buffett.scanner - INFO - AAPL: SELL signal (QS: 14.3, Moat: NARROW)
2026-06-19 22:13:10,735 - buffett.scanner - INFO - AAPU: SELL signal (QS: 14.3, Moat: NARROW)
2026-06-19 22:13:11,202 - buffett.scanner - INFO - AARD: SELL signal (QS: 28.6, Moat: NARROW)
2026-06-19 22:13:11,612 - buffett.scanner - INFO - AAUS: SELL signal (QS: 0.0, Moat: NARROW)
2026-06-19 22:13:12,019 - buffett.scanner - INFO - AAVM: SELL signal (QS: 14.3, Moat: NARROW)
2026-06-19 22:13:12,446 - buffett.scanner - INFO - AAXJ: SELL signal (QS: 14.3, Moat: NARROW)
2026-06-19 22:13:12,926 - buffett.scanner - INFO - ABAT: SELL signal (QS: 14.3, Moat: NARROW)
2026-06-19 22:13:13,427 - buffett.scanner - INFO - ABCL: SELL signal (QS: 14.3, Moat: NARROW)
2026-06-19 22:13:13,428 - buffett.scanner - INFO - Progress: 30/8473
2026-06-19 22:13:13,875 - buffett.scanner - INFO - ABCS: SELL signal (QS: 14.3, Moat: NARROW)
2026-06-19 22:13:14,387 - buffett.scanner - INFO - ABEO: SELL signal (QS: 42.9, Moat: NARROW)
2026-06-19 22:13:14,820 - buffett.scanner - INFO - ABI: SELL signal (QS: 0.0, Moat: NARROW)
2026-06-19 22:13:15,218 - buffett.scanner - INFO - ABIG: SELL signal (QS: 14.3, Moat: NARROW)
2026-06-19 22:13:15,718 - buffett.scanner - INFO - ABLV: SELL signal (QS: 14.3, Moat: NARROW)
2026-06-19 22:13:16,163 - buffett.scanner - INFO - ABLVW: SELL signal (QS: 28.6, Moat: NARROW)
2026-06-19 22:13:16,593 - buffett.scanner - INFO - ABNB: SELL signal (QS: 0.0, Moat: NARROW)
2026-06-19 22:13:17,051 - buffett.scanner - INFO - ABNG: SELL signal (QS: 0.0, Moat: NARROW)
2026-06-19 22:13:17,527 - buffett.scanner - INFO - ABOS: SELL signal (QS: 14.3, Moat: NARROW)
2026-06-19 22:13:17,949 - buffett.scanner - INFO - ABSI: SELL signal (QS: 14.3, Moat: NARROW)
2026-06-19 22:13:17,949 - buffett.scanner - INFO - Progress: 40/8473
2026-06-19 22:13:18,448 - buffett.scanner - INFO - ABTC: SELL signal (QS: 14.3, Moat: NARROW)
2026-06-19 22:13:18,883 - buffett.scanner - INFO - ABTS: SELL signal (QS: 14.3, Moat: NARROW)
2026-06-19 22:13:19,359 - buffett.scanner - INFO - ABUS: SELL signal (QS: 42.9, Moat: NARROW)
2026-06-19 22:13:19,833 - buffett.scanner - INFO - ABVC: SELL signal (QS: 0.0, Moat: NARROW)
2026-06-19 22:13:20,238 - buffett.scanner - INFO - ABVE: SELL signal (QS: 0.0, Moat: NARROW)
2026-06-19 22:13:20,738 - buffett.scanner - INFO - ABVEW: SELL signal (QS: 0.0, Moat: NARROW)
2026-06-19 22:13:21,257 - buffett.scanner - INFO - ABVX: SELL signal (QS: 14.3, Moat: NARROW)
2026-06-19 22:13:21,786 - buffett.scanner - INFO - ACAA: SELL signal (QS: 0.0, Moat: NARROW)
2026-06-19 22:13:22,327 - buffett.scanner - INFO - ACAAU: SELL signal (QS: 0.0, Moat: NARROW)
2026-06-19 22:13:22,723 - buffett.scanner - INFO - ACAAW: SELL signal (QS: 0.0, Moat: NARROW)
2026-06-19 22:13:22,723 - buffett.scanner - INFO - Progress: 50/8473
2026-06-19 22:13:23,178 - buffett.scanner - INFO - ACAD: SELL signal (QS: 28.6, Moat: NARROW)
2026-06-19 22:13:23,688 - buffett.scanner - INFO - ACB: SELL signal (QS: 28.6, Moat: NARROW)
2026-06-19 22:13:24,183 - buffett.scanner - INFO - ACCL: SELL signal (QS: 14.3, Moat: NARROW)
2026-06-19 22:13:24,675 - buffett.scanner - INFO - ACDC: SELL signal (QS: 0.0, Moat: NARROW)
2026-06-19 22:13:25,135 - buffett.scanner - INFO - ACEP: SELL signal (QS: 0.0, Moat: NARROW)
2026-06-19 22:13:25,552 - buffett.scanner - INFO - ACET: SELL signal (QS: 28.6, Moat: NARROW)
2026-06-19 22:13:25,990 - buffett.scanner - INFO - ACFN: SELL signal (QS: 14.3, Moat: NARROW)
2026-06-19 22:13:26,534 - buffett.scanner - INFO - ACGCU: SELL signal (QS: 0.0, Moat: NARROW)
2026-06-19 22:13:26,988 - buffett.scanner - INFO - ACGL: SELL signal (QS: 42.9, Moat: NARROW)
2026-06-19 22:13:27,498 - buffett.scanner - INFO - ACGLN: SELL signal (QS: 57.1, Moat: NARROW)
2026-06-19 22:13:27,498 - buffett.scanner - INFO - Progress: 60/8473
2026-06-19 22:13:27,951 - buffett.scanner - INFO - ACGLO: SELL signal (QS: 57.1, Moat: NARROW)
2026-06-19 22:13:28,451 - buffett.scanner - INFO - ACHC: SELL signal (QS: 42.9, Moat: NARROW)
2026-06-19 22:13:28,937 - buffett.scanner - INFO - ACHV: SELL signal (QS: 14.3, Moat: NARROW)
2026-06-19 22:13:29,409 - buffett.scanner - INFO - ACIC: SELL signal (QS: 28.6, Moat: NARROW)
2026-06-19 22:13:29,963 - buffett.scanner - INFO - ACIU: SELL signal (QS: 0.0, Moat: NARROW)
2026-06-19 22:13:30,427 - buffett.scanner - INFO - ACIW: SELL signal (QS: 14.3, Moat: NARROW)
2026-06-19 22:13:30,849 - buffett.scanner - INFO - ACLS: SELL signal (QS: 14.3, Moat: NARROW)
2026-06-19 22:13:31,318 - buffett.scanner - INFO - ACMR: SELL signal (QS: 14.3, Moat: NARROW)
2026-06-19 22:13:31,810 - buffett.scanner - INFO - ACNB: SELL signal (QS: 42.9, Moat: NARROW)
2026-06-19 22:13:32,287 - buffett.scanner - INFO - ACNT: SELL signal (QS: 14.3, Moat: NARROW)
2026-06-19 22:13:32,287 - buffett.scanner - INFO - Progress: 70/8473
2026-06-19 22:13:32,763 - buffett.scanner - INFO - ACOG: SELL signal (QS: 14.3, Moat: NARROW)
2026-06-19 22:13:33,247 - buffett.scanner - INFO - ACON: SELL signal (QS: 28.6, Moat: NARROW)
2026-06-19 22:13:33,738 - buffett.scanner - INFO - ACONW: SELL signal (QS: 28.6, Moat: NARROW)
2026-06-19 22:13:34,158 - buffett.scanner - INFO - ACRS: SELL signal (QS: 14.3, Moat: NARROW)
2026-06-19 22:13:34,665 - buffett.scanner - INFO - ACRV: SELL signal (QS: 28.6, Moat: NARROW)
2026-06-19 22:13:35,130 - buffett.scanner - INFO - ACT: SELL signal (QS: 42.9, Moat: NARROW)
2026-06-19 22:13:35,637 - buffett.scanner - INFO - ACTG: SELL signal (QS: 28.6, Moat: NARROW)
2026-06-19 22:13:36,066 - buffett.scanner - INFO - ACTU: SELL signal (QS: 14.3, Moat: NARROW)
2026-06-19 22:13:36,439 - buffett.scanner - INFO - ACWI: SELL signal (QS: 14.3, Moat: NARROW)
2026-06-19 22:13:36,806 - buffett.scanner - INFO - ACWX: SELL signal (QS: 14.3, Moat: NARROW)
2026-06-19 22:13:36,806 - buffett.scanner - INFO - Progress: 80/8473
2026-06-19 22:13:37,200 - buffett.scanner - INFO - ACXP: SELL signal (QS: 28.6, Moat: NARROW)
2026-06-19 22:13:37,677 - buffett.scanner - INFO - ADAC: SELL signal (QS: 14.3, Moat: NARROW)
2026-06-19 22:13:38,184 - buffett.scanner - INFO - ADACU: SELL signal (QS: 14.3, Moat: NARROW)
2026-06-19 22:13:38,557 - buffett.scanner - INFO - ADACW: SELL signal (QS: 14.3, Moat: NARROW)
2026-06-19 22:13:38,999 - buffett.scanner - INFO - ADAG: SELL signal (QS: 14.3, Moat: NARROW)
2026-06-19 22:13:39,458 - buffett.scanner - INFO - ADAM: SELL signal (QS: 57.1, Moat: NARROW)
2026-06-19 22:13:39,848 - buffett.scanner - INFO - ADAMG: SELL signal (QS: 0.0, Moat: NARROW)
2026-06-19 22:13:40,258 - buffett.scanner - INFO - ADAMH: SELL signal (QS: 0.0, Moat: NARROW)
2026-06-19 22:13:40,671 - buffett.scanner - INFO - ADAMI: SELL signal (QS: 0.0, Moat: NARROW)
2026-06-19 22:13:41,173 - buffett.scanner - INFO - ADAML: SELL signal (QS: 14.3, Moat: NARROW)
2026-06-19 22:13:41,173 - buffett.scanner - INFO - Progress: 90/8473
2026-06-19 22:13:41,606 - buffett.scanner - INFO - ADAMM: SELL signal (QS: 14.3, Moat: NARROW)
2026-06-19 22:13:42,072 - buffett.scanner - INFO - ADAMN: SELL signal (QS: 14.3, Moat: NARROW)
2026-06-19 22:13:42,461 - buffett.scanner - INFO - ADAMO: SELL signal (QS: 0.0, Moat: NARROW)
2026-06-19 22:13:42,919 - buffett.scanner - INFO - ADAMZ: SELL signal (QS: 14.3, Moat: NARROW)
2026-06-19 22:13:43,368 - buffett.scanner - INFO - ADBE: SELL signal (QS: 14.3, Moat: NARROW)
2026-06-19 22:13:43,761 - buffett.scanner - INFO - ADBG: SELL signal (QS: 0.0, Moat: NARROW)
2026-06-19 22:13:44,219 - buffett.scanner - INFO - ADEA: SELL signal (QS: 28.6, Moat: NARROW)
2026-06-19 22:13:44,606 - buffett.scanner - INFO - ADGM: SELL signal (QS: 14.3, Moat: NARROW)
2026-06-19 22:13:45,078 - buffett.scanner - INFO - ADI: SELL signal (QS: 14.3, Moat: NARROW)
2026-06-19 22:13:45,522 - buffett.scanner - INFO - ADIL: SELL signal (QS: 28.6, Moat: NARROW)
2026-06-19 22:13:45,522 - buffett.scanner - INFO - Progress: 100/8473
2026-06-19 22:13:46,020 - buffett.scanner - INFO - ADMA: SELL signal (QS: 28.6, Moat: NARROW)
2026-06-19 22:13:46,511 - buffett.scanner - INFO - ADP: SELL signal (QS: 14.3, Moat: NARROW)
2026-06-19 22:13:46,951 - buffett.scanner - INFO - ADPT: SELL signal (QS: 14.3, Moat: NARROW)
2026-06-19 22:13:47,423 - buffett.scanner - INFO - ADSE: SELL signal (QS: 28.6, Moat: NARROW)
2026-06-19 22:13:47,899 - buffett.scanner - INFO - ADSEW: SELL signal (QS: 14.3, Moat: NARROW)
2026-06-19 22:13:48,332 - buffett.scanner - INFO - ADSK: SELL signal (QS: 0.0, Moat: NARROW)
2026-06-19 22:13:48,818 - buffett.scanner - INFO - ADTN: SELL signal (QS: 14.3, Moat: NARROW)
2026-06-19 22:13:49,277 - buffett.scanner - INFO - ADTX: SELL signal (QS: 0.0, Moat: NARROW)
2026-06-19 22:13:49,691 - buffett.scanner - INFO - ADUR: SELL signal (QS: 14.3, Moat: NARROW)
2026-06-19 22:13:50,162 - buffett.scanner - INFO - ADUS: SELL signal (QS: 14.3, Moat: NARROW)
2026-06-19 22:13:50,162 - buffett.scanner - INFO - Progress: 110/8473
2026-06-19 22:13:50,591 - buffett.scanner - INFO - ADV: SELL signal (QS: 42.9, Moat: NARROW)
2026-06-19 22:13:51,022 - buffett.scanner - INFO - ADVB: SELL signal (QS: 57.1, Moat: NARROW)
2026-06-19 22:13:51,541 - buffett.scanner - INFO - ADXN: SELL signal (QS: 14.3, Moat: NARROW)
2026-06-19 22:13:52,046 - buffett.scanner - INFO - AEAQ: SELL signal (QS: 14.3, Moat: NARROW)
2026-06-19 22:13:52,578 - buffett.scanner - INFO - AEAQU: SELL signal (QS: 14.3, Moat: NARROW)
2026-06-19 22:13:52,968 - buffett.scanner - INFO - AEAQW: SELL signal (QS: 14.3, Moat: NARROW)
2026-06-19 22:13:53,451 - buffett.scanner - INFO - AEBI: SELL signal (QS: 42.9, Moat: NARROW)
2026-06-19 22:13:53,919 - buffett.scanner - INFO - AEC: SELL signal (QS: 14.3, Moat: NARROW)
2026-06-19 22:13:54,386 - buffett.scanner - INFO - AEHL: SELL signal (QS: 28.6, Moat: NARROW)
2026-06-19 22:13:54,834 - buffett.scanner - INFO - AEHR: SELL signal (QS: 14.3, Moat: NARROW)
2026-06-19 22:13:54,834 - buffett.scanner - INFO - Progress: 120/8473
2026-06-19 22:13:55,315 - buffett.scanner - INFO - AEI: SELL signal (QS: 28.6, Moat: NARROW)
2026-06-19 22:13:55,844 - buffett.scanner - INFO - AEIS: SELL signal (QS: 28.6, Moat: NARROW)
2026-06-19 22:13:56,267 - buffett.scanner - INFO - AEMD: SELL signal (QS: 28.6, Moat: NARROW)
2026-06-19 22:13:56,719 - buffett.scanner - INFO - AENT: SELL signal (QS: 14.3, Moat: NARROW)
2026-06-19 22:13:57,178 - buffett.scanner - INFO - AENTW: SELL signal (QS: 14.3, Moat: NARROW)
2026-06-19 22:13:57,642 - buffett.scanner - INFO - AEP: SELL signal (QS: 14.3, Moat: NARROW)
2026-06-19 22:13:58,069 - buffett.scanner - INFO - AERT: SELL signal (QS: 0.0, Moat: NARROW)
2026-06-19 22:13:58,483 - buffett.scanner - INFO - AERTW: SELL signal (QS: 0.0, Moat: NARROW)
2026-06-19 22:13:58,924 - buffett.scanner - INFO - AEVA: SELL signal (QS: 14.3, Moat: NARROW)
2026-06-19 22:13:59,407 - buffett.scanner - INFO - AEYE: SELL signal (QS: 14.3, Moat: NARROW)
2026-06-19 22:13:59,407 - buffett.scanner - INFO - Progress: 130/8473
2026-06-19 22:13:59,864 - buffett.scanner - INFO - AFBI: SELL signal (QS: 0.0, Moat: NARROW)
2026-06-19 22:14:00,311 - buffett.scanner - INFO - AFCG: SELL signal (QS: 28.6, Moat: NARROW)
2026-06-19 22:14:00,727 - buffett.scanner - INFO - AFJK: SELL signal (QS: 0.0, Moat: NARROW)
2026-06-19 22:14:01,098 - buffett.scanner - INFO - AFJKR: SELL signal (QS: 0.0, Moat: NARROW)
2026-06-19 22:14:01,571 - buffett.scanner - INFO - AFJKU: SELL signal (QS: 0.0, Moat: NARROW)
2026-06-19 22:14:01,999 - buffett.scanner - INFO - AFOS: SELL signal (QS: 0.0, Moat: NARROW)
2026-06-19 22:14:02,531 - buffett.scanner - INFO - AFRI: SELL signal (QS: 0.0, Moat: NARROW)
2026-06-19 22:14:03,011 - buffett.scanner - INFO - AFRIW: SELL signal (QS: 0.0, Moat: NARROW)
2026-06-19 22:14:03,478 - buffett.scanner - INFO - AFRM: SELL signal (QS: 14.3, Moat: NARROW)
2026-06-19 22:14:03,861 - buffett.scanner - INFO - AFSC: SELL signal (QS: 14.3, Moat: NARROW)
2026-06-19 22:14:03,861 - buffett.scanner - INFO - Progress: 140/8473
2026-06-19 22:14:04,831 - buffett.scanner - INFO - AGAE: SELL signal (QS: 28.6, Moat: NARROW)
2026-06-19 22:14:05,215 - buffett.scanner - INFO - AGCC: SELL signal (QS: 14.3, Moat: NARROW)
2026-06-19 22:14:05,630 - buffett.scanner - INFO - AGEM: SELL signal (QS: 14.3, Moat: NARROW)
2026-06-19 22:14:06,074 - buffett.scanner - INFO - AGEN: SELL signal (QS: 14.3, Moat: NARROW)
2026-06-19 22:14:06,523 - buffett.scanner - INFO - AGGA: SELL signal (QS: 14.3, Moat: NARROW)
2026-06-19 22:14:06,981 - buffett.scanner - INFO - AGH: SELL signal (QS: 14.3, Moat: NARROW)
2026-06-19 22:14:07,450 - buffett.scanner - INFO - AGIO: SELL signal (QS: 14.3, Moat: NARROW)
2026-06-19 22:14:07,976 - buffett.scanner - INFO - AGIX: SELL signal (QS: 0.0, Moat: NARROW)
2026-06-19 22:14:08,430 - buffett.scanner - INFO - AGMB: SELL signal (QS: 14.3, Moat: NARROW)
2026-06-19 22:14:08,430 - buffett.scanner - INFO - Progress: 150/8473
2026-06-19 22:14:08,903 - buffett.scanner - INFO - AGMH: SELL signal (QS: 57.1, Moat: NARROW)
2026-06-19 22:14:09,308 - buffett.scanner - INFO - AGMI: SELL signal (QS: 14.3, Moat: NARROW)
2026-06-19 22:14:09,778 - buffett.scanner - INFO - AGNC: SELL signal (QS: 57.1, Moat: NARROW)
2026-06-19 22:14:10,265 - buffett.scanner - INFO - AGNCL: SELL signal (QS: 14.3, Moat: NARROW)
2026-06-19 22:14:10,717 - buffett.scanner - INFO - AGNCM: SELL signal (QS: 14.3, Moat: NARROW)
2026-06-19 22:14:11,399 - buffett.scanner - INFO - AGNCN: SELL signal (QS: 14.3, Moat: NARROW)
2026-06-19 22:14:11,826 - buffett.scanner - INFO - AGNCO: SELL signal (QS: 14.3, Moat: NARROW)
2026-06-19 22:14:12,292 - buffett.scanner - INFO - AGNCP: SELL signal (QS: 14.3, Moat: NARROW)
2026-06-19 22:14:12,779 - buffett.scanner - INFO - AGNCZ: SELL signal (QS: 14.3, Moat: NARROW)
2026-06-19 22:14:13,172 - buffett.scanner - INFO - AGNG: SELL signal (QS: 14.3, Moat: NARROW)
2026-06-19 22:14:13,172 - buffett.scanner - INFO - Progress: 160/8473
2026-06-19 22:14:13,634 - buffett.scanner - INFO - AGNT: SELL signal (QS: 28.6, Moat: NARROW)
2026-06-19 22:14:14,067 - buffett.scanner - INFO - AGPU: SELL signal (QS: 28.6, Moat: NARROW)
2026-06-19 22:14:14,472 - buffett.scanner - INFO - AGRZ: SELL signal (QS: 28.6, Moat: NARROW)
2026-06-19 22:14:14,923 - buffett.scanner - INFO - AGYS: SELL signal (QS: 0.0, Moat: NARROW)
2026-06-19 22:14:15,327 - buffett.scanner - INFO - AGZD: SELL signal (QS: 14.3, Moat: NARROW)
2026-06-19 22:14:15,779 - buffett.scanner - INFO - AHCO: SELL signal (QS: 28.6, Moat: NARROW)
2026-06-19 22:14:16,202 - buffett.scanner - INFO - AHG: SELL signal (QS: 14.3, Moat: NARROW)
2026-06-19 22:14:16,677 - buffett.scanner - INFO - AHMA: SELL signal (QS: 14.3, Moat: NARROW)
2026-06-19 22:14:17,109 - buffett.scanner - INFO - AIA: SELL signal (QS: 14.3, Moat: NARROW)
2026-06-19 22:14:17,544 - buffett.scanner - INFO - AIDX: SELL signal (QS: 14.3, Moat: NARROW)
2026-06-19 22:14:17,544 - buffett.scanner - INFO - Progress: 170/8473
2026-06-19 22:14:17,987 - buffett.scanner - INFO - AIFC: SELL signal (QS: 14.3, Moat: NARROW)
2026-06-19 22:14:18,373 - buffett.scanner - INFO - AIFD: SELL signal (QS: 0.0, Moat: NARROW)
2026-06-19 22:14:18,820 - buffett.scanner - INFO - AIFF: SELL signal (QS: 14.3, Moat: NARROW)
2026-06-19 22:14:19,351 - buffett.scanner - INFO - AIFU: SELL signal (QS: 0.0, Moat: NARROW)
2026-06-19 22:14:19,811 - buffett.scanner - INFO - AIHS: SELL signal (QS: 14.3, Moat: NARROW)
2026-06-19 22:14:20,254 - buffett.scanner - INFO - AIIO: SELL signal (QS: 0.0, Moat: NARROW)
2026-06-19 22:14:20,717 - buffett.scanner - INFO - AIIOW: SELL signal (QS: 0.0, Moat: NARROW)
2026-06-19 22:14:21,131 - buffett.scanner - INFO - AIMD: SELL signal (QS: 0.0, Moat: NARROW)
2026-06-19 22:14:21,552 - buffett.scanner - INFO - AIMDW: SELL signal (QS: 14.3, Moat: NARROW)
2026-06-19 22:14:21,938 - buffett.scanner - INFO - AIMS: SELL signal (QS: 0.0, Moat: NARROW)
2026-06-19 22:14:21,938 - buffett.scanner - INFO - Progress: 180/8473
2026-06-19 22:14:22,406 - buffett.scanner - INFO - AIOS: SELL signal (QS: 28.6, Moat: NARROW)
2026-06-19 22:14:22,840 - buffett.scanner - INFO - AIOT: SELL signal (QS: 28.6, Moat: NARROW)
2026-06-19 22:14:23,269 - buffett.scanner - INFO - AIP: SELL signal (QS: 0.0, Moat: NARROW)
2026-06-19 22:14:23,665 - buffett.scanner - INFO - AIPI: SELL signal (QS: 14.3, Moat: NARROW)
2026-06-19 22:14:24,045 - buffett.scanner - INFO - AIPO: SELL signal (QS: 0.0, Moat: NARROW)
2026-06-19 22:14:24,443 - buffett.scanner - INFO - AIQ: SELL signal (QS: 14.3, Moat: NARROW)
2026-06-19 22:14:24,859 - buffett.scanner - INFO - AIRE: SELL signal (QS: 28.6, Moat: NARROW)
2026-06-19 22:14:25,288 - buffett.scanner - INFO - AIRG: SELL signal (QS: 14.3, Moat: NARROW)
2026-06-19 22:14:25,712 - buffett.scanner - INFO - AIRJ: SELL signal (QS: 28.6, Moat: NARROW)
2026-06-19 22:14:26,133 - buffett.scanner - INFO - AIRJW: SELL signal (QS: 28.6, Moat: NARROW)
2026-06-19 22:14:26,133 - buffett.scanner - INFO - Progress: 190/8473
2026-06-19 22:14:26,565 - buffett.scanner - INFO - AIRO: SELL signal (QS: 28.6, Moat: NARROW)
2026-06-19 22:14:26,898 - buffett.scanner - INFO - AIRR: SELL signal (QS: 14.3, Moat: NARROW)
2026-06-19 22:14:27,346 - buffett.scanner - INFO - AIRS: SELL signal (QS: 0.0, Moat: NARROW)
2026-06-19 22:14:27,762 - buffett.scanner - INFO - AIRT: SELL signal (QS: 0.0, Moat: NARROW)
2026-06-19 22:14:28,224 - buffett.scanner - INFO - AIRTP: SELL signal (QS: 14.3, Moat: NARROW)
2026-06-19 22:14:28,645 - buffett.scanner - INFO - AISP: SELL signal (QS: 14.3, Moat: NARROW)
2026-06-19 22:14:29,094 - buffett.scanner - INFO - AISPW: SELL signal (QS: 14.3, Moat: NARROW)
2026-06-19 22:14:29,600 - buffett.scanner - INFO - AIXC: SELL signal (QS: 14.3, Moat: NARROW)
2026-06-19 22:14:30,146 - buffett.scanner - INFO - AIXI: SELL signal (QS: 0.0, Moat: NARROW)
2026-06-19 22:14:30,638 - buffett.scanner - INFO - AKAM: SELL signal (QS: 14.3, Moat: NARROW)
2026-06-19 22:14:30,638 - buffett.scanner - INFO - Progress: 200/8473
2026-06-19 22:14:31,097 - buffett.scanner - INFO - AKAN: SELL signal (QS: 0.0, Moat: NARROW)
2026-06-19 22:14:31,574 - buffett.scanner - INFO - AKBA: SELL signal (QS: 0.0, Moat: NARROW)
2026-06-19 22:14:31,972 - buffett.scanner - INFO - AKTS: SELL signal (QS: 14.3, Moat: NARROW)
2026-06-19 22:14:32,336 - buffett.scanner - ERROR - Error processing AKTX: '>' not supported between instances of 'str' and 'int'
2026-06-19 22:14:32,749 - buffett.scanner - INFO - ALAB: SELL signal (QS: 14.3, Moat: NARROW)
2026-06-19 22:14:33,231 - buffett.scanner - INFO - ALAR: SELL signal (QS: 14.3, Moat: NARROW)
2026-06-19 22:14:33,655 - buffett.scanner - INFO - ALBG: SELL signal (QS: 0.0, Moat: NARROW)
2026-06-19 22:14:34,120 - buffett.scanner - INFO - ALBT: SELL signal (QS: 0.0, Moat: NARROW)
2026-06-19 22:14:34,568 - buffett.scanner - INFO - ALCO: SELL signal (QS: 28.6, Moat: NARROW)
2026-06-19 22:14:35,011 - buffett.scanner - INFO - ALCY: SELL signal (QS: 0.0, Moat: NARROW)
2026-06-19 22:14:35,011 - buffett.scanner - INFO - Progress: 210/8473
2026-06-19 22:14:35,274 - yfinance - ERROR - HTTP Error 404: {"quoteSummary":{"result":null,"error":{"code":"Not Found","description":"Quote not found for symbol: ALCYU"}}}
2026-06-19 22:14:35,330 - buffett.fetchers - WARNING - Alpha Vantage API key not configured
2026-06-19 22:14:35,331 - buffett.scanner - ERROR - Error processing ALCYU: All fetchers failed for ticker ALCYU
2026-06-19 22:14:35,754 - buffett.scanner - INFO - ALCYW: SELL signal (QS: 0.0, Moat: NARROW)
2026-06-19 22:14:36,283 - buffett.scanner - INFO - ALDF: SELL signal (QS: 14.3, Moat: NARROW)
2026-06-19 22:14:36,698 - buffett.scanner - INFO - ALDFU: SELL signal (QS: 14.3, Moat: NARROW)
2026-06-19 22:14:37,155 - buffett.scanner - INFO - ALDFW: SELL signal (QS: 14.3, Moat: NARROW)
2026-06-19 22:14:37,608 - buffett.scanner - INFO - ALDX: SELL signal (QS: 14.3, Moat: NARROW)
2026-06-19 22:14:38,021 - buffett.scanner - INFO - ALEC: SELL signal (QS: 14.3, Moat: NARROW)
2026-06-19 22:14:38,434 - buffett.scanner - INFO - ALF: SELL signal (QS: 0.0, Moat: NARROW)
2026-06-19 22:14:38,862 - buffett.scanner - INFO - ALFUU: SELL signal (QS: 0.0, Moat: NARROW)
2026-06-19 22:14:39,279 - buffett.scanner - INFO - ALFUW: SELL signal (QS: 0.0, Moat: NARROW)
2026-06-19 22:14:39,279 - buffett.scanner - INFO - Progress: 220/8473
2026-06-19 22:14:39,741 - buffett.scanner - INFO - ALGM: SELL signal (QS: 14.3, Moat: NARROW)
2026-06-19 22:14:40,219 - buffett.scanner - INFO - ALGN: SELL signal (QS: 0.0, Moat: NARROW)
2026-06-19 22:14:40,691 - buffett.scanner - INFO - ALGS: SELL signal (QS: 28.6, Moat: NARROW)
2026-06-19 22:14:41,150 - buffett.scanner - INFO - ALGT: SELL signal (QS: 14.3, Moat: NARROW)
2026-06-19 22:14:41,620 - buffett.scanner - INFO - ALHC: SELL signal (QS: 14.3, Moat: NARROW)
2026-06-19 22:14:42,050 - buffett.scanner - INFO - ALIL: SELL signal (QS: 14.3, Moat: NARROW)
2026-06-19 22:14:42,484 - buffett.scanner - INFO - ALIS: SELL signal (QS: 14.3, Moat: NARROW)
2026-06-19 22:14:42,881 - buffett.scanner - INFO - ALISR: SELL signal (QS: 14.3, Moat: NARROW)
2026-06-19 22:14:43,276 - buffett.scanner - INFO - ALISU: SELL signal (QS: 14.3, Moat: NARROW)
2026-06-19 22:14:43,741 - buffett.scanner - INFO - ALKS: SELL signal (QS: 14.3, Moat: NARROW)
2026-06-19 22:14:43,741 - buffett.scanner - INFO - Progress: 230/8473
2026-06-19 22:14:44,195 - buffett.scanner - INFO - ALKT: SELL signal (QS: 28.6, Moat: NARROW)
2026-06-19 22:14:44,644 - buffett.scanner - INFO - ALLO: SELL signal (QS: 14.3, Moat: NARROW)
2026-06-19 22:14:45,094 - buffett.scanner - INFO - ALLR: SELL signal (QS: 0.0, Moat: NARROW)
2026-06-19 22:14:45,567 - buffett.scanner - INFO - ALLT: SELL signal (QS: 14.3, Moat: NARROW)
2026-06-19 22:14:45,965 - buffett.scanner - INFO - ALLW: SELL signal (QS: 14.3, Moat: NARROW)
2026-06-19 22:14:46,477 - buffett.scanner - INFO - ALM: SELL signal (QS: 28.6, Moat: NARROW)
2026-06-19 22:14:46,883 - buffett.scanner - INFO - ALMR: SELL signal (QS: 14.3, Moat: NARROW)
2026-06-19 22:14:47,313 - buffett.scanner - INFO - ALMS: SELL signal (QS: 14.3, Moat: NARROW)
2026-06-19 22:14:47,708 - buffett.scanner - INFO - ALMU: SELL signal (QS: 14.3, Moat: NARROW)
2026-06-19 22:14:48,172 - buffett.scanner - INFO - ALNT: SELL signal (QS: 14.3, Moat: NARROW)
2026-06-19 22:14:48,172 - buffett.scanner - INFO - Progress: 240/8473
2026-06-19 22:14:48,646 - buffett.scanner - INFO - ALNY: SELL signal (QS: 14.3, Moat: NARROW)
2026-06-19 22:14:49,115 - buffett.scanner - INFO - ALOT: SELL signal (QS: 14.3, Moat: NARROW)
2026-06-19 22:14:49,543 - buffett.scanner - INFO - ALOV: SELL signal (QS: 0.0, Moat: NARROW)
2026-06-19 22:14:50,277 - buffett.scanner - INFO - ALOVU: SELL signal (QS: 0.0, Moat: NARROW)
2026-06-19 22:14:50,713 - buffett.scanner - INFO - ALOVW: SELL signal (QS: 0.0, Moat: NARROW)
2026-06-19 22:14:51,285 - buffett.scanner - INFO - ALOY: SELL signal (QS: 14.3, Moat: NARROW)
2026-06-19 22:14:51,706 - buffett.scanner - INFO - ALP: SELL signal (QS: 14.3, Moat: NARROW)
2026-06-19 22:14:52,163 - buffett.scanner - INFO - ALPS: SELL signal (QS: 0.0, Moat: NARROW)
2026-06-19 22:14:52,664 - buffett.scanner - INFO - ALRM: SELL signal (QS: 14.3, Moat: NARROW)
2026-06-19 22:14:53,104 - buffett.scanner - INFO - ALRS: SELL signal (QS: 28.6, Moat: NARROW)
2026-06-19 22:14:53,104 - buffett.scanner - INFO - Progress: 250/8473
2026-06-19 22:14:53,618 - buffett.scanner - INFO - ALT: SELL signal (QS: 28.6, Moat: NARROW)
2026-06-19 22:14:54,134 - buffett.scanner - INFO - ALTI: SELL signal (QS: 28.6, Moat: NARROW)
2026-06-19 22:14:54,597 - buffett.scanner - INFO - ALTO: SELL signal (QS: 42.9, Moat: NARROW)
2026-06-19 22:14:54,963 - buffett.scanner - INFO - ALTY: SELL signal (QS: 14.3, Moat: NARROW)
2026-06-19 22:14:55,414 - buffett.scanner - INFO - ALVO: SELL signal (QS: 14.3, Moat: NARROW)
2026-06-19 22:14:55,883 - buffett.scanner - INFO - ALVOW: SELL signal (QS: 14.3, Moat: NARROW)
2026-06-19 22:14:56,355 - buffett.scanner - INFO - ALXO: SELL signal (QS: 28.6, Moat: NARROW)
2026-06-19 22:14:56,767 - buffett.scanner - INFO - ALZN: SELL signal (QS: 14.3, Moat: NARROW)
2026-06-19 22:14:57,187 - buffett.scanner - INFO - AMA: SELL signal (QS: 0.0, Moat: NARROW)
2026-06-19 22:14:57,649 - buffett.scanner - INFO - AMAL: SELL signal (QS: 42.9, Moat: NARROW)
2026-06-19 22:14:57,649 - buffett.scanner - INFO - Progress: 260/8473
2026-06-19 22:14:58,108 - buffett.scanner - INFO - AMAT: SELL signal (QS: 14.3, Moat: NARROW)
2026-06-19 22:14:58,521 - buffett.scanner - INFO - AMBA: SELL signal (QS: 14.3, Moat: NARROW)
2026-06-19 22:14:59,004 - buffett.scanner - INFO - AMBR: SELL signal (QS: 14.3, Moat: NARROW)
2026-06-19 22:14:59,486 - buffett.scanner - INFO - AMCI: SELL signal (QS: 14.3, Moat: NARROW)
2026-06-19 22:15:00,018 - buffett.scanner - INFO - AMCX: SELL signal (QS: 57.1, Moat: NARROW)
2026-06-19 22:15:00,528 - buffett.scanner - INFO - AMD: SELL signal (QS: 14.3, Moat: NARROW)
2026-06-19 22:15:00,960 - buffett.scanner - INFO - AMDD: SELL signal (QS: 14.3, Moat: NARROW)
2026-06-19 22:15:01,425 - buffett.scanner - INFO - AMDG: SELL signal (QS: 14.3, Moat: NARROW)
2026-06-19 22:15:01,833 - buffett.scanner - INFO - AMDL: SELL signal (QS: 0.0, Moat: NARROW)
2026-06-19 22:15:02,315 - buffett.scanner - INFO - AMGN: SELL signal (QS: 14.3, Moat: NARROW)
2026-06-19 22:15:02,315 - buffett.scanner - INFO - Progress: 270/8473
2026-06-19 22:15:02,714 - buffett.scanner - INFO - AMID: SELL signal (QS: 14.3, Moat: NARROW)
2026-06-19 22:15:03,152 - buffett.scanner - INFO - AMIX: SELL signal (QS: 28.6, Moat: NARROW)
2026-06-19 22:15:03,596 - buffett.scanner - INFO - AMKR: SELL signal (QS: 14.3, Moat: NARROW)
2026-06-19 22:15:04,039 - buffett.scanner - INFO - AMLX: SELL signal (QS: 14.3, Moat: NARROW)
2026-06-19 22:15:04,518 - buffett.scanner - INFO - AMOD: SELL signal (QS: 0.0, Moat: NARROW)
2026-06-19 22:15:04,974 - buffett.scanner - INFO - AMODW: SELL signal (QS: 0.0, Moat: NARROW)
2026-06-19 22:15:05,478 - buffett.scanner - INFO - AMPG: SELL signal (QS: 14.3, Moat: NARROW)
2026-06-19 22:15:05,864 - buffett.scanner - INFO - AMPGR: SELL signal (QS: 14.3, Moat: NARROW)
2026-06-19 22:15:06,262 - buffett.scanner - INFO - AMPGZ: SELL signal (QS: 14.3, Moat: NARROW)
2026-06-19 22:15:06,713 - buffett.scanner - INFO - AMPH: SELL signal (QS: 57.1, Moat: NARROW)
2026-06-19 22:15:06,713 - buffett.scanner - INFO - Progress: 280/8473
2026-06-19 22:15:07,256 - buffett.scanner - INFO - AMPL: SELL signal (QS: 14.3, Moat: NARROW)
2026-06-19 22:15:07,749 - buffett.scanner - INFO - AMRN: SELL signal (QS: 28.6, Moat: NARROW)
2026-06-19 22:15:08,300 - buffett.scanner - INFO - AMRX: SELL signal (QS: 14.3, Moat: NARROW)
2026-06-19 22:15:08,792 - buffett.scanner - INFO - AMSC: SELL signal (QS: 28.6, Moat: NARROW)
2026-06-19 22:15:09,311 - buffett.scanner - INFO - AMSF: SELL signal (QS: 42.9, Moat: NARROW)
2026-06-19 22:15:09,803 - buffett.scanner - INFO - AMST: SELL signal (QS: 14.3, Moat: NARROW)
2026-06-19 22:15:10,278 - buffett.scanner - INFO - AMTX: SELL signal (QS: 0.0, Moat: NARROW)
2026-06-19 22:15:10,722 - buffett.scanner - INFO - AMUN: SELL signal (QS: 14.3, Moat: NARROW)
2026-06-19 22:15:11,166 - buffett.scanner - INFO - AMUU: SELL signal (QS: 14.3, Moat: NARROW)
2026-06-19 22:15:11,739 - buffett.scanner - INFO - AMWD: SELL signal (QS: 28.6, Moat: NARROW)
2026-06-19 22:15:11,739 - buffett.scanner - INFO - Progress: 290/8473
2026-06-19 22:15:12,147 - buffett.scanner - INFO - AMYY: SELL signal (QS: 0.0, Moat: NARROW)
2026-06-19 22:15:12,587 - buffett.scanner - INFO - AMZD: SELL signal (QS: 14.3, Moat: NARROW)
2026-06-19 22:15:13,049 - buffett.scanner - INFO - AMZN: SELL signal (QS: 0.0, Moat: NARROW)
2026-06-19 22:15:13,437 - buffett.scanner - INFO - AMZU: SELL signal (QS: 14.3, Moat: NARROW)
2026-06-19 22:15:13,831 - buffett.scanner - INFO - AMZZ: SELL signal (QS: 0.0, Moat: NARROW)
2026-06-19 22:15:14,289 - buffett.scanner - INFO - ANAB: SELL signal (QS: 28.6, Moat: NARROW)
2026-06-19 22:15:14,790 - buffett.scanner - INFO - ANDE: SELL signal (QS: 14.3, Moat: NARROW)
2026-06-19 22:15:15,184 - buffett.scanner - INFO - ANEL: SELL signal (QS: 0.0, Moat: NARROW)
2026-06-19 22:15:15,671 - buffett.scanner - INFO - ANGH: SELL signal (QS: 0.0, Moat: NARROW)
2026-06-19 22:15:16,164 - buffett.scanner - INFO - ANGHW: SELL signal (QS: 14.3, Moat: NARROW)
2026-06-19 22:15:16,164 - buffett.scanner - INFO - Progress: 300/8473
2026-06-19 22:15:16,637 - buffett.scanner - INFO - ANGI: SELL signal (QS: 42.9, Moat: NARROW)
2026-06-19 22:15:17,046 - buffett.scanner - INFO - ANGL: SELL signal (QS: 14.3, Moat: NARROW)
2026-06-19 22:15:17,528 - buffett.scanner - INFO - ANGO: SELL signal (QS: 14.3, Moat: NARROW)
2026-06-19 22:15:18,006 - buffett.scanner - INFO - ANIK: SELL signal (QS: 28.6, Moat: NARROW)
2026-06-19 22:15:18,451 - buffett.scanner - INFO - ANIP: SELL signal (QS: 14.3, Moat: NARROW)
2026-06-19 22:15:18,911 - buffett.scanner - INFO - ANIX: SELL signal (QS: 14.3, Moat: NARROW)
2026-06-19 22:15:19,334 - buffett.scanner - INFO - ANL: SELL signal (QS: 0.0, Moat: NARROW)
2026-06-19 22:15:19,791 - buffett.scanner - INFO - ANNA: SELL signal (QS: 14.3, Moat: NARROW)
2026-06-19 22:15:20,246 - buffett.scanner - INFO - ANNAW: SELL signal (QS: 28.6, Moat: NARROW)
2026-06-19 22:15:20,751 - buffett.scanner - INFO - ANNX: SELL signal (QS: 14.3, Moat: NARROW)
2026-06-19 22:15:20,751 - buffett.scanner - INFO - Progress: 310/8473
2026-06-19 22:15:21,184 - buffett.scanner - INFO - ANPA: SELL signal (QS: 0.0, Moat: NARROW)
2026-06-19 22:15:21,645 - buffett.scanner - INFO - ANSC: SELL signal (QS: 0.0, Moat: NARROW)
2026-06-19 22:15:22,083 - buffett.scanner - INFO - ANSCU: SELL signal (QS: 0.0, Moat: NARROW)
2026-06-19 22:15:22,479 - buffett.scanner - INFO - ANSCW: SELL signal (QS: 0.0, Moat: NARROW)
2026-06-19 22:15:22,911 - buffett.scanner - INFO - ANTA: SELL signal (QS: 42.9, Moat: NARROW)
2026-06-19 22:15:23,419 - buffett.scanner - INFO - ANTX: SELL signal (QS: 14.3, Moat: NARROW)
2026-06-19 22:15:23,810 - buffett.scanner - INFO - ANV: SELL signal (QS: 0.0, Moat: NARROW)
2026-06-19 22:15:24,369 - buffett.scanner - INFO - ANY: SELL signal (QS: 28.6, Moat: NARROW)
2026-06-19 22:15:24,735 - buffett.scanner - INFO - AOHY: SELL signal (QS: 28.6, Moat: NARROW)
2026-06-19 22:15:25,223 - buffett.scanner - INFO - AOSL: SELL signal (QS: 14.3, Moat: NARROW)
2026-06-19 22:15:25,223 - buffett.scanner - INFO - Progress: 320/8473
2026-06-19 22:15:25,620 - buffett.scanner - INFO - AOTG: SELL signal (QS: 0.0, Moat: NARROW)
2026-06-19 22:15:26,069 - buffett.scanner - INFO - AOUT: SELL signal (QS: 28.6, Moat: NARROW)
2026-06-19 22:15:26,551 - buffett.scanner - INFO - APA: SELL signal (QS: 42.9, Moat: NARROW)
2026-06-19 22:15:26,958 - buffett.scanner - INFO - APAC: SELL signal (QS: 14.3, Moat: NARROW)
2026-06-19 22:15:27,350 - buffett.scanner - INFO - APACR: SELL signal (QS: 14.3, Moat: NARROW)
2026-06-19 22:15:27,751 - buffett.scanner - INFO - APACU: SELL signal (QS: 14.3, Moat: NARROW)
2026-06-19 22:15:28,190 - buffett.scanner - INFO - APC: SELL signal (QS: 14.3, Moat: NARROW)
2026-06-19 22:15:28,681 - buffett.scanner - INFO - APEI: SELL signal (QS: 14.3, Moat: NARROW)
2026-06-19 22:15:29,087 - buffett.scanner - INFO - APGE: SELL signal (QS: 14.3, Moat: NARROW)
2026-06-19 22:15:29,556 - buffett.scanner - INFO - API: SELL signal (QS: 28.6, Moat: NARROW)
2026-06-19 22:15:29,556 - buffett.scanner - INFO - Progress: 330/8473
2026-06-19 22:15:30,006 - buffett.scanner - INFO - APLD: SELL signal (QS: 14.3, Moat: NARROW)
2026-06-19 22:15:30,525 - buffett.scanner - INFO - APLM: SELL signal (QS: 0.0, Moat: NARROW)
2026-06-19 22:15:30,985 - buffett.scanner - INFO - APLMW: SELL signal (QS: 0.0, Moat: NARROW)
2026-06-19 22:15:31,433 - buffett.scanner - INFO - APLS: SELL signal (QS: 14.3, Moat: NARROW)
2026-06-19 22:15:31,879 - buffett.scanner - INFO - APM: SELL signal (QS: 14.3, Moat: NARROW)
2026-06-19 22:15:32,438 - buffett.scanner - INFO - APOG: SELL signal (QS: 14.3, Moat: NARROW)
2026-06-19 22:15:32,938 - buffett.scanner - INFO - APP: SELL signal (QS: 14.3, Moat: NARROW)
2026-06-19 22:15:33,401 - buffett.scanner - INFO - APPF: SELL signal (QS: 14.3, Moat: NARROW)
2026-06-19 22:15:33,850 - buffett.scanner - INFO - APPN: SELL signal (QS: 0.0, Moat: NARROW)
2026-06-19 22:15:34,273 - buffett.scanner - INFO - APPS: SELL signal (QS: 14.3, Moat: NARROW)
2026-06-19 22:15:34,273 - buffett.scanner - INFO - Progress: 340/8473
2026-06-19 22:15:34,707 - buffett.scanner - INFO - APPX: SELL signal (QS: 14.3, Moat: NARROW)
2026-06-19 22:15:35,138 - buffett.scanner - INFO - APRE: SELL signal (QS: 28.6, Moat: NARROW)
2026-06-19 22:15:35,612 - buffett.scanner - INFO - APVO: SELL signal (QS: 57.1, Moat: NARROW)
2026-06-19 22:15:36,135 - buffett.scanner - INFO - APWC: SELL signal (QS: 57.1, Moat: NARROW)
2026-06-19 22:15:36,618 - buffett.scanner - INFO - APXT: SELL signal (QS: 14.3, Moat: NARROW)
2026-06-19 22:15:37,228 - buffett.scanner - INFO - APXTU: SELL signal (QS: 14.3, Moat: NARROW)
2026-06-19 22:15:37,726 - buffett.scanner - INFO - APXTW: SELL signal (QS: 14.3, Moat: NARROW)
2026-06-19 22:15:38,134 - buffett.scanner - INFO - APYX: SELL signal (QS: 14.3, Moat: NARROW)
2026-06-19 22:15:38,636 - buffett.scanner - INFO - AQB: SELL signal (QS: 0.0, Moat: NARROW)
2026-06-19 22:15:39,146 - buffett.scanner - INFO - AQMS: SELL signal (QS: 28.6, Moat: NARROW)
2026-06-19 22:15:39,146 - buffett.scanner - INFO - Progress: 350/8473
2026-06-19 22:15:39,583 - buffett.scanner - INFO - AQST: SELL signal (QS: 14.3, Moat: NARROW)
2026-06-19 22:15:39,977 - buffett.scanner - INFO - AQWA: SELL signal (QS: 14.3, Moat: NARROW)
2026-06-19 22:15:40,422 - buffett.scanner - INFO - ARAI: SELL signal (QS: 0.0, Moat: NARROW)
2026-06-19 22:15:40,882 - buffett.scanner - INFO - ARAY: SELL signal (QS: 14.3, Moat: NARROW)
2026-06-19 22:15:41,314 - buffett.scanner - INFO - ARBB: SELL signal (QS: 28.6, Moat: NARROW)
2026-06-19 22:15:41,744 - buffett.scanner - INFO - ARBE: SELL signal (QS: 14.3, Moat: NARROW)
2026-06-19 22:15:42,202 - buffett.scanner - INFO - ARBEW: SELL signal (QS: 28.6, Moat: NARROW)
2026-06-19 22:15:42,663 - buffett.scanner - INFO - ARBK: SELL signal (QS: 28.6, Moat: NARROW)
2026-06-19 22:15:43,146 - buffett.scanner - INFO - ARCB: SELL signal (QS: 14.3, Moat: NARROW)
2026-06-19 22:15:43,547 - buffett.scanner - INFO - ARCC: SELL signal (QS: 57.1, Moat: NARROW)
2026-06-19 22:15:43,547 - buffett.scanner - INFO - Progress: 360/8473
2026-06-19 22:15:44,053 - buffett.scanner - INFO - ARCI: SELL signal (QS: 0.0, Moat: NARROW)
2026-06-19 22:15:44,578 - buffett.scanner - INFO - ARCIU: SELL signal (QS: 0.0, Moat: NARROW)
2026-06-19 22:15:44,979 - buffett.scanner - INFO - ARCIW: SELL signal (QS: 0.0, Moat: NARROW)
2026-06-19 22:15:45,516 - buffett.scanner - INFO - ARCLU: SELL signal (QS: 0.0, Moat: NARROW)
2026-06-19 22:15:45,981 - buffett.scanner - INFO - ARCT: SELL signal (QS: 28.6, Moat: NARROW)
2026-06-19 22:15:46,414 - buffett.scanner - INFO - ARDX: SELL signal (QS: 28.6, Moat: NARROW)
2026-06-19 22:15:46,950 - buffett.scanner - INFO - AREB: SELL signal (QS: 28.6, Moat: NARROW)
2026-06-19 22:15:47,442 - buffett.scanner - INFO - AREBW: SELL signal (QS: 14.3, Moat: NARROW)
2026-06-19 22:15:47,954 - buffett.scanner - INFO - AREC: SELL signal (QS: 28.6, Moat: NARROW)
2026-06-19 22:15:48,387 - buffett.scanner - INFO - ARGX: SELL signal (QS: 0.0, Moat: NARROW)
2026-06-19 22:15:48,387 - buffett.scanner - INFO - Progress: 370/8473
2026-06-19 22:15:48,831 - buffett.scanner - INFO - ARHS: SELL signal (QS: 0.0, Moat: NARROW)
2026-06-19 22:15:49,279 - buffett.scanner - INFO - ARKO: SELL signal (QS: 28.6, Moat: NARROW)
2026-06-19 22:15:49,768 - buffett.scanner - INFO - ARKR: SELL signal (QS: 14.3, Moat: NARROW)
2026-06-19 22:15:50,215 - buffett.scanner - INFO - ARLP: SELL signal (QS: 28.6, Moat: NARROW)
2026-06-19 22:15:50,659 - buffett.scanner - INFO - ARM: SELL signal (QS: 14.3, Moat: NARROW)
2026-06-19 22:15:51,101 - buffett.scanner - INFO - ARMG: SELL signal (QS: 14.3, Moat: NARROW)
2026-06-19 22:15:51,527 - buffett.scanner - INFO - ARMY: SELL signal (QS: 0.0, Moat: NARROW)
2026-06-19 22:15:52,017 - buffett.scanner - INFO - AROW: SELL signal (QS: 42.9, Moat: NARROW)
2026-06-19 22:15:52,479 - buffett.scanner - INFO - ARQ: SELL signal (QS: 14.3, Moat: NARROW)
2026-06-19 22:15:52,922 - buffett.scanner - INFO - ARQQ: SELL signal (QS: 14.3, Moat: NARROW)
2026-06-19 22:15:52,922 - buffett.scanner - INFO - Progress: 380/8473
2026-06-19 22:15:53,401 - buffett.scanner - INFO - ARQQW: SELL signal (QS: 28.6, Moat: NARROW)
2026-06-19 22:15:53,858 - buffett.scanner - INFO - ARQT: SELL signal (QS: 14.3, Moat: NARROW)
2026-06-19 22:15:54,307 - buffett.scanner - INFO - ARRY: SELL signal (QS: 28.6, Moat: NARROW)
2026-06-19 22:15:54,697 - buffett.scanner - INFO - ARTC: SELL signal (QS: 0.0, Moat: NARROW)
2026-06-19 22:15:55,220 - buffett.scanner - INFO - ARTCU: SELL signal (QS: 0.0, Moat: NARROW)
2026-06-19 22:18:56+0800  [weekly_scan]  begin
Telegram credentials not configured
Failed to initialize ML signal enhancer: 'SignalEnhancer' object has no attribute 'is_ready'
Failed to initialize ML signal enhancer: 'SignalEnhancer' object has no attribute 'is_ready'
2026-06-19 22:19:00,795 - __main__ - INFO - Starting manual Buffett Monitor scan...
2026-06-19 22:19:00,795 - buffett.scanner - INFO - Starting weekly scan...
2026-06-19 22:19:00,802 - buffett.scanner - INFO - Scanning 8473 specified tickers...
2026-06-19 22:19:01,489 - buffett.scanner - INFO - AACB: SELL signal (QS: 0.0, Moat: NARROW)
2026-06-19 22:19:01,874 - buffett.scanner - INFO - AACBR: SELL signal (QS: 0.0, Moat: NARROW)
2026-06-19 22:19:02,270 - buffett.scanner - INFO - AACBU: SELL signal (QS: 0.0, Moat: NARROW)
2026-06-19 22:19:02,804 - buffett.scanner - INFO - AACG: SELL signal (QS: 28.6, Moat: NARROW)
2026-06-19 22:19:03,322 - buffett.scanner - INFO - AACI: SELL signal (QS: 0.0, Moat: NARROW)
2026-06-19 22:19:03,837 - buffett.scanner - INFO - AACIU: SELL signal (QS: 0.0, Moat: NARROW)
2026-06-19 22:19:04,210 - buffett.scanner - INFO - AACIW: SELL signal (QS: 0.0, Moat: NARROW)
2026-06-19 22:19:04,747 - buffett.scanner - INFO - AACO: SELL signal (QS: 14.3, Moat: NARROW)
2026-06-19 22:19:05,207 - buffett.scanner - INFO - AACOU: SELL signal (QS: 14.3, Moat: NARROW)
2026-06-19 22:19:05,207 - buffett.scanner - INFO - Progress: 10/8473
2026-06-19 22:19:05,554 - buffett.scanner - INFO - AACOW: SELL signal (QS: 14.3, Moat: NARROW)
2026-06-19 22:19:05,975 - buffett.scanner - INFO - AACPU: SELL signal (QS: 0.0, Moat: NARROW)
2026-06-19 22:19:06,360 - buffett.scanner - INFO - AADR: SELL signal (QS: 14.3, Moat: NARROW)
2026-06-19 22:19:06,735 - buffett.scanner - INFO - AAEQ: SELL signal (QS: 0.0, Moat: NARROW)
2026-06-19 22:19:07,186 - buffett.scanner - INFO - AAL: SELL signal (QS: 0.0, Moat: NARROW)
2026-06-19 22:19:07,533 - buffett.scanner - INFO - AALG: SELL signal (QS: 0.0, Moat: NARROW)
2026-06-19 22:19:08,450 - buffett.scanner - INFO - AAOI: SELL signal (QS: 14.3, Moat: NARROW)
2026-06-19 22:19:08,901 - buffett.scanner - INFO - AAON: SELL signal (QS: 14.3, Moat: NARROW)
2026-06-19 22:19:09,424 - buffett.scanner - INFO - AAPB: SELL signal (QS: 14.3, Moat: NARROW)
2026-06-19 22:19:09,424 - buffett.scanner - INFO - Progress: 20/8473
2026-06-19 22:19:09,819 - buffett.scanner - INFO - AAPD: SELL signal (QS: 14.3, Moat: NARROW)
2026-06-19 22:19:10,271 - buffett.scanner - INFO - AAPG: SELL signal (QS: 14.3, Moat: NARROW)
2026-06-19 22:19:10,810 - buffett.scanner - INFO - AAPL: SELL signal (QS: 14.3, Moat: NARROW)
2026-06-19 22:19:11,199 - buffett.scanner - INFO - AAPU: SELL signal (QS: 14.3, Moat: NARROW)
2026-06-19 22:19:11,623 - buffett.scanner - INFO - AARD: SELL signal (QS: 28.6, Moat: NARROW)
2026-06-19 22:19:11,982 - buffett.scanner - INFO - AAUS: SELL signal (QS: 0.0, Moat: NARROW)
2026-06-19 22:19:12,407 - buffett.scanner - INFO - AAVM: SELL signal (QS: 14.3, Moat: NARROW)
2026-06-19 22:19:12,850 - buffett.scanner - INFO - AAXJ: SELL signal (QS: 14.3, Moat: NARROW)
2026-06-19 22:19:13,333 - buffett.scanner - INFO - ABAT: SELL signal (QS: 14.3, Moat: NARROW)
2026-06-19 22:19:13,802 - buffett.scanner - INFO - ABCL: SELL signal (QS: 14.3, Moat: NARROW)
2026-06-19 22:19:13,802 - buffett.scanner - INFO - Progress: 30/8473
2026-06-19 22:19:14,212 - buffett.scanner - INFO - ABCS: SELL signal (QS: 14.3, Moat: NARROW)
2026-06-19 22:19:14,684 - buffett.scanner - INFO - ABEO: SELL signal (QS: 42.9, Moat: NARROW)
2026-06-19 22:19:15,079 - buffett.scanner - INFO - ABI: SELL signal (QS: 0.0, Moat: NARROW)
2026-06-19 22:19:15,475 - buffett.scanner - INFO - ABIG: SELL signal (QS: 14.3, Moat: NARROW)
2026-06-19 22:19:15,932 - buffett.scanner - INFO - ABLV: SELL signal (QS: 14.3, Moat: NARROW)
2026-06-19 22:19:16,351 - buffett.scanner - INFO - ABLVW: SELL signal (QS: 28.6, Moat: NARROW)
2026-06-19 22:19:16,799 - buffett.scanner - INFO - ABNB: SELL signal (QS: 0.0, Moat: NARROW)
2026-06-19 22:19:17,159 - buffett.scanner - INFO - ABNG: SELL signal (QS: 0.0, Moat: NARROW)
2026-06-19 22:19:17,602 - buffett.scanner - INFO - ABOS: SELL signal (QS: 14.3, Moat: NARROW)
2026-06-19 22:19:18,046 - buffett.scanner - INFO - ABSI: SELL signal (QS: 14.3, Moat: NARROW)
2026-06-19 22:19:18,046 - buffett.scanner - INFO - Progress: 40/8473
2026-06-19 22:19:18,459 - buffett.scanner - INFO - ABTC: SELL signal (QS: 14.3, Moat: NARROW)
2026-06-19 22:19:18,867 - buffett.scanner - INFO - ABTS: SELL signal (QS: 14.3, Moat: NARROW)
2026-06-19 22:19:19,314 - buffett.scanner - INFO - ABUS: SELL signal (QS: 42.9, Moat: NARROW)
2026-06-19 22:19:19,762 - buffett.scanner - INFO - ABVC: SELL signal (QS: 0.0, Moat: NARROW)
2026-06-19 22:19:20,182 - buffett.scanner - INFO - ABVE: SELL signal (QS: 0.0, Moat: NARROW)
2026-06-19 22:19:20,567 - buffett.scanner - INFO - ABVEW: SELL signal (QS: 0.0, Moat: NARROW)
2026-06-19 22:19:21,041 - buffett.scanner - INFO - ABVX: SELL signal (QS: 14.3, Moat: NARROW)
2026-06-19 22:19:21,534 - buffett.scanner - INFO - ACAA: SELL signal (QS: 0.0, Moat: NARROW)
2026-06-19 22:19:22,023 - buffett.scanner - INFO - ACAAU: SELL signal (QS: 0.0, Moat: NARROW)
2026-06-19 22:19:22,422 - buffett.scanner - INFO - ACAAW: SELL signal (QS: 0.0, Moat: NARROW)
2026-06-19 22:19:22,422 - buffett.scanner - INFO - Progress: 50/8473
2026-06-19 22:19:22,860 - buffett.scanner - INFO - ACAD: SELL signal (QS: 28.6, Moat: NARROW)
2026-06-19 22:19:23,307 - buffett.scanner - INFO - ACB: SELL signal (QS: 28.6, Moat: NARROW)
2026-06-19 22:19:23,694 - buffett.scanner - INFO - ACCL: SELL signal (QS: 14.3, Moat: NARROW)
2026-06-19 22:19:24,119 - buffett.scanner - INFO - ACDC: SELL signal (QS: 0.0, Moat: NARROW)
2026-06-19 22:19:24,509 - buffett.scanner - INFO - ACEP: SELL signal (QS: 0.0, Moat: NARROW)
2026-06-19 22:19:24,897 - buffett.scanner - INFO - ACET: SELL signal (QS: 28.6, Moat: NARROW)
2026-06-19 22:19:25,309 - buffett.scanner - INFO - ACFN: SELL signal (QS: 14.3, Moat: NARROW)
2026-06-19 22:19:25,810 - buffett.scanner - INFO - ACGCU: SELL signal (QS: 0.0, Moat: NARROW)
2026-06-19 22:19:26,239 - buffett.scanner - INFO - ACGL: SELL signal (QS: 42.9, Moat: NARROW)
2026-06-19 22:19:26,694 - buffett.scanner - INFO - ACGLN: SELL signal (QS: 57.1, Moat: NARROW)
2026-06-19 22:19:26,694 - buffett.scanner - INFO - Progress: 60/8473
2026-06-19 22:19:27,114 - buffett.scanner - INFO - ACGLO: SELL signal (QS: 57.1, Moat: NARROW)
2026-06-19 22:19:27,525 - buffett.scanner - INFO - ACHC: SELL signal (QS: 42.9, Moat: NARROW)
2026-06-19 22:19:27,945 - buffett.scanner - INFO - ACHV: SELL signal (QS: 14.3, Moat: NARROW)
2026-06-19 22:19:28,375 - buffett.scanner - INFO - ACIC: SELL signal (QS: 28.6, Moat: NARROW)
2026-06-19 22:19:28,796 - buffett.scanner - INFO - ACIU: SELL signal (QS: 0.0, Moat: NARROW)
2026-06-19 22:19:29,261 - buffett.scanner - INFO - ACIW: SELL signal (QS: 14.3, Moat: NARROW)
2026-06-19 22:19:29,678 - buffett.scanner - INFO - ACLS: SELL signal (QS: 14.3, Moat: NARROW)
2026-06-19 22:19:30,107 - buffett.scanner - INFO - ACMR: SELL signal (QS: 14.3, Moat: NARROW)
2026-06-19 22:19:30,575 - buffett.scanner - INFO - ACNB: SELL signal (QS: 42.9, Moat: NARROW)
2026-06-19 22:19:31,026 - buffett.scanner - INFO - ACNT: SELL signal (QS: 14.3, Moat: NARROW)
2026-06-19 22:19:31,026 - buffett.scanner - INFO - Progress: 70/8473
2026-06-19 22:19:31,468 - buffett.scanner - INFO - ACOG: SELL signal (QS: 14.3, Moat: NARROW)
2026-06-19 22:19:31,885 - buffett.scanner - INFO - ACON: SELL signal (QS: 28.6, Moat: NARROW)
2026-06-19 22:19:32,324 - buffett.scanner - INFO - ACONW: SELL signal (QS: 28.6, Moat: NARROW)
2026-06-19 22:19:32,785 - buffett.scanner - INFO - ACRS: SELL signal (QS: 14.3, Moat: NARROW)
2026-06-19 22:19:33,213 - buffett.scanner - INFO - ACRV: SELL signal (QS: 28.6, Moat: NARROW)
2026-06-19 22:19:33,686 - buffett.scanner - INFO - ACT: SELL signal (QS: 42.9, Moat: NARROW)
2026-06-19 22:19:34,157 - buffett.scanner - INFO - ACTG: SELL signal (QS: 28.6, Moat: NARROW)
2026-06-19 22:19:34,550 - buffett.scanner - INFO - ACTU: SELL signal (QS: 14.3, Moat: NARROW)
2026-06-19 22:19:34,966 - buffett.scanner - INFO - ACWI: SELL signal (QS: 14.3, Moat: NARROW)
2026-06-19 22:19:35,330 - buffett.scanner - INFO - ACWX: SELL signal (QS: 14.3, Moat: NARROW)
2026-06-19 22:19:35,330 - buffett.scanner - INFO - Progress: 80/8473
2026-06-19 22:19:35,800 - buffett.scanner - INFO - ACXP: SELL signal (QS: 28.6, Moat: NARROW)
2026-06-19 22:19:36,279 - buffett.scanner - INFO - ADAC: SELL signal (QS: 14.3, Moat: NARROW)
2026-06-19 22:19:36,759 - buffett.scanner - INFO - ADACU: SELL signal (QS: 14.3, Moat: NARROW)
2026-06-19 22:19:37,142 - buffett.scanner - INFO - ADACW: SELL signal (QS: 14.3, Moat: NARROW)
2026-06-19 22:19:37,585 - buffett.scanner - INFO - ADAG: SELL signal (QS: 14.3, Moat: NARROW)
2026-06-19 22:19:38,016 - buffett.scanner - INFO - ADAM: SELL signal (QS: 57.1, Moat: NARROW)
2026-06-19 22:19:38,389 - buffett.scanner - INFO - ADAMG: SELL signal (QS: 0.0, Moat: NARROW)
2026-06-19 22:19:38,750 - buffett.scanner - INFO - ADAMH: SELL signal (QS: 0.0, Moat: NARROW)
2026-06-19 22:19:39,086 - buffett.scanner - INFO - ADAMI: SELL signal (QS: 0.0, Moat: NARROW)
2026-06-19 22:19:39,507 - buffett.scanner - INFO - ADAML: SELL signal (QS: 14.3, Moat: NARROW)
2026-06-19 22:19:39,507 - buffett.scanner - INFO - Progress: 90/8473
2026-06-19 22:19:39,964 - buffett.scanner - INFO - ADAMM: SELL signal (QS: 14.3, Moat: NARROW)
2026-06-19 22:19:40,419 - buffett.scanner - INFO - ADAMN: SELL signal (QS: 14.3, Moat: NARROW)
2026-06-19 22:19:40,813 - buffett.scanner - INFO - ADAMO: SELL signal (QS: 0.0, Moat: NARROW)
2026-06-19 22:19:41,230 - buffett.scanner - INFO - ADAMZ: SELL signal (QS: 14.3, Moat: NARROW)
2026-06-19 22:19:41,680 - buffett.scanner - INFO - ADBE: SELL signal (QS: 14.3, Moat: NARROW)
2026-06-19 22:19:42,049 - buffett.scanner - INFO - ADBG: SELL signal (QS: 0.0, Moat: NARROW)
2026-06-19 22:19:42,471 - buffett.scanner - INFO - ADEA: SELL signal (QS: 28.6, Moat: NARROW)
2026-06-19 22:19:42,917 - buffett.scanner - INFO - ADGM: SELL signal (QS: 14.3, Moat: NARROW)
2026-06-19 22:19:43,394 - buffett.scanner - INFO - ADI: SELL signal (QS: 14.3, Moat: NARROW)
2026-06-19 22:19:43,852 - buffett.scanner - INFO - ADIL: SELL signal (QS: 28.6, Moat: NARROW)
2026-06-19 22:19:43,852 - buffett.scanner - INFO - Progress: 100/8473
2026-06-19 22:19:44,266 - buffett.scanner - INFO - ADMA: SELL signal (QS: 28.6, Moat: NARROW)
2026-06-19 22:19:44,699 - buffett.scanner - INFO - ADP: SELL signal (QS: 14.3, Moat: NARROW)
2026-06-19 22:19:45,146 - buffett.scanner - INFO - ADPT: SELL signal (QS: 14.3, Moat: NARROW)
2026-06-19 22:19:45,598 - buffett.scanner - INFO - ADSE: SELL signal (QS: 28.6, Moat: NARROW)
2026-06-19 22:19:46,046 - buffett.scanner - INFO - ADSEW: SELL signal (QS: 14.3, Moat: NARROW)
2026-06-19 22:19:46,460 - buffett.scanner - INFO - ADSK: SELL signal (QS: 0.0, Moat: NARROW)
2026-06-19 22:19:46,907 - buffett.scanner - INFO - ADTN: SELL signal (QS: 14.3, Moat: NARROW)
2026-06-19 22:19:47,376 - buffett.scanner - INFO - ADTX: SELL signal (QS: 0.0, Moat: NARROW)
2026-06-19 22:19:47,782 - buffett.scanner - INFO - ADUR: SELL signal (QS: 14.3, Moat: NARROW)
2026-06-19 22:19:48,208 - buffett.scanner - INFO - ADUS: SELL signal (QS: 14.3, Moat: NARROW)
2026-06-19 22:19:48,208 - buffett.scanner - INFO - Progress: 110/8473
2026-06-19 22:19:48,706 - buffett.scanner - INFO - ADV: SELL signal (QS: 42.9, Moat: NARROW)
2026-06-19 22:19:49,122 - buffett.scanner - INFO - ADVB: SELL signal (QS: 57.1, Moat: NARROW)
2026-06-19 22:19:49,563 - buffett.scanner - INFO - ADXN: SELL signal (QS: 14.3, Moat: NARROW)
2026-06-19 22:19:50,132 - buffett.scanner - INFO - AEAQ: SELL signal (QS: 14.3, Moat: NARROW)
2026-06-19 22:19:50,598 - buffett.scanner - INFO - AEAQU: SELL signal (QS: 14.3, Moat: NARROW)
2026-06-19 22:19:50,978 - buffett.scanner - INFO - AEAQW: SELL signal (QS: 14.3, Moat: NARROW)
2026-06-19 22:19:51,419 - buffett.scanner - INFO - AEBI: SELL signal (QS: 42.9, Moat: NARROW)
2026-06-19 22:19:51,906 - buffett.scanner - INFO - AEC: SELL signal (QS: 14.3, Moat: NARROW)
2026-06-19 22:19:52,341 - buffett.scanner - INFO - AEHL: SELL signal (QS: 28.6, Moat: NARROW)
2026-06-19 22:19:52,810 - buffett.scanner - INFO - AEHR: SELL signal (QS: 14.3, Moat: NARROW)
2026-06-19 22:19:52,810 - buffett.scanner - INFO - Progress: 120/8473
2026-06-19 22:19:53,272 - buffett.scanner - INFO - AEI: SELL signal (QS: 28.6, Moat: NARROW)
2026-06-19 22:19:53,735 - buffett.scanner - INFO - AEIS: SELL signal (QS: 28.6, Moat: NARROW)
2026-06-19 22:19:54,218 - buffett.scanner - INFO - AEMD: SELL signal (QS: 28.6, Moat: NARROW)
2026-06-19 22:19:54,706 - buffett.scanner - INFO - AENT: SELL signal (QS: 14.3, Moat: NARROW)
2026-06-19 22:19:55,143 - buffett.scanner - INFO - AENTW: SELL signal (QS: 14.3, Moat: NARROW)
2026-06-19 22:19:55,598 - buffett.scanner - INFO - AEP: SELL signal (QS: 14.3, Moat: NARROW)
2026-06-19 22:19:55,987 - buffett.scanner - INFO - AERT: SELL signal (QS: 0.0, Moat: NARROW)
2026-06-19 22:19:56,387 - buffett.scanner - INFO - AERTW: SELL signal (QS: 0.0, Moat: NARROW)
2026-06-19 22:19:56,810 - buffett.scanner - INFO - AEVA: SELL signal (QS: 14.3, Moat: NARROW)
2026-06-19 22:19:57,215 - buffett.scanner - INFO - AEYE: SELL signal (QS: 14.3, Moat: NARROW)
2026-06-19 22:19:57,215 - buffett.scanner - INFO - Progress: 130/8473
2026-06-19 22:19:57,634 - buffett.scanner - INFO - AFBI: SELL signal (QS: 0.0, Moat: NARROW)
2026-06-19 22:19:58,075 - buffett.scanner - INFO - AFCG: SELL signal (QS: 28.6, Moat: NARROW)
2026-06-19 22:19:58,429 - buffett.scanner - INFO - AFJK: SELL signal (QS: 0.0, Moat: NARROW)
2026-06-19 22:19:58,769 - buffett.scanner - INFO - AFJKR: SELL signal (QS: 0.0, Moat: NARROW)
2026-06-19 22:19:59,195 - buffett.scanner - INFO - AFJKU: SELL signal (QS: 0.0, Moat: NARROW)
2026-06-19 22:19:59,534 - buffett.scanner - INFO - AFOS: SELL signal (QS: 0.0, Moat: NARROW)
2026-06-19 22:20:00,030 - buffett.scanner - INFO - AFRI: SELL signal (QS: 0.0, Moat: NARROW)
2026-06-19 22:20:00,486 - buffett.scanner - INFO - AFRIW: SELL signal (QS: 0.0, Moat: NARROW)
2026-06-19 22:20:01,182 - buffett.scanner - INFO - AFRM: SELL signal (QS: 14.3, Moat: NARROW)
2026-06-19 22:20:01,602 - buffett.scanner - INFO - AFSC: SELL signal (QS: 14.3, Moat: NARROW)
2026-06-19 22:20:01,603 - buffett.scanner - INFO - Progress: 140/8473
2026-06-19 22:20:02,567 - buffett.scanner - INFO - AGAE: SELL signal (QS: 28.6, Moat: NARROW)
2026-06-19 22:20:02,967 - buffett.scanner - INFO - AGCC: SELL signal (QS: 14.3, Moat: NARROW)
2026-06-19 22:20:03,335 - buffett.scanner - INFO - AGEM: SELL signal (QS: 14.3, Moat: NARROW)
2026-06-19 22:20:03,762 - buffett.scanner - INFO - AGEN: SELL signal (QS: 14.3, Moat: NARROW)
2026-06-19 22:20:04,162 - buffett.scanner - INFO - AGGA: SELL signal (QS: 14.3, Moat: NARROW)
2026-06-19 22:20:04,563 - buffett.scanner - INFO - AGH: SELL signal (QS: 14.3, Moat: NARROW)
2026-06-19 22:20:05,012 - buffett.scanner - INFO - AGIO: SELL signal (QS: 14.3, Moat: NARROW)
2026-06-19 22:20:05,378 - buffett.scanner - INFO - AGIX: SELL signal (QS: 0.0, Moat: NARROW)
2026-06-19 22:20:05,831 - buffett.scanner - INFO - AGMB: SELL signal (QS: 14.3, Moat: NARROW)
2026-06-19 22:20:05,831 - buffett.scanner - INFO - Progress: 150/8473
2026-06-19 22:20:06,272 - buffett.scanner - INFO - AGMH: SELL signal (QS: 57.1, Moat: NARROW)
2026-06-19 22:20:06,722 - buffett.scanner - INFO - AGMI: SELL signal (QS: 14.3, Moat: NARROW)
2026-06-19 22:20:07,169 - buffett.scanner - INFO - AGNC: SELL signal (QS: 57.1, Moat: NARROW)
2026-06-19 22:20:07,602 - buffett.scanner - INFO - AGNCL: SELL signal (QS: 14.3, Moat: NARROW)
2026-06-19 22:20:08,022 - buffett.scanner - INFO - AGNCM: SELL signal (QS: 14.3, Moat: NARROW)
2026-06-19 22:20:08,470 - buffett.scanner - INFO - AGNCN: SELL signal (QS: 14.3, Moat: NARROW)
2026-06-19 22:20:08,877 - buffett.scanner - INFO - AGNCO: SELL signal (QS: 14.3, Moat: NARROW)
2026-06-19 22:20:09,275 - buffett.scanner - INFO - AGNCP: SELL signal (QS: 14.3, Moat: NARROW)
2026-06-19 22:20:09,651 - buffett.scanner - INFO - AGNCZ: SELL signal (QS: 14.3, Moat: NARROW)
2026-06-19 22:20:09,998 - buffett.scanner - INFO - AGNG: SELL signal (QS: 14.3, Moat: NARROW)
2026-06-19 22:20:09,998 - buffett.scanner - INFO - Progress: 160/8473
2026-06-19 22:20:10,484 - buffett.scanner - INFO - AGNT: SELL signal (QS: 28.6, Moat: NARROW)
2026-06-19 22:20:10,984 - buffett.scanner - INFO - AGPU: SELL signal (QS: 28.6, Moat: NARROW)
2026-06-19 22:20:11,441 - buffett.scanner - INFO - AGRZ: SELL signal (QS: 28.6, Moat: NARROW)
2026-06-19 22:20:11,917 - buffett.scanner - INFO - AGYS: SELL signal (QS: 0.0, Moat: NARROW)
2026-06-19 22:20:12,278 - buffett.scanner - INFO - AGZD: SELL signal (QS: 14.3, Moat: NARROW)
2026-06-19 22:20:12,759 - buffett.scanner - INFO - AHCO: SELL signal (QS: 28.6, Moat: NARROW)
2026-06-19 22:20:13,238 - buffett.scanner - INFO - AHG: SELL signal (QS: 14.3, Moat: NARROW)
2026-06-19 22:20:13,706 - buffett.scanner - INFO - AHMA: SELL signal (QS: 14.3, Moat: NARROW)
2026-06-19 22:20:14,130 - buffett.scanner - INFO - AIA: SELL signal (QS: 14.3, Moat: NARROW)
2026-06-19 22:20:14,617 - buffett.scanner - INFO - AIDX: SELL signal (QS: 14.3, Moat: NARROW)
2026-06-19 22:20:14,617 - buffett.scanner - INFO - Progress: 170/8473
2026-06-19 22:20:15,091 - buffett.scanner - INFO - AIFC: SELL signal (QS: 14.3, Moat: NARROW)
2026-06-19 22:20:15,475 - buffett.scanner - INFO - AIFD: SELL signal (QS: 0.0, Moat: NARROW)
2026-06-19 22:20:15,912 - buffett.scanner - INFO - AIFF: SELL signal (QS: 14.3, Moat: NARROW)
2026-06-19 22:20:16,372 - buffett.scanner - INFO - AIFU: SELL signal (QS: 0.0, Moat: NARROW)
2026-06-19 22:20:16,812 - buffett.scanner - INFO - AIHS: SELL signal (QS: 14.3, Moat: NARROW)
2026-06-19 22:20:17,256 - buffett.scanner - INFO - AIIO: SELL signal (QS: 0.0, Moat: NARROW)
2026-06-19 22:20:17,736 - buffett.scanner - INFO - AIIOW: SELL signal (QS: 0.0, Moat: NARROW)
2026-06-19 22:20:18,170 - buffett.scanner - INFO - AIMD: SELL signal (QS: 0.0, Moat: NARROW)
2026-06-19 22:20:18,549 - buffett.scanner - INFO - AIMDW: SELL signal (QS: 14.3, Moat: NARROW)
2026-06-19 22:20:18,895 - buffett.scanner - INFO - AIMS: SELL signal (QS: 0.0, Moat: NARROW)
2026-06-19 22:20:18,896 - buffett.scanner - INFO - Progress: 180/8473
2026-06-19 22:20:19,325 - buffett.scanner - INFO - AIOS: SELL signal (QS: 28.6, Moat: NARROW)
2026-06-19 22:20:19,742 - buffett.scanner - INFO - AIOT: SELL signal (QS: 28.6, Moat: NARROW)
2026-06-19 22:20:20,203 - buffett.scanner - INFO - AIP: SELL signal (QS: 0.0, Moat: NARROW)
2026-06-19 22:20:20,579 - buffett.scanner - INFO - AIPI: SELL signal (QS: 14.3, Moat: NARROW)
2026-06-19 22:20:20,975 - buffett.scanner - INFO - AIPO: SELL signal (QS: 0.0, Moat: NARROW)
2026-06-19 22:20:21,341 - buffett.scanner - INFO - AIQ: SELL signal (QS: 14.3, Moat: NARROW)
2026-06-19 22:20:21,800 - buffett.scanner - INFO - AIRE: SELL signal (QS: 28.6, Moat: NARROW)
2026-06-19 22:20:22,193 - buffett.scanner - INFO - AIRG: SELL signal (QS: 14.3, Moat: NARROW)
2026-06-19 22:20:22,603 - buffett.scanner - INFO - AIRJ: SELL signal (QS: 28.6, Moat: NARROW)
2026-06-19 22:20:23,041 - buffett.scanner - INFO - AIRJW: SELL signal (QS: 28.6, Moat: NARROW)
2026-06-19 22:20:23,041 - buffett.scanner - INFO - Progress: 190/8473
2026-06-19 22:20:23,470 - buffett.scanner - INFO - AIRO: SELL signal (QS: 28.6, Moat: NARROW)
2026-06-19 22:20:23,818 - buffett.scanner - INFO - AIRR: SELL signal (QS: 14.3, Moat: NARROW)
2026-06-19 22:20:24,262 - buffett.scanner - INFO - AIRS: SELL signal (QS: 0.0, Moat: NARROW)
2026-06-19 22:20:24,670 - buffett.scanner - INFO - AIRT: SELL signal (QS: 0.0, Moat: NARROW)
2026-06-19 22:20:25,055 - buffett.scanner - INFO - AIRTP: SELL signal (QS: 14.3, Moat: NARROW)
2026-06-19 22:20:25,475 - buffett.scanner - INFO - AISP: SELL signal (QS: 14.3, Moat: NARROW)
2026-06-19 22:20:25,948 - buffett.scanner - INFO - AISPW: SELL signal (QS: 14.3, Moat: NARROW)
2026-06-19 22:20:26,410 - buffett.scanner - INFO - AIXC: SELL signal (QS: 14.3, Moat: NARROW)
2026-06-19 22:20:26,827 - buffett.scanner - INFO - AIXI: SELL signal (QS: 0.0, Moat: NARROW)
2026-06-19 22:20:27,274 - buffett.scanner - INFO - AKAM: SELL signal (QS: 14.3, Moat: NARROW)
2026-06-19 22:20:27,274 - buffett.scanner - INFO - Progress: 200/8473
2026-06-19 22:20:27,707 - buffett.scanner - INFO - AKAN: SELL signal (QS: 0.0, Moat: NARROW)
2026-06-19 22:20:28,187 - buffett.scanner - INFO - AKBA: SELL signal (QS: 0.0, Moat: NARROW)
2026-06-19 22:20:28,629 - buffett.scanner - INFO - AKTS: SELL signal (QS: 14.3, Moat: NARROW)
2026-06-19 22:20:29,008 - buffett.scanner - ERROR - Error processing AKTX: '>' not supported between instances of 'str' and 'int'
2026-06-19 22:20:29,545 - buffett.scanner - INFO - ALAB: SELL signal (QS: 14.3, Moat: NARROW)
2026-06-19 22:20:30,032 - buffett.scanner - INFO - ALAR: SELL signal (QS: 14.3, Moat: NARROW)
2026-06-19 22:20:30,447 - buffett.scanner - INFO - ALBG: SELL signal (QS: 0.0, Moat: NARROW)
2026-06-19 22:20:30,933 - buffett.scanner - INFO - ALBT: SELL signal (QS: 0.0, Moat: NARROW)
2026-06-19 22:20:31,388 - buffett.scanner - INFO - ALCO: SELL signal (QS: 28.6, Moat: NARROW)
2026-06-19 22:20:31,807 - buffett.scanner - INFO - ALCY: SELL signal (QS: 0.0, Moat: NARROW)
2026-06-19 22:20:31,807 - buffett.scanner - INFO - Progress: 210/8473
2026-06-19 22:20:32,064 - yfinance - ERROR - HTTP Error 404: {"quoteSummary":{"result":null,"error":{"code":"Not Found","description":"Quote not found for symbol: ALCYU"}}}
2026-06-19 22:20:32,112 - buffett.fetchers - WARNING - Alpha Vantage API key not configured
2026-06-19 22:20:32,112 - buffett.scanner - ERROR - Error processing ALCYU: All fetchers failed for ticker ALCYU
2026-06-19 22:20:32,505 - buffett.scanner - INFO - ALCYW: SELL signal (QS: 0.0, Moat: NARROW)
2026-06-19 22:20:32,887 - buffett.scanner - INFO - ALDF: SELL signal (QS: 14.3, Moat: NARROW)
2026-06-19 22:20:33,318 - buffett.scanner - INFO - ALDFU: SELL signal (QS: 14.3, Moat: NARROW)
2026-06-19 22:20:33,738 - buffett.scanner - INFO - ALDFW: SELL signal (QS: 14.3, Moat: NARROW)
2026-06-19 22:20:34,246 - buffett.scanner - INFO - ALDX: SELL signal (QS: 14.3, Moat: NARROW)
2026-06-19 22:20:34,744 - buffett.scanner - INFO - ALEC: SELL signal (QS: 14.3, Moat: NARROW)
2026-06-19 22:20:35,208 - buffett.scanner - INFO - ALF: SELL signal (QS: 0.0, Moat: NARROW)
2026-06-19 22:20:35,645 - buffett.scanner - INFO - ALFUU: SELL signal (QS: 0.0, Moat: NARROW)
2026-06-19 22:20:36,058 - buffett.scanner - INFO - ALFUW: SELL signal (QS: 0.0, Moat: NARROW)
2026-06-19 22:20:36,058 - buffett.scanner - INFO - Progress: 220/8473
2026-06-19 22:20:36,565 - buffett.scanner - INFO - ALGM: SELL signal (QS: 14.3, Moat: NARROW)
2026-06-19 22:20:37,026 - buffett.scanner - INFO - ALGN: SELL signal (QS: 0.0, Moat: NARROW)
2026-06-19 22:20:37,457 - buffett.scanner - INFO - ALGS: SELL signal (QS: 28.6, Moat: NARROW)
2026-06-19 22:20:37,874 - buffett.scanner - INFO - ALGT: SELL signal (QS: 14.3, Moat: NARROW)
2026-06-19 22:20:38,345 - buffett.scanner - INFO - ALHC: SELL signal (QS: 14.3, Moat: NARROW)
2026-06-19 22:20:38,740 - buffett.scanner - INFO - ALIL: SELL signal (QS: 14.3, Moat: NARROW)
2026-06-19 22:20:39,159 - buffett.scanner - INFO - ALIS: SELL signal (QS: 14.3, Moat: NARROW)
2026-06-19 22:20:39,541 - buffett.scanner - INFO - ALISR: SELL signal (QS: 14.3, Moat: NARROW)
2026-06-19 22:20:39,894 - buffett.scanner - INFO - ALISU: SELL signal (QS: 14.3, Moat: NARROW)
2026-06-19 22:20:40,366 - buffett.scanner - INFO - ALKS: SELL signal (QS: 14.3, Moat: NARROW)
2026-06-19 22:20:40,366 - buffett.scanner - INFO - Progress: 230/8473
2026-06-19 22:20:40,798 - buffett.scanner - INFO - ALKT: SELL signal (QS: 28.6, Moat: NARROW)
2026-06-19 22:20:41,277 - buffett.scanner - INFO - ALLO: SELL signal (QS: 14.3, Moat: NARROW)
2026-06-19 22:20:41,719 - buffett.scanner - INFO - ALLR: SELL signal (QS: 0.0, Moat: NARROW)
2026-06-19 22:20:42,188 - buffett.scanner - INFO - ALLT: SELL signal (QS: 14.3, Moat: NARROW)
2026-06-19 22:20:42,607 - buffett.scanner - INFO - ALLW: SELL signal (QS: 14.3, Moat: NARROW)
2026-06-19 22:20:43,073 - buffett.scanner - INFO - ALM: SELL signal (QS: 28.6, Moat: NARROW)
2026-06-19 22:20:43,484 - buffett.scanner - INFO - ALMR: SELL signal (QS: 14.3, Moat: NARROW)
2026-06-19 22:20:43,885 - buffett.scanner - INFO - ALMS: SELL signal (QS: 14.3, Moat: NARROW)
2026-06-19 22:20:44,358 - buffett.scanner - INFO - ALMU: SELL signal (QS: 14.3, Moat: NARROW)
2026-06-19 22:20:44,778 - buffett.scanner - INFO - ALNT: SELL signal (QS: 14.3, Moat: NARROW)
2026-06-19 22:20:44,779 - buffett.scanner - INFO - Progress: 240/8473
2026-06-19 22:20:45,217 - buffett.scanner - INFO - ALNY: SELL signal (QS: 14.3, Moat: NARROW)
2026-06-19 22:20:45,688 - buffett.scanner - INFO - ALOT: SELL signal (QS: 14.3, Moat: NARROW)
2026-06-19 22:20:46,068 - buffett.scanner - INFO - ALOV: SELL signal (QS: 0.0, Moat: NARROW)
2026-06-19 22:20:46,497 - buffett.scanner - INFO - ALOVU: SELL signal (QS: 0.0, Moat: NARROW)
2026-06-19 22:20:46,847 - buffett.scanner - INFO - ALOVW: SELL signal (QS: 0.0, Moat: NARROW)
2026-06-19 22:20:47,383 - buffett.scanner - INFO - ALOY: SELL signal (QS: 14.3, Moat: NARROW)
2026-06-19 22:20:47,849 - buffett.scanner - INFO - ALP: SELL signal (QS: 14.3, Moat: NARROW)
2026-06-19 22:20:48,266 - buffett.scanner - INFO - ALPS: SELL signal (QS: 0.0, Moat: NARROW)
2026-06-19 22:20:48,734 - buffett.scanner - INFO - ALRM: SELL signal (QS: 14.3, Moat: NARROW)
2026-06-19 22:20:49,184 - buffett.scanner - INFO - ALRS: SELL signal (QS: 28.6, Moat: NARROW)
2026-06-19 22:20:49,184 - buffett.scanner - INFO - Progress: 250/8473
2026-06-19 22:20:49,645 - buffett.scanner - INFO - ALT: SELL signal (QS: 28.6, Moat: NARROW)
2026-06-19 22:20:50,118 - buffett.scanner - INFO - ALTI: SELL signal (QS: 28.6, Moat: NARROW)
2026-06-19 22:20:50,630 - buffett.scanner - INFO - ALTO: SELL signal (QS: 42.9, Moat: NARROW)
2026-06-19 22:20:51,020 - buffett.scanner - INFO - ALTY: SELL signal (QS: 14.3, Moat: NARROW)
2026-06-19 22:20:51,467 - buffett.scanner - INFO - ALVO: SELL signal (QS: 14.3, Moat: NARROW)
2026-06-19 22:20:51,870 - buffett.scanner - INFO - ALVOW: SELL signal (QS: 14.3, Moat: NARROW)
2026-06-19 22:20:52,269 - buffett.scanner - INFO - ALXO: SELL signal (QS: 28.6, Moat: NARROW)
2026-06-19 22:20:52,659 - buffett.scanner - INFO - ALZN: SELL signal (QS: 14.3, Moat: NARROW)
2026-06-19 22:20:53,102 - buffett.scanner - INFO - AMA: SELL signal (QS: 0.0, Moat: NARROW)
2026-06-19 22:20:53,514 - buffett.scanner - INFO - AMAL: SELL signal (QS: 42.9, Moat: NARROW)
2026-06-19 22:20:53,514 - buffett.scanner - INFO - Progress: 260/8473
2026-06-19 22:20:53,978 - buffett.scanner - INFO - AMAT: SELL signal (QS: 14.3, Moat: NARROW)
2026-06-19 22:20:54,428 - buffett.scanner - INFO - AMBA: SELL signal (QS: 14.3, Moat: NARROW)
2026-06-19 22:20:54,867 - buffett.scanner - INFO - AMBR: SELL signal (QS: 14.3, Moat: NARROW)
2026-06-19 22:20:55,298 - buffett.scanner - INFO - AMCI: SELL signal (QS: 14.3, Moat: NARROW)
2026-06-19 22:20:55,731 - buffett.scanner - INFO - AMCX: SELL signal (QS: 57.1, Moat: NARROW)
2026-06-19 22:20:56,203 - buffett.scanner - INFO - AMD: SELL signal (QS: 14.3, Moat: NARROW)
2026-06-19 22:20:56,586 - buffett.scanner - INFO - AMDD: SELL signal (QS: 14.3, Moat: NARROW)
2026-06-19 22:20:57,063 - buffett.scanner - INFO - AMDG: SELL signal (QS: 14.3, Moat: NARROW)
2026-06-19 22:20:57,520 - buffett.scanner - INFO - AMDL: SELL signal (QS: 0.0, Moat: NARROW)
2026-06-19 22:20:58,024 - buffett.scanner - INFO - AMGN: SELL signal (QS: 14.3, Moat: NARROW)
2026-06-19 22:20:58,024 - buffett.scanner - INFO - Progress: 270/8473
2026-06-19 22:20:58,448 - buffett.scanner - INFO - AMID: SELL signal (QS: 14.3, Moat: NARROW)
2026-06-19 22:20:58,855 - buffett.scanner - INFO - AMIX: SELL signal (QS: 28.6, Moat: NARROW)
2026-06-19 22:20:59,300 - buffett.scanner - INFO - AMKR: SELL signal (QS: 14.3, Moat: NARROW)
2026-06-19 22:20:59,779 - buffett.scanner - INFO - AMLX: SELL signal (QS: 14.3, Moat: NARROW)
2026-06-19 22:21:00,208 - buffett.scanner - INFO - AMOD: SELL signal (QS: 0.0, Moat: NARROW)
2026-06-19 22:21:00,633 - buffett.scanner - INFO - AMODW: SELL signal (QS: 0.0, Moat: NARROW)
2026-06-19 22:21:01,093 - buffett.scanner - INFO - AMPG: SELL signal (QS: 14.3, Moat: NARROW)
2026-06-19 22:21:01,490 - buffett.scanner - INFO - AMPGR: SELL signal (QS: 14.3, Moat: NARROW)
2026-06-19 22:21:01,898 - buffett.scanner - INFO - AMPGZ: SELL signal (QS: 14.3, Moat: NARROW)
2026-06-19 22:21:02,358 - buffett.scanner - INFO - AMPH: SELL signal (QS: 57.1, Moat: NARROW)
2026-06-19 22:21:02,358 - buffett.scanner - INFO - Progress: 280/8473
2026-06-19 22:21:02,811 - buffett.scanner - INFO - AMPL: SELL signal (QS: 14.3, Moat: NARROW)
2026-06-19 22:21:03,218 - buffett.scanner - INFO - AMRN: SELL signal (QS: 28.6, Moat: NARROW)
2026-06-19 22:21:03,641 - buffett.scanner - INFO - AMRX: SELL signal (QS: 14.3, Moat: NARROW)
2026-06-19 22:21:04,095 - buffett.scanner - INFO - AMSC: SELL signal (QS: 28.6, Moat: NARROW)
2026-06-19 22:21:04,530 - buffett.scanner - INFO - AMSF: SELL signal (QS: 42.9, Moat: NARROW)
2026-06-19 22:21:05,007 - buffett.scanner - INFO - AMST: SELL signal (QS: 14.3, Moat: NARROW)
2026-06-19 22:21:05,438 - buffett.scanner - INFO - AMTX: SELL signal (QS: 0.0, Moat: NARROW)
2026-06-19 22:21:05,831 - buffett.scanner - INFO - AMUN: SELL signal (QS: 14.3, Moat: NARROW)
2026-06-19 22:21:06,211 - buffett.scanner - INFO - AMUU: SELL signal (QS: 14.3, Moat: NARROW)
2026-06-19 22:21:06,648 - buffett.scanner - INFO - AMWD: SELL signal (QS: 28.6, Moat: NARROW)
2026-06-19 22:21:06,648 - buffett.scanner - INFO - Progress: 290/8473
2026-06-19 22:21:07,111 - buffett.scanner - INFO - AMYY: SELL signal (QS: 0.0, Moat: NARROW)
2026-06-19 22:21:07,527 - buffett.scanner - INFO - AMZD: SELL signal (QS: 14.3, Moat: NARROW)
2026-06-19 22:21:07,970 - buffett.scanner - INFO - AMZN: SELL signal (QS: 0.0, Moat: NARROW)
2026-06-19 22:21:08,402 - buffett.scanner - INFO - AMZU: SELL signal (QS: 14.3, Moat: NARROW)
2026-06-19 22:21:08,792 - buffett.scanner - INFO - AMZZ: SELL signal (QS: 0.0, Moat: NARROW)
2026-06-19 22:21:09,279 - buffett.scanner - INFO - ANAB: SELL signal (QS: 28.6, Moat: NARROW)
2026-06-19 22:21:09,796 - buffett.scanner - INFO - ANDE: SELL signal (QS: 14.3, Moat: NARROW)
2026-06-19 22:21:10,173 - buffett.scanner - INFO - ANEL: SELL signal (QS: 0.0, Moat: NARROW)
2026-06-19 22:21:10,673 - buffett.scanner - INFO - ANGH: SELL signal (QS: 0.0, Moat: NARROW)
2026-06-19 22:21:11,133 - buffett.scanner - INFO - ANGHW: SELL signal (QS: 14.3, Moat: NARROW)
2026-06-19 22:21:11,134 - buffett.scanner - INFO - Progress: 300/8473
2026-06-19 22:21:11,610 - buffett.scanner - INFO - ANGI: SELL signal (QS: 42.9, Moat: NARROW)
2026-06-19 22:21:11,956 - buffett.scanner - INFO - ANGL: SELL signal (QS: 14.3, Moat: NARROW)
2026-06-19 22:21:12,375 - buffett.scanner - INFO - ANGO: SELL signal (QS: 14.3, Moat: NARROW)
2026-06-19 22:21:12,852 - buffett.scanner - INFO - ANIK: SELL signal (QS: 28.6, Moat: NARROW)
2026-06-19 22:21:13,298 - buffett.scanner - INFO - ANIP: SELL signal (QS: 14.3, Moat: NARROW)
2026-06-19 22:21:13,696 - buffett.scanner - INFO - ANIX: SELL signal (QS: 14.3, Moat: NARROW)
2026-06-19 22:21:14,131 - buffett.scanner - INFO - ANL: SELL signal (QS: 0.0, Moat: NARROW)
2026-06-19 22:21:14,583 - buffett.scanner - INFO - ANNA: SELL signal (QS: 14.3, Moat: NARROW)
2026-06-19 22:21:15,071 - buffett.scanner - INFO - ANNAW: SELL signal (QS: 28.6, Moat: NARROW)
2026-06-19 22:21:15,515 - buffett.scanner - INFO - ANNX: SELL signal (QS: 14.3, Moat: NARROW)
2026-06-19 22:21:15,515 - buffett.scanner - INFO - Progress: 310/8473
2026-06-19 22:21:16,030 - buffett.scanner - INFO - ANPA: SELL signal (QS: 0.0, Moat: NARROW)
2026-06-19 22:21:16,496 - buffett.scanner - INFO - ANSC: SELL signal (QS: 0.0, Moat: NARROW)
2026-06-19 22:21:16,934 - buffett.scanner - INFO - ANSCU: SELL signal (QS: 0.0, Moat: NARROW)
2026-06-19 22:21:17,356 - buffett.scanner - INFO - ANSCW: SELL signal (QS: 0.0, Moat: NARROW)
2026-06-19 22:21:17,907 - buffett.scanner - INFO - ANTA: SELL signal (QS: 42.9, Moat: NARROW)
2026-06-19 22:21:18,335 - buffett.scanner - INFO - ANTX: SELL signal (QS: 14.3, Moat: NARROW)
2026-06-19 22:21:18,694 - buffett.scanner - INFO - ANV: SELL signal (QS: 0.0, Moat: NARROW)
2026-06-19 22:21:19,153 - buffett.scanner - INFO - ANY: SELL signal (QS: 28.6, Moat: NARROW)
2026-06-19 22:21:19,553 - buffett.scanner - INFO - AOHY: SELL signal (QS: 28.6, Moat: NARROW)
2026-06-19 22:21:20,075 - buffett.scanner - INFO - AOSL: SELL signal (QS: 14.3, Moat: NARROW)
2026-06-19 22:21:20,075 - buffett.scanner - INFO - Progress: 320/8473
2026-06-19 22:21:20,490 - buffett.scanner - INFO - AOTG: SELL signal (QS: 0.0, Moat: NARROW)
2026-06-19 22:21:20,955 - buffett.scanner - INFO - AOUT: SELL signal (QS: 28.6, Moat: NARROW)
2026-06-19 22:21:21,439 - buffett.scanner - INFO - APA: SELL signal (QS: 42.9, Moat: NARROW)
2026-06-19 22:21:21,834 - buffett.scanner - INFO - APAC: SELL signal (QS: 14.3, Moat: NARROW)
2026-06-19 22:21:22,237 - buffett.scanner - INFO - APACR: SELL signal (QS: 14.3, Moat: NARROW)
2026-06-19 22:21:22,664 - buffett.scanner - INFO - APACU: SELL signal (QS: 14.3, Moat: NARROW)
2026-06-19 22:21:23,087 - buffett.scanner - INFO - APC: SELL signal (QS: 14.3, Moat: NARROW)
2026-06-19 22:21:23,579 - buffett.scanner - INFO - APEI: SELL signal (QS: 14.3, Moat: NARROW)
2026-06-19 22:21:24,023 - buffett.scanner - INFO - APGE: SELL signal (QS: 14.3, Moat: NARROW)
2026-06-19 22:21:24,510 - buffett.scanner - INFO - API: SELL signal (QS: 28.6, Moat: NARROW)
2026-06-19 22:21:24,510 - buffett.scanner - INFO - Progress: 330/8473
2026-06-19 22:21:24,898 - buffett.scanner - INFO - APLD: SELL signal (QS: 14.3, Moat: NARROW)
2026-06-19 22:21:25,356 - buffett.scanner - INFO - APLM: SELL signal (QS: 0.0, Moat: NARROW)
2026-06-19 22:21:25,775 - buffett.scanner - INFO - APLMW: SELL signal (QS: 0.0, Moat: NARROW)
2026-06-19 22:21:26,243 - buffett.scanner - INFO - APLS: SELL signal (QS: 14.3, Moat: NARROW)
2026-06-19 22:21:26,679 - buffett.scanner - INFO - APM: SELL signal (QS: 14.3, Moat: NARROW)
2026-06-19 22:21:27,125 - buffett.scanner - INFO - APOG: SELL signal (QS: 14.3, Moat: NARROW)
2026-06-19 22:21:27,600 - buffett.scanner - INFO - APP: SELL signal (QS: 14.3, Moat: NARROW)
2026-06-19 22:21:28,048 - buffett.scanner - INFO - APPF: SELL signal (QS: 14.3, Moat: NARROW)
2026-06-19 22:21:28,464 - buffett.scanner - INFO - APPN: SELL signal (QS: 0.0, Moat: NARROW)
2026-06-19 22:21:28,900 - buffett.scanner - INFO - APPS: SELL signal (QS: 14.3, Moat: NARROW)
2026-06-19 22:21:28,900 - buffett.scanner - INFO - Progress: 340/8473
2026-06-19 22:21:29,274 - buffett.scanner - INFO - APPX: SELL signal (QS: 14.3, Moat: NARROW)
2026-06-19 22:21:29,723 - buffett.scanner - INFO - APRE: SELL signal (QS: 28.6, Moat: NARROW)
2026-06-19 22:21:30,150 - buffett.scanner - INFO - APVO: SELL signal (QS: 57.1, Moat: NARROW)
2026-06-19 22:21:30,618 - buffett.scanner - INFO - APWC: SELL signal (QS: 57.1, Moat: NARROW)
2026-06-19 22:21:31,151 - buffett.scanner - INFO - APXT: SELL signal (QS: 14.3, Moat: NARROW)
2026-06-19 22:21:31,640 - buffett.scanner - INFO - APXTU: SELL signal (QS: 14.3, Moat: NARROW)
2026-06-19 22:21:32,119 - buffett.scanner - INFO - APXTW: SELL signal (QS: 14.3, Moat: NARROW)
2026-06-19 22:21:32,532 - buffett.scanner - INFO - APYX: SELL signal (QS: 14.3, Moat: NARROW)
2026-06-19 22:21:32,959 - buffett.scanner - INFO - AQB: SELL signal (QS: 0.0, Moat: NARROW)
2026-06-19 22:21:33,381 - buffett.scanner - INFO - AQMS: SELL signal (QS: 28.6, Moat: NARROW)
2026-06-19 22:21:33,381 - buffett.scanner - INFO - Progress: 350/8473
2026-06-19 22:21:33,779 - buffett.scanner - INFO - AQST: SELL signal (QS: 14.3, Moat: NARROW)
2026-06-19 22:21:34,155 - buffett.scanner - INFO - AQWA: SELL signal (QS: 14.3, Moat: NARROW)
2026-06-19 22:21:34,630 - buffett.scanner - INFO - ARAI: SELL signal (QS: 0.0, Moat: NARROW)
2026-06-19 22:21:35,086 - buffett.scanner - INFO - ARAY: SELL signal (QS: 14.3, Moat: NARROW)
2026-06-19 22:21:35,534 - buffett.scanner - INFO - ARBB: SELL signal (QS: 28.6, Moat: NARROW)
2026-06-19 22:21:35,974 - buffett.scanner - INFO - ARBE: SELL signal (QS: 14.3, Moat: NARROW)
2026-06-19 22:21:36,423 - buffett.scanner - INFO - ARBEW: SELL signal (QS: 28.6, Moat: NARROW)
2026-06-19 22:21:36,853 - buffett.scanner - INFO - ARBK: SELL signal (QS: 28.6, Moat: NARROW)
2026-06-19 22:21:37,309 - buffett.scanner - INFO - ARCB: SELL signal (QS: 14.3, Moat: NARROW)
2026-06-19 22:21:37,732 - buffett.scanner - INFO - ARCC: SELL signal (QS: 57.1, Moat: NARROW)
2026-06-19 22:21:37,732 - buffett.scanner - INFO - Progress: 360/8473
2026-06-19 22:21:38,297 - buffett.scanner - INFO - ARCI: SELL signal (QS: 0.0, Moat: NARROW)
2026-06-19 22:21:38,798 - buffett.scanner - INFO - ARCIU: SELL signal (QS: 0.0, Moat: NARROW)
2026-06-19 22:21:39,172 - buffett.scanner - INFO - ARCIW: SELL signal (QS: 0.0, Moat: NARROW)
2026-06-19 22:21:39,715 - buffett.scanner - INFO - ARCLU: SELL signal (QS: 0.0, Moat: NARROW)
2026-06-19 22:21:40,174 - buffett.scanner - INFO - ARCT: SELL signal (QS: 28.6, Moat: NARROW)
2026-06-19 22:21:40,658 - buffett.scanner - INFO - ARDX: SELL signal (QS: 28.6, Moat: NARROW)
2026-06-19 22:21:41,144 - buffett.scanner - INFO - AREB: SELL signal (QS: 28.6, Moat: NARROW)
2026-06-19 22:21:41,619 - buffett.scanner - INFO - AREBW: SELL signal (QS: 14.3, Moat: NARROW)
2026-06-19 22:21:42,116 - buffett.scanner - INFO - AREC: SELL signal (QS: 28.6, Moat: NARROW)
2026-06-19 22:21:42,562 - buffett.scanner - INFO - ARGX: SELL signal (QS: 0.0, Moat: NARROW)
2026-06-19 22:21:42,562 - buffett.scanner - INFO - Progress: 370/8473
2026-06-19 22:21:43,045 - buffett.scanner - INFO - ARHS: SELL signal (QS: 0.0, Moat: NARROW)
2026-06-19 22:21:43,528 - buffett.scanner - INFO - ARKO: SELL signal (QS: 28.6, Moat: NARROW)
2026-06-19 22:21:43,940 - buffett.scanner - INFO - ARKR: SELL signal (QS: 14.3, Moat: NARROW)
2026-06-19 22:21:44,367 - buffett.scanner - INFO - ARLP: SELL signal (QS: 28.6, Moat: NARROW)
2026-06-19 22:21:44,787 - buffett.scanner - INFO - ARM: SELL signal (QS: 14.3, Moat: NARROW)
2026-06-19 22:21:45,174 - buffett.scanner - INFO - ARMG: SELL signal (QS: 14.3, Moat: NARROW)
2026-06-19 22:21:45,567 - buffett.scanner - INFO - ARMY: SELL signal (QS: 0.0, Moat: NARROW)
2026-06-19 22:21:46,111 - buffett.scanner - INFO - AROW: SELL signal (QS: 42.9, Moat: NARROW)
2026-06-19 22:21:46,582 - buffett.scanner - INFO - ARQ: SELL signal (QS: 14.3, Moat: NARROW)
2026-06-19 22:21:47,050 - buffett.scanner - INFO - ARQQ: SELL signal (QS: 14.3, Moat: NARROW)
2026-06-19 22:21:47,050 - buffett.scanner - INFO - Progress: 380/8473
2026-06-19 22:21:47,479 - buffett.scanner - INFO - ARQQW: SELL signal (QS: 28.6, Moat: NARROW)
2026-06-19 22:21:47,924 - buffett.scanner - INFO - ARQT: SELL signal (QS: 14.3, Moat: NARROW)
2026-06-19 22:21:48,367 - buffett.scanner - INFO - ARRY: SELL signal (QS: 28.6, Moat: NARROW)
2026-06-19 22:21:48,743 - buffett.scanner - INFO - ARTC: SELL signal (QS: 0.0, Moat: NARROW)
2026-06-19 22:21:49,237 - buffett.scanner - INFO - ARTCU: SELL signal (QS: 0.0, Moat: NARROW)
2026-06-19 22:21:49,613 - buffett.scanner - INFO - ARTCW: SELL signal (QS: 0.0, Moat: NARROW)
2026-06-19 22:21:50,047 - buffett.scanner - INFO - ARTL: SELL signal (QS: 28.6, Moat: NARROW)
2026-06-19 22:21:50,482 - buffett.scanner - INFO - ARTNA: SELL signal (QS: 42.9, Moat: NARROW)
2026-06-19 22:21:50,915 - buffett.scanner - INFO - ARTV: SELL signal (QS: 14.3, Moat: NARROW)
2026-06-19 22:21:51,352 - buffett.scanner - INFO - ARTW: SELL signal (QS: 57.1, Moat: NARROW)
2026-06-19 22:21:51,352 - buffett.scanner - INFO - Progress: 390/8473
2026-06-19 22:21:51,791 - buffett.scanner - INFO - ARVN: SELL signal (QS: 28.6, Moat: NARROW)
2026-06-19 22:21:52,151 - buffett.scanner - INFO - ARVR: SELL signal (QS: 14.3, Moat: NARROW)
2026-06-19 22:21:52,574 - buffett.scanner - INFO - ARWR: SELL signal (QS: 14.3, Moat: NARROW)
2026-06-19 22:21:53,022 - buffett.scanner - INFO - ARXS: SELL signal (QS: 14.3, Moat: NARROW)
2026-06-19 22:21:53,462 - buffett.scanner - INFO - ASBP: SELL signal (QS: 28.6, Moat: NARROW)
2026-06-19 22:21:53,915 - buffett.scanner - INFO - ASBPW: SELL signal (QS: 28.6, Moat: NARROW)
2026-06-19 22:21:54,272 - buffett.scanner - INFO - ASCI: SELL signal (QS: 14.3, Moat: NARROW)
2026-06-19 22:21:54,724 - buffett.scanner - INFO - ASLE: SELL signal (QS: 42.9, Moat: NARROW)
2026-06-19 22:21:55,145 - buffett.scanner - INFO - ASMB: SELL signal (QS: 14.3, Moat: NARROW)
2026-06-19 22:21:55,527 - buffett.scanner - INFO - ASMG: SELL signal (QS: 14.3, Moat: NARROW)
2026-06-19 22:21:55,527 - buffett.scanner - INFO - Progress: 400/8473
2026-06-19 22:21:55,964 - buffett.scanner - INFO - ASML: SELL signal (QS: 14.3, Moat: NARROW)
2026-06-19 22:21:56,419 - buffett.scanner - INFO - ASMU: SELL signal (QS: 0.0, Moat: NARROW)
2026-06-19 22:26:54+0800  [weekly_scan]  begin
Telegram credentials not configured
Failed to initialize ML signal enhancer: 'SignalEnhancer' object has no attribute 'is_ready'
Failed to initialize ML signal enhancer: 'SignalEnhancer' object has no attribute 'is_ready'
2026-06-19 22:26:58,822 - __main__ - INFO - Starting manual Buffett Monitor scan...
2026-06-19 22:26:58,822 - buffett.scanner - INFO - Starting weekly scan...
2026-06-19 22:26:58,830 - buffett.scanner - INFO - Scanning 8473 specified tickers...
2026-06-19 22:26:59,618 - buffett.scanner - INFO - AACB: SELL signal (QS: 0.0, Moat: NARROW)
2026-06-19 22:26:59,994 - buffett.scanner - INFO - AACBR: SELL signal (QS: 0.0, Moat: NARROW)
2026-06-19 22:27:00,403 - buffett.scanner - INFO - AACBU: SELL signal (QS: 0.0, Moat: NARROW)
2026-06-19 22:27:00,847 - buffett.scanner - INFO - AACG: SELL signal (QS: 28.6, Moat: NARROW)
2026-06-19 22:27:01,438 - buffett.scanner - INFO - AACI: SELL signal (QS: 0.0, Moat: NARROW)
2026-06-19 22:27:01,937 - buffett.scanner - INFO - AACIU: SELL signal (QS: 0.0, Moat: NARROW)
2026-06-19 22:27:02,382 - buffett.scanner - INFO - AACIW: SELL signal (QS: 0.0, Moat: NARROW)
2026-06-19 22:27:02,915 - buffett.scanner - INFO - AACO: SELL signal (QS: 14.3, Moat: NARROW)
2026-06-19 22:27:03,430 - buffett.scanner - INFO - AACOU: SELL signal (QS: 14.3, Moat: NARROW)
2026-06-19 22:27:03,430 - buffett.scanner - INFO - Progress: 10/8473
2026-06-19 22:27:03,795 - buffett.scanner - INFO - AACOW: SELL signal (QS: 14.3, Moat: NARROW)
2026-06-19 22:27:04,351 - buffett.scanner - INFO - AACPU: SELL signal (QS: 0.0, Moat: NARROW)
2026-06-19 22:27:04,823 - buffett.scanner - INFO - AADR: SELL signal (QS: 14.3, Moat: NARROW)
2026-06-19 22:27:05,232 - buffett.scanner - INFO - AAEQ: SELL signal (QS: 0.0, Moat: NARROW)
2026-06-19 22:27:05,770 - buffett.scanner - INFO - AAL: SELL signal (QS: 0.0, Moat: NARROW)
2026-06-19 22:27:06,223 - buffett.scanner - INFO - AALG: SELL signal (QS: 0.0, Moat: NARROW)
2026-06-19 22:27:07,206 - buffett.scanner - INFO - AAOI: SELL signal (QS: 14.3, Moat: NARROW)
2026-06-19 22:27:07,667 - buffett.scanner - INFO - AAON: SELL signal (QS: 14.3, Moat: NARROW)
2026-06-19 22:27:08,174 - buffett.scanner - INFO - AAPB: SELL signal (QS: 14.3, Moat: NARROW)
2026-06-19 22:27:08,175 - buffett.scanner - INFO - Progress: 20/8473
2026-06-19 22:27:08,560 - buffett.scanner - INFO - AAPD: SELL signal (QS: 14.3, Moat: NARROW)
2026-06-19 22:27:09,042 - buffett.scanner - INFO - AAPG: SELL signal (QS: 14.3, Moat: NARROW)
2026-06-19 22:27:09,480 - buffett.scanner - INFO - AAPL: SELL signal (QS: 14.3, Moat: NARROW)
2026-06-19 22:27:09,847 - buffett.scanner - INFO - AAPU: SELL signal (QS: 14.3, Moat: NARROW)
2026-06-19 22:27:10,242 - buffett.scanner - INFO - AARD: SELL signal (QS: 28.6, Moat: NARROW)
2026-06-19 22:27:10,643 - buffett.scanner - INFO - AAUS: SELL signal (QS: 0.0, Moat: NARROW)
2026-06-19 22:27:11,026 - buffett.scanner - INFO - AAVM: SELL signal (QS: 14.3, Moat: NARROW)
2026-06-19 22:27:11,423 - buffett.scanner - INFO - AAXJ: SELL signal (QS: 14.3, Moat: NARROW)
2026-06-19 22:27:11,871 - buffett.scanner - INFO - ABAT: SELL signal (QS: 14.3, Moat: NARROW)
2026-06-19 22:27:12,387 - buffett.scanner - INFO - ABCL: SELL signal (QS: 14.3, Moat: NARROW)
2026-06-19 22:27:12,387 - buffett.scanner - INFO - Progress: 30/8473
2026-06-19 22:27:12,795 - buffett.scanner - INFO - ABCS: SELL signal (QS: 14.3, Moat: NARROW)
2026-06-19 22:27:13,254 - buffett.scanner - INFO - ABEO: SELL signal (QS: 42.9, Moat: NARROW)
2026-06-19 22:27:13,682 - buffett.scanner - INFO - ABI: SELL signal (QS: 0.0, Moat: NARROW)
2026-06-19 22:27:14,099 - buffett.scanner - INFO - ABIG: SELL signal (QS: 14.3, Moat: NARROW)
2026-06-19 22:27:14,619 - buffett.scanner - INFO - ABLV: SELL signal (QS: 14.3, Moat: NARROW)
2026-06-19 22:27:15,042 - buffett.scanner - INFO - ABLVW: SELL signal (QS: 28.6, Moat: NARROW)
2026-06-19 22:27:15,515 - buffett.scanner - INFO - ABNB: SELL signal (QS: 0.0, Moat: NARROW)
2026-06-19 22:27:15,898 - buffett.scanner - INFO - ABNG: SELL signal (QS: 0.0, Moat: NARROW)
2026-06-19 22:27:16,379 - buffett.scanner - INFO - ABOS: SELL signal (QS: 14.3, Moat: NARROW)
2026-06-19 22:27:16,951 - buffett.scanner - INFO - ABSI: SELL signal (QS: 14.3, Moat: NARROW)
2026-06-19 22:27:16,951 - buffett.scanner - INFO - Progress: 40/8473
2026-06-19 22:27:17,417 - buffett.scanner - INFO - ABTC: SELL signal (QS: 14.3, Moat: NARROW)
2026-06-19 22:27:17,880 - buffett.scanner - INFO - ABTS: SELL signal (QS: 14.3, Moat: NARROW)
2026-06-19 22:27:18,420 - buffett.scanner - INFO - ABUS: SELL signal (QS: 42.9, Moat: NARROW)
2026-06-19 22:27:18,965 - buffett.scanner - INFO - ABVC: SELL signal (QS: 0.0, Moat: NARROW)
2026-06-19 22:27:19,364 - buffett.scanner - INFO - ABVE: SELL signal (QS: 0.0, Moat: NARROW)
2026-06-19 22:27:19,779 - buffett.scanner - INFO - ABVEW: SELL signal (QS: 0.0, Moat: NARROW)
2026-06-19 22:27:20,252 - buffett.scanner - INFO - ABVX: SELL signal (QS: 14.3, Moat: NARROW)
2026-06-19 22:27:20,796 - buffett.scanner - INFO - ACAA: SELL signal (QS: 0.0, Moat: NARROW)
2026-06-19 22:27:21,372 - buffett.scanner - INFO - ACAAU: SELL signal (QS: 0.0, Moat: NARROW)
2026-06-19 22:27:21,789 - buffett.scanner - INFO - ACAAW: SELL signal (QS: 0.0, Moat: NARROW)
2026-06-19 22:27:21,789 - buffett.scanner - INFO - Progress: 50/8473
2026-06-19 22:27:22,278 - buffett.scanner - INFO - ACAD: SELL signal (QS: 28.6, Moat: NARROW)
2026-06-19 22:27:22,813 - buffett.scanner - INFO - ACB: SELL signal (QS: 28.6, Moat: NARROW)
2026-06-19 22:27:23,247 - buffett.scanner - INFO - ACCL: SELL signal (QS: 14.3, Moat: NARROW)
2026-06-19 22:27:23,718 - buffett.scanner - INFO - ACDC: SELL signal (QS: 0.0, Moat: NARROW)
2026-06-19 22:27:24,135 - buffett.scanner - INFO - ACEP: SELL signal (QS: 0.0, Moat: NARROW)
2026-06-19 22:27:24,612 - buffett.scanner - INFO - ACET: SELL signal (QS: 28.6, Moat: NARROW)
2026-06-19 22:27:25,115 - buffett.scanner - INFO - ACFN: SELL signal (QS: 14.3, Moat: NARROW)
2026-06-19 22:27:25,666 - buffett.scanner - INFO - ACGCU: SELL signal (QS: 0.0, Moat: NARROW)
2026-06-19 22:27:26,122 - buffett.scanner - INFO - ACGL: SELL signal (QS: 42.9, Moat: NARROW)
2026-06-19 22:27:26,580 - buffett.scanner - INFO - ACGLN: SELL signal (QS: 57.1, Moat: NARROW)
2026-06-19 22:27:26,580 - buffett.scanner - INFO - Progress: 60/8473
2026-06-19 22:27:27,058 - buffett.scanner - INFO - ACGLO: SELL signal (QS: 57.1, Moat: NARROW)
2026-06-19 22:27:27,538 - buffett.scanner - INFO - ACHC: SELL signal (QS: 42.9, Moat: NARROW)
2026-06-19 22:27:28,000 - buffett.scanner - INFO - ACHV: SELL signal (QS: 14.3, Moat: NARROW)
2026-06-19 22:27:28,458 - buffett.scanner - INFO - ACIC: SELL signal (QS: 28.6, Moat: NARROW)
2026-06-19 22:27:28,951 - buffett.scanner - INFO - ACIU: SELL signal (QS: 0.0, Moat: NARROW)
2026-06-19 22:27:29,441 - buffett.scanner - INFO - ACIW: SELL signal (QS: 14.3, Moat: NARROW)
2026-06-19 22:27:29,893 - buffett.scanner - INFO - ACLS: SELL signal (QS: 14.3, Moat: NARROW)
2026-06-19 22:27:30,342 - buffett.scanner - INFO - ACMR: SELL signal (QS: 14.3, Moat: NARROW)
2026-06-19 22:27:30,773 - buffett.scanner - INFO - ACNB: SELL signal (QS: 42.9, Moat: NARROW)
2026-06-19 22:27:31,235 - buffett.scanner - INFO - ACNT: SELL signal (QS: 14.3, Moat: NARROW)
2026-06-19 22:27:31,235 - buffett.scanner - INFO - Progress: 70/8473
2026-06-19 22:27:31,695 - buffett.scanner - INFO - ACOG: SELL signal (QS: 14.3, Moat: NARROW)
2026-06-19 22:27:32,121 - buffett.scanner - INFO - ACON: SELL signal (QS: 28.6, Moat: NARROW)
2026-06-19 22:27:32,569 - buffett.scanner - INFO - ACONW: SELL signal (QS: 28.6, Moat: NARROW)
2026-06-19 22:27:33,059 - buffett.scanner - INFO - ACRS: SELL signal (QS: 14.3, Moat: NARROW)
2026-06-19 22:27:33,506 - buffett.scanner - INFO - ACRV: SELL signal (QS: 28.6, Moat: NARROW)
2026-06-19 22:27:33,923 - buffett.scanner - INFO - ACT: SELL signal (QS: 42.9, Moat: NARROW)
2026-06-19 22:27:34,381 - buffett.scanner - INFO - ACTG: SELL signal (QS: 28.6, Moat: NARROW)
2026-06-19 22:27:34,803 - buffett.scanner - INFO - ACTU: SELL signal (QS: 14.3, Moat: NARROW)
2026-06-19 22:27:35,268 - buffett.scanner - INFO - ACWI: SELL signal (QS: 14.3, Moat: NARROW)
2026-06-19 22:27:35,708 - buffett.scanner - INFO - ACWX: SELL signal (QS: 14.3, Moat: NARROW)
2026-06-19 22:27:35,708 - buffett.scanner - INFO - Progress: 80/8473
2026-06-19 22:27:36,172 - buffett.scanner - INFO - ACXP: SELL signal (QS: 28.6, Moat: NARROW)
2026-06-19 22:27:36,654 - buffett.scanner - INFO - ADAC: SELL signal (QS: 14.3, Moat: NARROW)
2026-06-19 22:27:37,147 - buffett.scanner - INFO - ADACU: SELL signal (QS: 14.3, Moat: NARROW)
2026-06-19 22:27:37,528 - buffett.scanner - INFO - ADACW: SELL signal (QS: 14.3, Moat: NARROW)
2026-06-19 22:27:37,995 - buffett.scanner - INFO - ADAG: SELL signal (QS: 14.3, Moat: NARROW)
2026-06-19 22:27:38,454 - buffett.scanner - INFO - ADAM: SELL signal (QS: 57.1, Moat: NARROW)
2026-06-19 22:27:38,868 - buffett.scanner - INFO - ADAMG: SELL signal (QS: 0.0, Moat: NARROW)
2026-06-19 22:27:39,250 - buffett.scanner - INFO - ADAMH: SELL signal (QS: 0.0, Moat: NARROW)
2026-06-19 22:27:39,681 - buffett.scanner - INFO - ADAMI: SELL signal (QS: 0.0, Moat: NARROW)
2026-06-19 22:27:40,131 - buffett.scanner - INFO - ADAML: SELL signal (QS: 14.3, Moat: NARROW)
2026-06-19 22:27:40,131 - buffett.scanner - INFO - Progress: 90/8473
2026-06-19 22:27:40,558 - buffett.scanner - INFO - ADAMM: SELL signal (QS: 14.3, Moat: NARROW)
2026-06-19 22:27:41,039 - buffett.scanner - INFO - ADAMN: SELL signal (QS: 14.3, Moat: NARROW)
2026-06-19 22:27:41,420 - buffett.scanner - INFO - ADAMO: SELL signal (QS: 0.0, Moat: NARROW)
2026-06-19 22:27:41,931 - buffett.scanner - INFO - ADAMZ: SELL signal (QS: 14.3, Moat: NARROW)
2026-06-19 22:27:42,367 - buffett.scanner - INFO - ADBE: SELL signal (QS: 14.3, Moat: NARROW)
2026-06-19 22:27:42,807 - buffett.scanner - INFO - ADBG: SELL signal (QS: 0.0, Moat: NARROW)
2026-06-19 22:27:43,321 - buffett.scanner - INFO - ADEA: SELL signal (QS: 28.6, Moat: NARROW)
2026-06-19 22:27:43,744 - buffett.scanner - INFO - ADGM: SELL signal (QS: 14.3, Moat: NARROW)
2026-06-19 22:27:44,179 - buffett.scanner - INFO - ADI: SELL signal (QS: 14.3, Moat: NARROW)
2026-06-19 22:27:44,642 - buffett.scanner - INFO - ADIL: SELL signal (QS: 28.6, Moat: NARROW)
2026-06-19 22:27:44,643 - buffett.scanner - INFO - Progress: 100/8473
2026-06-19 22:27:45,061 - buffett.scanner - INFO - ADMA: SELL signal (QS: 28.6, Moat: NARROW)
2026-06-19 22:27:45,488 - buffett.scanner - INFO - ADP: SELL signal (QS: 14.3, Moat: NARROW)
2026-06-19 22:27:45,918 - buffett.scanner - INFO - ADPT: SELL signal (QS: 14.3, Moat: NARROW)
2026-06-19 22:27:46,338 - buffett.scanner - INFO - ADSE: SELL signal (QS: 28.6, Moat: NARROW)
2026-06-19 22:27:46,799 - buffett.scanner - INFO - ADSEW: SELL signal (QS: 14.3, Moat: NARROW)
2026-06-19 22:27:47,224 - buffett.scanner - INFO - ADSK: SELL signal (QS: 0.0, Moat: NARROW)
2026-06-19 22:27:47,687 - buffett.scanner - INFO - ADTN: SELL signal (QS: 14.3, Moat: NARROW)
2026-06-19 22:27:48,127 - buffett.scanner - INFO - ADTX: SELL signal (QS: 0.0, Moat: NARROW)
2026-06-19 22:27:48,531 - buffett.scanner - INFO - ADUR: SELL signal (QS: 14.3, Moat: NARROW)
2026-06-19 22:27:49,107 - buffett.scanner - INFO - ADUS: SELL signal (QS: 14.3, Moat: NARROW)
2026-06-19 22:27:49,107 - buffett.scanner - INFO - Progress: 110/8473
2026-06-19 22:27:49,569 - buffett.scanner - INFO - ADV: SELL signal (QS: 42.9, Moat: NARROW)
2026-06-19 22:27:49,984 - buffett.scanner - INFO - ADVB: SELL signal (QS: 57.1, Moat: NARROW)
2026-06-19 22:27:50,470 - buffett.scanner - INFO - ADXN: SELL signal (QS: 14.3, Moat: NARROW)
2026-06-19 22:27:50,972 - buffett.scanner - INFO - AEAQ: SELL signal (QS: 14.3, Moat: NARROW)
2026-06-19 22:27:51,471 - buffett.scanner - INFO - AEAQU: SELL signal (QS: 14.3, Moat: NARROW)
2026-06-19 22:27:51,829 - buffett.scanner - INFO - AEAQW: SELL signal (QS: 14.3, Moat: NARROW)
2026-06-19 22:27:52,231 - buffett.scanner - INFO - AEBI: SELL signal (QS: 42.9, Moat: NARROW)
2026-06-19 22:27:52,691 - buffett.scanner - INFO - AEC: SELL signal (QS: 14.3, Moat: NARROW)
2026-06-19 22:27:53,120 - buffett.scanner - INFO - AEHL: SELL signal (QS: 28.6, Moat: NARROW)
2026-06-19 22:27:53,527 - buffett.scanner - INFO - AEHR: SELL signal (QS: 14.3, Moat: NARROW)
2026-06-19 22:27:53,527 - buffett.scanner - INFO - Progress: 120/8473
2026-06-19 22:27:54,019 - buffett.scanner - INFO - AEI: SELL signal (QS: 28.6, Moat: NARROW)
2026-06-19 22:27:54,603 - buffett.scanner - INFO - AEIS: SELL signal (QS: 28.6, Moat: NARROW)
2026-06-19 22:27:55,057 - buffett.scanner - INFO - AEMD: SELL signal (QS: 28.6, Moat: NARROW)
2026-06-19 22:27:55,494 - buffett.scanner - INFO - AENT: SELL signal (QS: 14.3, Moat: NARROW)
2026-06-19 22:27:55,943 - buffett.scanner - INFO - AENTW: SELL signal (QS: 14.3, Moat: NARROW)
2026-06-19 22:27:56,438 - buffett.scanner - INFO - AEP: SELL signal (QS: 14.3, Moat: NARROW)
2026-06-19 22:27:56,903 - buffett.scanner - INFO - AERT: SELL signal (QS: 0.0, Moat: NARROW)
2026-06-19 22:27:57,319 - buffett.scanner - INFO - AERTW: SELL signal (QS: 0.0, Moat: NARROW)
2026-06-19 22:27:57,781 - buffett.scanner - INFO - AEVA: SELL signal (QS: 14.3, Moat: NARROW)
2026-06-19 22:27:58,232 - buffett.scanner - INFO - AEYE: SELL signal (QS: 14.3, Moat: NARROW)
2026-06-19 22:27:58,232 - buffett.scanner - INFO - Progress: 130/8473
2026-06-19 22:27:58,655 - buffett.scanner - INFO - AFBI: SELL signal (QS: 0.0, Moat: NARROW)
2026-06-19 22:27:59,144 - buffett.scanner - INFO - AFCG: SELL signal (QS: 28.6, Moat: NARROW)
2026-06-19 22:27:59,636 - buffett.scanner - INFO - AFJK: SELL signal (QS: 0.0, Moat: NARROW)
2026-06-19 22:28:00,011 - buffett.scanner - INFO - AFJKR: SELL signal (QS: 0.0, Moat: NARROW)
2026-06-19 22:28:00,491 - buffett.scanner - INFO - AFJKU: SELL signal (QS: 0.0, Moat: NARROW)
2026-06-19 22:28:00,879 - buffett.scanner - INFO - AFOS: SELL signal (QS: 0.0, Moat: NARROW)
2026-06-19 22:28:01,386 - buffett.scanner - INFO - AFRI: SELL signal (QS: 0.0, Moat: NARROW)
2026-06-19 22:28:01,838 - buffett.scanner - INFO - AFRIW: SELL signal (QS: 0.0, Moat: NARROW)
2026-06-19 22:28:02,318 - buffett.scanner - INFO - AFRM: SELL signal (QS: 14.3, Moat: NARROW)
2026-06-19 22:28:02,705 - buffett.scanner - INFO - AFSC: SELL signal (QS: 14.3, Moat: NARROW)
2026-06-19 22:28:02,705 - buffett.scanner - INFO - Progress: 140/8473
2026-06-19 22:28:03,647 - buffett.scanner - INFO - AGAE: SELL signal (QS: 28.6, Moat: NARROW)
2026-06-19 22:28:04,071 - buffett.scanner - INFO - AGCC: SELL signal (QS: 14.3, Moat: NARROW)
2026-06-19 22:28:04,452 - buffett.scanner - INFO - AGEM: SELL signal (QS: 14.3, Moat: NARROW)
2026-06-19 22:28:04,897 - buffett.scanner - INFO - AGEN: SELL signal (QS: 14.3, Moat: NARROW)
2026-06-19 22:28:05,302 - buffett.scanner - INFO - AGGA: SELL signal (QS: 14.3, Moat: NARROW)
2026-06-19 22:28:05,794 - buffett.scanner - INFO - AGH: SELL signal (QS: 14.3, Moat: NARROW)
2026-06-19 22:28:06,232 - buffett.scanner - INFO - AGIO: SELL signal (QS: 14.3, Moat: NARROW)
2026-06-19 22:28:06,626 - buffett.scanner - INFO - AGIX: SELL signal (QS: 0.0, Moat: NARROW)
2026-06-19 22:28:07,063 - buffett.scanner - INFO - AGMB: SELL signal (QS: 14.3, Moat: NARROW)
2026-06-19 22:28:07,063 - buffett.scanner - INFO - Progress: 150/8473
2026-06-19 22:28:07,501 - buffett.scanner - INFO - AGMH: SELL signal (QS: 57.1, Moat: NARROW)
2026-06-19 22:28:07,920 - buffett.scanner - INFO - AGMI: SELL signal (QS: 14.3, Moat: NARROW)
2026-06-19 22:28:08,324 - buffett.scanner - INFO - AGNC: SELL signal (QS: 57.1, Moat: NARROW)
2026-06-19 22:28:08,783 - buffett.scanner - INFO - AGNCL: SELL signal (QS: 14.3, Moat: NARROW)
2026-06-19 22:28:09,191 - buffett.scanner - INFO - AGNCM: SELL signal (QS: 14.3, Moat: NARROW)
2026-06-19 22:28:09,664 - buffett.scanner - INFO - AGNCN: SELL signal (QS: 14.3, Moat: NARROW)
2026-06-19 22:28:10,109 - buffett.scanner - INFO - AGNCO: SELL signal (QS: 14.3, Moat: NARROW)
2026-06-19 22:28:10,534 - buffett.scanner - INFO - AGNCP: SELL signal (QS: 14.3, Moat: NARROW)
2026-06-19 22:28:10,950 - buffett.scanner - INFO - AGNCZ: SELL signal (QS: 14.3, Moat: NARROW)
2026-06-19 22:28:11,330 - buffett.scanner - INFO - AGNG: SELL signal (QS: 14.3, Moat: NARROW)
2026-06-19 22:28:11,331 - buffett.scanner - INFO - Progress: 160/8473
2026-06-19 22:28:11,800 - buffett.scanner - INFO - AGNT: SELL signal (QS: 28.6, Moat: NARROW)
2026-06-19 22:28:12,275 - buffett.scanner - INFO - AGPU: SELL signal (QS: 28.6, Moat: NARROW)
2026-06-19 22:28:12,735 - buffett.scanner - INFO - AGRZ: SELL signal (QS: 28.6, Moat: NARROW)
2026-06-19 22:28:13,207 - buffett.scanner - INFO - AGYS: SELL signal (QS: 0.0, Moat: NARROW)
2026-06-19 22:28:13,618 - buffett.scanner - INFO - AGZD: SELL signal (QS: 14.3, Moat: NARROW)
2026-06-19 22:28:14,041 - buffett.scanner - INFO - AHCO: SELL signal (QS: 28.6, Moat: NARROW)
2026-06-19 22:28:14,503 - buffett.scanner - INFO - AHG: SELL signal (QS: 14.3, Moat: NARROW)
2026-06-19 22:28:14,966 - buffett.scanner - INFO - AHMA: SELL signal (QS: 14.3, Moat: NARROW)
2026-06-19 22:28:15,352 - buffett.scanner - INFO - AIA: SELL signal (QS: 14.3, Moat: NARROW)
2026-06-19 22:28:15,794 - buffett.scanner - INFO - AIDX: SELL signal (QS: 14.3, Moat: NARROW)
2026-06-19 22:28:15,795 - buffett.scanner - INFO - Progress: 170/8473
2026-06-19 22:28:16,263 - buffett.scanner - INFO - AIFC: SELL signal (QS: 14.3, Moat: NARROW)
2026-06-19 22:28:16,629 - buffett.scanner - INFO - AIFD: SELL signal (QS: 0.0, Moat: NARROW)
2026-06-19 22:28:17,084 - buffett.scanner - INFO - AIFF: SELL signal (QS: 14.3, Moat: NARROW)
2026-06-19 22:28:17,561 - buffett.scanner - INFO - AIFU: SELL signal (QS: 0.0, Moat: NARROW)
2026-06-19 22:28:17,981 - buffett.scanner - INFO - AIHS: SELL signal (QS: 14.3, Moat: NARROW)
2026-06-19 22:28:18,432 - buffett.scanner - INFO - AIIO: SELL signal (QS: 0.0, Moat: NARROW)
2026-06-19 22:28:18,922 - buffett.scanner - INFO - AIIOW: SELL signal (QS: 0.0, Moat: NARROW)
2026-06-19 22:28:19,373 - buffett.scanner - INFO - AIMD: SELL signal (QS: 0.0, Moat: NARROW)
2026-06-19 22:28:19,803 - buffett.scanner - INFO - AIMDW: SELL signal (QS: 14.3, Moat: NARROW)
2026-06-19 22:28:20,214 - buffett.scanner - INFO - AIMS: SELL signal (QS: 0.0, Moat: NARROW)
2026-06-19 22:28:20,214 - buffett.scanner - INFO - Progress: 180/8473
2026-06-19 22:28:20,615 - buffett.scanner - INFO - AIOS: SELL signal (QS: 28.6, Moat: NARROW)
2026-06-19 22:28:21,069 - buffett.scanner - INFO - AIOT: SELL signal (QS: 28.6, Moat: NARROW)
2026-06-19 22:28:21,506 - buffett.scanner - INFO - AIP: SELL signal (QS: 0.0, Moat: NARROW)
2026-06-19 22:28:21,873 - buffett.scanner - INFO - AIPI: SELL signal (QS: 14.3, Moat: NARROW)
2026-06-19 22:28:22,263 - buffett.scanner - INFO - AIPO: SELL signal (QS: 0.0, Moat: NARROW)
2026-06-19 22:28:22,631 - buffett.scanner - INFO - AIQ: SELL signal (QS: 14.3, Moat: NARROW)
2026-06-19 22:28:23,046 - buffett.scanner - INFO - AIRE: SELL signal (QS: 28.6, Moat: NARROW)
2026-06-19 22:28:23,497 - buffett.scanner - INFO - AIRG: SELL signal (QS: 14.3, Moat: NARROW)
2026-06-19 22:28:23,916 - buffett.scanner - INFO - AIRJ: SELL signal (QS: 28.6, Moat: NARROW)
2026-06-19 22:28:24,357 - buffett.scanner - INFO - AIRJW: SELL signal (QS: 28.6, Moat: NARROW)
2026-06-19 22:28:24,358 - buffett.scanner - INFO - Progress: 190/8473
2026-06-19 22:28:24,836 - buffett.scanner - INFO - AIRO: SELL signal (QS: 28.6, Moat: NARROW)
2026-06-19 22:28:25,211 - buffett.scanner - INFO - AIRR: SELL signal (QS: 14.3, Moat: NARROW)
2026-06-19 22:28:25,658 - buffett.scanner - INFO - AIRS: SELL signal (QS: 0.0, Moat: NARROW)
2026-06-19 22:28:26,132 - buffett.scanner - INFO - AIRT: SELL signal (QS: 0.0, Moat: NARROW)
2026-06-19 22:28:26,571 - buffett.scanner - INFO - AIRTP: SELL signal (QS: 14.3, Moat: NARROW)
2026-06-19 22:28:27,026 - buffett.scanner - INFO - AISP: SELL signal (QS: 14.3, Moat: NARROW)
2026-06-19 22:28:27,464 - buffett.scanner - INFO - AISPW: SELL signal (QS: 14.3, Moat: NARROW)
2026-06-19 22:28:27,946 - buffett.scanner - INFO - AIXC: SELL signal (QS: 14.3, Moat: NARROW)
2026-06-19 22:28:28,395 - buffett.scanner - INFO - AIXI: SELL signal (QS: 0.0, Moat: NARROW)
2026-06-19 22:28:28,854 - buffett.scanner - INFO - AKAM: SELL signal (QS: 14.3, Moat: NARROW)
2026-06-19 22:28:28,854 - buffett.scanner - INFO - Progress: 200/8473
2026-06-19 22:28:29,313 - buffett.scanner - INFO - AKAN: SELL signal (QS: 0.0, Moat: NARROW)
2026-06-19 22:28:29,808 - buffett.scanner - INFO - AKBA: SELL signal (QS: 0.0, Moat: NARROW)
2026-06-19 22:28:30,205 - buffett.scanner - INFO - AKTS: SELL signal (QS: 14.3, Moat: NARROW)
2026-06-19 22:28:30,613 - buffett.scanner - ERROR - Error processing AKTX: '>' not supported between instances of 'str' and 'int'
2026-06-19 22:28:31,047 - buffett.scanner - INFO - ALAB: SELL signal (QS: 14.3, Moat: NARROW)
2026-06-19 22:28:31,546 - buffett.scanner - INFO - ALAR: SELL signal (QS: 14.3, Moat: NARROW)
2026-06-19 22:28:31,970 - buffett.scanner - INFO - ALBG: SELL signal (QS: 0.0, Moat: NARROW)
2026-06-19 22:28:32,471 - buffett.scanner - INFO - ALBT: SELL signal (QS: 0.0, Moat: NARROW)
2026-06-19 22:28:32,970 - buffett.scanner - INFO - ALCO: SELL signal (QS: 28.6, Moat: NARROW)
2026-06-19 22:28:33,402 - buffett.scanner - INFO - ALCY: SELL signal (QS: 0.0, Moat: NARROW)
2026-06-19 22:28:33,402 - buffett.scanner - INFO - Progress: 210/8473
2026-06-19 22:28:33,663 - yfinance - ERROR - HTTP Error 404: {"quoteSummary":{"result":null,"error":{"code":"Not Found","description":"Quote not found for symbol: ALCYU"}}}
2026-06-19 22:28:33,714 - buffett.fetchers - WARNING - Alpha Vantage API key not configured
2026-06-19 22:28:33,715 - buffett.scanner - ERROR - Error processing ALCYU: All fetchers failed for ticker ALCYU
2026-06-19 22:28:34,203 - buffett.scanner - INFO - ALCYW: SELL signal (QS: 0.0, Moat: NARROW)
2026-06-19 22:28:34,639 - buffett.scanner - INFO - ALDF: SELL signal (QS: 14.3, Moat: NARROW)
2026-06-19 22:28:35,100 - buffett.scanner - INFO - ALDFU: SELL signal (QS: 14.3, Moat: NARROW)
2026-06-19 22:28:35,521 - buffett.scanner - INFO - ALDFW: SELL signal (QS: 14.3, Moat: NARROW)
2026-06-19 22:28:36,068 - buffett.scanner - INFO - ALDX: SELL signal (QS: 14.3, Moat: NARROW)
2026-06-19 22:28:36,490 - buffett.scanner - INFO - ALEC: SELL signal (QS: 14.3, Moat: NARROW)
2026-06-19 22:28:36,950 - buffett.scanner - INFO - ALF: SELL signal (QS: 0.0, Moat: NARROW)
2026-06-19 22:28:37,388 - buffett.scanner - INFO - ALFUU: SELL signal (QS: 0.0, Moat: NARROW)
2026-06-19 22:28:37,774 - buffett.scanner - INFO - ALFUW: SELL signal (QS: 0.0, Moat: NARROW)
2026-06-19 22:28:37,774 - buffett.scanner - INFO - Progress: 220/8473
2026-06-19 22:28:38,254 - buffett.scanner - INFO - ALGM: SELL signal (QS: 14.3, Moat: NARROW)
2026-06-19 22:28:38,735 - buffett.scanner - INFO - ALGN: SELL signal (QS: 0.0, Moat: NARROW)
2026-06-19 22:28:39,237 - buffett.scanner - INFO - ALGS: SELL signal (QS: 28.6, Moat: NARROW)
2026-06-19 22:28:39,704 - buffett.scanner - INFO - ALGT: SELL signal (QS: 14.3, Moat: NARROW)
2026-06-19 22:28:40,175 - buffett.scanner - INFO - ALHC: SELL signal (QS: 14.3, Moat: NARROW)
2026-06-19 22:28:40,570 - buffett.scanner - INFO - ALIL: SELL signal (QS: 14.3, Moat: NARROW)
2026-06-19 22:28:40,953 - buffett.scanner - INFO - ALIS: SELL signal (QS: 14.3, Moat: NARROW)
2026-06-19 22:28:41,391 - buffett.scanner - INFO - ALISR: SELL signal (QS: 14.3, Moat: NARROW)
2026-06-19 22:28:41,793 - buffett.scanner - INFO - ALISU: SELL signal (QS: 14.3, Moat: NARROW)
2026-06-19 22:28:42,294 - buffett.scanner - INFO - ALKS: SELL signal (QS: 14.3, Moat: NARROW)
2026-06-19 22:28:42,294 - buffett.scanner - INFO - Progress: 230/8473
2026-06-19 22:28:42,768 - buffett.scanner - INFO - ALKT: SELL signal (QS: 28.6, Moat: NARROW)
2026-06-19 22:28:43,207 - buffett.scanner - INFO - ALLO: SELL signal (QS: 14.3, Moat: NARROW)
2026-06-19 22:28:43,716 - buffett.scanner - INFO - ALLR: SELL signal (QS: 0.0, Moat: NARROW)
2026-06-19 22:28:44,171 - buffett.scanner - INFO - ALLT: SELL signal (QS: 14.3, Moat: NARROW)
2026-06-19 22:28:44,585 - buffett.scanner - INFO - ALLW: SELL signal (QS: 14.3, Moat: NARROW)
2026-06-19 22:28:45,066 - buffett.scanner - INFO - ALM: SELL signal (QS: 28.6, Moat: NARROW)
2026-06-19 22:28:45,515 - buffett.scanner - INFO - ALMR: SELL signal (QS: 14.3, Moat: NARROW)
2026-06-19 22:28:45,916 - buffett.scanner - INFO - ALMS: SELL signal (QS: 14.3, Moat: NARROW)
2026-06-19 22:28:46,351 - buffett.scanner - INFO - ALMU: SELL signal (QS: 14.3, Moat: NARROW)
2026-06-19 22:28:46,806 - buffett.scanner - INFO - ALNT: SELL signal (QS: 14.3, Moat: NARROW)
2026-06-19 22:28:46,806 - buffett.scanner - INFO - Progress: 240/8473
2026-06-19 22:28:47,250 - buffett.scanner - INFO - ALNY: SELL signal (QS: 14.3, Moat: NARROW)
2026-06-19 22:28:47,715 - buffett.scanner - INFO - ALOT: SELL signal (QS: 14.3, Moat: NARROW)
2026-06-19 22:28:48,111 - buffett.scanner - INFO - ALOV: SELL signal (QS: 0.0, Moat: NARROW)
2026-06-19 22:28:48,502 - buffett.scanner - INFO - ALOVU: SELL signal (QS: 0.0, Moat: NARROW)
2026-06-19 22:28:48,919 - buffett.scanner - INFO - ALOVW: SELL signal (QS: 0.0, Moat: NARROW)
2026-06-19 22:28:49,512 - buffett.scanner - INFO - ALOY: SELL signal (QS: 14.3, Moat: NARROW)
2026-06-19 22:28:49,919 - buffett.scanner - INFO - ALP: SELL signal (QS: 14.3, Moat: NARROW)
2026-06-19 22:28:50,330 - buffett.scanner - INFO - ALPS: SELL signal (QS: 0.0, Moat: NARROW)
2026-06-19 22:28:50,757 - buffett.scanner - INFO - ALRM: SELL signal (QS: 14.3, Moat: NARROW)
2026-06-19 22:28:51,206 - buffett.scanner - INFO - ALRS: SELL signal (QS: 28.6, Moat: NARROW)
2026-06-19 22:28:51,206 - buffett.scanner - INFO - Progress: 250/8473
2026-06-19 22:28:51,628 - buffett.scanner - INFO - ALT: SELL signal (QS: 28.6, Moat: NARROW)
2026-06-19 22:28:52,094 - buffett.scanner - INFO - ALTI: SELL signal (QS: 28.6, Moat: NARROW)
2026-06-19 22:28:52,528 - buffett.scanner - INFO - ALTO: SELL signal (QS: 42.9, Moat: NARROW)
2026-06-19 22:28:52,901 - buffett.scanner - INFO - ALTY: SELL signal (QS: 14.3, Moat: NARROW)
2026-06-19 22:28:53,354 - buffett.scanner - INFO - ALVO: SELL signal (QS: 14.3, Moat: NARROW)
2026-06-19 22:28:53,832 - buffett.scanner - INFO - ALVOW: SELL signal (QS: 14.3, Moat: NARROW)
2026-06-19 22:28:54,266 - buffett.scanner - INFO - ALXO: SELL signal (QS: 28.6, Moat: NARROW)
2026-06-19 22:28:54,662 - buffett.scanner - INFO - ALZN: SELL signal (QS: 14.3, Moat: NARROW)
2026-06-19 22:28:55,090 - buffett.scanner - INFO - AMA: SELL signal (QS: 0.0, Moat: NARROW)
2026-06-19 22:28:55,541 - buffett.scanner - INFO - AMAL: SELL signal (QS: 42.9, Moat: NARROW)
2026-06-19 22:28:55,542 - buffett.scanner - INFO - Progress: 260/8473
2026-06-19 22:28:56,000 - buffett.scanner - INFO - AMAT: SELL signal (QS: 14.3, Moat: NARROW)
2026-06-19 22:28:56,401 - buffett.scanner - INFO - AMBA: SELL signal (QS: 14.3, Moat: NARROW)
2026-06-19 22:28:56,857 - buffett.scanner - INFO - AMBR: SELL signal (QS: 14.3, Moat: NARROW)
2026-06-19 22:28:57,320 - buffett.scanner - INFO - AMCI: SELL signal (QS: 14.3, Moat: NARROW)
2026-06-19 22:28:57,756 - buffett.scanner - INFO - AMCX: SELL signal (QS: 57.1, Moat: NARROW)
2026-06-19 22:28:58,215 - buffett.scanner - INFO - AMD: SELL signal (QS: 14.3, Moat: NARROW)
2026-06-19 22:28:58,612 - buffett.scanner - INFO - AMDD: SELL signal (QS: 14.3, Moat: NARROW)
2026-06-19 22:28:59,034 - buffett.scanner - INFO - AMDG: SELL signal (QS: 14.3, Moat: NARROW)
2026-06-19 22:28:59,444 - buffett.scanner - INFO - AMDL: SELL signal (QS: 0.0, Moat: NARROW)
2026-06-19 22:28:59,906 - buffett.scanner - INFO - AMGN: SELL signal (QS: 14.3, Moat: NARROW)
2026-06-19 22:28:59,906 - buffett.scanner - INFO - Progress: 270/8473
2026-06-19 22:29:00,269 - buffett.scanner - INFO - AMID: SELL signal (QS: 14.3, Moat: NARROW)
2026-06-19 22:29:00,699 - buffett.scanner - INFO - AMIX: SELL signal (QS: 28.6, Moat: NARROW)
2026-06-19 22:29:01,122 - buffett.scanner - INFO - AMKR: SELL signal (QS: 14.3, Moat: NARROW)
2026-06-19 22:29:01,601 - buffett.scanner - INFO - AMLX: SELL signal (QS: 14.3, Moat: NARROW)
2026-06-19 22:29:02,062 - buffett.scanner - INFO - AMOD: SELL signal (QS: 0.0, Moat: NARROW)
2026-06-19 22:29:02,463 - buffett.scanner - INFO - AMODW: SELL signal (QS: 0.0, Moat: NARROW)
2026-06-19 22:29:02,969 - buffett.scanner - INFO - AMPG: SELL signal (QS: 14.3, Moat: NARROW)
2026-06-19 22:29:03,367 - buffett.scanner - INFO - AMPGR: SELL signal (QS: 14.3, Moat: NARROW)
2026-06-19 22:29:03,731 - buffett.scanner - INFO - AMPGZ: SELL signal (QS: 14.3, Moat: NARROW)
2026-06-19 22:29:04,220 - buffett.scanner - INFO - AMPH: SELL signal (QS: 57.1, Moat: NARROW)
2026-06-19 22:29:04,220 - buffett.scanner - INFO - Progress: 280/8473
2026-06-19 22:29:04,642 - buffett.scanner - INFO - AMPL: SELL signal (QS: 14.3, Moat: NARROW)
2026-06-19 22:29:05,071 - buffett.scanner - INFO - AMRN: SELL signal (QS: 28.6, Moat: NARROW)
2026-06-19 22:29:05,523 - buffett.scanner - INFO - AMRX: SELL signal (QS: 14.3, Moat: NARROW)
2026-06-19 22:29:06,017 - buffett.scanner - INFO - AMSC: SELL signal (QS: 28.6, Moat: NARROW)
2026-06-19 22:29:06,480 - buffett.scanner - INFO - AMSF: SELL signal (QS: 42.9, Moat: NARROW)
2026-06-19 22:29:06,888 - buffett.scanner - INFO - AMST: SELL signal (QS: 14.3, Moat: NARROW)
2026-06-19 22:29:07,307 - buffett.scanner - INFO - AMTX: SELL signal (QS: 0.0, Moat: NARROW)
2026-06-19 22:29:07,658 - buffett.scanner - INFO - AMUN: SELL signal (QS: 14.3, Moat: NARROW)
2026-06-19 22:29:08,027 - buffett.scanner - INFO - AMUU: SELL signal (QS: 14.3, Moat: NARROW)
2026-06-19 22:29:08,454 - buffett.scanner - INFO - AMWD: SELL signal (QS: 28.6, Moat: NARROW)
2026-06-19 22:29:08,454 - buffett.scanner - INFO - Progress: 290/8473
2026-06-19 22:29:08,798 - buffett.scanner - INFO - AMYY: SELL signal (QS: 0.0, Moat: NARROW)
2026-06-19 22:29:09,240 - buffett.scanner - INFO - AMZD: SELL signal (QS: 14.3, Moat: NARROW)
2026-06-19 22:29:09,703 - buffett.scanner - INFO - AMZN: SELL signal (QS: 0.0, Moat: NARROW)
2026-06-19 22:29:10,089 - buffett.scanner - INFO - AMZU: SELL signal (QS: 14.3, Moat: NARROW)
2026-06-19 22:29:10,466 - buffett.scanner - INFO - AMZZ: SELL signal (QS: 0.0, Moat: NARROW)
2026-06-19 22:29:10,906 - buffett.scanner - INFO - ANAB: SELL signal (QS: 28.6, Moat: NARROW)
2026-06-19 22:29:11,367 - buffett.scanner - INFO - ANDE: SELL signal (QS: 14.3, Moat: NARROW)
2026-06-19 22:29:11,763 - buffett.scanner - INFO - ANEL: SELL signal (QS: 0.0, Moat: NARROW)
2026-06-19 22:29:12,266 - buffett.scanner - INFO - ANGH: SELL signal (QS: 0.0, Moat: NARROW)
2026-06-19 22:29:12,744 - buffett.scanner - INFO - ANGHW: SELL signal (QS: 14.3, Moat: NARROW)
2026-06-19 22:29:12,744 - buffett.scanner - INFO - Progress: 300/8473
2026-06-19 22:29:13,206 - buffett.scanner - INFO - ANGI: SELL signal (QS: 42.9, Moat: NARROW)
2026-06-19 22:29:13,578 - buffett.scanner - INFO - ANGL: SELL signal (QS: 14.3, Moat: NARROW)
2026-06-19 22:29:14,055 - buffett.scanner - INFO - ANGO: SELL signal (QS: 14.3, Moat: NARROW)
2026-06-19 22:29:14,559 - buffett.scanner - INFO - ANIK: SELL signal (QS: 28.6, Moat: NARROW)
2026-06-19 22:29:15,047 - buffett.scanner - INFO - ANIP: SELL signal (QS: 14.3, Moat: NARROW)
2026-06-19 22:29:15,505 - buffett.scanner - INFO - ANIX: SELL signal (QS: 14.3, Moat: NARROW)
2026-06-19 22:29:15,966 - buffett.scanner - INFO - ANL: SELL signal (QS: 0.0, Moat: NARROW)
2026-06-19 22:29:16,426 - buffett.scanner - INFO - ANNA: SELL signal (QS: 14.3, Moat: NARROW)
2026-06-19 22:29:16,869 - buffett.scanner - INFO - ANNAW: SELL signal (QS: 28.6, Moat: NARROW)
2026-06-19 22:29:17,398 - buffett.scanner - INFO - ANNX: SELL signal (QS: 14.3, Moat: NARROW)
2026-06-19 22:29:17,398 - buffett.scanner - INFO - Progress: 310/8473
2026-06-19 22:29:17,876 - buffett.scanner - INFO - ANPA: SELL signal (QS: 0.0, Moat: NARROW)
2026-06-19 22:29:18,268 - buffett.scanner - INFO - ANSC: SELL signal (QS: 0.0, Moat: NARROW)
2026-06-19 22:29:18,662 - buffett.scanner - INFO - ANSCU: SELL signal (QS: 0.0, Moat: NARROW)
2026-06-19 22:29:19,095 - buffett.scanner - INFO - ANSCW: SELL signal (QS: 0.0, Moat: NARROW)
2026-06-19 22:29:19,554 - buffett.scanner - INFO - ANTA: SELL signal (QS: 42.9, Moat: NARROW)
2026-06-19 22:29:20,000 - buffett.scanner - INFO - ANTX: SELL signal (QS: 14.3, Moat: NARROW)
2026-06-19 22:29:20,403 - buffett.scanner - INFO - ANV: SELL signal (QS: 0.0, Moat: NARROW)
2026-06-19 22:29:20,851 - buffett.scanner - INFO - ANY: SELL signal (QS: 28.6, Moat: NARROW)
2026-06-19 22:29:21,198 - buffett.scanner - INFO - AOHY: SELL signal (QS: 28.6, Moat: NARROW)
2026-06-19 22:29:21,619 - buffett.scanner - INFO - AOSL: SELL signal (QS: 14.3, Moat: NARROW)
2026-06-19 22:29:21,619 - buffett.scanner - INFO - Progress: 320/8473
2026-06-19 22:29:21,993 - buffett.scanner - INFO - AOTG: SELL signal (QS: 0.0, Moat: NARROW)
2026-06-19 22:29:22,488 - buffett.scanner - INFO - AOUT: SELL signal (QS: 28.6, Moat: NARROW)
2026-06-19 22:29:22,967 - buffett.scanner - INFO - APA: SELL signal (QS: 42.9, Moat: NARROW)
2026-06-19 22:29:23,350 - buffett.scanner - INFO - APAC: SELL signal (QS: 14.3, Moat: NARROW)
2026-06-19 22:29:23,699 - buffett.scanner - INFO - APACR: SELL signal (QS: 14.3, Moat: NARROW)
2026-06-19 22:29:24,071 - buffett.scanner - INFO - APACU: SELL signal (QS: 14.3, Moat: NARROW)
2026-06-19 22:29:24,506 - buffett.scanner - INFO - APC: SELL signal (QS: 14.3, Moat: NARROW)
2026-06-19 22:29:24,985 - buffett.scanner - INFO - APEI: SELL signal (QS: 14.3, Moat: NARROW)
2026-06-19 22:29:25,385 - buffett.scanner - INFO - APGE: SELL signal (QS: 14.3, Moat: NARROW)
2026-06-19 22:29:25,854 - buffett.scanner - INFO - API: SELL signal (QS: 28.6, Moat: NARROW)
2026-06-19 22:29:25,854 - buffett.scanner - INFO - Progress: 330/8473
2026-06-19 22:29:26,282 - buffett.scanner - INFO - APLD: SELL signal (QS: 14.3, Moat: NARROW)
2026-06-19 22:29:26,758 - buffett.scanner - INFO - APLM: SELL signal (QS: 0.0, Moat: NARROW)
2026-06-19 22:29:27,199 - buffett.scanner - INFO - APLMW: SELL signal (QS: 0.0, Moat: NARROW)
2026-06-19 22:29:27,652 - buffett.scanner - INFO - APLS: SELL signal (QS: 14.3, Moat: NARROW)
2026-06-19 22:29:28,137 - buffett.scanner - INFO - APM: SELL signal (QS: 14.3, Moat: NARROW)
2026-06-19 22:29:28,622 - buffett.scanner - INFO - APOG: SELL signal (QS: 14.3, Moat: NARROW)
2026-06-19 22:29:29,078 - buffett.scanner - INFO - APP: SELL signal (QS: 14.3, Moat: NARROW)
2026-06-19 22:29:29,508 - buffett.scanner - INFO - APPF: SELL signal (QS: 14.3, Moat: NARROW)
2026-06-19 22:29:29,938 - buffett.scanner - INFO - APPN: SELL signal (QS: 0.0, Moat: NARROW)
2026-06-19 22:29:30,390 - buffett.scanner - INFO - APPS: SELL signal (QS: 14.3, Moat: NARROW)
2026-06-19 22:29:30,390 - buffett.scanner - INFO - Progress: 340/8473
2026-06-19 22:29:30,770 - buffett.scanner - INFO - APPX: SELL signal (QS: 14.3, Moat: NARROW)
2026-06-19 22:29:31,213 - buffett.scanner - INFO - APRE: SELL signal (QS: 28.6, Moat: NARROW)
2026-06-19 22:29:31,644 - buffett.scanner - INFO - APVO: SELL signal (QS: 57.1, Moat: NARROW)
2026-06-19 22:29:32,085 - buffett.scanner - INFO - APWC: SELL signal (QS: 57.1, Moat: NARROW)
2026-06-19 22:29:32,567 - buffett.scanner - INFO - APXT: SELL signal (QS: 14.3, Moat: NARROW)
2026-06-19 22:29:33,053 - buffett.scanner - INFO - APXTU: SELL signal (QS: 14.3, Moat: NARROW)
2026-06-19 22:29:33,493 - buffett.scanner - INFO - APXTW: SELL signal (QS: 14.3, Moat: NARROW)
2026-06-19 22:29:33,922 - buffett.scanner - INFO - APYX: SELL signal (QS: 14.3, Moat: NARROW)
2026-06-19 22:29:34,434 - buffett.scanner - INFO - AQB: SELL signal (QS: 0.0, Moat: NARROW)
2026-06-19 22:29:34,958 - buffett.scanner - INFO - AQMS: SELL signal (QS: 28.6, Moat: NARROW)
2026-06-19 22:29:34,958 - buffett.scanner - INFO - Progress: 350/8473
2026-06-19 22:29:35,433 - buffett.scanner - INFO - AQST: SELL signal (QS: 14.3, Moat: NARROW)
2026-06-19 22:29:35,823 - buffett.scanner - INFO - AQWA: SELL signal (QS: 14.3, Moat: NARROW)
2026-06-19 22:29:36,286 - buffett.scanner - INFO - ARAI: SELL signal (QS: 0.0, Moat: NARROW)
2026-06-19 22:29:36,797 - buffett.scanner - INFO - ARAY: SELL signal (QS: 14.3, Moat: NARROW)
2026-06-19 22:29:37,226 - buffett.scanner - INFO - ARBB: SELL signal (QS: 28.6, Moat: NARROW)
2026-06-19 22:29:37,734 - buffett.scanner - INFO - ARBE: SELL signal (QS: 14.3, Moat: NARROW)
2026-06-19 22:29:38,182 - buffett.scanner - INFO - ARBEW: SELL signal (QS: 28.6, Moat: NARROW)
2026-06-19 22:29:38,743 - buffett.scanner - INFO - ARBK: SELL signal (QS: 28.6, Moat: NARROW)
2026-06-19 22:29:39,258 - buffett.scanner - INFO - ARCB: SELL signal (QS: 14.3, Moat: NARROW)
2026-06-19 22:29:39,722 - buffett.scanner - INFO - ARCC: SELL signal (QS: 57.1, Moat: NARROW)
2026-06-19 22:29:39,722 - buffett.scanner - INFO - Progress: 360/8473
2026-06-19 22:29:40,303 - buffett.scanner - INFO - ARCI: SELL signal (QS: 0.0, Moat: NARROW)
2026-06-19 22:29:40,847 - buffett.scanner - INFO - ARCIU: SELL signal (QS: 0.0, Moat: NARROW)
2026-06-19 22:29:41,243 - buffett.scanner - INFO - ARCIW: SELL signal (QS: 0.0, Moat: NARROW)
2026-06-19 22:29:41,764 - buffett.scanner - INFO - ARCLU: SELL signal (QS: 0.0, Moat: NARROW)
2026-06-19 22:29:42,251 - buffett.scanner - INFO - ARCT: SELL signal (QS: 28.6, Moat: NARROW)
2026-06-19 22:29:42,751 - buffett.scanner - INFO - ARDX: SELL signal (QS: 28.6, Moat: NARROW)
2026-06-19 22:29:43,250 - buffett.scanner - INFO - AREB: SELL signal (QS: 28.6, Moat: NARROW)
2026-06-19 22:29:43,729 - buffett.scanner - INFO - AREBW: SELL signal (QS: 14.3, Moat: NARROW)
2026-06-19 22:29:44,183 - buffett.scanner - INFO - AREC: SELL signal (QS: 28.6, Moat: NARROW)
2026-06-19 22:29:44,653 - buffett.scanner - INFO - ARGX: SELL signal (QS: 0.0, Moat: NARROW)
2026-06-19 22:29:44,653 - buffett.scanner - INFO - Progress: 370/8473
2026-06-19 22:29:45,211 - buffett.scanner - INFO - ARHS: SELL signal (QS: 0.0, Moat: NARROW)
2026-06-19 22:29:45,671 - buffett.scanner - INFO - ARKO: SELL signal (QS: 28.6, Moat: NARROW)
2026-06-19 22:29:46,106 - buffett.scanner - INFO - ARKR: SELL signal (QS: 14.3, Moat: NARROW)
2026-06-19 22:29:46,595 - buffett.scanner - INFO - ARLP: SELL signal (QS: 28.6, Moat: NARROW)
2026-06-19 22:29:47,060 - buffett.scanner - INFO - ARM: SELL signal (QS: 14.3, Moat: NARROW)
2026-06-19 22:29:47,436 - buffett.scanner - INFO - ARMG: SELL signal (QS: 14.3, Moat: NARROW)
2026-06-19 22:29:47,837 - buffett.scanner - INFO - ARMY: SELL signal (QS: 0.0, Moat: NARROW)
2026-06-19 22:29:48,315 - buffett.scanner - INFO - AROW: SELL signal (QS: 42.9, Moat: NARROW)
2026-06-19 22:29:48,794 - buffett.scanner - INFO - ARQ: SELL signal (QS: 14.3, Moat: NARROW)
2026-06-19 22:29:49,265 - buffett.scanner - INFO - ARQQ: SELL signal (QS: 14.3, Moat: NARROW)
2026-06-19 22:29:49,265 - buffett.scanner - INFO - Progress: 380/8473
2026-06-19 22:29:49,731 - buffett.scanner - INFO - ARQQW: SELL signal (QS: 28.6, Moat: NARROW)
2026-06-19 22:29:50,240 - buffett.scanner - INFO - ARQT: SELL signal (QS: 14.3, Moat: NARROW)
2026-06-19 22:29:50,732 - buffett.scanner - INFO - ARRY: SELL signal (QS: 28.6, Moat: NARROW)
2026-06-19 22:29:51,132 - buffett.scanner - INFO - ARTC: SELL signal (QS: 0.0, Moat: NARROW)
2026-06-19 22:29:51,671 - buffett.scanner - INFO - ARTCU: SELL signal (QS: 0.0, Moat: NARROW)
2026-06-19 22:29:52,123 - buffett.scanner - INFO - ARTCW: SELL signal (QS: 0.0, Moat: NARROW)
2026-06-19 22:29:52,664 - buffett.scanner - INFO - ARTL: SELL signal (QS: 28.6, Moat: NARROW)
2026-06-19 22:29:53,109 - buffett.scanner - INFO - ARTNA: SELL signal (QS: 42.9, Moat: NARROW)
2026-06-19 22:29:53,543 - buffett.scanner - INFO - ARTV: SELL signal (QS: 14.3, Moat: NARROW)
2026-06-19 22:29:54,051 - buffett.scanner - INFO - ARTW: SELL signal (QS: 57.1, Moat: NARROW)
2026-06-19 22:29:54,051 - buffett.scanner - INFO - Progress: 390/8473
2026-06-19 22:29:54,500 - buffett.scanner - INFO - ARVN: SELL signal (QS: 28.6, Moat: NARROW)
