
  You can now view your Streamlit app in your browser.

  Local URL: http://localhost:8501
  Network URL: http://192.168.1.25:8501

2026-06-26 20:08:38.922 Please replace `use_container_width` with `width`.

`use_container_width` will be removed after 2025-12-31.

For `use_container_width=True`, use `width='stretch'`. For `use_container_width=False`, use `width='content'`.
  Stopping...
10:12 +08 2026: Dashboard already running and serving requests
Fri 26 Jun 20:15:12 +08 2026: Dashboard already running and serving requests
Fri 26 Jun 20:20:12 +08 2026: Dashboard already running and serving requests
Fri 26 Jun 20:25:12 +08 2026: Dashboard already running and serving requests
Fri 26 Jun 20:30:12 +08 2026: Dashboard already running and serving requests
Fri 26 Jun 20:35:12 +08 2026: Dashboard already running and serving requests
Fri 26 Jun 20:40:12 +08 2026: Dashboard already running and serving requests
Fri 26 Jun 20:45:12 +08 2026: Dashboard already running and serving requests
Fri 26 Jun 20:50:12 +08 2026: Dashboard already running and serving requests
Fri 26 Jun 20:55:13 +08 2026: Dashboard already running and serving requests
Fri 26 Jun 21:00:13 +08 2026: Dashboard already running and serving requests
Fri 26 Jun 21:05:13 +08 2026: Dashboard already running and serving requests
Fri 26 Jun 21:10:13 +08 2026: Dashboard already running and serving requests
Fri 26 Jun 21:15:13 +08 2026: Dashboard already running and serving requests
Fri 26 Jun 21:20:13 +08 2026: Dashboard already running and serving requests
Fri 26 Jun 21:25:13 +08 2026: Dashboard already running and serving requests
Fri 26 Jun 21:30:13 +08 2026: Dashboard already running and serving requests
Fri 26 Jun 21:35:13 +08 2026: Dashboard already running and serving requests
Fri 26 Jun 21:40:13 +08 2026: Dashboard already running and serving requests
Fri 26 Jun 21:45:13 +08 2026: Dashboard already running and serving requests
Fri 26 Jun 21:50:13 +08 2026: Dashboard already running and serving requests
Fri 26 Jun 21:55:13 +08 2026: Dashboard already running and serving requests
Fri 26 Jun 22:00:13 +08 2026: Dashboard already running and serving requests
Fri 26 Jun 22:05:13 +08 2026: Dashboard already running and serving requests
Fri 26 Jun 22:10:13 +08 2026: Dashboard already running and serving requests
Fri 26 Jun 22:15:13 +08 2026: Dashboard already running and serving requests
Fri 26 Jun 22:20:13 +08 2026: Dashboard already running and serving requests
Fri 26 Jun 22:25:13 +08 2026: Dashboard already running and serving requests
Fri 26 Jun 22:30:14 +08 2026: Dashboard already running and serving requests
Fri 26 Jun 22:35:14 +08 2026: Dashboard already running and serving requests
Fri 26 Jun 22:40:14 +08 2026: Dashboard already running and serving requests
Fri 26 Jun 22:45:14 +08 2026: Dashboard already running and serving requests
Fri 26 Jun 22:50:14 +08 2026: Dashboard already running and serving requests
Fri 26 Jun 22:55:14 +08 2026: Dashboard already running and serving requests
Fri 26 Jun 23:00:14 +08 2026: Dashboard already running and serving requests
Fri 26 Jun 23:05:14 +08 2026: Dashboard already running and serving requests
Fri 26 Jun 23:10:14 +08 2026: Dashboard already running and serving requests
Fri 26 Jun 23:15:14 +08 2026: Dashboard already running and serving requests
Fri 26 Jun 23:20:14 +08 2026: Dashboard already running and serving requests
Fri 26 Jun 23:25:14 +08 2026: Dashboard already running and serving requests
Fri 26 Jun 23:30:14 +08 2026: Dashboard already running and serving requests
Fri 26 Jun 23:35:14 +08 2026: Dashboard already running and serving requests
Fri 26 Jun 23:40:14 +08 2026: Dashboard already running and serving requests
Fri 26 Jun 23:45:14 +08 2026: Dashboard already running and serving requests
Fri 26 Jun 23:50:14 +08 2026: Dashboard already running and serving requests
Fri 26 Jun 23:55:14 +08 2026: Dashboard already running and serving requests
Sat 27 Jun 00:00:15 +08 2026: Dashboard already running and serving requests
Sat 27 Jun 00:05:14 +08 2026: Dashboard already running and serving requests
Sat 27 Jun 00:10:15 +08 2026: Dashboard already running and serving requests
Sat 27 Jun 00:15:15 +08 2026: Dashboard already running and serving requests
Sat 27 Jun 00:20:15 +08 2026: Dashboard already running and serving requests
Sat 27 Jun 00:25:15 +08 2026: Dashboard already running and serving requests
Sat 27 Jun 00:30:15 +08 2026: Dashboard already running and serving requests
Sat 27 Jun 00:35:15 +08 2026: Dashboard already running and serving requests
Sat 27 Jun 00:40:15 +08 2026: Dashboard already running and serving requests
Sat 27 Jun 00:45:15 +08 2026: Dashboard already running and serving requests
Sat 27 Jun 00:50:15 +08 2026: Dashboard already running and serving requests
Sat 27 Jun 00:55:15 +08 2026: Dashboard already running and serving requests
Sat 27 Jun 01:00:15 +08 2026: Dashboard already running and serving requests
Sat 27 Jun 01:05:15 +08 2026: Dashboard already running and serving requests
Sat 27 Jun 01:10:15 +08 2026: Dashboard already running and serving requests
Sat 27 Jun 01:15:15 +08 2026: Dashboard already running and serving requests
Sat 27 Jun 01:20:15 +08 2026: Dashboard already running and serving requests
Sat 27 Jun 01:25:15 +08 2026: Dashboard already running and serving requests
Sat 27 Jun 01:30:15 +08 2026: Dashboard already running and serving requests
Sat 27 Jun 01:35:15 +08 2026: Dashboard already running and serving requests
Sat 27 Jun 01:40:15 +08 2026: Dashboard already running and serving requests
Sat 27 Jun 01:45:16 +08 2026: Dashboard already running and serving requests
Sat 27 Jun 01:50:16 +08 2026: Dashboard already running and serving requests
Sat 27 Jun 01:55:16 +08 2026: Dashboard already running and serving requests
Sat 27 Jun 02:00:16 +08 2026: Dashboard already running and serving requests
Sat 27 Jun 02:05:16 +08 2026: Dashboard already running and serving requests
Sat 27 Jun 02:10:16 +08 2026: Dashboard already running and serving requests
Sat 27 Jun 02:15:16 +08 2026: Dashboard already running and serving requests
Sat 27 Jun 02:20:16 +08 2026: Dashboard already running and serving requests
Sat 27 Jun 02:25:16 +08 2026: Dashboard already running and serving requests
Sat 27 Jun 02:30:16 +08 2026: Dashboard already running and serving requests
Sat 27 Jun 02:35:16 +08 2026: Dashboard already running and serving requests
Sat 27 Jun 02:40:16 +08 2026: Dashboard already running and serving requests
Sat 27 Jun 02:45:16 +08 2026: Dashboard already running and serving requests
Sat 27 Jun 02:50:16 +08 2026: Dashboard already running and serving requests
Sat 27 Jun 02:55:16 +08 2026: Dashboard already running and serving requests
Sat 27 Jun 03:00:16 +08 2026: Dashboard already running and serving requests
Sat 27 Jun 03:05:16 +08 2026: Dashboard already running and serving requests
Sat 27 Jun 03:10:16 +08 2026: Dashboard already running and serving requests
Sat 27 Jun 03:15:17 +08 2026: Dashboard already running and serving requests
Sat 27 Jun 03:20:17 +08 2026: Dashboard already running and serving requests
Sat 27 Jun 03:25:17 +08 2026: Dashboard already running and serving requests
Sat 27 Jun 03:30:17 +08 2026: Dashboard already running and serving requests
Sat 27 Jun 03:35:17 +08 2026: Dashboard already running and serving requests
Sat 27 Jun 03:40:17 +08 2026: Dashboard already running and serving requests
Sat 27 Jun 03:45:17 +08 2026: Dashboard already running and serving requests
Sat 27 Jun 03:50:17 +08 2026: Dashboard already running and serving requests
Sat 27 Jun 03:55:17 +08 2026: Dashboard already running and serving requests
Sat 27 Jun 04:00:17 +08 2026: Dashboard already running and serving requests
Sat 27 Jun 04:05:17 +08 2026: Dashboard already running and serving requests
Sat 27 Jun 04:10:17 +08 2026: Dashboard already running and serving requests
Sat 27 Jun 04:15:17 +08 2026: Dashboard already running and serving requests
Sat 27 Jun 04:20:17 +08 2026: Dashboard already running and serving requests
Sat 27 Jun 04:25:17 +08 2026: Dashboard already running and serving requests
Sat 27 Jun 04:30:17 +08 2026: Dashboard already running and serving requests
Sat 27 Jun 04:35:17 +08 2026: Dashboard already running and serving requests
Sat 27 Jun 04:40:17 +08 2026: Dashboard already running and serving requests
Sat 27 Jun 04:45:18 +08 2026: Dashboard already running and serving requests
Sat 27 Jun 04:50:18 +08 2026: Dashboard already running and serving requests
Sat 27 Jun 04:55:18 +08 2026: Dashboard already running and serving requests
Sat 27 Jun 05:00:18 +08 2026: Dashboard already running and serving requests
Sat 27 Jun 05:05:18 +08 2026: Dashboard already running and serving requests
Sat 27 Jun 05:10:18 +08 2026: Dashboard already running and serving requests
Sat 27 Jun 05:15:18 +08 2026: Dashboard already running and serving requests
Sat 27 Jun 05:20:18 +08 2026: Dashboard already running and serving requests
Sat 27 Jun 05:25:18 +08 2026: Dashboard already running and serving requests
Sat 27 Jun 05:30:18 +08 2026: Dashboard already running and serving requests
Sat 27 Jun 05:35:18 +08 2026: Dashboard already running and serving requests
Sat 27 Jun 05:40:18 +08 2026: Dashboard already running and serving requests
Sat 27 Jun 05:45:18 +08 2026: Dashboard already running and serving requests
Sat 27 Jun 05:50:18 +08 2026: Dashboard already running and serving requests
Sat 27 Jun 05:55:18 +08 2026: Dashboard already running and serving requests
Sat 27 Jun 06:00:18 +08 2026: Dashboard already running and serving requests
Sat 27 Jun 06:05:18 +08 2026: Dashboard already running and serving requests
Sat 27 Jun 06:10:18 +08 2026: Dashboard already running and serving requests
Sat 27 Jun 06:15:18 +08 2026: Dashboard already running and serving requests
Sat 27 Jun 06:20:18 +08 2026: Dashboard already running and serving requests
Sat 27 Jun 06:25:19 +08 2026: Dashboard already running and serving requests
Sat 27 Jun 06:30:19 +08 2026: Dashboard already running and serving requests
Sat 27 Jun 06:35:19 +08 2026: Dashboard already running and serving requests
Sat 27 Jun 06:40:19 +08 2026: Dashboard already running and serving requests
Sat 27 Jun 06:45:19 +08 2026: Dashboard already running and serving requests
Sat 27 Jun 06:50:19 +08 2026: Dashboard already running and serving requests
Sat 27 Jun 06:55:19 +08 2026: Dashboard already running and serving requests
Sat 27 Jun 07:00:19 +08 2026: Dashboard already running and serving requests
Sat 27 Jun 07:00:52 +08 2026: Dashboard already running and serving requests
Sat 27 Jun 07:05:19 +08 2026: Dashboard already running and serving requests
Sat 27 Jun 07:10:19 +08 2026: Dashboard already running and serving requests
Sat 27 Jun 07:15:19 +08 2026: Dashboard already running and serving requests
Sat 27 Jun 07:20:19 +08 2026: Dashboard already running and serving requests
Sat 27 Jun 07:25:19 +08 2026: Dashboard already running and serving requests
Sat 27 Jun 07:30:19 +08 2026: Dashboard already running and serving requests
Sat 27 Jun 07:35:19 +08 2026: Dashboard already running and serving requests
Sat 27 Jun 07:40:19 +08 2026: Dashboard already running and serving requests
Sat 27 Jun 07:45:19 +08 2026: Dashboard already running and serving requests
Sat 27 Jun 07:50:19 +08 2026: Dashboard already running and serving requests
Sat 27 Jun 07:55:19 +08 2026: Dashboard already running and serving requests
Sat 27 Jun 08:00:20 +08 2026: Dashboard already running and serving requests
Sat 27 Jun 08:05:20 +08 2026: Dashboard already running and serving requests
Sat 27 Jun 08:10:20 +08 2026: Dashboard already running and serving requests
Sat 27 Jun 08:15:20 +08 2026: Dashboard already running and serving requests
Sat 27 Jun 08:20:20 +08 2026: Dashboard already running and serving requests
Sat 27 Jun 08:25:20 +08 2026: Dashboard already running and serving requests
Sat 27 Jun 08:30:20 +08 2026: Dashboard already running and serving requests
Sat 27 Jun 08:35:20 +08 2026: Dashboard already running and serving requests
Sat 27 Jun 08:40:20 +08 2026: Dashboard already running and serving requests
Sat 27 Jun 08:45:20 +08 2026: Dashboard already running and serving requests
Sat 27 Jun 08:50:20 +08 2026: Dashboard already running and serving requests
Sat 27 Jun 08:55:20 +08 2026: Dashboard already running and serving requests
Sat 27 Jun 09:00:20 +08 2026: Dashboard already running and serving requests
Sat 27 Jun 09:05:20 +08 2026: Dashboard already running and serving requests
Mon 29 Jun 08:35:14 +08 2026: Dashboard already running and serving requests
Mon 29 Jun 08:40:14 +08 2026: Dashboard already running and serving requests
Mon 29 Jun 08:45:14 +08 2026: Dashboard already running and serving requests
Mon 29 Jun 08:50:14 +08 2026: Dashboard already running and serving requests
Mon 29 Jun 08:55:14 +08 2026: Dashboard already running and serving requests
Mon 29 Jun 09:00:14 +08 2026: Dashboard already running and serving requests
Mon 29 Jun 09:05:14 +08 2026: Dashboard already running and serving requests
Mon 29 Jun 09:10:15 +08 2026: Dashboard already running and serving requests
Mon 29 Jun 09:15:15 +08 2026: Dashboard already running and serving requests
Mon 29 Jun 09:20:15 +08 2026: Dashboard already running and serving requests
Mon 29 Jun 09:25:15 +08 2026: Dashboard already running and serving requests
Mon 29 Jun 09:30:15 +08 2026: Dashboard already running and serving requests
Mon 29 Jun 09:35:15 +08 2026: Dashboard already running and serving requests
Mon 29 Jun 09:40:15 +08 2026: Dashboard already running and serving requests
Mon 29 Jun 09:45:15 +08 2026: Dashboard already running and serving requests
Mon 29 Jun 09:50:15 +08 2026: Dashboard already running and serving requests
Mon 29 Jun 09:55:16 +08 2026: Dashboard already running and serving requests
Mon 29 Jun 10:00:16 +08 2026: Dashboard already running and serving requests
Mon 29 Jun 10:05:16 +08 2026: Dashboard already running and serving requests
Mon 29 Jun 10:10:16 +08 2026: Dashboard already running and serving requests
Mon 29 Jun 10:15:16 +08 2026: Dashboard already running and serving requests
Mon 29 Jun 10:20:16 +08 2026: Dashboard already running and serving requests
Mon 29 Jun 10:25:16 +08 2026: Dashboard already running and serving requests
Mon 29 Jun 10:30:16 +08 2026: Dashboard already running and serving requests
Mon 29 Jun 10:35:16 +08 2026: Dashboard already running and serving requests
Mon 29 Jun 10:40:16 +08 2026: Dashboard already running and serving requests
Mon 29 Jun 10:45:16 +08 2026: Dashboard already running and serving requests
Mon 29 Jun 10:50:14 +08 2026: Dashboard already running and serving requests
Mon 29 Jun 10:55:12 +08 2026: Dashboard already running and serving requests
Mon 29 Jun 11:00:12 +08 2026: Dashboard already running and serving requests
Mon 29 Jun 11:05:12 +08 2026: Dashboard already running and serving requests
Mon 29 Jun 11:10:13 +08 2026: Dashboard already running and serving requests
Mon 29 Jun 11:15:13 +08 2026: Dashboard already running and serving requests
Mon 29 Jun 11:20:13 +08 2026: Dashboard already running and serving requests
Mon 29 Jun 11:25:17 +08 2026: Dashboard already running and serving requests
Mon 29 Jun 11:30:18 +08 2026: Dashboard already running and serving requests
Mon 29 Jun 11:35:18 +08 2026: Dashboard already running and serving requests
Mon 29 Jun 11:40:18 +08 2026: Dashboard already running and serving requests
Mon 29 Jun 11:45:18 +08 2026: Dashboard already running and serving requests
Mon 29 Jun 11:50:18 +08 2026: Dashboard already running and serving requests
Mon 29 Jun 11:55:18 +08 2026: Dashboard already running and serving requests
Mon 29 Jun 12:00:18 +08 2026: Dashboard already running and serving requests
Mon 29 Jun 12:05:18 +08 2026: Dashboard already running and serving requests
Mon 29 Jun 12:10:18 +08 2026: Dashboard already running and serving requests
Mon 29 Jun 12:15:18 +08 2026: Dashboard already running and serving requests
Mon 29 Jun 12:20:18 +08 2026: Dashboard already running and serving requests
Mon 29 Jun 12:25:18 +08 2026: Dashboard already running and serving requests
Mon 29 Jun 12:30:18 +08 2026: Dashboard already running and serving requests
Mon 29 Jun 12:35:18 +08 2026: Dashboard already running and serving requests
Mon 29 Jun 12:40:18 +08 2026: Dashboard already running and serving requests
Mon 29 Jun 12:45:18 +08 2026: Dashboard already running and serving requests
Mon 29 Jun 12:50:18 +08 2026: Dashboard already running and serving requests
Mon 29 Jun 12:55:19 +08 2026: Dashboard already running and serving requests
Mon 29 Jun 13:00:19 +08 2026: Dashboard already running and serving requests
Mon 29 Jun 13:05:19 +08 2026: Dashboard already running and serving requests
Mon 29 Jun 13:10:19 +08 2026: Dashboard already running and serving requests
Mon 29 Jun 13:15:19 +08 2026: Dashboard already running and serving requests
Mon 29 Jun 13:20:19 +08 2026: Dashboard already running and serving requests
Mon 29 Jun 13:25:19 +08 2026: Dashboard already running and serving requests
Mon 29 Jun 13:30:19 +08 2026: Dashboard already running and serving requests
Mon 29 Jun 13:35:19 +08 2026: Dashboard already running and serving requests
Mon 29 Jun 13:40:19 +08 2026: Dashboard already running and serving requests
Mon 29 Jun 13:45:19 +08 2026: Dashboard already running and serving requests
Mon 29 Jun 13:50:19 +08 2026: Dashboard already running and serving requests
Mon 29 Jun 13:55:19 +08 2026: Dashboard already running and serving requests
Mon 29 Jun 14:00:19 +08 2026: Dashboard already running and serving requests
Mon 29 Jun 14:05:19 +08 2026: Dashboard already running and serving requests
Mon 29 Jun 14:10:19 +08 2026: Dashboard already running and serving requests
Mon 29 Jun 14:15:19 +08 2026: Dashboard already running and serving requests
Mon 29 Jun 14:20:20 +08 2026: Dashboard already running and serving requests
Mon 29 Jun 14:25:19 +08 2026: Dashboard already running and serving requests
Mon 29 Jun 14:30:20 +08 2026: Dashboard already running and serving requests
Mon 29 Jun 14:35:20 +08 2026: Dashboard already running and serving requests
Mon 29 Jun 14:40:20 +08 2026: Dashboard already running and serving requests
Mon 29 Jun 14:45:20 +08 2026: Dashboard already running and serving requests
Mon 29 Jun 14:50:20 +08 2026: Dashboard already running and serving requests
Mon 29 Jun 14:55:20 +08 2026: Dashboard already running and serving requests
Mon 29 Jun 15:00:20 +08 2026: Dashboard already running and serving requests
Mon 29 Jun 15:05:20 +08 2026: Dashboard already running and serving requests
Mon 29 Jun 15:10:20 +08 2026: Dashboard already running and serving requests
Mon 29 Jun 15:15:20 +08 2026: Dashboard already running and serving requests
Mon 29 Jun 15:20:20 +08 2026: Dashboard already running and serving requests
Mon 29 Jun 15:25:20 +08 2026: Dashboard already running and serving requests
Mon 29 Jun 15:30:20 +08 2026: Dashboard already running and serving requests
Mon 29 Jun 15:35:20 +08 2026: Dashboard already running and serving requests
Mon 29 Jun 15:40:20 +08 2026: Dashboard already running and serving requests
Mon 29 Jun 15:45:20 +08 2026: Dashboard already running and serving requests
Mon 29 Jun 15:50:20 +08 2026: Dashboard already running and serving requests
Mon 29 Jun 15:55:20 +08 2026: Dashboard already running and serving requests
Mon 29 Jun 16:00:21 +08 2026: Dashboard already running and serving requests
Mon 29 Jun 16:05:21 +08 2026: Dashboard already running and serving requests
Mon 29 Jun 16:10:21 +08 2026: Dashboard already running and serving requests
Mon 29 Jun 16:15:21 +08 2026: Dashboard already running and serving requests
Mon 29 Jun 16:20:21 +08 2026: Dashboard already running and serving requests
Mon 29 Jun 16:25:21 +08 2026: Dashboard already running and serving requests
Mon 29 Jun 16:30:21 +08 2026: Dashboard already running and serving requests
Mon 29 Jun 16:35:21 +08 2026: Dashboard already running and serving requests
Mon 29 Jun 16:40:21 +08 2026: Dashboard already running and serving requests
Mon 29 Jun 16:45:21 +08 2026: Dashboard already running and serving requests
Mon 29 Jun 16:50:21 +08 2026: Dashboard already running and serving requests
Mon 29 Jun 16:55:21 +08 2026: Dashboard already running and serving requests
Mon 29 Jun 17:00:21 +08 2026: Dashboard already running and serving requests
Mon 29 Jun 17:05:21 +08 2026: Dashboard already running and serving requests
Mon 29 Jun 17:10:21 +08 2026: Dashboard already running and serving requests
Mon 29 Jun 17:15:21 +08 2026: Dashboard already running and serving requests
Mon 29 Jun 17:20:21 +08 2026: Dashboard already running and serving requests
Mon 29 Jun 17:25:21 +08 2026: Dashboard already running and serving requests
Mon 29 Jun 17:30:22 +08 2026: Dashboard already running and serving requests
Mon 29 Jun 17:35:22 +08 2026: Dashboard already running and serving requests
Mon 29 Jun 17:40:22 +08 2026: Dashboard already running and serving requests
Mon 29 Jun 17:45:22 +08 2026: Dashboard already running and serving requests
Mon 29 Jun 17:50:22 +08 2026: Dashboard already running and serving requests
Mon 29 Jun 17:55:22 +08 2026: Dashboard already running and serving requests
Mon 29 Jun 18:00:22 +08 2026: Dashboard already running and serving requests
Mon 29 Jun 18:05:22 +08 2026: Dashboard already running and serving requests
Mon 29 Jun 18:10:22 +08 2026: Dashboard already running and serving requests
Mon 29 Jun 18:15:22 +08 2026: Dashboard already running and serving requests
Mon 29 Jun 18:20:22 +08 2026: Dashboard already running and serving requests
Mon 29 Jun 18:25:22 +08 2026: Dashboard already running and serving requests
Mon 29 Jun 18:30:22 +08 2026: Dashboard already running and serving requests
Mon 29 Jun 18:35:22 +08 2026: Dashboard already running and serving requests
Mon 29 Jun 18:40:22 +08 2026: Dashboard already running and serving requests
Mon 29 Jun 18:45:22 +08 2026: Dashboard already running and serving requests
Mon 29 Jun 18:50:22 +08 2026: Dashboard already running and serving requests
Mon 29 Jun 18:55:22 +08 2026: Dashboard already running and serving requests
Mon 29 Jun 19:00:22 +08 2026: Dashboard already running and serving requests
Mon 29 Jun 19:05:23 +08 2026: Dashboard already running and serving requests
Mon 29 Jun 19:10:23 +08 2026: Dashboard already running and serving requests
Mon 29 Jun 19:15:23 +08 2026: Dashboard already running and serving requests
Mon 29 Jun 19:20:23 +08 2026: Dashboard already running and serving requests
Mon 29 Jun 19:25:23 +08 2026: Dashboard already running and serving requests
Mon 29 Jun 19:30:23 +08 2026: Dashboard already running and serving requests
Mon 29 Jun 19:35:23 +08 2026: Dashboard already running and serving requests
Mon 29 Jun 19:40:23 +08 2026: Dashboard already running and serving requests
Mon 29 Jun 19:45:23 +08 2026: Dashboard already running and serving requests
Mon 29 Jun 19:50:23 +08 2026: Dashboard already running and serving requests
Mon 29 Jun 19:55:23 +08 2026: Dashboard already running and serving requests
Mon 29 Jun 20:00:23 +08 2026: Dashboard already running and serving requests
Mon 29 Jun 20:05:23 +08 2026: Dashboard already running and serving requests
Mon 29 Jun 20:10:23 +08 2026: Dashboard already running and serving requests
Mon 29 Jun 20:15:23 +08 2026: Dashboard already running and serving requests
Mon 29 Jun 20:20:23 +08 2026: Dashboard already running and serving requests
Mon 29 Jun 20:25:23 +08 2026: Dashboard already running and serving requests
Mon 29 Jun 20:30:23 +08 2026: Dashboard already running and serving requests
Mon 29 Jun 20:35:23 +08 2026: Dashboard already running and serving requests
Mon 29 Jun 20:40:23 +08 2026: Dashboard already running and serving requests
Mon 29 Jun 20:45:24 +08 2026: Dashboard already running and serving requests
Mon 29 Jun 20:50:24 +08 2026: Dashboard already running and serving requests
Mon 29 Jun 20:55:25 +08 2026: Dashboard already running and serving requests
Mon 29 Jun 21:00:25 +08 2026: Dashboard already running and serving requests
Mon 29 Jun 21:05:25 +08 2026: Dashboard already running and serving requests
Mon 29 Jun 21:10:26 +08 2026: Dashboard already running and serving requests
Mon 29 Jun 21:15:26 +08 2026: Dashboard already running and serving requests
Mon 29 Jun 21:20:26 +08 2026: Dashboard already running and serving requests
Mon 29 Jun 21:25:26 +08 2026: Dashboard already running and serving requests
Mon 29 Jun 21:30:26 +08 2026: Dashboard already running and serving requests
Mon 29 Jun 21:35:26 +08 2026: Dashboard already running and serving requests
Mon 29 Jun 21:40:26 +08 2026: Dashboard already running and serving requests
Mon 29 Jun 21:45:26 +08 2026: Dashboard already running and serving requests
Mon 29 Jun 21:50:26 +08 2026: Dashboard already running and serving requests
Mon 29 Jun 21:55:26 +08 2026: Dashboard already running and serving requests
Mon 29 Jun 22:00:26 +08 2026: Dashboard already running and serving requests
Mon 29 Jun 22:05:26 +08 2026: Dashboard already running and serving requests
Mon 29 Jun 22:10:26 +08 2026: Dashboard already running and serving requests
Mon 29 Jun 22:15:26 +08 2026: Dashboard already running and serving requests
Mon 29 Jun 22:20:26 +08 2026: Dashboard already running and serving requests
Mon 29 Jun 22:25:26 +08 2026: Dashboard already running and serving requests
Mon 29 Jun 22:30:26 +08 2026: Dashboard already running and serving requests
Mon 29 Jun 22:35:27 +08 2026: Dashboard already running and serving requests
Mon 29 Jun 22:40:27 +08 2026: Dashboard already running and serving requests
Mon 29 Jun 22:45:27 +08 2026: Dashboard already running and serving requests
Mon 29 Jun 22:50:27 +08 2026: Dashboard already running and serving requests
Mon 29 Jun 22:55:27 +08 2026: Dashboard already running and serving requests
Mon 29 Jun 23:00:27 +08 2026: Dashboard already running and serving requests
Mon 29 Jun 23:05:27 +08 2026: Dashboard already running and serving requests
Mon 29 Jun 23:10:27 +08 2026: Dashboard already running and serving requests
Mon 29 Jun 23:15:27 +08 2026: Dashboard already running and serving requests
Mon 29 Jun 23:20:27 +08 2026: Dashboard already running and serving requests
Mon 29 Jun 23:25:27 +08 2026: Dashboard already running and serving requests
Mon 29 Jun 23:30:27 +08 2026: Dashboard already running and serving requests
Mon 29 Jun 23:35:27 +08 2026: Dashboard already running and serving requests
Mon 29 Jun 23:40:27 +08 2026: Dashboard already running and serving requests
Mon 29 Jun 23:45:27 +08 2026: Dashboard already running and serving requests
Mon 29 Jun 23:50:27 +08 2026: Dashboard already running and serving requests
Mon 29 Jun 23:55:27 +08 2026: Dashboard already running and serving requests
Tue 30 Jun 00:00:28 +08 2026: Dashboard already running and serving requests
Tue 30 Jun 00:05:28 +08 2026: Dashboard already running and serving requests
Tue 30 Jun 00:10:28 +08 2026: Dashboard already running and serving requests
Tue 30 Jun 00:15:28 +08 2026: Dashboard already running and serving requests
Tue 30 Jun 00:20:28 +08 2026: Dashboard already running and serving requests
Tue 30 Jun 00:25:28 +08 2026: Dashboard already running and serving requests
Tue 30 Jun 00:30:28 +08 2026: Dashboard already running and serving requests
Tue 30 Jun 00:35:28 +08 2026: Dashboard already running and serving requests
Tue 30 Jun 00:40:28 +08 2026: Dashboard already running and serving requests
Tue 30 Jun 00:45:28 +08 2026: Dashboard already running and serving requests
Tue 30 Jun 00:50:28 +08 2026: Dashboard already running and serving requests
Tue 30 Jun 00:55:28 +08 2026: Dashboard already running and serving requests
Tue 30 Jun 01:00:28 +08 2026: Dashboard already running and serving requests
Tue 30 Jun 01:05:28 +08 2026: Dashboard already running and serving requests
Tue 30 Jun 01:10:29 +08 2026: Dashboard already running and serving requests
Tue 30 Jun 01:15:28 +08 2026: Dashboard already running and serving requests
Tue 30 Jun 01:20:29 +08 2026: Dashboard already running and serving requests
Tue 30 Jun 01:25:29 +08 2026: Dashboard already running and serving requests
Tue 30 Jun 01:30:29 +08 2026: Dashboard already running and serving requests
Tue 30 Jun 01:35:29 +08 2026: Dashboard already running and serving requests
Tue 30 Jun 01:40:29 +08 2026: Dashboard already running and serving requests
Tue 30 Jun 01:45:29 +08 2026: Dashboard already running and serving requests
Tue 30 Jun 01:50:29 +08 2026: Dashboard already running and serving requests
Tue 30 Jun 01:55:29 +08 2026: Dashboard already running and serving requests
Tue 30 Jun 02:00:29 +08 2026: Dashboard already running and serving requests
Tue 30 Jun 02:05:29 +08 2026: Dashboard already running and serving requests
Tue 30 Jun 02:10:29 +08 2026: Dashboard already running and serving requests
Tue 30 Jun 02:15:29 +08 2026: Dashboard already running and serving requests
Tue 30 Jun 02:20:29 +08 2026: Dashboard already running and serving requests
Tue 30 Jun 02:25:29 +08 2026: Dashboard already running and serving requests
Tue 30 Jun 02:30:29 +08 2026: Dashboard already running and serving requests
Tue 30 Jun 02:35:29 +08 2026: Dashboard already running and serving requests
Tue 30 Jun 02:40:30 +08 2026: Dashboard already running and serving requests
Tue 30 Jun 02:45:30 +08 2026: Dashboard already running and serving requests
Tue 30 Jun 02:50:30 +08 2026: Dashboard already running and serving requests
Tue 30 Jun 02:55:30 +08 2026: Dashboard already running and serving requests
Tue 30 Jun 03:00:31 +08 2026: Dashboard already running and serving requests
Tue 30 Jun 03:05:31 +08 2026: Dashboard already running and serving requests
Tue 30 Jun 03:10:31 +08 2026: Dashboard already running and serving requests
Tue 30 Jun 03:15:31 +08 2026: Dashboard already running and serving requests
Tue 30 Jun 03:20:31 +08 2026: Dashboard already running and serving requests
Tue 30 Jun 03:25:31 +08 2026: Dashboard already running and serving requests
Tue 30 Jun 03:30:31 +08 2026: Dashboard already running and serving requests
Tue 30 Jun 03:35:31 +08 2026: Dashboard already running and serving requests
Tue 30 Jun 03:40:31 +08 2026: Dashboard already running and serving requests
Tue 30 Jun 03:45:31 +08 2026: Dashboard already running and serving requests
Tue 30 Jun 03:50:31 +08 2026: Dashboard already running and serving requests
Tue 30 Jun 03:55:31 +08 2026: Dashboard already running and serving requests
Tue 30 Jun 04:00:31 +08 2026: Dashboard already running and serving requests
Tue 30 Jun 04:05:31 +08 2026: Dashboard already running and serving requests
Tue 30 Jun 04:10:31 +08 2026: Dashboard already running and serving requests
Tue 30 Jun 04:15:31 +08 2026: Dashboard already running and serving requests
Tue 30 Jun 04:20:31 +08 2026: Dashboard already running and serving requests
Tue 30 Jun 04:25:31 +08 2026: Dashboard already running and serving requests
Tue 30 Jun 04:30:32 +08 2026: Dashboard already running and serving requests
Tue 30 Jun 04:35:32 +08 2026: Dashboard already running and serving requests
Tue 30 Jun 04:40:32 +08 2026: Dashboard already running and serving requests
Tue 30 Jun 04:45:32 +08 2026: Dashboard already running and serving requests
Tue 30 Jun 04:50:32 +08 2026: Dashboard already running and serving requests
Tue 30 Jun 04:55:32 +08 2026: Dashboard already running and serving requests
Tue 30 Jun 05:00:32 +08 2026: Dashboard already running and serving requests
Tue 30 Jun 05:05:32 +08 2026: Dashboard already running and serving requests
Tue 30 Jun 05:10:32 +08 2026: Dashboard already running and serving requests
Tue 30 Jun 05:15:32 +08 2026: Dashboard already running and serving requests
Tue 30 Jun 05:20:32 +08 2026: Dashboard already running and serving requests
Tue 30 Jun 05:25:32 +08 2026: Dashboard already running and serving requests
Tue 30 Jun 05:30:32 +08 2026: Dashboard already running and serving requests
Tue 30 Jun 05:35:32 +08 2026: Dashboard already running and serving requests
Tue 30 Jun 05:40:32 +08 2026: Dashboard already running and serving requests
Tue 30 Jun 05:42:56 +08 2026: Dashboard already running and serving requests
Tue 30 Jun 05:45:32 +08 2026: Dashboard already running and serving requests
Tue 30 Jun 05:50:32 +08 2026: Dashboard already running and serving requests
Tue 30 Jun 05:55:32 +08 2026: Dashboard already running and serving requests
Tue 30 Jun 06:00:33 +08 2026: Dashboard already running and serving requests
Tue 30 Jun 06:05:33 +08 2026: Dashboard already running and serving requests
Tue 30 Jun 06:10:33 +08 2026: Dashboard already running and serving requests
Tue 30 Jun 06:15:33 +08 2026: Dashboard already running and serving requests
Tue 30 Jun 06:20:33 +08 2026: Dashboard already running and serving requests
Tue 30 Jun 06:25:33 +08 2026: Dashboard already running and serving requests
Tue 30 Jun 06:30:33 +08 2026: Dashboard already running and serving requests
Tue 30 Jun 06:35:33 +08 2026: Dashboard already running and serving requests
Tue 30 Jun 06:40:33 +08 2026: Dashboard already running and serving requests
Tue 30 Jun 06:45:33 +08 2026: Dashboard already running and serving requests
Tue 30 Jun 06:50:33 +08 2026: Dashboard already running and serving requests
Tue 30 Jun 06:54:46 +08 2026: Dashboard already running and serving requests
Tue 30 Jun 06:55:04 +08 2026: Dashboard already running and serving requests
Tue 30 Jun 06:55:33 +08 2026: Dashboard already running and serving requests
Tue 30 Jun 07:00:33 +08 2026: Dashboard already running and serving requests
Tue 30 Jun 07:05:33 +08 2026: Dashboard already running and serving requests
Tue 30 Jun 07:10:33 +08 2026: Dashboard already running and serving requests
Tue 30 Jun 07:15:33 +08 2026: Dashboard already running and serving requests
Tue 30 Jun 07:20:33 +08 2026: Dashboard already running and serving requests
Tue 30 Jun 07:25:33 +08 2026: Dashboard already running and serving requests
Tue 30 Jun 07:30:34 +08 2026: Dashboard already running and serving requests
Tue 30 Jun 07:35:34 +08 2026: Dashboard already running and serving requests
Tue 30 Jun 07:40:34 +08 2026: Dashboard already running and serving requests
Tue 30 Jun 07:45:34 +08 2026: Dashboard already running and serving requests
Tue 30 Jun 07:50:34 +08 2026: Dashboard already running and serving requests
Tue 30 Jun 07:55:34 +08 2026: Dashboard already running and serving requests
Tue 30 Jun 08:00:34 +08 2026: Dashboard already running and serving requests
Tue 30 Jun 08:05:34 +08 2026: Dashboard already running and serving requests
Tue 30 Jun 08:10:34 +08 2026: Dashboard already running and serving requests
Tue 30 Jun 08:15:34 +08 2026: Dashboard already running and serving requests
Tue 30 Jun 08:20:34 +08 2026: Dashboard already running and serving requests
Tue 30 Jun 08:24:50 +08 2026: Dashboard already running and serving requests
Tue 30 Jun 08:25:34 +08 2026: Dashboard already running and serving requests
Tue 30 Jun 08:30:34 +08 2026: Dashboard already running and serving requests
Tue 30 Jun 08:35:34 +08 2026: Dashboard already running and serving requests
Tue 30 Jun 08:40:34 +08 2026: Dashboard already running and serving requests
Tue 30 Jun 08:45:34 +08 2026: Dashboard already running and serving requests
Tue 30 Jun 08:50:34 +08 2026: Dashboard already running and serving requests
Tue 30 Jun 08:55:34 +08 2026: Dashboard already running and serving requests
Tue 30 Jun 09:00:35 +08 2026: Dashboard already running and serving requests
Tue 30 Jun 09:05:35 +08 2026: Dashboard already running and serving requests
Tue 30 Jun 09:10:35 +08 2026: Dashboard already running and serving requests
Tue 30 Jun 09:15:35 +08 2026: Dashboard already running and serving requests
Tue 30 Jun 09:20:35 +08 2026: Dashboard already running and serving requests
Tue 30 Jun 09:25:35 +08 2026: Dashboard already running and serving requests
Tue 30 Jun 09:30:35 +08 2026: Dashboard already running and serving requests
Tue 30 Jun 09:35:35 +08 2026: Dashboard already running and serving requests
Tue 30 Jun 09:40:35 +08 2026: Dashboard already running and serving requests
Tue 30 Jun 09:45:35 +08 2026: Dashboard already running and serving requests
Tue 30 Jun 09:50:35 +08 2026: Dashboard already running and serving requests
Tue 30 Jun 09:55:35 +08 2026: Dashboard already running and serving requests
Tue 30 Jun 10:00:35 +08 2026: Dashboard already running and serving requests
Tue 30 Jun 10:05:35 +08 2026: Dashboard already running and serving requests
Tue 30 Jun 10:10:35 +08 2026: Dashboard already running and serving requests
Tue 30 Jun 10:15:35 +08 2026: Dashboard already running and serving requests
Tue 30 Jun 10:20:35 +08 2026: Dashboard already running and serving requests
Tue 30 Jun 10:25:36 +08 2026: Dashboard already running and serving requests
Tue 30 Jun 10:30:36 +08 2026: Dashboard already running and serving requests
Tue 30 Jun 10:35:36 +08 2026: Dashboard already running and serving requests
Tue 30 Jun 10:40:36 +08 2026: Dashboard already running and serving requests
Tue 30 Jun 10:45:36 +08 2026: Dashboard already running and serving requests
Tue 30 Jun 10:50:36 +08 2026: Dashboard already running and serving requests
Tue 30 Jun 10:55:36 +08 2026: Dashboard already running and serving requests
Tue 30 Jun 11:00:36 +08 2026: Dashboard already running and serving requests
Tue 30 Jun 11:05:36 +08 2026: Dashboard already running and serving requests
Tue 30 Jun 11:10:36 +08 2026: Dashboard already running and serving requests
Tue 30 Jun 11:15:36 +08 2026: Dashboard already running and serving requests
Tue 30 Jun 11:20:36 +08 2026: Dashboard already running and serving requests
Tue 30 Jun 11:25:36 +08 2026: Dashboard already running and serving requests
Tue 30 Jun 11:30:36 +08 2026: Dashboard already running and serving requests
Tue 30 Jun 11:31:03 +08 2026: Dashboard already running and serving requests
Tue 30 Jun 11:35:36 +08 2026: Dashboard already running and serving requests
Tue 30 Jun 11:40:36 +08 2026: Dashboard already running and serving requests
Tue 30 Jun 11:45:36 +08 2026: Dashboard already running and serving requests
Tue 30 Jun 11:50:36 +08 2026: Dashboard already running and serving requests
Tue 30 Jun 11:55:37 +08 2026: Dashboard already running and serving requests
Tue 30 Jun 12:00:37 +08 2026: Dashboard already running and serving requests
Tue 30 Jun 12:05:37 +08 2026: Dashboard already running and serving requests
Tue 30 Jun 12:10:37 +08 2026: Dashboard already running and serving requests
Tue 30 Jun 12:15:37 +08 2026: Dashboard already running and serving requests
Tue 30 Jun 12:20:37 +08 2026: Dashboard already running and serving requests
Tue 30 Jun 12:25:37 +08 2026: Dashboard already running and serving requests
Tue 30 Jun 12:30:37 +08 2026: Dashboard already running and serving requests
Tue 30 Jun 12:35:37 +08 2026: Dashboard already running and serving requests
Tue 30 Jun 12:40:37 +08 2026: Dashboard already running and serving requests
Tue 30 Jun 12:45:37 +08 2026: Dashboard already running and serving requests
Tue 30 Jun 12:50:37 +08 2026: Dashboard already running and serving requests
Tue 30 Jun 12:55:37 +08 2026: Dashboard already running and serving requests
Tue 30 Jun 13:00:37 +08 2026: Dashboard already running and serving requests
Tue 30 Jun 13:05:37 +08 2026: Dashboard already running and serving requests
Tue 30 Jun 13:10:37 +08 2026: Dashboard already running and serving requests
Tue 30 Jun 13:15:37 +08 2026: Dashboard already running and serving requests
Tue 30 Jun 13:20:37 +08 2026: Dashboard already running and serving requests
Tue 30 Jun 13:25:38 +08 2026: Dashboard already running and serving requests
Tue 30 Jun 13:30:38 +08 2026: Dashboard already running and serving requests
Tue 30 Jun 13:35:38 +08 2026: Dashboard already running and serving requests
Tue 30 Jun 13:40:38 +08 2026: Dashboard already running and serving requests
Tue 30 Jun 13:45:38 +08 2026: Dashboard already running and serving requests
Tue 30 Jun 13:50:38 +08 2026: Dashboard already running and serving requests
Tue 30 Jun 13:55:38 +08 2026: Dashboard already running and serving requests
Tue 30 Jun 14:00:38 +08 2026: Dashboard already running and serving requests
Tue 30 Jun 14:05:38 +08 2026: Dashboard already running and serving requests
Tue 30 Jun 14:10:38 +08 2026: Dashboard already running and serving requests
Tue 30 Jun 14:15:38 +08 2026: Dashboard already running and serving requests
Tue 30 Jun 14:20:38 +08 2026: Dashboard already running and serving requests
Tue 30 Jun 14:25:38 +08 2026: Dashboard already running and serving requests
Tue 30 Jun 14:30:38 +08 2026: Dashboard already running and serving requests
Tue 30 Jun 14:35:38 +08 2026: Dashboard already running and serving requests
Tue 30 Jun 14:40:38 +08 2026: Dashboard already running and serving requests
Tue 30 Jun 14:45:38 +08 2026: Dashboard already running and serving requests
Tue 30 Jun 14:50:38 +08 2026: Dashboard already running and serving requests
Tue 30 Jun 14:55:38 +08 2026: Dashboard already running and serving requests
Tue 30 Jun 15:00:38 +08 2026: Dashboard already running and serving requests
Tue 30 Jun 15:05:39 +08 2026: Dashboard already running and serving requests
Tue 30 Jun 15:10:39 +08 2026: Dashboard already running and serving requests
Tue 30 Jun 15:15:39 +08 2026: Dashboard already running and serving requests
Tue 30 Jun 15:20:39 +08 2026: Dashboard already running and serving requests
Tue 30 Jun 15:20:51 +08 2026: Dashboard already running and serving requests
Tue 30 Jun 15:25:39 +08 2026: Dashboard already running and serving requests
Tue 30 Jun 15:30:40 +08 2026: Dashboard already running and serving requests
Tue 30 Jun 15:35:40 +08 2026: Dashboard already running and serving requests
Tue 30 Jun 15:40:40 +08 2026: Dashboard already running and serving requests
Tue 30 Jun 15:45:40 +08 2026: Dashboard already running and serving requests
Tue 30 Jun 15:50:40 +08 2026: Dashboard already running and serving requests
Tue 30 Jun 15:55:40 +08 2026: Dashboard already running and serving requests
Tue 30 Jun 16:00:40 +08 2026: Dashboard already running and serving requests
Tue 30 Jun 16:05:40 +08 2026: Dashboard already running and serving requests
Tue 30 Jun 16:10:40 +08 2026: Dashboard already running and serving requests
Tue 30 Jun 16:15:40 +08 2026: Dashboard already running and serving requests
Tue 30 Jun 16:20:40 +08 2026: Dashboard already running and serving requests
Tue 30 Jun 16:25:40 +08 2026: Dashboard already running and serving requests
Tue 30 Jun 16:30:40 +08 2026: Dashboard already running and serving requests
Tue 30 Jun 16:35:40 +08 2026: Dashboard already running and serving requests
Tue 30 Jun 16:40:40 +08 2026: Dashboard already running and serving requests
Tue 30 Jun 16:45:40 +08 2026: Dashboard already running and serving requests
Tue 30 Jun 16:48:35 +08 2026: Dashboard already running and serving requests
Tue 30 Jun 16:50:41 +08 2026: Dashboard already running and serving requests
Tue 30 Jun 16:55:41 +08 2026: Dashboard already running and serving requests
Tue 30 Jun 17:00:41 +08 2026: Dashboard already running and serving requests
Tue 30 Jun 17:05:41 +08 2026: Dashboard already running and serving requests
Tue 30 Jun 17:10:41 +08 2026: Dashboard already running and serving requests
Tue 30 Jun 17:15:41 +08 2026: Dashboard already running and serving requests
Tue 30 Jun 17:20:41 +08 2026: Dashboard already running and serving requests
Tue 30 Jun 17:25:41 +08 2026: Dashboard already running and serving requests
Tue 30 Jun 17:30:41 +08 2026: Dashboard already running and serving requests
Tue 30 Jun 17:35:41 +08 2026: Dashboard already running and serving requests
Tue 30 Jun 17:40:41 +08 2026: Dashboard already running and serving requests
Tue 30 Jun 17:45:41 +08 2026: Dashboard already running and serving requests
Tue 30 Jun 17:50:41 +08 2026: Dashboard already running and serving requests
Tue 30 Jun 17:55:41 +08 2026: Dashboard already running and serving requests
Tue 30 Jun 18:00:41 +08 2026: Dashboard already running and serving requests
Tue 30 Jun 18:05:41 +08 2026: Dashboard already running and serving requests
Tue 30 Jun 18:10:41 +08 2026: Dashboard already running and serving requests
Tue 30 Jun 18:15:42 +08 2026: Dashboard already running and serving requests
Tue 30 Jun 18:20:42 +08 2026: Dashboard already running and serving requests
Tue 30 Jun 18:25:42 +08 2026: Dashboard already running and serving requests
Tue 30 Jun 18:30:42 +08 2026: Dashboard already running and serving requests
Tue 30 Jun 18:35:42 +08 2026: Dashboard already running and serving requests
Tue 30 Jun 18:40:20 +08 2026: Dashboard already running and serving requests
Tue 30 Jun 18:40:42 +08 2026: Dashboard already running and serving requests
Tue 30 Jun 18:45:42 +08 2026: Dashboard already running and serving requests
Tue 30 Jun 18:46:18 +08 2026: Dashboard already running and serving requests
Tue 30 Jun 18:50:42 +08 2026: Dashboard already running and serving requests
Tue 30 Jun 18:55:42 +08 2026: Dashboard already running and serving requests
Tue 30 Jun 19:00:42 +08 2026: Dashboard already running and serving requests
Tue 30 Jun 19:05:42 +08 2026: Dashboard already running and serving requests
Tue 30 Jun 19:10:42 +08 2026: Dashboard already running and serving requests
Tue 30 Jun 19:15:42 +08 2026: Dashboard already running and serving requests
Tue 30 Jun 19:20:42 +08 2026: Dashboard already running and serving requests
Tue 30 Jun 19:25:42 +08 2026: Dashboard already running and serving requests
Tue 30 Jun 19:30:42 +08 2026: Dashboard already running and serving requests
Tue 30 Jun 19:35:00 +08 2026: Dashboard already running and serving requests
Tue 30 Jun 19:35:42 +08 2026: Dashboard already running and serving requests
Tue 30 Jun 19:40:42 +08 2026: Dashboard already running and serving requests
Tue 30 Jun 19:42:11 +08 2026: Dashboard already running and serving requests
Tue 30 Jun 19:45:42 +08 2026: Dashboard already running and serving requests
Tue 30 Jun 19:50:43 +08 2026: Dashboard already running and serving requests
Tue 30 Jun 19:55:43 +08 2026: Dashboard already running and serving requests
Tue 30 Jun 20:00:43 +08 2026: Dashboard already running and serving requests
Tue 30 Jun 20:01:28 +08 2026: Dashboard already running and serving requests
Tue 30 Jun 20:05:43 +08 2026: Dashboard already running and serving requests
Tue 30 Jun 20:10:43 +08 2026: Dashboard already running and serving requests
Tue 30 Jun 20:15:43 +08 2026: Dashboard already running and serving requests
Tue 30 Jun 20:20:43 +08 2026: Dashboard already running and serving requests
Tue 30 Jun 20:21:03 +08 2026: Dashboard already running and serving requests
Tue 30 Jun 20:21:16 +08 2026: Dashboard already running and serving requests
Tue 30 Jun 20:25:43 +08 2026: Dashboard already running and serving requests
Tue 30 Jun 20:30:43 +08 2026: Dashboard already running and serving requests
Tue 30 Jun 20:35:43 +08 2026: Dashboard already running and serving requests
Tue 30 Jun 20:38:25 +08 2026: Dashboard already running and serving requests
Tue 30 Jun 20:40:43 +08 2026: Dashboard already running and serving requests
Tue 30 Jun 20:45:43 +08 2026: Dashboard already running and serving requests
Tue 30 Jun 20:50:43 +08 2026: Dashboard already running and serving requests
Tue 30 Jun 20:55:43 +08 2026: Dashboard already running and serving requests
Tue 30 Jun 21:00:43 +08 2026: Dashboard already running and serving requests
Tue 30 Jun 21:05:43 +08 2026: Dashboard already running and serving requests
Tue 30 Jun 21:10:43 +08 2026: Dashboard already running and serving requests
Tue 30 Jun 21:15:44 +08 2026: Dashboard already running and serving requests
Tue 30 Jun 21:20:44 +08 2026: Dashboard already running and serving requests
Tue 30 Jun 21:25:44 +08 2026: Dashboard already running and serving requests
Tue 30 Jun 21:30:44 +08 2026: Dashboard already running and serving requests
Tue 30 Jun 21:35:44 +08 2026: Dashboard already running and serving requests
Tue 30 Jun 21:40:44 +08 2026: Dashboard already running and serving requests
Tue 30 Jun 21:45:44 +08 2026: Dashboard already running and serving requests
Tue 30 Jun 21:50:44 +08 2026: Dashboard already running and serving requests
Tue 30 Jun 21:55:44 +08 2026: Dashboard already running and serving requests
Tue 30 Jun 22:00:44 +08 2026: Dashboard already running and serving requests
Tue 30 Jun 22:04:42 +08 2026: Dashboard already running and serving requests
Tue 30 Jun 22:05:44 +08 2026: Dashboard already running and serving requests
Tue 30 Jun 22:10:44 +08 2026: Dashboard already running and serving requests
Tue 30 Jun 22:11:16 +08 2026: Dashboard already running and serving requests
Tue 30 Jun 22:15:44 +08 2026: Dashboard already running and serving requests
Tue 30 Jun 22:20:44 +08 2026: Dashboard already running and serving requests
Tue 30 Jun 22:25:44 +08 2026: Dashboard already running and serving requests
Tue 30 Jun 22:30:44 +08 2026: Dashboard already running and serving requests
Tue 30 Jun 22:35:44 +08 2026: Dashboard already running and serving requests
Tue 30 Jun 22:40:44 +08 2026: Dashboard already running and serving requests
Tue 30 Jun 22:45:44 +08 2026: Dashboard already running and serving requests
Tue 30 Jun 22:50:44 +08 2026: Dashboard already running and serving requests
Tue 30 Jun 22:55:45 +08 2026: Dashboard already running and serving requests
Tue 30 Jun 23:00:45 +08 2026: Dashboard already running and serving requests
Tue 30 Jun 23:05:45 +08 2026: Dashboard already running and serving requests
Tue 30 Jun 23:10:45 +08 2026: Dashboard already running and serving requests
Tue 30 Jun 23:11:14 +08 2026: Dashboard already running and serving requests
Tue 30 Jun 23:12:34 +08 2026: Dashboard already running and serving requests
Tue 30 Jun 23:15:45 +08 2026: Dashboard already running and serving requests
Tue 30 Jun 23:20:45 +08 2026: Dashboard already running and serving requests
Tue 30 Jun 23:25:45 +08 2026: Dashboard already running and serving requests
Tue 30 Jun 23:30:45 +08 2026: Dashboard already running and serving requests
Tue 30 Jun 23:33:04 +08 2026: Dashboard already running and serving requests
Tue 30 Jun 23:35:45 +08 2026: Dashboard already running and serving requests
Tue 30 Jun 23:39:20 +08 2026: Dashboard already running and serving requests
Tue 30 Jun 23:40:45 +08 2026: Dashboard already running and serving requests
Tue 30 Jun 23:45:00 +08 2026: Dashboard already running and serving requests
Tue 30 Jun 23:45:45 +08 2026: Dashboard already running and serving requests
Tue 30 Jun 23:50:45 +08 2026: Dashboard already running and serving requests
Tue 30 Jun 23:52:33 +08 2026: Dashboard already running and serving requests
Tue 30 Jun 23:55:45 +08 2026: Dashboard already running and serving requests
Tue 30 Jun 23:59:04 +08 2026: Dashboard already running and serving requests
Wed  1 Jul 00:00:45 +08 2026: Dashboard already running and serving requests
Wed  1 Jul 00:05:45 +08 2026: Dashboard already running and serving requests
Wed  1 Jul 00:10:45 +08 2026: Dashboard already running and serving requests
Wed  1 Jul 00:15:45 +08 2026: Dashboard already running and serving requests
Wed  1 Jul 00:19:30 +08 2026: Dashboard already running and serving requests
Wed  1 Jul 00:20:46 +08 2026: Dashboard already running and serving requests
Wed  1 Jul 00:25:46 +08 2026: Dashboard already running and serving requests
Wed  1 Jul 00:30:46 +08 2026: Dashboard already running and serving requests
Wed  1 Jul 00:35:46 +08 2026: Dashboard already running and serving requests
Wed  1 Jul 00:40:46 +08 2026: Dashboard already running and serving requests
Wed  1 Jul 00:45:46 +08 2026: Dashboard already running and serving requests
Wed  1 Jul 00:50:46 +08 2026: Dashboard already running and serving requests
Wed  1 Jul 00:55:46 +08 2026: Dashboard already running and serving requests
Wed  1 Jul 00:57:49 +08 2026: Dashboard already running and serving requests
Wed  1 Jul 01:00:46 +08 2026: Dashboard already running and serving requests
Wed  1 Jul 01:05:46 +08 2026: Dashboard already running and serving requests
Wed  1 Jul 01:10:46 +08 2026: Dashboard already running and serving requests
Wed  1 Jul 01:12:30 +08 2026: Dashboard already running and serving requests
Wed  1 Jul 01:15:46 +08 2026: Dashboard already running and serving requests
Wed  1 Jul 01:20:46 +08 2026: Dashboard already running and serving requests
Wed  1 Jul 01:25:46 +08 2026: Dashboard already running and serving requests
Wed  1 Jul 01:30:46 +08 2026: Dashboard already running and serving requests
Wed  1 Jul 01:35:46 +08 2026: Dashboard already running and serving requests
Wed  1 Jul 01:40:46 +08 2026: Dashboard already running and serving requests
Wed  1 Jul 01:45:46 +08 2026: Dashboard already running and serving requests
Wed  1 Jul 01:50:46 +08 2026: Dashboard already running and serving requests
Wed  1 Jul 01:55:47 +08 2026: Dashboard already running and serving requests
Wed  1 Jul 02:00:47 +08 2026: Dashboard already running and serving requests
Wed  1 Jul 02:05:47 +08 2026: Dashboard already running and serving requests
Wed  1 Jul 02:10:47 +08 2026: Dashboard already running and serving requests
Wed  1 Jul 02:15:47 +08 2026: Dashboard already running and serving requests
Wed  1 Jul 02:15:57 +08 2026: Dashboard already running and serving requests
Wed  1 Jul 02:20:47 +08 2026: Dashboard already running and serving requests
Wed  1 Jul 02:25:47 +08 2026: Dashboard already running and serving requests
Wed  1 Jul 02:30:47 +08 2026: Dashboard already running and serving requests
Wed  1 Jul 02:35:47 +08 2026: Dashboard already running and serving requests
Wed  1 Jul 02:40:47 +08 2026: Dashboard already running and serving requests
Wed  1 Jul 02:45:47 +08 2026: Dashboard already running and serving requests
Wed  1 Jul 02:46:23 +08 2026: Dashboard already running and serving requests
Wed  1 Jul 02:50:47 +08 2026: Dashboard already running and serving requests
Wed  1 Jul 02:55:47 +08 2026: Dashboard already running and serving requests
Wed  1 Jul 03:00:47 +08 2026: Dashboard already running and serving requests
Wed  1 Jul 03:05:47 +08 2026: Dashboard already running and serving requests
Wed  1 Jul 03:10:47 +08 2026: Dashboard already running and serving requests
Wed  1 Jul 03:11:30 +08 2026: Dashboard already running and serving requests
Wed  1 Jul 03:15:47 +08 2026: Dashboard already running and serving requests
Wed  1 Jul 03:17:21 +08 2026: Dashboard already running and serving requests
Wed  1 Jul 03:20:47 +08 2026: Dashboard already running and serving requests
Wed  1 Jul 03:24:10 +08 2026: Dashboard already running and serving requests
Wed  1 Jul 03:25:47 +08 2026: Dashboard already running and serving requests
Wed  1 Jul 03:30:48 +08 2026: Dashboard already running and serving requests
Wed  1 Jul 03:35:48 +08 2026: Dashboard already running and serving requests
Wed  1 Jul 03:36:41 +08 2026: Dashboard already running and serving requests
Wed  1 Jul 03:40:48 +08 2026: Dashboard already running and serving requests
Wed  1 Jul 03:45:48 +08 2026: Dashboard already running and serving requests
Wed  1 Jul 03:50:48 +08 2026: Dashboard already running and serving requests
Wed  1 Jul 03:55:48 +08 2026: Dashboard already running and serving requests
Wed  1 Jul 04:00:48 +08 2026: Dashboard already running and serving requests
Wed  1 Jul 04:05:48 +08 2026: Dashboard already running and serving requests
Wed  1 Jul 04:10:48 +08 2026: Dashboard already running and serving requests
Wed  1 Jul 04:13:06 +08 2026: Dashboard already running and serving requests
Wed  1 Jul 04:15:48 +08 2026: Dashboard already running and serving requests
Wed  1 Jul 04:20:48 +08 2026: Dashboard already running and serving requests
Wed  1 Jul 04:21:16 +08 2026: Dashboard already running and serving requests
Wed  1 Jul 04:25:48 +08 2026: Dashboard already running and serving requests
Wed  1 Jul 04:30:48 +08 2026: Dashboard already running and serving requests
Wed  1 Jul 04:34:34 +08 2026: Dashboard already running and serving requests
Wed  1 Jul 04:34:49 +08 2026: Dashboard already running and serving requests
Wed  1 Jul 04:35:48 +08 2026: Dashboard already running and serving requests
Wed  1 Jul 04:40:48 +08 2026: Dashboard already running and serving requests
Wed  1 Jul 04:45:48 +08 2026: Dashboard already running and serving requests
Wed  1 Jul 04:50:48 +08 2026: Dashboard already running and serving requests
Wed  1 Jul 04:55:48 +08 2026: Dashboard already running and serving requests
Wed  1 Jul 05:00:48 +08 2026: Dashboard already running and serving requests
Wed  1 Jul 05:05:49 +08 2026: Dashboard already running and serving requests
Wed  1 Jul 05:10:49 +08 2026: Dashboard already running and serving requests
Wed  1 Jul 05:15:49 +08 2026: Dashboard already running and serving requests
Wed  1 Jul 05:20:49 +08 2026: Dashboard already running and serving requests
Wed  1 Jul 05:25:49 +08 2026: Dashboard already running and serving requests
Wed  1 Jul 05:30:49 +08 2026: Dashboard already running and serving requests
Wed  1 Jul 05:33:22 +08 2026: Dashboard already running and serving requests
Wed  1 Jul 05:35:49 +08 2026: Dashboard already running and serving requests
Wed  1 Jul 05:40:49 +08 2026: Dashboard already running and serving requests
Wed  1 Jul 05:45:04 +08 2026: Dashboard already running and serving requests
Wed  1 Jul 05:45:49 +08 2026: Dashboard already running and serving requests
Wed  1 Jul 05:50:49 +08 2026: Dashboard already running and serving requests
Wed  1 Jul 05:55:49 +08 2026: Dashboard already running and serving requests
Wed  1 Jul 06:00:49 +08 2026: Dashboard already running and serving requests
Wed  1 Jul 06:05:49 +08 2026: Dashboard already running and serving requests
Wed  1 Jul 06:10:49 +08 2026: Dashboard already running and serving requests
Wed  1 Jul 06:15:49 +08 2026: Dashboard already running and serving requests
Wed  1 Jul 06:16:17 +08 2026: Dashboard already running and serving requests
Wed  1 Jul 06:20:49 +08 2026: Dashboard already running and serving requests
Wed  1 Jul 06:25:49 +08 2026: Dashboard already running and serving requests
Wed  1 Jul 06:30:49 +08 2026: Dashboard already running and serving requests
Wed  1 Jul 06:35:06 +08 2026: Dashboard already running and serving requests
Wed  1 Jul 06:35:49 +08 2026: Dashboard already running and serving requests
Wed  1 Jul 06:40:50 +08 2026: Dashboard already running and serving requests
Wed  1 Jul 06:45:50 +08 2026: Dashboard already running and serving requests
Wed  1 Jul 06:50:50 +08 2026: Dashboard already running and serving requests
Wed  1 Jul 06:55:50 +08 2026: Dashboard already running and serving requests
Wed  1 Jul 07:00:50 +08 2026: Dashboard already running and serving requests
Wed  1 Jul 07:05:50 +08 2026: Dashboard already running and serving requests
Wed  1 Jul 07:10:50 +08 2026: Dashboard already running and serving requests
Wed  1 Jul 07:15:50 +08 2026: Dashboard already running and serving requests
Wed  1 Jul 07:20:50 +08 2026: Dashboard already running and serving requests
Wed  1 Jul 07:25:50 +08 2026: Dashboard already running and serving requests
Wed  1 Jul 07:30:50 +08 2026: Dashboard already running and serving requests
Wed  1 Jul 07:35:26 +08 2026: Dashboard already running and serving requests
Wed  1 Jul 07:35:50 +08 2026: Dashboard already running and serving requests
Wed  1 Jul 07:40:50 +08 2026: Dashboard already running and serving requests
Wed  1 Jul 07:45:50 +08 2026: Dashboard already running and serving requests
Wed  1 Jul 07:50:50 +08 2026: Dashboard already running and serving requests
Wed  1 Jul 07:55:50 +08 2026: Dashboard already running and serving requests
Wed  1 Jul 08:00:50 +08 2026: Dashboard already running and serving requests
Wed  1 Jul 08:02:09 +08 2026: Dashboard already running and serving requests
Wed  1 Jul 08:05:51 +08 2026: Dashboard already running and serving requests
Wed  1 Jul 08:08:28 +08 2026: Dashboard already running and serving requests
Wed  1 Jul 08:10:51 +08 2026: Dashboard already running and serving requests
Wed  1 Jul 08:15:51 +08 2026: Dashboard already running and serving requests
Wed  1 Jul 08:20:51 +08 2026: Dashboard already running and serving requests
Wed  1 Jul 08:25:51 +08 2026: Dashboard already running and serving requests
Wed  1 Jul 08:30:51 +08 2026: Dashboard already running and serving requests
Wed  1 Jul 08:35:51 +08 2026: Dashboard already running and serving requests
Wed  1 Jul 08:37:39 +08 2026: Dashboard already running and serving requests
Wed  1 Jul 08:40:51 +08 2026: Dashboard already running and serving requests
Wed  1 Jul 08:45:51 +08 2026: Dashboard already running and serving requests
Wed  1 Jul 08:46:19 +08 2026: Dashboard already running and serving requests
Wed  1 Jul 08:50:51 +08 2026: Dashboard already running and serving requests
Wed  1 Jul 08:55:51 +08 2026: Dashboard already running and serving requests
Wed  1 Jul 09:00:51 +08 2026: Dashboard already running and serving requests
Wed  1 Jul 09:02:12 +08 2026: Dashboard already running and serving requests
Wed  1 Jul 09:05:51 +08 2026: Dashboard already running and serving requests
Wed  1 Jul 09:08:27 +08 2026: Dashboard already running and serving requests
Wed  1 Jul 09:10:51 +08 2026: Dashboard already running and serving requests
Wed  1 Jul 09:15:51 +08 2026: Dashboard already running and serving requests
Wed  1 Jul 09:20:51 +08 2026: Dashboard already running and serving requests
Wed  1 Jul 09:23:01 +08 2026: Dashboard already running and serving requests
Wed  1 Jul 09:25:51 +08 2026: Dashboard already running and serving requests
Wed  1 Jul 09:30:52 +08 2026: Dashboard already running and serving requests
Wed  1 Jul 09:35:52 +08 2026: Dashboard already running and serving requests
Wed  1 Jul 09:40:52 +08 2026: Dashboard already running and serving requests
Wed  1 Jul 09:45:52 +08 2026: Dashboard already running and serving requests
Wed  1 Jul 09:48:59 +08 2026: Dashboard already running and serving requests
Wed  1 Jul 09:50:52 +08 2026: Dashboard already running and serving requests
Wed  1 Jul 09:55:52 +08 2026: Dashboard already running and serving requests
Wed  1 Jul 10:00:52 +08 2026: Dashboard already running and serving requests
Wed  1 Jul 10:05:52 +08 2026: Dashboard already running and serving requests
Wed  1 Jul 10:10:52 +08 2026: Dashboard already running and serving requests
Wed  1 Jul 10:15:52 +08 2026: Dashboard already running and serving requests
Wed  1 Jul 10:20:02 +08 2026: Dashboard already running and serving requests
Wed  1 Jul 10:20:52 +08 2026: Dashboard already running and serving requests
Wed  1 Jul 10:25:52 +08 2026: Dashboard already running and serving requests
Wed  1 Jul 10:30:52 +08 2026: Dashboard already running and serving requests
Wed  1 Jul 10:32:27 +08 2026: Dashboard already running and serving requests
Wed  1 Jul 10:35:52 +08 2026: Dashboard already running and serving requests
Wed  1 Jul 10:38:09 +08 2026: Dashboard already running and serving requests
Wed  1 Jul 10:40:52 +08 2026: Dashboard already running and serving requests
Wed  1 Jul 10:45:04 +08 2026: Dashboard already running and serving requests
Wed  1 Jul 10:45:52 +08 2026: Dashboard already running and serving requests
Wed  1 Jul 10:50:52 +08 2026: Dashboard already running and serving requests
Wed  1 Jul 10:51:33 +08 2026: Dashboard already running and serving requests
Wed  1 Jul 10:55:52 +08 2026: Dashboard already running and serving requests
Wed  1 Jul 11:00:53 +08 2026: Dashboard already running and serving requests
Wed  1 Jul 11:05:53 +08 2026: Dashboard already running and serving requests
Wed  1 Jul 11:09:14 +08 2026: Dashboard already running and serving requests
Wed  1 Jul 11:10:26 +08 2026: Starting Buffett Monitor dashboard (no process found)
Wed  1 Jul 11:10:53 +08 2026: Dashboard already running and serving requests
Wed  1 Jul 11:15:53 +08 2026: Dashboard already running and serving requests
Wed  1 Jul 11:17:25 +08 2026: Dashboard already running and serving requests
Wed  1 Jul 11:20:53 +08 2026: Dashboard already running and serving requests
Wed  1 Jul 11:25:53 +08 2026: Dashboard already running and serving requests
Wed  1 Jul 11:30:53 +08 2026: Dashboard already running and serving requests
Wed  1 Jul 11:35:53 +08 2026: Dashboard already running and serving requests
Wed  1 Jul 11:40:53 +08 2026: Dashboard already running and serving requests
Wed  1 Jul 11:45:53 +08 2026: Dashboard already running and serving requests
Wed  1 Jul 11:50:53 +08 2026: Dashboard already running and serving requests
Wed  1 Jul 11:55:53 +08 2026: Dashboard already running and serving requests
Wed  1 Jul 12:00:53 +08 2026: Dashboard already running and serving requests
Wed  1 Jul 12:05:53 +08 2026: Dashboard already running and serving requests
Wed  1 Jul 12:09:29 +08 2026: Dashboard already running and serving requests
Wed  1 Jul 12:10:53 +08 2026: Dashboard already running and serving requests
Wed  1 Jul 12:15:53 +08 2026: Dashboard already running and serving requests
Wed  1 Jul 12:16:23 +08 2026: Dashboard already running and serving requests
Wed  1 Jul 12:20:53 +08 2026: Dashboard already running and serving requests
Wed  1 Jul 12:25:53 +08 2026: Dashboard already running and serving requests
Wed  1 Jul 12:30:54 +08 2026: Dashboard already running and serving requests
Wed  1 Jul 12:35:54 +08 2026: Dashboard already running and serving requests
Wed  1 Jul 12:40:54 +08 2026: Dashboard already running and serving requests
Wed  1 Jul 12:45:54 +08 2026: Dashboard already running and serving requests
Wed  1 Jul 12:50:54 +08 2026: Dashboard already running and serving requests
Wed  1 Jul 12:55:54 +08 2026: Dashboard already running and serving requests
Wed  1 Jul 13:00:54 +08 2026: Dashboard already running and serving requests
Wed  1 Jul 13:05:54 +08 2026: Dashboard already running and serving requests
Wed  1 Jul 13:10:54 +08 2026: Dashboard already running and serving requests
Wed  1 Jul 13:15:54 +08 2026: Dashboard already running and serving requests
Wed  1 Jul 13:20:54 +08 2026: Dashboard already running and serving requests
Wed  1 Jul 13:23:10 +08 2026: Dashboard already running and serving requests
Wed  1 Jul 13:25:54 +08 2026: Dashboard already running and serving requests
Wed  1 Jul 13:30:54 +08 2026: Dashboard already running and serving requests
Wed  1 Jul 13:35:54 +08 2026: Dashboard already running and serving requests
Wed  1 Jul 13:40:54 +08 2026: Dashboard already running and serving requests
Wed  1 Jul 13:44:37 +08 2026: Dashboard already running and serving requests
Wed  1 Jul 13:45:54 +08 2026: Dashboard already running and serving requests
Wed  1 Jul 13:50:48 +08 2026: Dashboard already running and serving requests
Wed  1 Jul 13:50:54 +08 2026: Dashboard already running and serving requests
Wed  1 Jul 13:55:54 +08 2026: Dashboard already running and serving requests
Wed  1 Jul 14:00:54 +08 2026: Dashboard already running and serving requests
Wed  1 Jul 14:05:54 +08 2026: Dashboard already running and serving requests
Wed  1 Jul 14:10:55 +08 2026: Dashboard already running and serving requests
Wed  1 Jul 14:15:55 +08 2026: Dashboard already running and serving requests
Wed  1 Jul 14:20:55 +08 2026: Dashboard already running and serving requests
Wed  1 Jul 14:25:55 +08 2026: Dashboard already running and serving requests
Wed  1 Jul 14:26:39 +08 2026: Dashboard already running and serving requests
Wed  1 Jul 14:30:55 +08 2026: Dashboard already running and serving requests
Wed  1 Jul 14:35:55 +08 2026: Dashboard already running and serving requests
Wed  1 Jul 14:40:55 +08 2026: Dashboard already running and serving requests
Wed  1 Jul 14:45:55 +08 2026: Dashboard already running and serving requests
Wed  1 Jul 14:47:28 +08 2026: Dashboard already running and serving requests
Wed  1 Jul 14:50:55 +08 2026: Dashboard already running and serving requests
Wed  1 Jul 14:55:55 +08 2026: Dashboard already running and serving requests
Wed  1 Jul 15:00:55 +08 2026: Dashboard already running and serving requests
Wed  1 Jul 15:05:55 +08 2026: Dashboard already running and serving requests
Wed  1 Jul 15:06:15 +08 2026: Dashboard already running and serving requests
Wed  1 Jul 15:10:55 +08 2026: Dashboard already running and serving requests
Wed  1 Jul 15:15:55 +08 2026: Dashboard already running and serving requests
Wed  1 Jul 15:20:55 +08 2026: Dashboard already running and serving requests
Wed  1 Jul 15:25:55 +08 2026: Dashboard already running and serving requests
Wed  1 Jul 15:30:55 +08 2026: Dashboard already running and serving requests
Wed  1 Jul 15:35:53 +08 2026: Dashboard already running and serving requests
Wed  1 Jul 15:35:55 +08 2026: Dashboard already running and serving requests
Wed  1 Jul 15:40:55 +08 2026: Dashboard already running and serving requests
Wed  1 Jul 15:45:55 +08 2026: Dashboard already running and serving requests
Wed  1 Jul 15:48:57 +08 2026: Dashboard already running and serving requests
Wed  1 Jul 15:50:56 +08 2026: Dashboard already running and serving requests
Wed  1 Jul 15:55:29 +08 2026: Dashboard already running and serving requests
Wed  1 Jul 15:55:56 +08 2026: Dashboard already running and serving requests
Wed  1 Jul 15:56:31 +08 2026: Dashboard already running and serving requests
Wed  1 Jul 15:56:47 +08 2026: Dashboard already running and serving requests
Wed  1 Jul 16:00:56 +08 2026: Dashboard already running and serving requests
Wed  1 Jul 16:03:06 +08 2026: Dashboard already running and serving requests
Wed  1 Jul 16:05:56 +08 2026: Dashboard already running and serving requests
Wed  1 Jul 16:10:56 +08 2026: Dashboard already running and serving requests
Wed  1 Jul 16:15:56 +08 2026: Dashboard already running and serving requests
Wed  1 Jul 16:16:42 +08 2026: Dashboard already running and serving requests
Wed  1 Jul 16:20:56 +08 2026: Dashboard already running and serving requests
Wed  1 Jul 16:25:56 +08 2026: Dashboard already running and serving requests
Wed  1 Jul 16:30:56 +08 2026: Dashboard already running and serving requests
Wed  1 Jul 16:35:56 +08 2026: Dashboard already running and serving requests
Wed  1 Jul 16:40:56 +08 2026: Dashboard already running and serving requests
Wed  1 Jul 16:45:56 +08 2026: Dashboard already running and serving requests
Wed  1 Jul 16:46:45 +08 2026: Dashboard already running and serving requests
Wed  1 Jul 16:50:56 +08 2026: Dashboard already running and serving requests
Wed  1 Jul 16:55:56 +08 2026: Dashboard already running and serving requests
Wed  1 Jul 17:00:56 +08 2026: Dashboard already running and serving requests
Wed  1 Jul 17:05:56 +08 2026: Dashboard already running and serving requests
Wed  1 Jul 17:10:56 +08 2026: Dashboard already running and serving requests
Wed  1 Jul 17:15:57 +08 2026: Dashboard already running and serving requests
Wed  1 Jul 17:20:57 +08 2026: Dashboard already running and serving requests
Wed  1 Jul 17:25:57 +08 2026: Dashboard already running and serving requests
Wed  1 Jul 17:30:57 +08 2026: Dashboard already running and serving requests
Wed  1 Jul 17:35:57 +08 2026: Dashboard already running and serving requests
Wed  1 Jul 17:36:12 +08 2026: Dashboard already running and serving requests
Wed  1 Jul 17:40:57 +08 2026: Dashboard already running and serving requests
Wed  1 Jul 17:45:57 +08 2026: Dashboard already running and serving requests
Wed  1 Jul 17:49:44 +08 2026: Dashboard already running and serving requests
Wed  1 Jul 17:50:57 +08 2026: Dashboard already running and serving requests
Wed  1 Jul 17:51:07 +08 2026: Dashboard already running and serving requests
Wed  1 Jul 17:55:57 +08 2026: Dashboard already running and serving requests
Wed  1 Jul 18:00:57 +08 2026: Dashboard already running and serving requests
Wed  1 Jul 18:05:57 +08 2026: Dashboard already running and serving requests
Wed  1 Jul 18:10:07 +08 2026: Dashboard already running and serving requests
Wed  1 Jul 18:10:57 +08 2026: Dashboard already running and serving requests
Wed  1 Jul 18:15:57 +08 2026: Dashboard already running and serving requests
Wed  1 Jul 18:16:23 +08 2026: Dashboard already running and serving requests
Wed  1 Jul 18:20:57 +08 2026: Dashboard already running and serving requests
Wed  1 Jul 18:22:20 +08 2026: Dashboard already running and serving requests
Wed  1 Jul 18:25:57 +08 2026: Dashboard already running and serving requests
Wed  1 Jul 18:30:57 +08 2026: Dashboard already running and serving requests
Wed  1 Jul 18:35:57 +08 2026: Dashboard already running and serving requests
Wed  1 Jul 18:40:57 +08 2026: Dashboard already running and serving requests
Wed  1 Jul 18:42:36 +08 2026: Dashboard already running and serving requests
Wed  1 Jul 18:45:57 +08 2026: Dashboard already running and serving requests
Wed  1 Jul 18:48:17 +08 2026: Dashboard already running and serving requests
Wed  1 Jul 18:50:58 +08 2026: Dashboard already running and serving requests
Wed  1 Jul 18:55:58 +08 2026: Dashboard already running and serving requests
Wed  1 Jul 19:00:58 +08 2026: Dashboard already running and serving requests
Wed  1 Jul 19:05:58 +08 2026: Dashboard already running and serving requests
Wed  1 Jul 19:10:58 +08 2026: Dashboard already running and serving requests
Wed  1 Jul 19:15:58 +08 2026: Dashboard already running and serving requests
Wed  1 Jul 19:20:58 +08 2026: Dashboard already running and serving requests
Wed  1 Jul 19:25:58 +08 2026: Dashboard already running and serving requests
Wed  1 Jul 19:30:58 +08 2026: Dashboard already running and serving requests
Wed  1 Jul 19:35:58 +08 2026: Dashboard already running and serving requests
Wed  1 Jul 19:40:58 +08 2026: Dashboard already running and serving requests
Wed  1 Jul 19:44:09 +08 2026: Dashboard already running and serving requests
Wed  1 Jul 19:45:58 +08 2026: Dashboard already running and serving requests
Wed  1 Jul 19:50:58 +08 2026: Dashboard already running and serving requests
Wed  1 Jul 19:55:58 +08 2026: Dashboard already running and serving requests
Wed  1 Jul 19:59:56 +08 2026: Dashboard already running and serving requests
Wed  1 Jul 20:00:58 +08 2026: Dashboard already running and serving requests
Wed  1 Jul 20:05:58 +08 2026: Dashboard already running and serving requests
Wed  1 Jul 20:10:58 +08 2026: Dashboard already running and serving requests
Wed  1 Jul 20:15:04 +08 2026: Dashboard already running and serving requests
Wed  1 Jul 20:15:48 +08 2026: Dashboard already running and serving requests
Wed  1 Jul 20:15:58 +08 2026: Dashboard already running and serving requests
Wed  1 Jul 20:20:59 +08 2026: Dashboard already running and serving requests
Wed  1 Jul 20:25:59 +08 2026: Dashboard already running and serving requests
Wed  1 Jul 20:30:59 +08 2026: Dashboard already running and serving requests
Wed  1 Jul 20:35:59 +08 2026: Dashboard already running and serving requests
Wed  1 Jul 20:40:59 +08 2026: Dashboard already running and serving requests
Wed  1 Jul 20:45:59 +08 2026: Dashboard already running and serving requests
Wed  1 Jul 20:50:59 +08 2026: Dashboard already running and serving requests
Wed  1 Jul 20:51:13 +08 2026: Dashboard already running and serving requests
Wed  1 Jul 20:55:59 +08 2026: Dashboard already running and serving requests
Wed  1 Jul 20:59:10 +08 2026: Dashboard already running and serving requests
Wed  1 Jul 21:00:59 +08 2026: Dashboard already running and serving requests
Wed  1 Jul 21:05:59 +08 2026: Dashboard already running and serving requests
Wed  1 Jul 21:10:59 +08 2026: Dashboard already running and serving requests
Wed  1 Jul 21:15:59 +08 2026: Dashboard already running and serving requests
Wed  1 Jul 21:20:59 +08 2026: Dashboard already running and serving requests
Wed  1 Jul 21:25:59 +08 2026: Dashboard already running and serving requests
Wed  1 Jul 21:30:59 +08 2026: Dashboard already running and serving requests
Wed  1 Jul 21:35:59 +08 2026: Dashboard already running and serving requests
Wed  1 Jul 21:40:59 +08 2026: Dashboard already running and serving requests
Wed  1 Jul 21:45:59 +08 2026: Dashboard already running and serving requests
Wed  1 Jul 21:50:59 +08 2026: Dashboard already running and serving requests
Wed  1 Jul 21:55:59 +08 2026: Dashboard already running and serving requests
Wed  1 Jul 22:01:00 +08 2026: Dashboard already running and serving requests
Wed  1 Jul 22:05:00 +08 2026: Dashboard already running and serving requests
Wed  1 Jul 22:10:00 +08 2026: Dashboard already running and serving requests
Wed  1 Jul 22:15:00 +08 2026: Dashboard already running and serving requests
Wed  1 Jul 22:20:00 +08 2026: Dashboard already running and serving requests
Wed  1 Jul 22:25:00 +08 2026: Dashboard already running and serving requests
Wed  1 Jul 22:30:00 +08 2026: Dashboard already running and serving requests
Wed  1 Jul 22:35:00 +08 2026: Dashboard already running and serving requests
Wed  1 Jul 22:40:00 +08 2026: Dashboard already running and serving requests
Wed  1 Jul 22:45:00 +08 2026: Dashboard already running and serving requests
Wed  1 Jul 22:50:00 +08 2026: Dashboard already running and serving requests
Wed  1 Jul 22:55:00 +08 2026: Dashboard already running and serving requests
Wed  1 Jul 23:00:00 +08 2026: Dashboard already running and serving requests
Wed  1 Jul 23:05:00 +08 2026: Dashboard already running and serving requests
Wed  1 Jul 23:10:00 +08 2026: Dashboard already running and serving requests
Wed  1 Jul 23:15:00 +08 2026: Dashboard already running and serving requests
Wed  1 Jul 23:16:55 +08 2026: Dashboard already running and serving requests
Wed  1 Jul 23:20:00 +08 2026: Dashboard already running and serving requests
Wed  1 Jul 23:23:58 +08 2026: Dashboard already running and serving requests
Wed  1 Jul 23:25:00 +08 2026: Dashboard already running and serving requests
Wed  1 Jul 23:30:00 +08 2026: Dashboard already running and serving requests
Wed  1 Jul 23:35:01 +08 2026: Dashboard already running and serving requests
Wed  1 Jul 23:40:01 +08 2026: Dashboard already running and serving requests
Wed  1 Jul 23:45:01 +08 2026: Dashboard already running and serving requests
Wed  1 Jul 23:48:26 +08 2026: Dashboard already running and serving requests
Wed  1 Jul 23:50:01 +08 2026: Dashboard already running and serving requests
Wed  1 Jul 23:55:01 +08 2026: Dashboard already running and serving requests
Thu  2 Jul 00:00:01 +08 2026: Dashboard already running and serving requests
Thu  2 Jul 00:05:01 +08 2026: Dashboard already running and serving requests
Thu  2 Jul 00:10:01 +08 2026: Dashboard already running and serving requests
Thu  2 Jul 00:15:01 +08 2026: Dashboard already running and serving requests
Thu  2 Jul 00:20:01 +08 2026: Dashboard already running and serving requests
Thu  2 Jul 00:25:01 +08 2026: Dashboard already running and serving requests
Thu  2 Jul 00:30:01 +08 2026: Dashboard already running and serving requests
Thu  2 Jul 00:35:01 +08 2026: Dashboard already running and serving requests
Thu  2 Jul 00:40:01 +08 2026: Dashboard already running and serving requests
Thu  2 Jul 00:42:48 +08 2026: Dashboard already running and serving requests
Thu  2 Jul 00:45:01 +08 2026: Dashboard already running and serving requests
Thu  2 Jul 00:49:33 +08 2026: Dashboard already running and serving requests
Thu  2 Jul 00:50:01 +08 2026: Dashboard already running and serving requests
Thu  2 Jul 00:55:01 +08 2026: Dashboard already running and serving requests
Thu  2 Jul 00:58:42 +08 2026: Dashboard already running and serving requests
Thu  2 Jul 01:00:01 +08 2026: Dashboard already running and serving requests
Thu  2 Jul 01:05:02 +08 2026: Dashboard already running and serving requests
Thu  2 Jul 01:10:02 +08 2026: Dashboard already running and serving requests
Thu  2 Jul 01:15:02 +08 2026: Dashboard already running and serving requests
Thu  2 Jul 01:17:33 +08 2026: Dashboard already running and serving requests
Thu  2 Jul 01:20:02 +08 2026: Dashboard already running and serving requests
Thu  2 Jul 01:25:02 +08 2026: Dashboard already running and serving requests
Thu  2 Jul 01:30:02 +08 2026: Dashboard already running and serving requests
Thu  2 Jul 01:35:02 +08 2026: Dashboard already running and serving requests
Thu  2 Jul 01:40:02 +08 2026: Dashboard already running and serving requests
Thu  2 Jul 01:45:02 +08 2026: Dashboard already running and serving requests
Thu  2 Jul 01:45:43 +08 2026: Dashboard already running and serving requests
Thu  2 Jul 01:46:37 +08 2026: Dashboard already running and serving requests
Thu  2 Jul 01:50:02 +08 2026: Dashboard already running and serving requests
Thu  2 Jul 01:55:02 +08 2026: Dashboard already running and serving requests
Thu  2 Jul 02:00:02 +08 2026: Dashboard already running and serving requests
Thu  2 Jul 02:05:02 +08 2026: Dashboard already running and serving requests
Thu  2 Jul 02:07:55 +08 2026: Dashboard already running and serving requests
Thu  2 Jul 02:10:02 +08 2026: Dashboard already running and serving requests
Thu  2 Jul 02:14:30 +08 2026: Dashboard already running and serving requests
Thu  2 Jul 02:15:02 +08 2026: Dashboard already running and serving requests
Thu  2 Jul 02:20:02 +08 2026: Dashboard already running and serving requests
Thu  2 Jul 02:21:01 +08 2026: Dashboard already running and serving requests
Thu  2 Jul 02:25:02 +08 2026: Dashboard already running and serving requests
Thu  2 Jul 02:30:02 +08 2026: Dashboard already running and serving requests
Thu  2 Jul 02:35:02 +08 2026: Dashboard already running and serving requests
Thu  2 Jul 02:40:03 +08 2026: Dashboard already running and serving requests
Thu  2 Jul 02:41:00 +08 2026: Dashboard already running and serving requests
Thu  2 Jul 02:45:02 +08 2026: Dashboard already running and serving requests
Thu  2 Jul 02:50:03 +08 2026: Dashboard already running and serving requests
Thu  2 Jul 02:55:03 +08 2026: Dashboard already running and serving requests
Thu  2 Jul 02:57:58 +08 2026: Dashboard already running and serving requests
Thu  2 Jul 02:58:25 +08 2026: Dashboard already running and serving requests
Thu  2 Jul 03:00:03 +08 2026: Dashboard already running and serving requests
Thu  2 Jul 03:05:03 +08 2026: Dashboard already running and serving requests
Thu  2 Jul 03:05:04 +08 2026: Dashboard already running and serving requests
Thu  2 Jul 03:10:03 +08 2026: Dashboard already running and serving requests
Thu  2 Jul 03:15:03 +08 2026: Dashboard already running and serving requests
Thu  2 Jul 03:20:03 +08 2026: Dashboard already running and serving requests
Thu  2 Jul 03:25:03 +08 2026: Dashboard already running and serving requests
Thu  2 Jul 03:30:03 +08 2026: Dashboard already running and serving requests
Thu  2 Jul 03:30:33 +08 2026: Dashboard already running and serving requests
Thu  2 Jul 03:35:03 +08 2026: Dashboard already running and serving requests
Thu  2 Jul 03:40:03 +08 2026: Dashboard already running and serving requests
Thu  2 Jul 03:45:03 +08 2026: Dashboard already running and serving requests
Thu  2 Jul 03:50:03 +08 2026: Dashboard already running and serving requests
Thu  2 Jul 03:55:03 +08 2026: Dashboard already running and serving requests
Thu  2 Jul 04:00:03 +08 2026: Dashboard already running and serving requests
Thu  2 Jul 04:05:03 +08 2026: Dashboard already running and serving requests
Thu  2 Jul 04:05:31 +08 2026: Dashboard already running and serving requests
Thu  2 Jul 04:10:03 +08 2026: Dashboard already running and serving requests
Thu  2 Jul 04:14:08 +08 2026: Dashboard already running and serving requests
Thu  2 Jul 04:15:03 +08 2026: Dashboard already running and serving requests
Thu  2 Jul 04:20:04 +08 2026: Dashboard already running and serving requests
Thu  2 Jul 04:25:04 +08 2026: Dashboard already running and serving requests
Thu  2 Jul 04:30:04 +08 2026: Dashboard already running and serving requests
Thu  2 Jul 04:30:05 +08 2026: Dashboard already running and serving requests
Thu  2 Jul 04:35:04 +08 2026: Dashboard already running and serving requests
Thu  2 Jul 04:40:04 +08 2026: Dashboard already running and serving requests
Thu  2 Jul 04:45:04 +08 2026: Dashboard already running and serving requests
Thu  2 Jul 04:50:04 +08 2026: Dashboard already running and serving requests
Thu  2 Jul 04:55:04 +08 2026: Dashboard already running and serving requests
Thu  2 Jul 05:00:04 +08 2026: Dashboard already running and serving requests
Thu  2 Jul 05:05:04 +08 2026: Dashboard already running and serving requests
Thu  2 Jul 05:08:04 +08 2026: Dashboard already running and serving requests
Thu  2 Jul 05:10:04 +08 2026: Dashboard already running and serving requests
Thu  2 Jul 05:15:04 +08 2026: Dashboard already running and serving requests
Thu  2 Jul 05:20:04 +08 2026: Dashboard already running and serving requests
Thu  2 Jul 05:25:04 +08 2026: Dashboard already running and serving requests
Thu  2 Jul 05:30:04 +08 2026: Dashboard already running and serving requests
Thu  2 Jul 05:35:04 +08 2026: Dashboard already running and serving requests
Thu  2 Jul 05:38:12 +08 2026: Dashboard already running and serving requests
Thu  2 Jul 05:40:04 +08 2026: Dashboard already running and serving requests
Thu  2 Jul 05:45:04 +08 2026: Dashboard already running and serving requests
Thu  2 Jul 05:50:05 +08 2026: Dashboard already running and serving requests
Thu  2 Jul 05:51:27 +08 2026: Dashboard already running and serving requests
Thu  2 Jul 05:55:05 +08 2026: Dashboard already running and serving requests
Thu  2 Jul 06:00:05 +08 2026: Dashboard already running and serving requests
Thu  2 Jul 06:05:05 +08 2026: Dashboard already running and serving requests
Thu  2 Jul 06:10:05 +08 2026: Dashboard already running and serving requests
Thu  2 Jul 06:15:05 +08 2026: Dashboard already running and serving requests
Thu  2 Jul 06:20:05 +08 2026: Dashboard already running and serving requests
Thu  2 Jul 06:21:24 +08 2026: Dashboard already running and serving requests
Thu  2 Jul 06:21:29 +08 2026: Dashboard already running and serving requests
Thu  2 Jul 06:25:05 +08 2026: Dashboard already running and serving requests
Thu  2 Jul 06:30:05 +08 2026: Dashboard already running and serving requests
Thu  2 Jul 06:33:30 +08 2026: Dashboard already running and serving requests
Thu  2 Jul 06:35:05 +08 2026: Dashboard already running and serving requests
Thu  2 Jul 06:39:51 +08 2026: Dashboard already running and serving requests
Thu  2 Jul 06:40:05 +08 2026: Dashboard already running and serving requests
Thu  2 Jul 06:40:52 +08 2026: Dashboard already running and serving requests
Thu  2 Jul 06:45:05 +08 2026: Dashboard already running and serving requests
Thu  2 Jul 06:50:05 +08 2026: Dashboard already running and serving requests
Thu  2 Jul 06:53:49 +08 2026: Dashboard already running and serving requests
Thu  2 Jul 06:55:05 +08 2026: Dashboard already running and serving requests
Thu  2 Jul 07:00:05 +08 2026: Dashboard already running and serving requests
Thu  2 Jul 07:05:05 +08 2026: Dashboard already running and serving requests
Thu  2 Jul 07:10:05 +08 2026: Dashboard already running and serving requests
Thu  2 Jul 07:15:06 +08 2026: Dashboard already running and serving requests
Thu  2 Jul 07:20:06 +08 2026: Dashboard already running and serving requests
Thu  2 Jul 07:25:06 +08 2026: Dashboard already running and serving requests
Thu  2 Jul 07:30:06 +08 2026: Dashboard already running and serving requests
Thu  2 Jul 07:30:40 +08 2026: Dashboard already running and serving requests
Thu  2 Jul 07:35:06 +08 2026: Dashboard already running and serving requests
Thu  2 Jul 07:40:06 +08 2026: Dashboard already running and serving requests
Thu  2 Jul 07:45:06 +08 2026: Dashboard already running and serving requests
Thu  2 Jul 07:50:06 +08 2026: Dashboard already running and serving requests
Thu  2 Jul 07:55:06 +08 2026: Dashboard already running and serving requests
Thu  2 Jul 08:00:06 +08 2026: Dashboard already running and serving requests
Thu  2 Jul 08:03:38 +08 2026: Dashboard already running and serving requests
Thu  2 Jul 08:05:06 +08 2026: Dashboard already running and serving requests
Thu  2 Jul 08:10:06 +08 2026: Dashboard already running and serving requests
Thu  2 Jul 08:15:06 +08 2026: Dashboard already running and serving requests
Thu  2 Jul 08:16:51 +08 2026: Dashboard already running and serving requests
Thu  2 Jul 08:20:06 +08 2026: Dashboard already running and serving requests
Thu  2 Jul 08:23:25 +08 2026: Dashboard already running and serving requests
Thu  2 Jul 08:25:06 +08 2026: Dashboard already running and serving requests
Thu  2 Jul 08:30:06 +08 2026: Dashboard already running and serving requests
Thu  2 Jul 08:35:06 +08 2026: Dashboard already running and serving requests
Thu  2 Jul 08:40:06 +08 2026: Dashboard already running and serving requests
Thu  2 Jul 08:45:06 +08 2026: Dashboard already running and serving requests
Thu  2 Jul 08:50:06 +08 2026: Dashboard already running and serving requests
Thu  2 Jul 08:55:07 +08 2026: Dashboard already running and serving requests
Thu  2 Jul 09:00:07 +08 2026: Dashboard already running and serving requests
Thu  2 Jul 09:05:07 +08 2026: Dashboard already running and serving requests
Thu  2 Jul 09:10:07 +08 2026: Dashboard already running and serving requests
Thu  2 Jul 09:13:56 +08 2026: Dashboard already running and serving requests
Thu  2 Jul 09:15:07 +08 2026: Dashboard already running and serving requests
Thu  2 Jul 09:20:07 +08 2026: Dashboard already running and serving requests
Thu  2 Jul 09:25:07 +08 2026: Dashboard already running and serving requests
Thu  2 Jul 09:30:07 +08 2026: Dashboard already running and serving requests
Thu  2 Jul 09:35:07 +08 2026: Dashboard already running and serving requests
Thu  2 Jul 09:40:07 +08 2026: Dashboard already running and serving requests
Thu  2 Jul 09:45:07 +08 2026: Dashboard already running and serving requests
Thu  2 Jul 09:46:39 +08 2026: Dashboard already running and serving requests
Thu  2 Jul 09:50:07 +08 2026: Dashboard already running and serving requests
Thu  2 Jul 09:52:36 +08 2026: Dashboard already running and serving requests
Thu  2 Jul 09:55:07 +08 2026: Dashboard already running and serving requests
Thu  2 Jul 10:00:07 +08 2026: Dashboard already running and serving requests
Thu  2 Jul 10:04:39 +08 2026: Dashboard already running and serving requests
Thu  2 Jul 10:05:07 +08 2026: Dashboard already running and serving requests
Thu  2 Jul 10:10:07 +08 2026: Dashboard already running and serving requests
Thu  2 Jul 10:15:07 +08 2026: Dashboard already running and serving requests
Thu  2 Jul 10:20:07 +08 2026: Dashboard already running and serving requests
Thu  2 Jul 10:25:07 +08 2026: Dashboard already running and serving requests
Thu  2 Jul 10:30:08 +08 2026: Dashboard already running and serving requests
Thu  2 Jul 10:35:08 +08 2026: Dashboard already running and serving requests
Thu  2 Jul 10:35:27 +08 2026: Dashboard already running and serving requests
Thu  2 Jul 10:40:08 +08 2026: Dashboard already running and serving requests
Thu  2 Jul 10:45:08 +08 2026: Dashboard already running and serving requests
Thu  2 Jul 10:50:08 +08 2026: Dashboard already running and serving requests
Thu  2 Jul 10:54:24 +08 2026: Dashboard already running and serving requests
Thu  2 Jul 10:55:08 +08 2026: Dashboard already running and serving requests
Thu  2 Jul 11:00:08 +08 2026: Dashboard already running and serving requests
Thu  2 Jul 11:05:08 +08 2026: Dashboard already running and serving requests
Thu  2 Jul 11:10:08 +08 2026: Dashboard already running and serving requests
Thu  2 Jul 11:11:02 +08 2026: Dashboard already running and serving requests
Thu  2 Jul 11:15:08 +08 2026: Dashboard already running and serving requests
Thu  2 Jul 11:20:08 +08 2026: Dashboard already running and serving requests
Thu  2 Jul 11:25:01 +08 2026: Dashboard already running and serving requests
Thu  2 Jul 11:25:08 +08 2026: Dashboard already running and serving requests
Thu  2 Jul 11:30:08 +08 2026: Dashboard already running and serving requests
Thu  2 Jul 11:35:08 +08 2026: Dashboard already running and serving requests
Thu  2 Jul 11:40:08 +08 2026: Dashboard already running and serving requests
Thu  2 Jul 11:45:08 +08 2026: Dashboard already running and serving requests
Thu  2 Jul 11:50:34 +08 2026: Dashboard already running and serving requests
Thu  2 Jul 11:55:34 +08 2026: Dashboard already running and serving requests
Thu  2 Jul 12:00:34 +08 2026: Dashboard already running and serving requests
Thu  2 Jul 12:01:52 +08 2026: Dashboard already running and serving requests
Thu  2 Jul 12:05:34 +08 2026: Dashboard already running and serving requests
Thu  2 Jul 12:08:09 +08 2026: Dashboard already running and serving requests
Thu  2 Jul 12:10:34 +08 2026: Dashboard already running and serving requests
Thu  2 Jul 12:15:35 +08 2026: Dashboard already running and serving requests
Thu  2 Jul 12:20:35 +08 2026: Dashboard already running and serving requests
Thu  2 Jul 12:25:35 +08 2026: Dashboard already running and serving requests
Thu  2 Jul 12:30:35 +08 2026: Dashboard already running and serving requests
Thu  2 Jul 12:35:35 +08 2026: Dashboard already running and serving requests
Thu  2 Jul 12:37:18 +08 2026: Dashboard already running and serving requests
Thu  2 Jul 12:40:35 +08 2026: Dashboard already running and serving requests
Thu  2 Jul 12:45:35 +08 2026: Dashboard already running and serving requests
Thu  2 Jul 12:49:59 +08 2026: Dashboard already running and serving requests
Thu  2 Jul 12:50:35 +08 2026: Dashboard already running and serving requests
Thu  2 Jul 12:55:35 +08 2026: Dashboard already running and serving requests
Thu  2 Jul 13:00:35 +08 2026: Dashboard already running and serving requests
Thu  2 Jul 13:05:35 +08 2026: Dashboard already running and serving requests
Thu  2 Jul 13:10:35 +08 2026: Dashboard already running and serving requests
Thu  2 Jul 13:13:07 +08 2026: Dashboard already running and serving requests
Thu  2 Jul 13:15:35 +08 2026: Dashboard already running and serving requests
Thu  2 Jul 13:20:35 +08 2026: Dashboard already running and serving requests
Thu  2 Jul 13:25:35 +08 2026: Dashboard already running and serving requests
Thu  2 Jul 13:30:35 +08 2026: Dashboard already running and serving requests
Thu  2 Jul 13:35:35 +08 2026: Dashboard already running and serving requests
Thu  2 Jul 13:40:35 +08 2026: Dashboard already running and serving requests
Thu  2 Jul 13:41:01 +08 2026: Dashboard already running and serving requests
Thu  2 Jul 13:45:35 +08 2026: Dashboard already running and serving requests
Thu  2 Jul 13:50:35 +08 2026: Dashboard already running and serving requests
Thu  2 Jul 13:55:36 +08 2026: Dashboard already running and serving requests
Thu  2 Jul 14:00:36 +08 2026: Dashboard already running and serving requests
Thu  2 Jul 14:05:36 +08 2026: Dashboard already running and serving requests
Thu  2 Jul 14:09:23 +08 2026: Dashboard already running and serving requests
Thu  2 Jul 14:10:36 +08 2026: Dashboard already running and serving requests
Thu  2 Jul 14:15:36 +08 2026: Dashboard already running and serving requests
Thu  2 Jul 14:16:18 +08 2026: Dashboard already running and serving requests
Thu  2 Jul 14:20:36 +08 2026: Dashboard already running and serving requests
Thu  2 Jul 14:25:36 +08 2026: Dashboard already running and serving requests
Thu  2 Jul 14:30:36 +08 2026: Dashboard already running and serving requests
Thu  2 Jul 14:31:24 +08 2026: Dashboard already running and serving requests
Thu  2 Jul 14:35:36 +08 2026: Dashboard already running and serving requests
Thu  2 Jul 14:40:36 +08 2026: Dashboard already running and serving requests
Thu  2 Jul 14:45:36 +08 2026: Dashboard already running and serving requests
Thu  2 Jul 14:50:36 +08 2026: Dashboard already running and serving requests
Thu  2 Jul 14:55:36 +08 2026: Dashboard already running and serving requests
Thu  2 Jul 15:00:36 +08 2026: Dashboard already running and serving requests
Thu  2 Jul 15:05:36 +08 2026: Dashboard already running and serving requests
Thu  2 Jul 15:10:36 +08 2026: Dashboard already running and serving requests
Thu  2 Jul 15:15:36 +08 2026: Dashboard already running and serving requests
Thu  2 Jul 15:20:36 +08 2026: Dashboard already running and serving requests
Thu  2 Jul 15:25:36 +08 2026: Dashboard already running and serving requests
Thu  2 Jul 15:30:36 +08 2026: Dashboard already running and serving requests
Thu  2 Jul 15:35:37 +08 2026: Dashboard already running and serving requests
Thu  2 Jul 15:40:37 +08 2026: Dashboard already running and serving requests
Thu  2 Jul 15:45:37 +08 2026: Dashboard already running and serving requests
Thu  2 Jul 15:50:37 +08 2026: Dashboard already running and serving requests
Thu  2 Jul 15:55:37 +08 2026: Dashboard already running and serving requests
Thu  2 Jul 15:57:05 +08 2026: Dashboard already running and serving requests
Thu  2 Jul 16:00:37 +08 2026: Dashboard already running and serving requests
Thu  2 Jul 16:05:37 +08 2026: Dashboard already running and serving requests
Thu  2 Jul 16:10:37 +08 2026: Dashboard already running and serving requests
Thu  2 Jul 16:15:37 +08 2026: Dashboard already running and serving requests
Thu  2 Jul 16:17:04 +08 2026: Dashboard already running and serving requests
Thu  2 Jul 16:20:37 +08 2026: Dashboard already running and serving requests
Thu  2 Jul 16:25:03 +08 2026: Dashboard already running and serving requests
Thu  2 Jul 16:25:37 +08 2026: Dashboard already running and serving requests
Thu  2 Jul 16:30:37 +08 2026: Dashboard already running and serving requests
Thu  2 Jul 16:35:37 +08 2026: Dashboard already running and serving requests
Thu  2 Jul 16:39:08 +08 2026: Dashboard already running and serving requests
Thu  2 Jul 16:40:37 +08 2026: Dashboard already running and serving requests
Thu  2 Jul 16:45:37 +08 2026: Dashboard already running and serving requests
Thu  2 Jul 16:50:37 +08 2026: Dashboard already running and serving requests
Thu  2 Jul 16:55:37 +08 2026: Dashboard already running and serving requests
Thu  2 Jul 17:00:37 +08 2026: Dashboard already running and serving requests
Thu  2 Jul 17:05:37 +08 2026: Dashboard already running and serving requests
Thu  2 Jul 17:10:38 +08 2026: Dashboard already running and serving requests
Thu  2 Jul 17:15:38 +08 2026: Dashboard already running and serving requests
Thu  2 Jul 17:18:59 +08 2026: Dashboard already running and serving requests
Thu  2 Jul 17:20:38 +08 2026: Dashboard already running and serving requests
Thu  2 Jul 17:25:38 +08 2026: Dashboard already running and serving requests
Thu  2 Jul 17:26:24 +08 2026: Dashboard already running and serving requests
Thu  2 Jul 17:30:38 +08 2026: Dashboard already running and serving requests
Thu  2 Jul 17:33:17 +08 2026: Dashboard already running and serving requests
Thu  2 Jul 17:35:38 +08 2026: Dashboard already running and serving requests
Thu  2 Jul 17:40:38 +08 2026: Dashboard already running and serving requests
Thu  2 Jul 17:45:38 +08 2026: Dashboard already running and serving requests
Thu  2 Jul 17:50:38 +08 2026: Dashboard already running and serving requests
Thu  2 Jul 17:55:38 +08 2026: Dashboard already running and serving requests
Thu  2 Jul 18:00:38 +08 2026: Dashboard already running and serving requests
Thu  2 Jul 18:05:38 +08 2026: Dashboard already running and serving requests
Thu  2 Jul 18:09:18 +08 2026: Dashboard already running and serving requests
Thu  2 Jul 18:10:38 +08 2026: Dashboard already running and serving requests
Thu  2 Jul 18:10:47 +08 2026: Dashboard already running and serving requests
Thu  2 Jul 18:10:59 +08 2026: Dashboard already running and serving requests
Thu  2 Jul 18:15:38 +08 2026: Dashboard already running and serving requests
Thu  2 Jul 18:20:38 +08 2026: Dashboard already running and serving requests
Thu  2 Jul 18:25:38 +08 2026: Dashboard already running and serving requests
Thu  2 Jul 18:30:38 +08 2026: Dashboard already running and serving requests
Thu  2 Jul 18:32:40 +08 2026: Dashboard already running and serving requests
Thu  2 Jul 18:35:38 +08 2026: Dashboard already running and serving requests
Thu  2 Jul 18:40:38 +08 2026: Dashboard already running and serving requests
Thu  2 Jul 18:40:59 +08 2026: Dashboard already running and serving requests
Thu  2 Jul 18:45:38 +08 2026: Dashboard already running and serving requests
Thu  2 Jul 18:50:39 +08 2026: Dashboard already running and serving requests
Thu  2 Jul 18:55:39 +08 2026: Dashboard already running and serving requests
Thu  2 Jul 19:00:39 +08 2026: Dashboard already running and serving requests
Thu  2 Jul 19:05:39 +08 2026: Dashboard already running and serving requests
Thu  2 Jul 19:09:13 +08 2026: Dashboard already running and serving requests
Thu  2 Jul 19:10:39 +08 2026: Dashboard already running and serving requests
Thu  2 Jul 19:15:39 +08 2026: Dashboard already running and serving requests
Thu  2 Jul 19:20:39 +08 2026: Dashboard already running and serving requests
Thu  2 Jul 19:25:39 +08 2026: Dashboard already running and serving requests
Thu  2 Jul 19:30:39 +08 2026: Dashboard already running and serving requests
Thu  2 Jul 19:35:39 +08 2026: Dashboard already running and serving requests
Thu  2 Jul 19:40:39 +08 2026: Dashboard already running and serving requests
Thu  2 Jul 19:45:39 +08 2026: Dashboard already running and serving requests
Thu  2 Jul 19:50:39 +08 2026: Dashboard already running and serving requests
Thu  2 Jul 19:55:39 +08 2026: Dashboard already running and serving requests
Thu  2 Jul 20:00:39 +08 2026: Dashboard already running and serving requests
Thu  2 Jul 20:05:39 +08 2026: Dashboard already running and serving requests
Thu  2 Jul 20:10:39 +08 2026: Dashboard already running and serving requests
Thu  2 Jul 20:15:39 +08 2026: Dashboard already running and serving requests
Thu  2 Jul 20:20:39 +08 2026: Dashboard already running and serving requests
Thu  2 Jul 20:25:40 +08 2026: Dashboard already running and serving requests
Thu  2 Jul 20:28:38 +08 2026: Dashboard already running and serving requests
Thu  2 Jul 20:30:40 +08 2026: Dashboard already running and serving requests
Thu  2 Jul 20:35:40 +08 2026: Dashboard already running and serving requests
Thu  2 Jul 20:40:40 +08 2026: Dashboard already running and serving requests
Thu  2 Jul 20:45:40 +08 2026: Dashboard already running and serving requests
Thu  2 Jul 20:50:40 +08 2026: Dashboard already running and serving requests
Thu  2 Jul 20:53:32 +08 2026: Dashboard already running and serving requests
Thu  2 Jul 20:55:40 +08 2026: Dashboard already running and serving requests
Thu  2 Jul 21:00:40 +08 2026: Dashboard already running and serving requests
Thu  2 Jul 21:05:40 +08 2026: Dashboard already running and serving requests
Thu  2 Jul 21:10:40 +08 2026: Dashboard already running and serving requests
Thu  2 Jul 21:14:47 +08 2026: Dashboard already running and serving requests
Thu  2 Jul 21:15:40 +08 2026: Dashboard already running and serving requests
Thu  2 Jul 21:20:40 +08 2026: Dashboard already running and serving requests
Thu  2 Jul 21:25:40 +08 2026: Dashboard already running and serving requests
Thu  2 Jul 21:30:40 +08 2026: Dashboard already running and serving requests
Thu  2 Jul 21:32:29 +08 2026: Dashboard already running and serving requests
Thu  2 Jul 21:32:44 +08 2026: Dashboard already running and serving requests
Thu  2 Jul 21:35:40 +08 2026: Dashboard already running and serving requests
Thu  2 Jul 21:40:40 +08 2026: Dashboard already running and serving requests
Thu  2 Jul 21:45:22 +08 2026: Dashboard already running and serving requests
Thu  2 Jul 21:45:40 +08 2026: Dashboard already running and serving requests
Thu  2 Jul 21:50:40 +08 2026: Dashboard already running and serving requests
Thu  2 Jul 21:53:12 +08 2026: Dashboard already running and serving requests
Thu  2 Jul 21:55:40 +08 2026: Dashboard already running and serving requests
Thu  2 Jul 22:00:00 +08 2026: Dashboard already running and serving requests
Thu  2 Jul 22:00:40 +08 2026: Dashboard already running and serving requests
Thu  2 Jul 22:02:12 +08 2026: Dashboard already running and serving requests
Thu  2 Jul 22:05:40 +08 2026: Dashboard already running and serving requests
Thu  2 Jul 22:10:41 +08 2026: Dashboard already running and serving requests
Thu  2 Jul 22:15:41 +08 2026: Dashboard already running and serving requests
[2026-07-02 22:16:05] Starting dashboard check...
[2026-07-02 22:16:05] No streamlit dashboard process found listening on port 8501. Starting dashboard...
[2026-07-02 22:16:05] Dashboard started with PID 133220
Thu  2 Jul 22:16:34 +08 2026: Dashboard already running and serving requests
[2026-07-02 22:16:37] Starting dashboard check...
[2026-07-02 22:16:37] No streamlit dashboard process found listening on port 8501. Starting dashboard...
[2026-07-02 22:16:37] Dashboard started with PID 133258
Thu  2 Jul 22:20:41 +08 2026: Dashboard already running and serving requests
Thu  2 Jul 22:25:41 +08 2026: Dashboard already running and serving requests
Thu  2 Jul 22:30:41 +08 2026: Dashboard already running and serving requests
Thu  2 Jul 22:35:41 +08 2026: Dashboard already running and serving requests
Thu  2 Jul 22:40:41 +08 2026: Dashboard already running and serving requests
Thu  2 Jul 22:45:41 +08 2026: Dashboard already running and serving requests
Thu  2 Jul 22:50:41 +08 2026: Dashboard already running and serving requests
Thu  2 Jul 22:55:41 +08 2026: Dashboard already running and serving requests
Thu  2 Jul 23:00:41 +08 2026: Dashboard already running and serving requests
Thu  2 Jul 23:02:53 +08 2026: Dashboard already running and serving requests
Thu  2 Jul 23:03:44 +08 2026: Dashboard already running and serving requests
Thu  2 Jul 23:05:41 +08 2026: Dashboard already running and serving requests
Thu  2 Jul 23:10:41 +08 2026: Dashboard already running and serving requests
Thu  2 Jul 23:15:41 +08 2026: Dashboard already running and serving requests
Thu  2 Jul 23:19:22 +08 2026: Dashboard already running and serving requests
Thu  2 Jul 23:20:41 +08 2026: Dashboard already running and serving requests
Thu  2 Jul 23:25:41 +08 2026: Dashboard already running and serving requests
Thu  2 Jul 23:26:00 +08 2026: Dashboard already running and serving requests
Thu  2 Jul 23:30:41 +08 2026: Dashboard already running and serving requests
Thu  2 Jul 23:35:41 +08 2026: Dashboard already running and serving requests
Thu  2 Jul 23:40:41 +08 2026: Dashboard already running and serving requests
Thu  2 Jul 23:41:10 +08 2026: Dashboard already running and serving requests
Thu  2 Jul 23:45:42 +08 2026: Dashboard already running and serving requests
Thu  2 Jul 23:50:41 +08 2026: Starting Buffett Monitor dashboard (no process found)
[2026-07-02 23:52:59] Starting dashboard check...
[2026-07-02 23:52:59] No streamlit dashboard process found listening on port 8501. Starting dashboard...
[2026-07-02 23:52:59] Dashboard started with PID 1995
Thu  2 Jul 23:55:39 +08 2026: Dashboard already running and serving requests
Fri  3 Jul 00:00:39 +08 2026: Dashboard already running and serving requests
Fri  3 Jul 00:02:55 +08 2026: Dashboard already running and serving requests
Fri  3 Jul 00:05:40 +08 2026: Dashboard already running and serving requests
Fri  3 Jul 00:10:40 +08 2026: Dashboard already running and serving requests
Fri  3 Jul 00:15:40 +08 2026: Dashboard already running and serving requests
Fri  3 Jul 00:17:08 +08 2026: Dashboard already running and serving requests
Fri  3 Jul 00:20:40 +08 2026: Dashboard already running and serving requests
Fri  3 Jul 00:25:40 +08 2026: Dashboard already running and serving requests
Fri  3 Jul 00:30:40 +08 2026: Dashboard already running and serving requests
Fri  3 Jul 00:35:40 +08 2026: Dashboard already running and serving requests
Fri  3 Jul 00:38:11 +08 2026: Dashboard already running and serving requests
Fri  3 Jul 00:39:04 +08 2026: Dashboard already running and serving requests
Fri  3 Jul 00:40:40 +08 2026: Dashboard already running and serving requests
Fri  3 Jul 00:45:40 +08 2026: Dashboard already running and serving requests
Fri  3 Jul 00:50:40 +08 2026: Dashboard already running and serving requests
Fri  3 Jul 00:55:40 +08 2026: Dashboard already running and serving requests
Fri  3 Jul 01:00:41 +08 2026: Dashboard already running and serving requests
Fri  3 Jul 01:04:02 +08 2026: Dashboard already running and serving requests
Fri  3 Jul 01:05:41 +08 2026: Dashboard already running and serving requests
Fri  3 Jul 01:10:41 +08 2026: Dashboard already running and serving requests
Fri  3 Jul 01:15:41 +08 2026: Dashboard already running and serving requests
Fri  3 Jul 01:20:41 +08 2026: Dashboard already running and serving requests
Fri  3 Jul 01:25:41 +08 2026: Dashboard already running and serving requests
Fri  3 Jul 01:30:41 +08 2026: Dashboard already running and serving requests
Fri  3 Jul 01:35:41 +08 2026: Dashboard already running and serving requests
Fri  3 Jul 01:40:41 +08 2026: Dashboard already running and serving requests
Fri  3 Jul 01:45:41 +08 2026: Dashboard already running and serving requests
Fri  3 Jul 01:50:42 +08 2026: Dashboard already running and serving requests
Fri  3 Jul 01:55:42 +08 2026: Dashboard already running and serving requests
Fri  3 Jul 02:00:42 +08 2026: Dashboard already running and serving requests
Fri  3 Jul 02:05:42 +08 2026: Dashboard already running and serving requests
Fri  3 Jul 02:10:42 +08 2026: Dashboard already running and serving requests
Fri  3 Jul 02:15:42 +08 2026: Dashboard already running and serving requests
Fri  3 Jul 02:17:13 +08 2026: Dashboard already running and serving requests
Fri  3 Jul 02:20:42 +08 2026: Dashboard already running and serving requests
Fri  3 Jul 02:25:42 +08 2026: Dashboard already running and serving requests
Fri  3 Jul 02:30:42 +08 2026: Dashboard already running and serving requests
Fri  3 Jul 02:35:42 +08 2026: Dashboard already running and serving requests
Fri  3 Jul 02:40:42 +08 2026: Dashboard already running and serving requests
Fri  3 Jul 02:45:43 +08 2026: Dashboard already running and serving requests
Fri  3 Jul 02:50:43 +08 2026: Dashboard already running and serving requests
Fri  3 Jul 02:55:43 +08 2026: Dashboard already running and serving requests
Fri  3 Jul 03:00:43 +08 2026: Dashboard already running and serving requests
Fri  3 Jul 03:05:43 +08 2026: Dashboard already running and serving requests
Fri  3 Jul 03:10:43 +08 2026: Dashboard already running and serving requests
Fri  3 Jul 03:15:43 +08 2026: Dashboard already running and serving requests
Fri  3 Jul 03:17:08 +08 2026: Dashboard already running and serving requests
Fri  3 Jul 03:20:43 +08 2026: Dashboard already running and serving requests
Fri  3 Jul 03:24:01 +08 2026: Dashboard already running and serving requests
Fri  3 Jul 03:25:43 +08 2026: Dashboard already running and serving requests
Fri  3 Jul 03:30:43 +08 2026: Dashboard already running and serving requests
Fri  3 Jul 03:35:44 +08 2026: Dashboard already running and serving requests
Fri  3 Jul 03:40:44 +08 2026: Dashboard already running and serving requests
Fri  3 Jul 03:45:44 +08 2026: Dashboard already running and serving requests
Fri  3 Jul 03:50:44 +08 2026: Dashboard already running and serving requests
Fri  3 Jul 03:55:44 +08 2026: Dashboard already running and serving requests
Fri  3 Jul 03:59:38 +08 2026: Dashboard already running and serving requests
Fri  3 Jul 04:00:44 +08 2026: Dashboard already running and serving requests
Fri  3 Jul 04:05:44 +08 2026: Dashboard already running and serving requests
Fri  3 Jul 04:10:44 +08 2026: Dashboard already running and serving requests
Fri  3 Jul 04:15:44 +08 2026: Dashboard already running and serving requests
Fri  3 Jul 04:20:44 +08 2026: Dashboard already running and serving requests
Fri  3 Jul 04:25:45 +08 2026: Dashboard already running and serving requests
Fri  3 Jul 04:30:45 +08 2026: Dashboard already running and serving requests
Fri  3 Jul 04:35:45 +08 2026: Dashboard already running and serving requests
Fri  3 Jul 04:40:45 +08 2026: Dashboard already running and serving requests
Fri  3 Jul 04:45:45 +08 2026: Dashboard already running and serving requests
Fri  3 Jul 04:50:45 +08 2026: Dashboard already running and serving requests
Fri  3 Jul 04:55:45 +08 2026: Dashboard already running and serving requests
Fri  3 Jul 05:00:45 +08 2026: Dashboard already running and serving requests
Fri  3 Jul 05:05:45 +08 2026: Dashboard already running and serving requests
Fri  3 Jul 05:10:45 +08 2026: Dashboard already running and serving requests
Fri  3 Jul 05:15:45 +08 2026: Dashboard already running and serving requests
Fri  3 Jul 05:20:46 +08 2026: Dashboard already running and serving requests
Fri  3 Jul 05:25:46 +08 2026: Dashboard already running and serving requests
Fri  3 Jul 05:30:46 +08 2026: Dashboard already running and serving requests
Fri  3 Jul 05:35:46 +08 2026: Dashboard already running and serving requests
Fri  3 Jul 05:40:46 +08 2026: Dashboard already running and serving requests
Fri  3 Jul 05:45:46 +08 2026: Dashboard already running and serving requests
Fri  3 Jul 05:50:46 +08 2026: Dashboard already running and serving requests
Fri  3 Jul 05:55:46 +08 2026: Dashboard already running and serving requests
Fri  3 Jul 06:00:46 +08 2026: Dashboard already running and serving requests
Fri  3 Jul 06:05:46 +08 2026: Dashboard already running and serving requests
Fri  3 Jul 06:10:47 +08 2026: Dashboard already running and serving requests
Fri  3 Jul 06:15:47 +08 2026: Dashboard already running and serving requests
Fri  3 Jul 06:20:47 +08 2026: Dashboard already running and serving requests
Fri  3 Jul 06:25:47 +08 2026: Dashboard already running and serving requests
Fri  3 Jul 06:30:47 +08 2026: Dashboard already running and serving requests
Fri  3 Jul 06:33:05 +08 2026: Dashboard already running and serving requests
Fri  3 Jul 06:35:47 +08 2026: Dashboard already running and serving requests
Fri  3 Jul 06:40:47 +08 2026: Dashboard already running and serving requests
Fri  3 Jul 06:45:47 +08 2026: Dashboard already running and serving requests
Fri  3 Jul 06:50:47 +08 2026: Dashboard already running and serving requests
Fri  3 Jul 06:50:51 +08 2026: Dashboard already running and serving requests
Fri  3 Jul 06:55:47 +08 2026: Dashboard already running and serving requests
Fri  3 Jul 06:57:06 +08 2026: Dashboard already running and serving requests
Fri  3 Jul 07:00:48 +08 2026: Dashboard already running and serving requests
Fri  3 Jul 07:05:11 +08 2026: Dashboard already running and serving requests
Fri  3 Jul 07:10:11 +08 2026: Dashboard already running and serving requests
Fri  3 Jul 07:11:26 +08 2026: Dashboard already running and serving requests
Fri  3 Jul 07:15:11 +08 2026: Dashboard already running and serving requests
Fri  3 Jul 07:20:11 +08 2026: Dashboard already running and serving requests
Fri  3 Jul 07:25:11 +08 2026: Dashboard already running and serving requests
Fri  3 Jul 07:30:11 +08 2026: Dashboard already running and serving requests
Fri  3 Jul 07:35:11 +08 2026: Dashboard already running and serving requests
Fri  3 Jul 07:40:11 +08 2026: Dashboard already running and serving requests
Fri  3 Jul 07:45:11 +08 2026: Dashboard already running and serving requests
Fri  3 Jul 07:50:12 +08 2026: Dashboard already running and serving requests
Fri  3 Jul 07:52:24 +08 2026: Dashboard already running and serving requests
Fri  3 Jul 07:55:12 +08 2026: Dashboard already running and serving requests
Fri  3 Jul 08:00:12 +08 2026: Dashboard already running and serving requests
Fri  3 Jul 08:05:12 +08 2026: Dashboard already running and serving requests
Fri  3 Jul 08:05:22 +08 2026: Dashboard already running and serving requests
Fri  3 Jul 08:10:12 +08 2026: Dashboard already running and serving requests
Fri  3 Jul 08:15:12 +08 2026: Dashboard already running and serving requests
Fri  3 Jul 08:25:22 +08 2026: Dashboard already running and serving requests
Fri  3 Jul 08:30:21 +08 2026: Dashboard already running and serving requests
Fri  3 Jul 08:35:21 +08 2026: Dashboard already running and serving requests
Fri  3 Jul 08:40:21 +08 2026: Dashboard already running and serving requests
Fri  3 Jul 08:45:22 +08 2026: Dashboard already running and serving requests
Fri  3 Jul 08:50:22 +08 2026: Dashboard already running and serving requests
Fri  3 Jul 08:55:22 +08 2026: Dashboard already running and serving requests
Fri  3 Jul 09:00:22 +08 2026: Dashboard already running and serving requests
Fri  3 Jul 09:05:22 +08 2026: Dashboard already running and serving requests
Fri  3 Jul 09:10:22 +08 2026: Dashboard already running and serving requests
Fri  3 Jul 09:15:23 +08 2026: Dashboard already running and serving requests
Fri  3 Jul 09:20:23 +08 2026: Dashboard already running and serving requests
Fri  3 Jul 09:25:23 +08 2026: Dashboard already running and serving requests
Fri  3 Jul 09:30:23 +08 2026: Dashboard already running and serving requests
Fri  3 Jul 09:35:23 +08 2026: Dashboard already running and serving requests
Fri  3 Jul 09:40:23 +08 2026: Dashboard already running and serving requests
Fri  3 Jul 09:45:23 +08 2026: Dashboard already running and serving requests
Fri  3 Jul 09:50:23 +08 2026: Dashboard already running and serving requests
Fri  3 Jul 09:55:23 +08 2026: Dashboard already running and serving requests
Fri  3 Jul 10:00:23 +08 2026: Dashboard already running and serving requests
Fri  3 Jul 10:05:24 +08 2026: Dashboard already running and serving requests
Fri  3 Jul 10:10:24 +08 2026: Dashboard already running and serving requests
Fri  3 Jul 10:15:24 +08 2026: Dashboard already running and serving requests
Fri  3 Jul 10:20:24 +08 2026: Dashboard already running and serving requests
Fri  3 Jul 10:25:24 +08 2026: Dashboard already running and serving requests
Fri  3 Jul 10:30:24 +08 2026: Dashboard already running and serving requests
Fri  3 Jul 10:35:24 +08 2026: Dashboard already running and serving requests
Fri  3 Jul 10:40:24 +08 2026: Dashboard already running and serving requests
Fri  3 Jul 10:45:24 +08 2026: Dashboard already running and serving requests
Fri  3 Jul 10:50:24 +08 2026: Dashboard already running and serving requests
Fri  3 Jul 10:55:25 +08 2026: Dashboard already running and serving requests
Fri  3 Jul 11:00:25 +08 2026: Dashboard already running and serving requests
Fri  3 Jul 11:05:25 +08 2026: Dashboard already running and serving requests
Fri  3 Jul 11:10:25 +08 2026: Dashboard already running and serving requests
Fri  3 Jul 11:15:25 +08 2026: Dashboard already running and serving requests
Fri  3 Jul 11:20:25 +08 2026: Dashboard already running and serving requests
Fri  3 Jul 11:25:25 +08 2026: Dashboard already running and serving requests
Fri  3 Jul 11:30:25 +08 2026: Dashboard already running and serving requests
Fri  3 Jul 11:35:25 +08 2026: Dashboard already running and serving requests
Fri  3 Jul 11:40:25 +08 2026: Dashboard already running and serving requests
Fri  3 Jul 11:45:26 +08 2026: Dashboard already running and serving requests
Fri  3 Jul 11:50:26 +08 2026: Dashboard already running and serving requests
Fri  3 Jul 11:55:26 +08 2026: Dashboard already running and serving requests
Fri  3 Jul 12:00:26 +08 2026: Dashboard already running and serving requests
Fri  3 Jul 12:05:26 +08 2026: Dashboard already running and serving requests
Fri  3 Jul 12:10:26 +08 2026: Dashboard already running and serving requests
Fri  3 Jul 12:15:26 +08 2026: Dashboard already running and serving requests
Fri  3 Jul 12:20:26 +08 2026: Dashboard already running and serving requests
Fri  3 Jul 12:25:26 +08 2026: Dashboard already running and serving requests
Fri  3 Jul 12:30:26 +08 2026: Dashboard already running and serving requests
Fri  3 Jul 12:35:27 +08 2026: Dashboard already running and serving requests
Fri  3 Jul 12:40:27 +08 2026: Dashboard already running and serving requests
Fri  3 Jul 12:45:27 +08 2026: Dashboard already running and serving requests
Fri  3 Jul 12:50:27 +08 2026: Dashboard already running and serving requests
Fri  3 Jul 12:55:27 +08 2026: Dashboard already running and serving requests
Fri  3 Jul 13:00:27 +08 2026: Dashboard already running and serving requests
Fri  3 Jul 13:05:27 +08 2026: Dashboard already running and serving requests
Fri  3 Jul 13:10:27 +08 2026: Dashboard already running and serving requests
Fri  3 Jul 13:15:27 +08 2026: Dashboard already running and serving requests
Fri  3 Jul 13:20:27 +08 2026: Dashboard already running and serving requests
Fri  3 Jul 13:25:28 +08 2026: Dashboard already running and serving requests
Fri  3 Jul 13:30:28 +08 2026: Dashboard already running and serving requests
Fri  3 Jul 13:35:28 +08 2026: Dashboard already running and serving requests
Fri  3 Jul 13:40:28 +08 2026: Dashboard already running and serving requests
Fri  3 Jul 13:45:28 +08 2026: Dashboard already running and serving requests
Fri  3 Jul 13:50:28 +08 2026: Dashboard already running and serving requests
Fri  3 Jul 13:55:28 +08 2026: Dashboard already running and serving requests
Fri  3 Jul 14:00:28 +08 2026: Dashboard already running and serving requests
Fri  3 Jul 14:05:29 +08 2026: Dashboard already running and serving requests
Fri  3 Jul 14:10:29 +08 2026: Dashboard already running and serving requests
Fri  3 Jul 14:15:29 +08 2026: Dashboard already running and serving requests
Fri  3 Jul 14:20:29 +08 2026: Dashboard already running and serving requests
Fri  3 Jul 14:25:29 +08 2026: Dashboard already running and serving requests
Fri  3 Jul 14:30:29 +08 2026: Dashboard already running and serving requests
[2026-07-03 14:33:49] Starting dashboard check...
[2026-07-03 14:33:49] No streamlit dashboard process found listening on port 8501. Starting dashboard...
[2026-07-03 14:33:49] Dashboard started with PID 8570
[2026-07-03 14:34:22] Starting dashboard check...
[2026-07-03 14:34:22] No streamlit dashboard process found listening on port 8501. Starting dashboard...
[2026-07-03 14:34:22] Dashboard started with PID 8603
Fri  3 Jul 14:35:29 +08 2026: Dashboard already running and serving requests
Fri  3 Jul 14:40:29 +08 2026: Dashboard already running and serving requests
Fri  3 Jul 14:45:29 +08 2026: Dashboard already running and serving requests
Fri  3 Jul 14:50:29 +08 2026: Dashboard already running and serving requests
Fri  3 Jul 14:55:29 +08 2026: Dashboard already running and serving requests
Fri  3 Jul 15:00:30 +08 2026: Dashboard already running and serving requests
Fri  3 Jul 15:05:30 +08 2026: Dashboard already running and serving requests
Fri  3 Jul 15:10:30 +08 2026: Dashboard already running and serving requests
Fri  3 Jul 15:15:30 +08 2026: Dashboard already running and serving requests
Fri  3 Jul 15:20:30 +08 2026: Dashboard already running and serving requests
Fri  3 Jul 15:25:30 +08 2026: Dashboard already running and serving requests
Fri  3 Jul 15:30:30 +08 2026: Dashboard already running and serving requests
Fri  3 Jul 15:35:30 +08 2026: Dashboard already running and serving requests
Fri  3 Jul 15:40:30 +08 2026: Dashboard already running and serving requests
Fri  3 Jul 15:45:30 +08 2026: Dashboard already running and serving requests
Fri  3 Jul 15:50:31 +08 2026: Dashboard already running and serving requests
Fri  3 Jul 15:55:31 +08 2026: Dashboard already running and serving requests
Fri  3 Jul 16:00:31 +08 2026: Dashboard already running and serving requests
Fri  3 Jul 16:05:31 +08 2026: Dashboard already running and serving requests
Fri  3 Jul 16:10:31 +08 2026: Dashboard already running and serving requests
Fri  3 Jul 16:15:31 +08 2026: Dashboard already running and serving requests
Fri  3 Jul 16:20:31 +08 2026: Dashboard already running and serving requests
Fri  3 Jul 16:25:31 +08 2026: Dashboard already running and serving requests
Fri  3 Jul 16:30:31 +08 2026: Dashboard already running and serving requests
Fri  3 Jul 16:35:31 +08 2026: Dashboard already running and serving requests
Fri  3 Jul 16:40:31 +08 2026: Dashboard already running and serving requests
Fri  3 Jul 16:45:32 +08 2026: Dashboard already running and serving requests
Fri  3 Jul 16:50:32 +08 2026: Dashboard already running and serving requests
Fri  3 Jul 16:55:32 +08 2026: Dashboard already running and serving requests
Fri  3 Jul 17:00:32 +08 2026: Dashboard already running and serving requests
Fri  3 Jul 17:05:32 +08 2026: Dashboard already running and serving requests
Fri  3 Jul 17:10:32 +08 2026: Dashboard already running and serving requests
Fri  3 Jul 17:15:32 +08 2026: Dashboard already running and serving requests
Fri  3 Jul 17:20:32 +08 2026: Dashboard already running and serving requests
Fri  3 Jul 17:25:32 +08 2026: Dashboard already running and serving requests
Fri  3 Jul 17:30:32 +08 2026: Dashboard already running and serving requests
Fri  3 Jul 17:35:33 +08 2026: Dashboard already running and serving requests
Fri  3 Jul 17:40:33 +08 2026: Dashboard already running and serving requests
Fri  3 Jul 17:45:33 +08 2026: Dashboard already running and serving requests
Fri  3 Jul 17:50:33 +08 2026: Dashboard already running and serving requests
Fri  3 Jul 17:55:33 +08 2026: Dashboard already running and serving requests
Fri  3 Jul 18:00:33 +08 2026: Dashboard already running and serving requests
Fri  3 Jul 18:05:33 +08 2026: Dashboard already running and serving requests
Fri  3 Jul 18:10:33 +08 2026: Dashboard already running and serving requests
Fri  3 Jul 18:15:33 +08 2026: Dashboard already running and serving requests
Fri  3 Jul 18:20:33 +08 2026: Dashboard already running and serving requests
Fri  3 Jul 18:25:34 +08 2026: Dashboard already running and serving requests
Fri  3 Jul 18:30:34 +08 2026: Dashboard already running and serving requests
Fri  3 Jul 18:35:34 +08 2026: Dashboard already running and serving requests
Fri  3 Jul 18:40:34 +08 2026: Dashboard already running and serving requests
Fri  3 Jul 18:45:34 +08 2026: Dashboard already running and serving requests
Fri  3 Jul 18:50:34 +08 2026: Dashboard already running and serving requests
Fri  3 Jul 18:55:34 +08 2026: Dashboard already running and serving requests
Fri  3 Jul 19:00:34 +08 2026: Dashboard already running and serving requests
Fri  3 Jul 19:05:34 +08 2026: Dashboard already running and serving requests
Fri  3 Jul 19:10:35 +08 2026: Dashboard already running and serving requests
Fri  3 Jul 19:15:35 +08 2026: Dashboard already running and serving requests
Fri  3 Jul 19:20:35 +08 2026: Dashboard already running and serving requests
Fri  3 Jul 19:25:35 +08 2026: Dashboard already running and serving requests
Fri  3 Jul 19:30:35 +08 2026: Dashboard already running and serving requests
Fri  3 Jul 19:35:35 +08 2026: Dashboard already running and serving requests
Fri  3 Jul 19:40:35 +08 2026: Dashboard already running and serving requests
Fri  3 Jul 19:45:35 +08 2026: Dashboard already running and serving requests
Fri  3 Jul 19:50:35 +08 2026: Dashboard already running and serving requests
Fri  3 Jul 19:55:35 +08 2026: Dashboard already running and serving requests
Fri  3 Jul 20:00:36 +08 2026: Dashboard already running and serving requests
Fri  3 Jul 20:05:36 +08 2026: Dashboard already running and serving requests
Fri  3 Jul 20:10:36 +08 2026: Dashboard already running and serving requests
Fri  3 Jul 20:15:36 +08 2026: Dashboard already running and serving requests
Fri  3 Jul 20:20:36 +08 2026: Dashboard already running and serving requests
Fri  3 Jul 20:25:36 +08 2026: Dashboard already running and serving requests
Fri  3 Jul 20:30:36 +08 2026: Dashboard already running and serving requests
Fri  3 Jul 20:35:36 +08 2026: Dashboard already running and serving requests
Fri  3 Jul 20:40:36 +08 2026: Dashboard already running and serving requests
Fri  3 Jul 20:45:37 +08 2026: Dashboard already running and serving requests
Fri  3 Jul 20:50:37 +08 2026: Dashboard already running and serving requests
Fri  3 Jul 20:55:37 +08 2026: Dashboard already running and serving requests
Fri  3 Jul 21:00:37 +08 2026: Dashboard already running and serving requests
Fri  3 Jul 21:05:37 +08 2026: Dashboard already running and serving requests
Fri  3 Jul 21:10:39 +08 2026: Dashboard already running and serving requests
Fri  3 Jul 21:15:38 +08 2026: Dashboard already running and serving requests
Fri  3 Jul 21:20:38 +08 2026: Dashboard already running and serving requests
Fri  3 Jul 21:25:38 +08 2026: Dashboard already running and serving requests
Fri  3 Jul 21:30:38 +08 2026: Dashboard already running and serving requests
Fri  3 Jul 21:35:38 +08 2026: Dashboard already running and serving requests
Fri  3 Jul 21:40:38 +08 2026: Dashboard already running and serving requests
Fri  3 Jul 21:45:38 +08 2026: Dashboard already running and serving requests
Fri  3 Jul 21:50:38 +08 2026: Dashboard already running and serving requests
Fri  3 Jul 21:55:38 +08 2026: Dashboard already running and serving requests
Fri  3 Jul 22:00:39 +08 2026: Dashboard already running and serving requests
Fri  3 Jul 22:05:39 +08 2026: Dashboard already running and serving requests
Fri  3 Jul 22:10:39 +08 2026: Dashboard already running and serving requests
Fri  3 Jul 22:15:39 +08 2026: Dashboard already running and serving requests
Fri  3 Jul 22:20:39 +08 2026: Dashboard already running and serving requests
Fri  3 Jul 22:25:39 +08 2026: Dashboard already running and serving requests
Fri  3 Jul 22:30:39 +08 2026: Dashboard already running and serving requests
Fri  3 Jul 22:35:39 +08 2026: Dashboard already running and serving requests
Fri  3 Jul 22:40:39 +08 2026: Dashboard already running and serving requests
Fri  3 Jul 22:45:39 +08 2026: Dashboard already running and serving requests
Fri  3 Jul 22:50:40 +08 2026: Dashboard already running and serving requests
Fri  3 Jul 22:55:40 +08 2026: Dashboard already running and serving requests
Fri  3 Jul 23:00:40 +08 2026: Dashboard already running and serving requests
Fri  3 Jul 23:05:40 +08 2026: Dashboard already running and serving requests
Fri  3 Jul 23:10:40 +08 2026: Dashboard already running and serving requests
Fri  3 Jul 23:15:40 +08 2026: Dashboard already running and serving requests
Fri  3 Jul 23:20:40 +08 2026: Dashboard already running and serving requests
Fri  3 Jul 23:25:40 +08 2026: Dashboard already running and serving requests
Fri  3 Jul 23:30:40 +08 2026: Dashboard already running and serving requests
Fri  3 Jul 23:35:40 +08 2026: Dashboard already running and serving requests
Fri  3 Jul 23:40:41 +08 2026: Dashboard already running and serving requests
Fri  3 Jul 23:45:41 +08 2026: Dashboard already running and serving requests
Fri  3 Jul 23:50:41 +08 2026: Dashboard already running and serving requests
Fri  3 Jul 23:55:41 +08 2026: Dashboard already running and serving requests
Sat  4 Jul 00:00:41 +08 2026: Dashboard already running and serving requests
Sat  4 Jul 00:05:41 +08 2026: Dashboard already running and serving requests
Sat  4 Jul 00:10:41 +08 2026: Dashboard already running and serving requests
Sat  4 Jul 00:15:41 +08 2026: Dashboard already running and serving requests
Sat  4 Jul 00:20:41 +08 2026: Dashboard already running and serving requests
Sat  4 Jul 00:25:42 +08 2026: Dashboard already running and serving requests
Sat  4 Jul 00:30:42 +08 2026: Dashboard already running and serving requests
Sat  4 Jul 00:35:42 +08 2026: Dashboard already running and serving requests
Sat  4 Jul 00:40:42 +08 2026: Dashboard already running and serving requests
Sat  4 Jul 00:45:42 +08 2026: Dashboard already running and serving requests
Sat  4 Jul 00:50:42 +08 2026: Dashboard already running and serving requests
Sat  4 Jul 00:55:42 +08 2026: Dashboard already running and serving requests
Sat  4 Jul 01:00:42 +08 2026: Dashboard already running and serving requests
Sat  4 Jul 01:05:42 +08 2026: Dashboard already running and serving requests
Sat  4 Jul 01:10:43 +08 2026: Dashboard already running and serving requests
Sat  4 Jul 01:15:43 +08 2026: Dashboard already running and serving requests
Sat  4 Jul 01:20:43 +08 2026: Dashboard already running and serving requests
Sat  4 Jul 01:25:43 +08 2026: Dashboard already running and serving requests
Sat  4 Jul 01:30:43 +08 2026: Dashboard already running and serving requests
Sat  4 Jul 01:35:43 +08 2026: Dashboard already running and serving requests
Sat  4 Jul 01:40:43 +08 2026: Dashboard already running and serving requests
Sat  4 Jul 01:45:43 +08 2026: Dashboard already running and serving requests
Sat  4 Jul 01:50:43 +08 2026: Dashboard already running and serving requests
Sat  4 Jul 01:55:43 +08 2026: Dashboard already running and serving requests
Sat  4 Jul 02:00:44 +08 2026: Dashboard already running and serving requests
Sat  4 Jul 02:05:44 +08 2026: Dashboard already running and serving requests
Sat  4 Jul 02:10:44 +08 2026: Dashboard already running and serving requests
Sat  4 Jul 02:15:44 +08 2026: Dashboard already running and serving requests
Sat  4 Jul 02:20:44 +08 2026: Dashboard already running and serving requests
Sat  4 Jul 02:25:44 +08 2026: Dashboard already running and serving requests
Sat  4 Jul 02:30:44 +08 2026: Dashboard already running and serving requests
Sat  4 Jul 02:35:44 +08 2026: Dashboard already running and serving requests
Sat  4 Jul 02:40:44 +08 2026: Dashboard already running and serving requests
Sat  4 Jul 02:45:45 +08 2026: Dashboard already running and serving requests
Sat  4 Jul 02:50:45 +08 2026: Dashboard already running and serving requests
Sat  4 Jul 02:55:45 +08 2026: Dashboard already running and serving requests
Sat  4 Jul 03:00:45 +08 2026: Dashboard already running and serving requests
Sat  4 Jul 03:05:45 +08 2026: Dashboard already running and serving requests
Sat  4 Jul 03:10:45 +08 2026: Dashboard already running and serving requests
Sat  4 Jul 03:15:45 +08 2026: Dashboard already running and serving requests
Sat  4 Jul 03:20:45 +08 2026: Dashboard already running and serving requests
Sat  4 Jul 03:25:45 +08 2026: Dashboard already running and serving requests
Sat  4 Jul 03:30:46 +08 2026: Dashboard already running and serving requests
Sat  4 Jul 03:35:46 +08 2026: Dashboard already running and serving requests
Sat  4 Jul 03:40:46 +08 2026: Dashboard already running and serving requests
Sat  4 Jul 03:45:46 +08 2026: Dashboard already running and serving requests
Sat  4 Jul 03:50:46 +08 2026: Dashboard already running and serving requests
Sat  4 Jul 03:55:46 +08 2026: Dashboard already running and serving requests
Sat  4 Jul 04:00:46 +08 2026: Dashboard already running and serving requests
Sat  4 Jul 04:05:46 +08 2026: Dashboard already running and serving requests
Sat  4 Jul 04:10:46 +08 2026: Dashboard already running and serving requests
Sat  4 Jul 04:15:46 +08 2026: Dashboard already running and serving requests
Sat  4 Jul 04:20:47 +08 2026: Dashboard already running and serving requests
Sat  4 Jul 04:25:47 +08 2026: Dashboard already running and serving requests
Sat  4 Jul 04:30:47 +08 2026: Dashboard already running and serving requests
Sat  4 Jul 04:35:47 +08 2026: Dashboard already running and serving requests
Sat  4 Jul 04:40:47 +08 2026: Dashboard already running and serving requests
Sat  4 Jul 04:45:47 +08 2026: Dashboard already running and serving requests
Sat  4 Jul 04:50:47 +08 2026: Dashboard already running and serving requests
Sat  4 Jul 04:55:47 +08 2026: Dashboard already running and serving requests
Sat  4 Jul 05:00:47 +08 2026: Dashboard already running and serving requests
Sat  4 Jul 05:05:48 +08 2026: Dashboard already running and serving requests
Sat  4 Jul 05:10:48 +08 2026: Dashboard already running and serving requests
Sat  4 Jul 05:15:48 +08 2026: Dashboard already running and serving requests
Sat  4 Jul 05:20:48 +08 2026: Dashboard already running and serving requests
Sat  4 Jul 05:25:48 +08 2026: Dashboard already running and serving requests
Sat  4 Jul 05:30:48 +08 2026: Dashboard already running and serving requests
Sat  4 Jul 05:35:48 +08 2026: Dashboard already running and serving requests
Sat  4 Jul 05:40:48 +08 2026: Dashboard already running and serving requests
Sat  4 Jul 05:45:48 +08 2026: Dashboard already running and serving requests
Sat  4 Jul 05:50:49 +08 2026: Dashboard already running and serving requests
Sat  4 Jul 05:55:49 +08 2026: Dashboard already running and serving requests
Sat  4 Jul 06:00:49 +08 2026: Dashboard already running and serving requests
Sat  4 Jul 06:05:49 +08 2026: Dashboard already running and serving requests
Sat  4 Jul 06:10:49 +08 2026: Dashboard already running and serving requests
Sat  4 Jul 06:15:49 +08 2026: Dashboard already running and serving requests
Sat  4 Jul 06:20:49 +08 2026: Dashboard already running and serving requests
Sat  4 Jul 06:25:49 +08 2026: Dashboard already running and serving requests
Sat  4 Jul 06:30:49 +08 2026: Dashboard already running and serving requests
Sat  4 Jul 06:35:49 +08 2026: Dashboard already running and serving requests
Sat  4 Jul 06:40:50 +08 2026: Dashboard already running and serving requests
Sat  4 Jul 06:45:50 +08 2026: Dashboard already running and serving requests
Sat  4 Jul 06:50:50 +08 2026: Dashboard already running and serving requests
Sat  4 Jul 06:55:50 +08 2026: Dashboard already running and serving requests
Sat  4 Jul 07:00:50 +08 2026: Dashboard already running and serving requests
Sat  4 Jul 07:05:50 +08 2026: Dashboard already running and serving requests
Sat  4 Jul 07:10:50 +08 2026: Dashboard already running and serving requests
Sat  4 Jul 07:15:50 +08 2026: Dashboard already running and serving requests
Sat  4 Jul 07:20:50 +08 2026: Dashboard already running and serving requests
Sat  4 Jul 07:25:51 +08 2026: Dashboard already running and serving requests
Sat  4 Jul 07:30:51 +08 2026: Dashboard already running and serving requests
Sat  4 Jul 07:35:51 +08 2026: Dashboard already running and serving requests
Sat  4 Jul 07:40:51 +08 2026: Dashboard already running and serving requests
Sat  4 Jul 07:45:51 +08 2026: Dashboard already running and serving requests
Sat  4 Jul 07:50:51 +08 2026: Dashboard already running and serving requests
Sat  4 Jul 07:55:51 +08 2026: Dashboard already running and serving requests
Sat  4 Jul 08:00:51 +08 2026: Dashboard already running and serving requests
Sat  4 Jul 08:05:51 +08 2026: Dashboard already running and serving requests
Sat  4 Jul 08:10:52 +08 2026: Dashboard already running and serving requests
Sat  4 Jul 08:15:52 +08 2026: Dashboard already running and serving requests
Sat  4 Jul 08:20:52 +08 2026: Dashboard already running and serving requests
Sat  4 Jul 08:25:52 +08 2026: Dashboard already running and serving requests
Sat  4 Jul 08:30:53 +08 2026: Dashboard already running and serving requests
Sat  4 Jul 08:35:53 +08 2026: Dashboard already running and serving requests
Sat  4 Jul 08:40:53 +08 2026: Dashboard already running and serving requests
Sat  4 Jul 08:45:53 +08 2026: Dashboard already running and serving requests
Sat  4 Jul 08:50:53 +08 2026: Dashboard already running and serving requests
Sat  4 Jul 08:55:53 +08 2026: Dashboard already running and serving requests
Sat  4 Jul 09:00:53 +08 2026: Dashboard already running and serving requests
Sat  4 Jul 09:05:53 +08 2026: Dashboard already running and serving requests
Sat  4 Jul 09:10:53 +08 2026: Dashboard already running and serving requests
Sat  4 Jul 09:15:53 +08 2026: Dashboard already running and serving requests
Sat  4 Jul 09:20:54 +08 2026: Dashboard already running and serving requests
Sat  4 Jul 09:25:54 +08 2026: Dashboard already running and serving requests
Sat  4 Jul 09:30:54 +08 2026: Dashboard already running and serving requests
Sat  4 Jul 09:35:54 +08 2026: Dashboard already running and serving requests
Sat  4 Jul 09:40:54 +08 2026: Dashboard already running and serving requests
Sat  4 Jul 09:45:54 +08 2026: Dashboard already running and serving requests
Sat  4 Jul 09:50:54 +08 2026: Dashboard already running and serving requests
Sat  4 Jul 09:55:54 +08 2026: Dashboard already running and serving requests
Sat  4 Jul 10:00:54 +08 2026: Dashboard already running and serving requests
Sat  4 Jul 10:05:54 +08 2026: Dashboard already running and serving requests
Sat  4 Jul 10:10:55 +08 2026: Dashboard already running and serving requests
Sat  4 Jul 10:15:55 +08 2026: Dashboard already running and serving requests
Sat  4 Jul 10:20:55 +08 2026: Dashboard already running and serving requests
Sat  4 Jul 10:25:55 +08 2026: Dashboard already running and serving requests
Sat  4 Jul 10:30:55 +08 2026: Dashboard already running and serving requests
Sat  4 Jul 10:35:55 +08 2026: Dashboard already running and serving requests
Sat  4 Jul 10:40:55 +08 2026: Dashboard already running and serving requests
Sat  4 Jul 10:45:55 +08 2026: Dashboard already running and serving requests
Sat  4 Jul 10:50:56 +08 2026: Dashboard already running and serving requests
Sat  4 Jul 10:55:56 +08 2026: Dashboard already running and serving requests
Sat  4 Jul 11:00:56 +08 2026: Dashboard already running and serving requests
Sat  4 Jul 11:05:56 +08 2026: Dashboard already running and serving requests
Sat  4 Jul 11:10:56 +08 2026: Dashboard already running and serving requests
Sat  4 Jul 11:15:56 +08 2026: Dashboard already running and serving requests
Sat  4 Jul 11:20:56 +08 2026: Dashboard already running and serving requests
Sat  4 Jul 11:25:56 +08 2026: Dashboard already running and serving requests
Sat  4 Jul 11:30:57 +08 2026: Dashboard already running and serving requests
Sat  4 Jul 11:35:57 +08 2026: Dashboard already running and serving requests
Sat  4 Jul 11:40:57 +08 2026: Dashboard already running and serving requests
Sat  4 Jul 11:45:57 +08 2026: Dashboard already running and serving requests
Sat  4 Jul 11:50:57 +08 2026: Dashboard already running and serving requests
Sat  4 Jul 11:55:57 +08 2026: Dashboard already running and serving requests
Sat  4 Jul 12:00:57 +08 2026: Dashboard already running and serving requests
Sat  4 Jul 12:05:57 +08 2026: Dashboard already running and serving requests
Sat  4 Jul 12:10:57 +08 2026: Dashboard already running and serving requests
Sat  4 Jul 12:15:57 +08 2026: Dashboard already running and serving requests
Sat  4 Jul 12:20:58 +08 2026: Dashboard already running and serving requests
Sat  4 Jul 12:25:58 +08 2026: Dashboard already running and serving requests
Sat  4 Jul 12:30:58 +08 2026: Dashboard already running and serving requests
Sat  4 Jul 12:35:58 +08 2026: Dashboard already running and serving requests
Sat  4 Jul 12:40:58 +08 2026: Dashboard already running and serving requests
Sat  4 Jul 12:45:58 +08 2026: Dashboard already running and serving requests
Sat  4 Jul 12:50:58 +08 2026: Dashboard already running and serving requests
Sat  4 Jul 12:55:58 +08 2026: Dashboard already running and serving requests
Sat  4 Jul 13:00:58 +08 2026: Dashboard already running and serving requests
Sat  4 Jul 13:05:59 +08 2026: Dashboard already running and serving requests
Sat  4 Jul 13:10:59 +08 2026: Dashboard already running and serving requests
Sat  4 Jul 13:15:59 +08 2026: Dashboard already running and serving requests
Sat  4 Jul 13:20:59 +08 2026: Dashboard already running and serving requests
Sat  4 Jul 13:25:59 +08 2026: Dashboard already running and serving requests
Sat  4 Jul 13:30:59 +08 2026: Dashboard already running and serving requests
Sat  4 Jul 13:35:59 +08 2026: Dashboard already running and serving requests
Sat  4 Jul 13:40:59 +08 2026: Dashboard already running and serving requests
Sat  4 Jul 13:45:59 +08 2026: Dashboard already running and serving requests
Sat  4 Jul 13:50:59 +08 2026: Dashboard already running and serving requests
Sat  4 Jul 13:55:00 +08 2026: Dashboard already running and serving requests
Sat  4 Jul 14:00:00 +08 2026: Dashboard already running and serving requests
Sat  4 Jul 14:05:00 +08 2026: Dashboard already running and serving requests
Sat  4 Jul 14:10:00 +08 2026: Dashboard already running and serving requests
Sat  4 Jul 14:15:00 +08 2026: Dashboard already running and serving requests
Sat  4 Jul 14:20:00 +08 2026: Dashboard already running and serving requests
Sat  4 Jul 14:25:00 +08 2026: Dashboard already running and serving requests
Sat  4 Jul 14:30:00 +08 2026: Dashboard already running and serving requests
Sat  4 Jul 14:35:00 +08 2026: Dashboard already running and serving requests
Sat  4 Jul 14:40:00 +08 2026: Dashboard already running and serving requests
Sat  4 Jul 14:45:01 +08 2026: Dashboard already running and serving requests
Sat  4 Jul 14:50:01 +08 2026: Dashboard already running and serving requests
Sat  4 Jul 14:55:01 +08 2026: Dashboard already running and serving requests
Sat  4 Jul 15:00:01 +08 2026: Dashboard already running and serving requests
Sat  4 Jul 15:05:01 +08 2026: Dashboard already running and serving requests
Sat  4 Jul 15:10:01 +08 2026: Dashboard already running and serving requests
Sat  4 Jul 15:15:01 +08 2026: Dashboard already running and serving requests
Sat  4 Jul 15:20:01 +08 2026: Dashboard already running and serving requests
Sat  4 Jul 15:25:01 +08 2026: Dashboard already running and serving requests
Sat  4 Jul 15:30:01 +08 2026: Dashboard already running and serving requests
Sat  4 Jul 15:35:02 +08 2026: Dashboard already running and serving requests
Sat  4 Jul 15:40:02 +08 2026: Dashboard already running and serving requests
Sat  4 Jul 15:45:02 +08 2026: Dashboard already running and serving requests
Sat  4 Jul 15:50:02 +08 2026: Dashboard already running and serving requests
Sat  4 Jul 15:55:02 +08 2026: Dashboard already running and serving requests
Sat  4 Jul 16:00:02 +08 2026: Dashboard already running and serving requests
Sat  4 Jul 16:05:02 +08 2026: Dashboard already running and serving requests
Sat  4 Jul 16:10:02 +08 2026: Dashboard already running and serving requests
Sat  4 Jul 16:15:02 +08 2026: Dashboard already running and serving requests
Sat  4 Jul 16:20:03 +08 2026: Dashboard already running and serving requests
Sat  4 Jul 16:25:03 +08 2026: Dashboard already running and serving requests
Sat  4 Jul 16:30:03 +08 2026: Dashboard already running and serving requests
Sat  4 Jul 16:35:03 +08 2026: Dashboard already running and serving requests
Sat  4 Jul 16:40:03 +08 2026: Dashboard already running and serving requests
Sat  4 Jul 16:45:03 +08 2026: Dashboard already running and serving requests
Sat  4 Jul 16:50:03 +08 2026: Dashboard already running and serving requests
Sat  4 Jul 16:55:03 +08 2026: Dashboard already running and serving requests
Sat  4 Jul 17:00:03 +08 2026: Dashboard already running and serving requests
Sat  4 Jul 17:05:04 +08 2026: Dashboard already running and serving requests
Sat  4 Jul 17:10:04 +08 2026: Dashboard already running and serving requests
Sat  4 Jul 17:15:04 +08 2026: Dashboard already running and serving requests
Sat  4 Jul 17:20:04 +08 2026: Dashboard already running and serving requests
Sat  4 Jul 17:25:04 +08 2026: Dashboard already running and serving requests
Sat  4 Jul 17:30:04 +08 2026: Dashboard already running and serving requests
Sat  4 Jul 17:35:04 +08 2026: Dashboard already running and serving requests
Sat  4 Jul 17:40:04 +08 2026: Dashboard already running and serving requests
Sat  4 Jul 17:45:04 +08 2026: Dashboard already running and serving requests
Sat  4 Jul 17:50:05 +08 2026: Dashboard already running and serving requests
Sat  4 Jul 17:55:05 +08 2026: Dashboard already running and serving requests
Sat  4 Jul 18:00:05 +08 2026: Dashboard already running and serving requests
Sat  4 Jul 18:05:05 +08 2026: Dashboard already running and serving requests
Sat  4 Jul 18:10:05 +08 2026: Dashboard already running and serving requests
Sat  4 Jul 18:15:05 +08 2026: Dashboard already running and serving requests
Sat  4 Jul 18:20:05 +08 2026: Dashboard already running and serving requests
Sat  4 Jul 18:25:05 +08 2026: Dashboard already running and serving requests
Sat  4 Jul 18:30:05 +08 2026: Dashboard already running and serving requests
Sat  4 Jul 18:35:05 +08 2026: Dashboard already running and serving requests
Sat  4 Jul 18:40:06 +08 2026: Dashboard already running and serving requests
Sat  4 Jul 18:45:06 +08 2026: Dashboard already running and serving requests
Sat  4 Jul 18:50:06 +08 2026: Dashboard already running and serving requests
Sat  4 Jul 18:55:06 +08 2026: Dashboard already running and serving requests
Sat  4 Jul 19:00:06 +08 2026: Dashboard already running and serving requests
Sat  4 Jul 19:05:06 +08 2026: Dashboard already running and serving requests
Sat  4 Jul 19:10:06 +08 2026: Dashboard already running and serving requests
Sat  4 Jul 19:15:06 +08 2026: Dashboard already running and serving requests
Sat  4 Jul 19:20:06 +08 2026: Dashboard already running and serving requests
Sat  4 Jul 19:25:06 +08 2026: Dashboard already running and serving requests
Sat  4 Jul 19:30:07 +08 2026: Dashboard already running and serving requests
Sat  4 Jul 19:35:07 +08 2026: Dashboard already running and serving requests
Sat  4 Jul 19:40:07 +08 2026: Dashboard already running and serving requests
Sat  4 Jul 19:45:07 +08 2026: Dashboard already running and serving requests
Sat  4 Jul 19:50:07 +08 2026: Dashboard already running and serving requests
Sat  4 Jul 19:55:07 +08 2026: Dashboard already running and serving requests
Sat  4 Jul 20:00:07 +08 2026: Dashboard already running and serving requests
Sat  4 Jul 20:05:07 +08 2026: Dashboard already running and serving requests
Sat  4 Jul 20:10:07 +08 2026: Dashboard already running and serving requests
Sat  4 Jul 20:15:07 +08 2026: Dashboard already running and serving requests
Sat  4 Jul 20:20:08 +08 2026: Dashboard already running and serving requests
Sat  4 Jul 20:25:08 +08 2026: Dashboard already running and serving requests
Sat  4 Jul 20:30:08 +08 2026: Dashboard already running and serving requests
Sat  4 Jul 20:35:08 +08 2026: Dashboard already running and serving requests
Sat  4 Jul 20:40:08 +08 2026: Dashboard already running and serving requests
Sat  4 Jul 20:45:08 +08 2026: Dashboard already running and serving requests
Sat  4 Jul 20:50:08 +08 2026: Dashboard already running and serving requests
Sat  4 Jul 20:55:08 +08 2026: Dashboard already running and serving requests
Sat  4 Jul 21:00:08 +08 2026: Dashboard already running and serving requests
Sat  4 Jul 21:05:08 +08 2026: Dashboard already running and serving requests
Sat  4 Jul 21:10:09 +08 2026: Dashboard already running and serving requests
Sat  4 Jul 21:15:09 +08 2026: Dashboard already running and serving requests
Sat  4 Jul 21:20:09 +08 2026: Dashboard already running and serving requests
Sat  4 Jul 21:25:09 +08 2026: Dashboard already running and serving requests
Sat  4 Jul 21:30:09 +08 2026: Dashboard already running and serving requests
Sat  4 Jul 21:35:09 +08 2026: Dashboard already running and serving requests
Sat  4 Jul 21:40:09 +08 2026: Dashboard already running and serving requests
Sat  4 Jul 21:45:09 +08 2026: Dashboard already running and serving requests
Sat  4 Jul 21:50:09 +08 2026: Dashboard already running and serving requests
Sat  4 Jul 21:55:09 +08 2026: Dashboard already running and serving requests
Sat  4 Jul 22:00:10 +08 2026: Dashboard already running and serving requests
Sat  4 Jul 22:05:10 +08 2026: Dashboard already running and serving requests
Sat  4 Jul 22:10:10 +08 2026: Dashboard already running and serving requests
Sat  4 Jul 22:15:10 +08 2026: Dashboard already running and serving requests
Sat  4 Jul 22:20:10 +08 2026: Dashboard already running and serving requests
Sat  4 Jul 22:25:10 +08 2026: Dashboard already running and serving requests
Sat  4 Jul 22:30:10 +08 2026: Dashboard already running and serving requests
Sat  4 Jul 22:35:10 +08 2026: Dashboard already running and serving requests
Sat  4 Jul 22:40:10 +08 2026: Dashboard already running and serving requests
Sat  4 Jul 22:45:11 +08 2026: Dashboard already running and serving requests
Sat  4 Jul 22:50:11 +08 2026: Dashboard already running and serving requests
Sat  4 Jul 22:55:11 +08 2026: Dashboard already running and serving requests
Sat  4 Jul 23:00:11 +08 2026: Dashboard already running and serving requests
Sat  4 Jul 23:05:11 +08 2026: Dashboard already running and serving requests
Sat  4 Jul 23:10:11 +08 2026: Dashboard already running and serving requests
Sat  4 Jul 23:15:11 +08 2026: Dashboard already running and serving requests
Sat  4 Jul 23:20:11 +08 2026: Dashboard already running and serving requests
Sat  4 Jul 23:25:11 +08 2026: Dashboard already running and serving requests
Sat  4 Jul 23:30:11 +08 2026: Dashboard already running and serving requests
Sat  4 Jul 23:35:12 +08 2026: Dashboard already running and serving requests
Sat  4 Jul 23:40:12 +08 2026: Dashboard already running and serving requests
Sat  4 Jul 23:45:12 +08 2026: Dashboard already running and serving requests
Sat  4 Jul 23:50:12 +08 2026: Dashboard already running and serving requests
Sat  4 Jul 23:55:12 +08 2026: Dashboard already running and serving requests
Sun  5 Jul 00:00:12 +08 2026: Dashboard already running and serving requests
Sun  5 Jul 00:05:12 +08 2026: Dashboard already running and serving requests
Sun  5 Jul 00:10:12 +08 2026: Dashboard already running and serving requests
Sun  5 Jul 00:15:12 +08 2026: Dashboard already running and serving requests
Sun  5 Jul 00:20:12 +08 2026: Dashboard already running and serving requests
Sun  5 Jul 00:25:13 +08 2026: Dashboard already running and serving requests
Sun  5 Jul 00:30:13 +08 2026: Dashboard already running and serving requests
Sun  5 Jul 00:35:13 +08 2026: Dashboard already running and serving requests
Sun  5 Jul 00:40:13 +08 2026: Dashboard already running and serving requests
Sun  5 Jul 00:45:13 +08 2026: Dashboard already running and serving requests
Sun  5 Jul 00:50:13 +08 2026: Dashboard already running and serving requests
Sun  5 Jul 00:55:13 +08 2026: Dashboard already running and serving requests
Sun  5 Jul 01:00:13 +08 2026: Dashboard already running and serving requests
Sun  5 Jul 01:05:13 +08 2026: Dashboard already running and serving requests
Sun  5 Jul 01:10:13 +08 2026: Dashboard already running and serving requests
Sun  5 Jul 01:15:14 +08 2026: Dashboard already running and serving requests
Sun  5 Jul 01:20:14 +08 2026: Dashboard already running and serving requests
Sun  5 Jul 01:25:14 +08 2026: Dashboard already running and serving requests
Sun  5 Jul 01:30:14 +08 2026: Dashboard already running and serving requests
Sun  5 Jul 01:35:14 +08 2026: Dashboard already running and serving requests
Sun  5 Jul 01:40:14 +08 2026: Dashboard already running and serving requests
Sun  5 Jul 01:45:14 +08 2026: Dashboard already running and serving requests
Sun  5 Jul 01:50:14 +08 2026: Dashboard already running and serving requests
Sun  5 Jul 01:55:14 +08 2026: Dashboard already running and serving requests
Sun  5 Jul 02:00:14 +08 2026: Dashboard already running and serving requests
Sun  5 Jul 02:05:15 +08 2026: Dashboard already running and serving requests
Sun  5 Jul 02:10:15 +08 2026: Dashboard already running and serving requests
Sun  5 Jul 02:15:15 +08 2026: Dashboard already running and serving requests
Sun  5 Jul 02:20:15 +08 2026: Dashboard already running and serving requests
Sun  5 Jul 02:25:15 +08 2026: Dashboard already running and serving requests
Sun  5 Jul 02:30:15 +08 2026: Dashboard already running and serving requests
Sun  5 Jul 02:35:15 +08 2026: Dashboard already running and serving requests
Sun  5 Jul 02:40:15 +08 2026: Dashboard already running and serving requests
Sun  5 Jul 02:45:15 +08 2026: Dashboard already running and serving requests
Sun  5 Jul 02:50:16 +08 2026: Dashboard already running and serving requests
Sun  5 Jul 02:55:16 +08 2026: Dashboard already running and serving requests
Sun  5 Jul 03:00:16 +08 2026: Dashboard already running and serving requests
Sun  5 Jul 03:05:16 +08 2026: Dashboard already running and serving requests
Sun  5 Jul 03:10:16 +08 2026: Dashboard already running and serving requests
Sun  5 Jul 03:15:16 +08 2026: Dashboard already running and serving requests
Sun  5 Jul 03:20:16 +08 2026: Dashboard already running and serving requests
Sun  5 Jul 03:25:16 +08 2026: Dashboard already running and serving requests
Sun  5 Jul 03:30:16 +08 2026: Dashboard already running and serving requests
Sun  5 Jul 03:35:16 +08 2026: Dashboard already running and serving requests
Sun  5 Jul 03:40:17 +08 2026: Dashboard already running and serving requests
Sun  5 Jul 03:45:17 +08 2026: Dashboard already running and serving requests
Sun  5 Jul 03:50:17 +08 2026: Dashboard already running and serving requests
Sun  5 Jul 03:55:17 +08 2026: Dashboard already running and serving requests
Sun  5 Jul 04:00:17 +08 2026: Dashboard already running and serving requests
Sun  5 Jul 04:05:17 +08 2026: Dashboard already running and serving requests
Sun  5 Jul 04:10:17 +08 2026: Dashboard already running and serving requests
Sun  5 Jul 04:15:17 +08 2026: Dashboard already running and serving requests
Sun  5 Jul 04:20:17 +08 2026: Dashboard already running and serving requests
Sun  5 Jul 04:25:17 +08 2026: Dashboard already running and serving requests
Sun  5 Jul 04:30:18 +08 2026: Dashboard already running and serving requests
Sun  5 Jul 04:35:18 +08 2026: Dashboard already running and serving requests
Sun  5 Jul 04:40:18 +08 2026: Dashboard already running and serving requests
Sun  5 Jul 04:45:18 +08 2026: Dashboard already running and serving requests
Sun  5 Jul 04:50:18 +08 2026: Dashboard already running and serving requests
Sun  5 Jul 04:55:18 +08 2026: Dashboard already running and serving requests
Sun  5 Jul 05:00:18 +08 2026: Dashboard already running and serving requests
Sun  5 Jul 05:05:18 +08 2026: Dashboard already running and serving requests
Sun  5 Jul 05:10:18 +08 2026: Dashboard already running and serving requests
Sun  5 Jul 05:15:18 +08 2026: Dashboard already running and serving requests
Sun  5 Jul 05:20:19 +08 2026: Dashboard already running and serving requests
Sun  5 Jul 05:25:19 +08 2026: Dashboard already running and serving requests
Sun  5 Jul 05:30:19 +08 2026: Dashboard already running and serving requests
Sun  5 Jul 05:35:19 +08 2026: Dashboard already running and serving requests
Sun  5 Jul 05:40:19 +08 2026: Dashboard already running and serving requests
Sun  5 Jul 05:45:19 +08 2026: Dashboard already running and serving requests
Sun  5 Jul 05:50:19 +08 2026: Dashboard already running and serving requests
Sun  5 Jul 05:55:19 +08 2026: Dashboard already running and serving requests
Sun  5 Jul 06:00:19 +08 2026: Dashboard already running and serving requests
Sun  5 Jul 06:05:19 +08 2026: Dashboard already running and serving requests
Sun  5 Jul 06:10:20 +08 2026: Dashboard already running and serving requests
Sun  5 Jul 06:15:20 +08 2026: Dashboard already running and serving requests
Sun  5 Jul 06:20:20 +08 2026: Dashboard already running and serving requests
Sun  5 Jul 06:25:20 +08 2026: Dashboard already running and serving requests
Sun  5 Jul 06:30:20 +08 2026: Dashboard already running and serving requests
Sun  5 Jul 06:35:20 +08 2026: Dashboard already running and serving requests
Sun  5 Jul 06:40:20 +08 2026: Dashboard already running and serving requests
Sun  5 Jul 06:45:20 +08 2026: Dashboard already running and serving requests
Sun  5 Jul 06:50:20 +08 2026: Dashboard already running and serving requests
Sun  5 Jul 06:55:20 +08 2026: Dashboard already running and serving requests
Sun  5 Jul 07:00:21 +08 2026: Dashboard already running and serving requests
Sun  5 Jul 07:05:21 +08 2026: Dashboard already running and serving requests
Sun  5 Jul 07:10:21 +08 2026: Dashboard already running and serving requests
Sun  5 Jul 07:15:21 +08 2026: Dashboard already running and serving requests
Sun  5 Jul 07:20:21 +08 2026: Dashboard already running and serving requests
Sun  5 Jul 07:25:21 +08 2026: Dashboard already running and serving requests
Sun  5 Jul 07:30:21 +08 2026: Dashboard already running and serving requests
Sun  5 Jul 07:35:21 +08 2026: Dashboard already running and serving requests
Sun  5 Jul 07:40:21 +08 2026: Dashboard already running and serving requests
Sun  5 Jul 07:45:21 +08 2026: Dashboard already running and serving requests
Sun  5 Jul 07:50:22 +08 2026: Dashboard already running and serving requests
Sun  5 Jul 07:55:22 +08 2026: Dashboard already running and serving requests
Sun  5 Jul 08:00:22 +08 2026: Dashboard already running and serving requests
Sun  5 Jul 08:05:22 +08 2026: Dashboard already running and serving requests
Sun  5 Jul 08:10:22 +08 2026: Dashboard already running and serving requests
Sun  5 Jul 08:15:22 +08 2026: Dashboard already running and serving requests
Sun  5 Jul 08:20:22 +08 2026: Dashboard already running and serving requests
Sun  5 Jul 08:25:22 +08 2026: Dashboard already running and serving requests
Sun  5 Jul 08:30:22 +08 2026: Dashboard already running and serving requests
Sun  5 Jul 08:35:22 +08 2026: Dashboard already running and serving requests
Sun  5 Jul 08:40:23 +08 2026: Dashboard already running and serving requests
Sun  5 Jul 08:45:23 +08 2026: Dashboard already running and serving requests
Sun  5 Jul 08:50:23 +08 2026: Dashboard already running and serving requests
Sun  5 Jul 08:55:23 +08 2026: Dashboard already running and serving requests
Sun  5 Jul 09:00:23 +08 2026: Dashboard already running and serving requests
Sun  5 Jul 09:05:23 +08 2026: Dashboard already running and serving requests
Sun  5 Jul 09:10:23 +08 2026: Dashboard already running and serving requests
Sun  5 Jul 09:15:23 +08 2026: Dashboard already running and serving requests
Sun  5 Jul 09:20:23 +08 2026: Dashboard already running and serving requests
Sun  5 Jul 09:25:23 +08 2026: Dashboard already running and serving requests
Sun  5 Jul 09:30:24 +08 2026: Dashboard already running and serving requests
Sun  5 Jul 09:35:24 +08 2026: Dashboard already running and serving requests
Sun  5 Jul 09:40:24 +08 2026: Dashboard already running and serving requests
Sun  5 Jul 09:45:24 +08 2026: Dashboard already running and serving requests
Sun  5 Jul 09:50:24 +08 2026: Dashboard already running and serving requests
Sun  5 Jul 09:55:24 +08 2026: Dashboard already running and serving requests
Sun  5 Jul 10:00:24 +08 2026: Dashboard already running and serving requests
Sun  5 Jul 10:05:24 +08 2026: Dashboard already running and serving requests
Sun  5 Jul 10:10:24 +08 2026: Dashboard already running and serving requests
Sun  5 Jul 10:15:24 +08 2026: Dashboard already running and serving requests
Sun  5 Jul 10:20:25 +08 2026: Dashboard already running and serving requests
Sun  5 Jul 10:25:25 +08 2026: Dashboard already running and serving requests
Sun  5 Jul 10:30:25 +08 2026: Dashboard already running and serving requests
Sun  5 Jul 10:35:25 +08 2026: Dashboard already running and serving requests
Sun  5 Jul 10:40:25 +08 2026: Dashboard already running and serving requests
Sun  5 Jul 10:45:25 +08 2026: Dashboard already running and serving requests
Sun  5 Jul 10:50:25 +08 2026: Dashboard already running and serving requests
Sun  5 Jul 10:55:25 +08 2026: Dashboard already running and serving requests
Sun  5 Jul 11:00:25 +08 2026: Dashboard already running and serving requests
Sun  5 Jul 11:05:25 +08 2026: Dashboard already running and serving requests
Sun  5 Jul 11:10:26 +08 2026: Dashboard already running and serving requests
Sun  5 Jul 11:15:26 +08 2026: Dashboard already running and serving requests
Sun  5 Jul 11:20:26 +08 2026: Dashboard already running and serving requests
Sun  5 Jul 11:25:26 +08 2026: Dashboard already running and serving requests
Sun  5 Jul 11:30:26 +08 2026: Dashboard already running and serving requests
Sun  5 Jul 11:35:26 +08 2026: Dashboard already running and serving requests
Sun  5 Jul 11:40:26 +08 2026: Dashboard already running and serving requests
Sun  5 Jul 11:45:26 +08 2026: Dashboard already running and serving requests
Sun  5 Jul 11:50:26 +08 2026: Dashboard already running and serving requests
Sun  5 Jul 11:55:26 +08 2026: Dashboard already running and serving requests
Sun  5 Jul 12:00:27 +08 2026: Dashboard already running and serving requests
Sun  5 Jul 12:05:27 +08 2026: Dashboard already running and serving requests
Sun  5 Jul 12:10:27 +08 2026: Dashboard already running and serving requests
Sun  5 Jul 12:15:27 +08 2026: Dashboard already running and serving requests
Sun  5 Jul 12:20:27 +08 2026: Dashboard already running and serving requests
Sun  5 Jul 12:25:27 +08 2026: Dashboard already running and serving requests
Sun  5 Jul 12:30:27 +08 2026: Dashboard already running and serving requests
Sun  5 Jul 12:35:27 +08 2026: Dashboard already running and serving requests
Sun  5 Jul 12:40:27 +08 2026: Dashboard already running and serving requests
Sun  5 Jul 12:45:27 +08 2026: Dashboard already running and serving requests
Sun  5 Jul 12:50:28 +08 2026: Dashboard already running and serving requests
Sun  5 Jul 12:55:28 +08 2026: Dashboard already running and serving requests
Sun  5 Jul 13:00:28 +08 2026: Dashboard already running and serving requests
Sun  5 Jul 13:05:28 +08 2026: Dashboard already running and serving requests
Sun  5 Jul 13:10:28 +08 2026: Dashboard already running and serving requests
Sun  5 Jul 13:15:28 +08 2026: Dashboard already running and serving requests
Sun  5 Jul 13:20:28 +08 2026: Dashboard already running and serving requests
Sun  5 Jul 13:25:28 +08 2026: Dashboard already running and serving requests
Sun  5 Jul 13:30:28 +08 2026: Dashboard already running and serving requests
Sun  5 Jul 13:35:29 +08 2026: Dashboard already running and serving requests
Sun  5 Jul 13:40:29 +08 2026: Dashboard already running and serving requests
Sun  5 Jul 13:45:29 +08 2026: Dashboard already running and serving requests
Sun  5 Jul 13:50:29 +08 2026: Dashboard already running and serving requests
Sun  5 Jul 13:55:29 +08 2026: Dashboard already running and serving requests
Sun  5 Jul 14:00:29 +08 2026: Dashboard already running and serving requests
Sun  5 Jul 14:05:29 +08 2026: Dashboard already running and serving requests
Sun  5 Jul 14:10:29 +08 2026: Dashboard already running and serving requests
Sun  5 Jul 14:15:29 +08 2026: Dashboard already running and serving requests
Sun  5 Jul 14:20:29 +08 2026: Dashboard already running and serving requests
Sun  5 Jul 14:25:30 +08 2026: Dashboard already running and serving requests
Sun  5 Jul 14:30:30 +08 2026: Dashboard already running and serving requests
Sun  5 Jul 14:35:30 +08 2026: Dashboard already running and serving requests
Sun  5 Jul 14:40:30 +08 2026: Dashboard already running and serving requests
Sun  5 Jul 14:45:30 +08 2026: Dashboard already running and serving requests
Sun  5 Jul 14:50:30 +08 2026: Dashboard already running and serving requests
Sun  5 Jul 14:55:30 +08 2026: Dashboard already running and serving requests
Sun  5 Jul 15:00:30 +08 2026: Dashboard already running and serving requests
Sun  5 Jul 15:05:30 +08 2026: Dashboard already running and serving requests
Sun  5 Jul 15:10:30 +08 2026: Dashboard already running and serving requests
Sun  5 Jul 15:15:31 +08 2026: Dashboard already running and serving requests
Sun  5 Jul 15:20:31 +08 2026: Dashboard already running and serving requests
Sun  5 Jul 15:25:31 +08 2026: Dashboard already running and serving requests
Sun  5 Jul 15:30:31 +08 2026: Dashboard already running and serving requests
Sun  5 Jul 15:35:31 +08 2026: Dashboard already running and serving requests
Sun  5 Jul 15:40:31 +08 2026: Dashboard already running and serving requests
Sun  5 Jul 15:45:31 +08 2026: Dashboard already running and serving requests
Sun  5 Jul 15:50:31 +08 2026: Dashboard already running and serving requests
Sun  5 Jul 15:55:31 +08 2026: Dashboard already running and serving requests
Sun  5 Jul 16:00:32 +08 2026: Dashboard already running and serving requests
Sun  5 Jul 16:05:32 +08 2026: Dashboard already running and serving requests
Sun  5 Jul 16:10:32 +08 2026: Dashboard already running and serving requests
Sun  5 Jul 16:15:32 +08 2026: Dashboard already running and serving requests
Sun  5 Jul 16:20:32 +08 2026: Dashboard already running and serving requests
Sun  5 Jul 16:25:32 +08 2026: Dashboard already running and serving requests
Sun  5 Jul 16:30:32 +08 2026: Dashboard already running and serving requests
Sun  5 Jul 16:35:32 +08 2026: Dashboard already running and serving requests
Sun  5 Jul 16:40:32 +08 2026: Dashboard already running and serving requests
Sun  5 Jul 16:45:32 +08 2026: Dashboard already running and serving requests
Sun  5 Jul 16:50:32 +08 2026: Dashboard already running and serving requests
Sun  5 Jul 16:55:33 +08 2026: Dashboard already running and serving requests
Sun  5 Jul 17:00:33 +08 2026: Dashboard already running and serving requests
Sun  5 Jul 17:05:33 +08 2026: Dashboard already running and serving requests
Sun  5 Jul 17:10:33 +08 2026: Dashboard already running and serving requests
Sun  5 Jul 17:15:33 +08 2026: Dashboard already running and serving requests
Sun  5 Jul 17:20:33 +08 2026: Dashboard already running and serving requests
Sun  5 Jul 17:25:33 +08 2026: Dashboard already running and serving requests
Sun  5 Jul 17:30:33 +08 2026: Dashboard already running and serving requests
Sun  5 Jul 17:35:33 +08 2026: Dashboard already running and serving requests
Sun  5 Jul 17:40:33 +08 2026: Dashboard already running and serving requests
Sun  5 Jul 17:45:34 +08 2026: Dashboard already running and serving requests
Sun  5 Jul 17:50:34 +08 2026: Dashboard already running and serving requests
Sun  5 Jul 17:55:34 +08 2026: Dashboard already running and serving requests
Sun  5 Jul 18:00:34 +08 2026: Dashboard already running and serving requests
Sun  5 Jul 18:05:34 +08 2026: Dashboard already running and serving requests
Sun  5 Jul 18:10:34 +08 2026: Dashboard already running and serving requests
Sun  5 Jul 18:15:34 +08 2026: Dashboard already running and serving requests
Sun  5 Jul 18:20:34 +08 2026: Dashboard already running and serving requests
Sun  5 Jul 18:25:34 +08 2026: Dashboard already running and serving requests
Sun  5 Jul 18:30:34 +08 2026: Dashboard already running and serving requests
Sun  5 Jul 18:35:34 +08 2026: Dashboard already running and serving requests
Sun  5 Jul 18:40:35 +08 2026: Dashboard already running and serving requests
Sun  5 Jul 18:45:35 +08 2026: Dashboard already running and serving requests
Sun  5 Jul 18:50:35 +08 2026: Dashboard already running and serving requests
Sun  5 Jul 18:55:35 +08 2026: Dashboard already running and serving requests
Sun  5 Jul 19:00:35 +08 2026: Dashboard already running and serving requests
Sun  5 Jul 19:05:35 +08 2026: Dashboard already running and serving requests
Sun  5 Jul 19:10:35 +08 2026: Dashboard already running and serving requests
Sun  5 Jul 19:15:35 +08 2026: Dashboard already running and serving requests
Sun  5 Jul 19:20:35 +08 2026: Dashboard already running and serving requests
Sun  5 Jul 19:25:36 +08 2026: Dashboard already running and serving requests
Sun  5 Jul 19:30:36 +08 2026: Dashboard already running and serving requests
Sun  5 Jul 19:35:36 +08 2026: Dashboard already running and serving requests
Sun  5 Jul 19:40:36 +08 2026: Dashboard already running and serving requests
Sun  5 Jul 19:45:36 +08 2026: Dashboard already running and serving requests
Sun  5 Jul 19:50:36 +08 2026: Dashboard already running and serving requests
Sun  5 Jul 19:55:36 +08 2026: Dashboard already running and serving requests
Sun  5 Jul 20:00:36 +08 2026: Dashboard already running and serving requests
Sun  5 Jul 20:05:36 +08 2026: Dashboard already running and serving requests
Sun  5 Jul 20:10:36 +08 2026: Dashboard already running and serving requests
Sun  5 Jul 20:15:36 +08 2026: Dashboard already running and serving requests
Sun  5 Jul 20:20:37 +08 2026: Dashboard already running and serving requests
Sun  5 Jul 20:25:37 +08 2026: Dashboard already running and serving requests
Sun  5 Jul 20:30:37 +08 2026: Dashboard already running and serving requests
Sun  5 Jul 20:35:37 +08 2026: Dashboard already running and serving requests
Sun  5 Jul 20:40:37 +08 2026: Dashboard already running and serving requests
Sun  5 Jul 20:45:37 +08 2026: Dashboard already running and serving requests
Sun  5 Jul 20:50:37 +08 2026: Dashboard already running and serving requests
Sun  5 Jul 20:55:37 +08 2026: Dashboard already running and serving requests
Sun  5 Jul 21:00:37 +08 2026: Dashboard already running and serving requests
Sun  5 Jul 21:05:37 +08 2026: Dashboard already running and serving requests
Sun  5 Jul 21:10:38 +08 2026: Dashboard already running and serving requests
Sun  5 Jul 21:15:38 +08 2026: Dashboard already running and serving requests
Sun  5 Jul 21:20:38 +08 2026: Dashboard already running and serving requests
Sun  5 Jul 21:25:38 +08 2026: Dashboard already running and serving requests
Sun  5 Jul 21:30:38 +08 2026: Dashboard already running and serving requests
Sun  5 Jul 21:35:38 +08 2026: Dashboard already running and serving requests
Sun  5 Jul 21:40:38 +08 2026: Dashboard already running and serving requests
Sun  5 Jul 21:45:38 +08 2026: Dashboard already running and serving requests
Sun  5 Jul 21:50:38 +08 2026: Dashboard already running and serving requests
Sun  5 Jul 21:55:38 +08 2026: Dashboard already running and serving requests
Sun  5 Jul 22:00:39 +08 2026: Dashboard already running and serving requests
Sun  5 Jul 22:05:39 +08 2026: Dashboard already running and serving requests
Sun  5 Jul 22:10:39 +08 2026: Dashboard already running and serving requests
Sun  5 Jul 22:15:39 +08 2026: Dashboard already running and serving requests
Sun  5 Jul 22:20:39 +08 2026: Dashboard already running and serving requests
Sun  5 Jul 22:25:39 +08 2026: Dashboard already running and serving requests
Sun  5 Jul 22:30:39 +08 2026: Dashboard already running and serving requests
Sun  5 Jul 22:35:39 +08 2026: Dashboard already running and serving requests
Sun  5 Jul 22:40:39 +08 2026: Dashboard already running and serving requests
Sun  5 Jul 22:45:39 +08 2026: Dashboard already running and serving requests
Sun  5 Jul 22:50:40 +08 2026: Dashboard already running and serving requests
Sun  5 Jul 22:55:40 +08 2026: Dashboard already running and serving requests
Sun  5 Jul 23:00:40 +08 2026: Dashboard already running and serving requests
Sun  5 Jul 23:05:40 +08 2026: Dashboard already running and serving requests
Sun  5 Jul 23:10:40 +08 2026: Dashboard already running and serving requests
Sun  5 Jul 23:15:40 +08 2026: Dashboard already running and serving requests
Sun  5 Jul 23:20:40 +08 2026: Dashboard already running and serving requests
Sun  5 Jul 23:25:40 +08 2026: Dashboard already running and serving requests
Sun  5 Jul 23:30:40 +08 2026: Dashboard already running and serving requests
Sun  5 Jul 23:35:40 +08 2026: Dashboard already running and serving requests
Sun  5 Jul 23:40:41 +08 2026: Dashboard already running and serving requests
Sun  5 Jul 23:45:41 +08 2026: Dashboard already running and serving requests
Sun  5 Jul 23:50:41 +08 2026: Dashboard already running and serving requests
Sun  5 Jul 23:55:41 +08 2026: Dashboard already running and serving requests
Mon  6 Jul 00:00:41 +08 2026: Dashboard already running and serving requests
Mon  6 Jul 00:05:41 +08 2026: Dashboard already running and serving requests
Mon  6 Jul 00:10:41 +08 2026: Dashboard already running and serving requests
Mon  6 Jul 00:15:41 +08 2026: Dashboard already running and serving requests
Mon  6 Jul 00:20:41 +08 2026: Dashboard already running and serving requests
Mon  6 Jul 00:25:41 +08 2026: Dashboard already running and serving requests
Mon  6 Jul 00:30:42 +08 2026: Dashboard already running and serving requests
Mon  6 Jul 00:35:42 +08 2026: Dashboard already running and serving requests
Mon  6 Jul 00:40:42 +08 2026: Dashboard already running and serving requests
Mon  6 Jul 00:45:42 +08 2026: Dashboard already running and serving requests
Mon  6 Jul 00:50:42 +08 2026: Dashboard already running and serving requests
Mon  6 Jul 00:55:42 +08 2026: Dashboard already running and serving requests
Mon  6 Jul 01:00:42 +08 2026: Dashboard already running and serving requests
Mon  6 Jul 01:05:42 +08 2026: Dashboard already running and serving requests
Mon  6 Jul 01:10:42 +08 2026: Dashboard already running and serving requests
Mon  6 Jul 01:15:42 +08 2026: Dashboard already running and serving requests
Mon  6 Jul 01:20:42 +08 2026: Dashboard already running and serving requests
Mon  6 Jul 01:25:43 +08 2026: Dashboard already running and serving requests
Mon  6 Jul 01:30:43 +08 2026: Dashboard already running and serving requests
Mon  6 Jul 01:35:43 +08 2026: Dashboard already running and serving requests
Mon  6 Jul 01:40:43 +08 2026: Dashboard already running and serving requests
Mon  6 Jul 01:45:43 +08 2026: Dashboard already running and serving requests
Mon  6 Jul 01:50:43 +08 2026: Dashboard already running and serving requests
Mon  6 Jul 01:55:43 +08 2026: Dashboard already running and serving requests
Mon  6 Jul 02:00:43 +08 2026: Dashboard already running and serving requests
Mon  6 Jul 02:05:43 +08 2026: Dashboard already running and serving requests
Mon  6 Jul 02:10:43 +08 2026: Dashboard already running and serving requests
Mon  6 Jul 02:15:44 +08 2026: Dashboard already running and serving requests
Mon  6 Jul 02:20:44 +08 2026: Dashboard already running and serving requests
Mon  6 Jul 02:25:44 +08 2026: Dashboard already running and serving requests
Mon  6 Jul 02:30:44 +08 2026: Dashboard already running and serving requests
Mon  6 Jul 02:35:44 +08 2026: Dashboard already running and serving requests
Mon  6 Jul 02:40:44 +08 2026: Dashboard already running and serving requests
Mon  6 Jul 02:45:44 +08 2026: Dashboard already running and serving requests
Mon  6 Jul 02:50:44 +08 2026: Dashboard already running and serving requests
Mon  6 Jul 02:55:44 +08 2026: Dashboard already running and serving requests
Mon  6 Jul 03:00:44 +08 2026: Dashboard already running and serving requests
Mon  6 Jul 03:05:45 +08 2026: Dashboard already running and serving requests
Mon  6 Jul 03:10:45 +08 2026: Dashboard already running and serving requests
Mon  6 Jul 03:15:45 +08 2026: Dashboard already running and serving requests
Mon  6 Jul 03:20:45 +08 2026: Dashboard already running and serving requests
Mon  6 Jul 03:25:45 +08 2026: Dashboard already running and serving requests
Mon  6 Jul 03:30:45 +08 2026: Dashboard already running and serving requests
Mon  6 Jul 03:35:45 +08 2026: Dashboard already running and serving requests
Mon  6 Jul 03:40:45 +08 2026: Dashboard already running and serving requests
Mon  6 Jul 03:45:45 +08 2026: Dashboard already running and serving requests
Mon  6 Jul 03:50:45 +08 2026: Dashboard already running and serving requests
Mon  6 Jul 03:55:46 +08 2026: Dashboard already running and serving requests
Mon  6 Jul 04:00:46 +08 2026: Dashboard already running and serving requests
Mon  6 Jul 04:05:46 +08 2026: Dashboard already running and serving requests
Mon  6 Jul 04:10:46 +08 2026: Dashboard already running and serving requests
Mon  6 Jul 04:15:46 +08 2026: Dashboard already running and serving requests
Mon  6 Jul 04:20:46 +08 2026: Dashboard already running and serving requests
Mon  6 Jul 04:25:46 +08 2026: Dashboard already running and serving requests
Mon  6 Jul 04:30:46 +08 2026: Dashboard already running and serving requests
Mon  6 Jul 04:35:46 +08 2026: Dashboard already running and serving requests
Mon  6 Jul 04:40:46 +08 2026: Dashboard already running and serving requests
Mon  6 Jul 04:45:47 +08 2026: Dashboard already running and serving requests
Mon  6 Jul 04:50:47 +08 2026: Dashboard already running and serving requests
Mon  6 Jul 04:55:47 +08 2026: Dashboard already running and serving requests
Mon  6 Jul 05:00:47 +08 2026: Dashboard already running and serving requests
Mon  6 Jul 05:05:47 +08 2026: Dashboard already running and serving requests
Mon  6 Jul 05:10:47 +08 2026: Dashboard already running and serving requests
Mon  6 Jul 05:15:47 +08 2026: Dashboard already running and serving requests
Mon  6 Jul 05:20:47 +08 2026: Dashboard already running and serving requests
Mon  6 Jul 05:25:47 +08 2026: Dashboard already running and serving requests
Mon  6 Jul 05:30:47 +08 2026: Dashboard already running and serving requests
Mon  6 Jul 05:35:48 +08 2026: Dashboard already running and serving requests
Mon  6 Jul 05:40:48 +08 2026: Dashboard already running and serving requests
Mon  6 Jul 05:45:48 +08 2026: Dashboard already running and serving requests
Mon  6 Jul 05:50:48 +08 2026: Dashboard already running and serving requests
Mon  6 Jul 05:55:48 +08 2026: Dashboard already running and serving requests
Mon  6 Jul 06:00:48 +08 2026: Dashboard already running and serving requests
Mon  6 Jul 06:05:48 +08 2026: Dashboard already running and serving requests
Mon  6 Jul 06:10:48 +08 2026: Dashboard already running and serving requests
Mon  6 Jul 06:15:48 +08 2026: Dashboard already running and serving requests
Mon  6 Jul 06:20:48 +08 2026: Dashboard already running and serving requests
Mon  6 Jul 06:25:49 +08 2026: Dashboard already running and serving requests
Mon  6 Jul 06:30:49 +08 2026: Dashboard already running and serving requests
Mon  6 Jul 06:35:49 +08 2026: Dashboard already running and serving requests
Mon  6 Jul 06:40:49 +08 2026: Dashboard already running and serving requests
Mon  6 Jul 06:45:49 +08 2026: Dashboard already running and serving requests
Mon  6 Jul 06:50:49 +08 2026: Dashboard already running and serving requests
Mon  6 Jul 06:55:49 +08 2026: Dashboard already running and serving requests
Mon  6 Jul 07:00:49 +08 2026: Dashboard already running and serving requests
Mon  6 Jul 07:05:49 +08 2026: Dashboard already running and serving requests
Mon  6 Jul 07:10:50 +08 2026: Dashboard already running and serving requests
Mon  6 Jul 07:15:50 +08 2026: Dashboard already running and serving requests
Mon  6 Jul 07:20:50 +08 2026: Dashboard already running and serving requests
Mon  6 Jul 07:25:50 +08 2026: Dashboard already running and serving requests
Mon  6 Jul 07:30:50 +08 2026: Dashboard already running and serving requests
Mon  6 Jul 07:35:50 +08 2026: Dashboard already running and serving requests
Mon  6 Jul 07:40:50 +08 2026: Dashboard already running and serving requests
Mon  6 Jul 07:45:50 +08 2026: Dashboard already running and serving requests
Mon  6 Jul 07:50:50 +08 2026: Dashboard already running and serving requests
Mon  6 Jul 07:55:50 +08 2026: Dashboard already running and serving requests
Mon  6 Jul 08:00:51 +08 2026: Dashboard already running and serving requests
Mon  6 Jul 08:05:51 +08 2026: Dashboard already running and serving requests
Mon  6 Jul 08:10:51 +08 2026: Dashboard already running and serving requests
Mon  6 Jul 08:15:51 +08 2026: Dashboard already running and serving requests
Mon  6 Jul 08:20:51 +08 2026: Dashboard already running and serving requests
Mon  6 Jul 08:25:51 +08 2026: Dashboard already running and serving requests
Mon  6 Jul 08:30:51 +08 2026: Dashboard already running and serving requests
Mon  6 Jul 08:35:51 +08 2026: Dashboard already running and serving requests
Mon  6 Jul 08:40:51 +08 2026: Dashboard already running and serving requests
Mon  6 Jul 08:45:51 +08 2026: Dashboard already running and serving requests
Mon  6 Jul 08:50:51 +08 2026: Dashboard already running and serving requests
Mon  6 Jul 08:55:52 +08 2026: Dashboard already running and serving requests
Mon  6 Jul 09:00:52 +08 2026: Dashboard already running and serving requests
Mon  6 Jul 09:05:52 +08 2026: Dashboard already running and serving requests
Mon  6 Jul 09:10:52 +08 2026: Dashboard already running and serving requests
Mon  6 Jul 09:15:52 +08 2026: Dashboard already running and serving requests
Mon  6 Jul 09:20:52 +08 2026: Dashboard already running and serving requests
Mon  6 Jul 09:25:52 +08 2026: Dashboard already running and serving requests
Mon  6 Jul 09:30:52 +08 2026: Dashboard already running and serving requests
Mon  6 Jul 09:35:52 +08 2026: Dashboard already running and serving requests
Mon  6 Jul 09:40:53 +08 2026: Dashboard already running and serving requests
Mon  6 Jul 09:45:53 +08 2026: Dashboard already running and serving requests
Mon  6 Jul 09:50:53 +08 2026: Dashboard already running and serving requests
Mon  6 Jul 09:55:53 +08 2026: Dashboard already running and serving requests
Mon  6 Jul 10:00:53 +08 2026: Dashboard already running and serving requests
Mon  6 Jul 10:05:53 +08 2026: Dashboard already running and serving requests
Mon  6 Jul 10:10:53 +08 2026: Dashboard already running and serving requests
Mon  6 Jul 10:15:53 +08 2026: Dashboard already running and serving requests
Mon  6 Jul 10:20:53 +08 2026: Dashboard already running and serving requests
Mon  6 Jul 10:25:54 +08 2026: Dashboard already running and serving requests
Mon  6 Jul 10:30:54 +08 2026: Dashboard already running and serving requests
Mon  6 Jul 10:35:54 +08 2026: Dashboard already running and serving requests
Mon  6 Jul 10:40:54 +08 2026: Dashboard already running and serving requests
Mon  6 Jul 10:45:54 +08 2026: Dashboard already running and serving requests
Mon  6 Jul 10:50:54 +08 2026: Dashboard already running and serving requests
Mon  6 Jul 10:55:54 +08 2026: Dashboard already running and serving requests
Mon  6 Jul 11:00:54 +08 2026: Dashboard already running and serving requests
Mon  6 Jul 11:05:54 +08 2026: Dashboard already running and serving requests
Mon  6 Jul 11:10:54 +08 2026: Dashboard already running and serving requests
Mon  6 Jul 11:15:54 +08 2026: Dashboard already running and serving requests
Mon  6 Jul 11:20:55 +08 2026: Dashboard already running and serving requests
Mon  6 Jul 11:25:55 +08 2026: Dashboard already running and serving requests
Mon  6 Jul 11:30:55 +08 2026: Dashboard already running and serving requests
Mon  6 Jul 11:35:55 +08 2026: Dashboard already running and serving requests
Mon  6 Jul 11:40:55 +08 2026: Dashboard already running and serving requests
Mon  6 Jul 11:45:55 +08 2026: Dashboard already running and serving requests
Mon  6 Jul 11:50:55 +08 2026: Dashboard already running and serving requests
Mon  6 Jul 11:55:55 +08 2026: Dashboard already running and serving requests
Mon  6 Jul 12:00:55 +08 2026: Dashboard already running and serving requests
Mon  6 Jul 12:05:56 +08 2026: Dashboard already running and serving requests
Mon  6 Jul 12:10:56 +08 2026: Dashboard already running and serving requests
Mon  6 Jul 12:15:56 +08 2026: Dashboard already running and serving requests
Mon  6 Jul 12:20:56 +08 2026: Dashboard already running and serving requests
Mon  6 Jul 12:25:56 +08 2026: Dashboard already running and serving requests
Mon  6 Jul 12:30:56 +08 2026: Dashboard already running and serving requests
Mon  6 Jul 12:35:56 +08 2026: Dashboard already running and serving requests
Mon  6 Jul 12:40:56 +08 2026: Dashboard already running and serving requests
Mon  6 Jul 12:45:56 +08 2026: Dashboard already running and serving requests
Mon  6 Jul 12:50:56 +08 2026: Dashboard already running and serving requests
Mon  6 Jul 12:55:57 +08 2026: Dashboard already running and serving requests
Mon  6 Jul 13:00:57 +08 2026: Dashboard already running and serving requests
Mon  6 Jul 13:05:57 +08 2026: Dashboard already running and serving requests
Mon  6 Jul 13:10:57 +08 2026: Dashboard already running and serving requests
Mon  6 Jul 13:15:57 +08 2026: Dashboard already running and serving requests
Mon  6 Jul 13:20:57 +08 2026: Dashboard already running and serving requests
Mon  6 Jul 13:25:57 +08 2026: Dashboard already running and serving requests
Mon  6 Jul 13:30:57 +08 2026: Dashboard already running and serving requests
Mon  6 Jul 13:35:57 +08 2026: Dashboard already running and serving requests
Mon  6 Jul 13:40:57 +08 2026: Dashboard already running and serving requests
Mon  6 Jul 13:45:58 +08 2026: Dashboard already running and serving requests
Mon  6 Jul 13:50:58 +08 2026: Dashboard already running and serving requests
Mon  6 Jul 13:55:58 +08 2026: Dashboard already running and serving requests
Mon  6 Jul 14:00:58 +08 2026: Dashboard already running and serving requests
Mon  6 Jul 14:05:58 +08 2026: Dashboard already running and serving requests
Mon  6 Jul 14:10:58 +08 2026: Dashboard already running and serving requests
Mon  6 Jul 14:15:58 +08 2026: Dashboard already running and serving requests
Mon  6 Jul 14:20:58 +08 2026: Dashboard already running and serving requests
Mon  6 Jul 14:25:58 +08 2026: Dashboard already running and serving requests
Mon  6 Jul 14:30:58 +08 2026: Dashboard already running and serving requests
Mon  6 Jul 14:35:59 +08 2026: Dashboard already running and serving requests
Mon  6 Jul 14:40:59 +08 2026: Dashboard already running and serving requests
Mon  6 Jul 14:45:59 +08 2026: Dashboard already running and serving requests
Mon  6 Jul 14:50:59 +08 2026: Dashboard already running and serving requests
Mon  6 Jul 14:55:59 +08 2026: Dashboard already running and serving requests
Mon  6 Jul 15:00:59 +08 2026: Dashboard already running and serving requests
Mon  6 Jul 15:05:59 +08 2026: Dashboard already running and serving requests
Mon  6 Jul 15:10:59 +08 2026: Dashboard already running and serving requests
Mon  6 Jul 15:15:59 +08 2026: Dashboard already running and serving requests
Mon  6 Jul 15:20:59 +08 2026: Dashboard already running and serving requests
Mon  6 Jul 15:26:00 +08 2026: Dashboard already running and serving requests
Mon  6 Jul 15:30:00 +08 2026: Dashboard already running and serving requests
Mon  6 Jul 15:35:00 +08 2026: Dashboard already running and serving requests
Mon  6 Jul 15:40:00 +08 2026: Dashboard already running and serving requests
Mon  6 Jul 15:45:00 +08 2026: Dashboard already running and serving requests
Mon  6 Jul 15:50:00 +08 2026: Dashboard already running and serving requests
Mon  6 Jul 15:55:00 +08 2026: Dashboard already running and serving requests
Mon  6 Jul 16:00:00 +08 2026: Dashboard already running and serving requests
Mon  6 Jul 16:05:00 +08 2026: Dashboard already running and serving requests
Mon  6 Jul 16:10:01 +08 2026: Dashboard already running and serving requests
Mon  6 Jul 16:15:01 +08 2026: Dashboard already running and serving requests
Mon  6 Jul 16:20:01 +08 2026: Dashboard already running and serving requests
Mon  6 Jul 16:25:01 +08 2026: Dashboard already running and serving requests
Mon  6 Jul 16:30:01 +08 2026: Dashboard already running and serving requests
Mon  6 Jul 16:35:01 +08 2026: Dashboard already running and serving requests
Mon  6 Jul 16:40:01 +08 2026: Dashboard already running and serving requests
Mon  6 Jul 16:45:01 +08 2026: Dashboard already running and serving requests
Mon  6 Jul 16:50:01 +08 2026: Dashboard already running and serving requests
Mon  6 Jul 16:55:06 +08 2026: Starting Buffett Monitor dashboard (no process found)
Mon  6 Jul 17:00:05 +08 2026: Dashboard already running and serving requests
Mon  6 Jul 17:05:05 +08 2026: Dashboard already running and serving requests
Mon  6 Jul 17:10:05 +08 2026: Dashboard already running and serving requests
Mon  6 Jul 17:15:05 +08 2026: Dashboard already running and serving requests
Mon  6 Jul 17:20:05 +08 2026: Dashboard already running and serving requests
Mon  6 Jul 17:25:05 +08 2026: Dashboard already running and serving requests
Mon  6 Jul 17:30:05 +08 2026: Dashboard already running and serving requests
Mon  6 Jul 17:35:05 +08 2026: Dashboard already running and serving requests
Mon  6 Jul 17:40:05 +08 2026: Dashboard already running and serving requests
Mon  6 Jul 17:45:06 +08 2026: Dashboard already running and serving requests
Mon  6 Jul 17:50:06 +08 2026: Dashboard already running and serving requests
Mon  6 Jul 17:55:06 +08 2026: Dashboard already running and serving requests
Mon  6 Jul 18:00:06 +08 2026: Dashboard already running and serving requests
Mon  6 Jul 18:05:06 +08 2026: Dashboard already running and serving requests
Mon  6 Jul 18:10:06 +08 2026: Dashboard already running and serving requests
Mon  6 Jul 18:15:06 +08 2026: Dashboard already running and serving requests
Mon  6 Jul 18:20:06 +08 2026: Dashboard already running and serving requests
Mon  6 Jul 18:25:06 +08 2026: Dashboard already running and serving requests
Mon  6 Jul 18:30:06 +08 2026: Dashboard already running and serving requests
Mon  6 Jul 18:35:07 +08 2026: Dashboard already running and serving requests
Mon  6 Jul 18:40:07 +08 2026: Dashboard already running and serving requests
Mon  6 Jul 18:45:07 +08 2026: Dashboard already running and serving requests
Mon  6 Jul 18:50:07 +08 2026: Dashboard already running and serving requests
Mon  6 Jul 18:55:07 +08 2026: Dashboard already running and serving requests
Mon  6 Jul 19:00:07 +08 2026: Dashboard already running and serving requests
Mon  6 Jul 19:05:07 +08 2026: Dashboard already running and serving requests
Mon  6 Jul 19:10:07 +08 2026: Dashboard already running and serving requests
Mon  6 Jul 19:15:07 +08 2026: Dashboard already running and serving requests
Mon  6 Jul 19:20:07 +08 2026: Dashboard already running and serving requests
Mon  6 Jul 19:25:08 +08 2026: Dashboard already running and serving requests
Mon  6 Jul 19:30:08 +08 2026: Dashboard already running and serving requests
Mon  6 Jul 19:35:08 +08 2026: Dashboard already running and serving requests
Mon  6 Jul 19:40:08 +08 2026: Dashboard already running and serving requests
Mon  6 Jul 19:45:08 +08 2026: Dashboard already running and serving requests
Mon  6 Jul 19:50:08 +08 2026: Dashboard already running and serving requests
Mon  6 Jul 19:55:08 +08 2026: Dashboard already running and serving requests
Mon  6 Jul 20:00:08 +08 2026: Dashboard already running and serving requests
Mon  6 Jul 20:05:08 +08 2026: Dashboard already running and serving requests
Mon  6 Jul 20:10:08 +08 2026: Dashboard already running and serving requests
Mon  6 Jul 20:15:09 +08 2026: Dashboard already running and serving requests
Mon  6 Jul 20:20:09 +08 2026: Dashboard already running and serving requests
Mon  6 Jul 20:25:09 +08 2026: Dashboard already running and serving requests
Mon  6 Jul 20:30:09 +08 2026: Dashboard already running and serving requests
Mon  6 Jul 20:35:09 +08 2026: Dashboard already running and serving requests
Mon  6 Jul 20:40:09 +08 2026: Dashboard already running and serving requests
Mon  6 Jul 20:45:09 +08 2026: Dashboard already running and serving requests
Mon  6 Jul 20:50:09 +08 2026: Dashboard already running and serving requests
Mon  6 Jul 20:55:09 +08 2026: Dashboard already running and serving requests
Mon  6 Jul 21:00:10 +08 2026: Dashboard already running and serving requests
Mon  6 Jul 21:05:10 +08 2026: Dashboard already running and serving requests
Mon  6 Jul 21:10:10 +08 2026: Dashboard already running and serving requests
Mon  6 Jul 21:15:10 +08 2026: Dashboard already running and serving requests
Mon  6 Jul 21:20:10 +08 2026: Dashboard already running and serving requests
Mon  6 Jul 21:25:10 +08 2026: Dashboard already running and serving requests
Mon  6 Jul 21:30:10 +08 2026: Dashboard already running and serving requests
Mon  6 Jul 21:35:10 +08 2026: Dashboard already running and serving requests
Mon  6 Jul 21:40:10 +08 2026: Dashboard already running and serving requests
Mon  6 Jul 21:45:10 +08 2026: Dashboard already running and serving requests
Mon  6 Jul 21:50:10 +08 2026: Dashboard already running and serving requests
Mon  6 Jul 21:55:11 +08 2026: Dashboard already running and serving requests
Mon  6 Jul 22:00:11 +08 2026: Dashboard already running and serving requests
Mon  6 Jul 22:05:11 +08 2026: Dashboard already running and serving requests
Mon  6 Jul 22:10:11 +08 2026: Dashboard already running and serving requests
Mon  6 Jul 22:15:11 +08 2026: Dashboard already running and serving requests
Mon  6 Jul 22:20:11 +08 2026: Dashboard already running and serving requests
Mon  6 Jul 22:25:11 +08 2026: Dashboard already running and serving requests
Mon  6 Jul 22:30:11 +08 2026: Dashboard already running and serving requests
Mon  6 Jul 22:35:11 +08 2026: Dashboard already running and serving requests
Mon  6 Jul 22:40:11 +08 2026: Dashboard already running and serving requests
Mon  6 Jul 22:45:12 +08 2026: Dashboard already running and serving requests
Mon  6 Jul 22:50:12 +08 2026: Dashboard already running and serving requests
Mon  6 Jul 22:55:12 +08 2026: Dashboard already running and serving requests
Mon  6 Jul 23:00:12 +08 2026: Dashboard already running and serving requests
Mon  6 Jul 23:05:12 +08 2026: Dashboard already running and serving requests
Mon  6 Jul 23:10:12 +08 2026: Dashboard already running and serving requests
Mon  6 Jul 23:15:12 +08 2026: Dashboard already running and serving requests
Mon  6 Jul 23:20:12 +08 2026: Dashboard already running and serving requests
Mon  6 Jul 23:25:12 +08 2026: Dashboard already running and serving requests
Mon  6 Jul 23:30:12 +08 2026: Dashboard already running and serving requests
Mon  6 Jul 23:35:13 +08 2026: Dashboard already running and serving requests
Mon  6 Jul 23:40:13 +08 2026: Dashboard already running and serving requests
Mon  6 Jul 23:45:13 +08 2026: Dashboard already running and serving requests
Mon  6 Jul 23:50:13 +08 2026: Dashboard already running and serving requests
Mon  6 Jul 23:55:13 +08 2026: Dashboard already running and serving requests
Tue  7 Jul 00:00:13 +08 2026: Dashboard already running and serving requests
Tue  7 Jul 00:05:13 +08 2026: Dashboard already running and serving requests
Tue  7 Jul 00:10:13 +08 2026: Dashboard already running and serving requests
Tue  7 Jul 00:15:13 +08 2026: Dashboard already running and serving requests
Tue  7 Jul 00:20:13 +08 2026: Dashboard already running and serving requests
Tue  7 Jul 00:25:14 +08 2026: Dashboard already running and serving requests
Tue  7 Jul 00:30:14 +08 2026: Dashboard already running and serving requests
Tue  7 Jul 00:35:14 +08 2026: Dashboard already running and serving requests
Tue  7 Jul 00:40:14 +08 2026: Dashboard already running and serving requests
Tue  7 Jul 00:45:14 +08 2026: Dashboard already running and serving requests
Tue  7 Jul 00:50:14 +08 2026: Dashboard already running and serving requests
Tue  7 Jul 00:55:14 +08 2026: Dashboard already running and serving requests
Tue  7 Jul 01:00:14 +08 2026: Dashboard already running and serving requests
Tue  7 Jul 01:05:14 +08 2026: Dashboard already running and serving requests
Tue  7 Jul 01:10:15 +08 2026: Dashboard already running and serving requests
Tue  7 Jul 01:15:15 +08 2026: Dashboard already running and serving requests
Tue  7 Jul 01:20:15 +08 2026: Dashboard already running and serving requests
Tue  7 Jul 01:25:15 +08 2026: Dashboard already running and serving requests
Tue  7 Jul 01:30:15 +08 2026: Dashboard already running and serving requests
Tue  7 Jul 01:35:15 +08 2026: Dashboard already running and serving requests
Tue  7 Jul 01:40:15 +08 2026: Dashboard already running and serving requests
Tue  7 Jul 01:45:15 +08 2026: Dashboard already running and serving requests
Tue  7 Jul 10:06:28 +08 2026: Starting Buffett Monitor dashboard (no process found)
Tue  7 Jul 10:10:27 +08 2026: Dashboard already running and serving requests
Tue  7 Jul 10:15:27 +08 2026: Dashboard already running and serving requests
Tue  7 Jul 10:20:27 +08 2026: Dashboard already running and serving requests
Tue  7 Jul 10:25:27 +08 2026: Dashboard already running and serving requests
Tue  7 Jul 10:30:27 +08 2026: Dashboard already running and serving requests
Tue  7 Jul 10:35:27 +08 2026: Dashboard already running and serving requests
Tue  7 Jul 10:40:28 +08 2026: Dashboard already running and serving requests
Tue  7 Jul 10:45:28 +08 2026: Dashboard already running and serving requests
Tue  7 Jul 10:50:28 +08 2026: Dashboard already running and serving requests
Tue  7 Jul 10:55:28 +08 2026: Dashboard already running and serving requests
Tue  7 Jul 11:00:28 +08 2026: Dashboard already running and serving requests
Tue  7 Jul 11:05:28 +08 2026: Dashboard already running and serving requests
Tue  7 Jul 11:10:28 +08 2026: Dashboard already running and serving requests
Tue  7 Jul 11:15:28 +08 2026: Dashboard already running and serving requests
Tue  7 Jul 11:20:29 +08 2026: Dashboard already running and serving requests
Tue  7 Jul 11:25:29 +08 2026: Dashboard already running and serving requests
Tue  7 Jul 11:30:29 +08 2026: Dashboard already running and serving requests
Tue  7 Jul 11:35:29 +08 2026: Dashboard already running and serving requests
Tue  7 Jul 11:40:29 +08 2026: Dashboard already running and serving requests
Tue  7 Jul 11:45:29 +08 2026: Dashboard already running and serving requests
Tue  7 Jul 11:50:29 +08 2026: Dashboard already running and serving requests
                                                                             Tue  7 Jul 12:00:36 +08 2026: Dashboard already running and serving requests
Tue  7 Jul 12:05:36 +08 2026: Dashboard already running and serving requests
Tue  7 Jul 12:10:36 +08 2026: Dashboard already running and serving requests
Tue  7 Jul 12:15:36 +08 2026: Dashboard already running and serving requests
Tue  7 Jul 12:20:36 +08 2026: Dashboard already running and serving requests
Tue  7 Jul 12:25:36 +08 2026: Dashboard already running and serving requests
Tue  7 Jul 12:30:36 +08 2026: Dashboard already running and serving requests
Tue  7 Jul 12:35:37 +08 2026: Dashboard already running and serving requests
Tue  7 Jul 12:40:37 +08 2026: Dashboard already running and serving requests
Tue  7 Jul 12:45:37 +08 2026: Dashboard already running and serving requests
Tue  7 Jul 12:50:37 +08 2026: Dashboard already running and serving requests
Tue  7 Jul 12:55:37 +08 2026: Dashboard already running and serving requests
Tue  7 Jul 13:00:37 +08 2026: Dashboard already running and serving requests
Tue  7 Jul 13:05:37 +08 2026: Dashboard already running and serving requests
Tue  7 Jul 13:10:37 +08 2026: Dashboard already running and serving requests
Tue  7 Jul 13:15:37 +08 2026: Dashboard already running and serving requests
Tue  7 Jul 13:20:37 +08 2026: Dashboard already running and serving requests
Tue  7 Jul 13:25:38 +08 2026: Dashboard already running and serving requests
Tue  7 Jul 13:30:38 +08 2026: Dashboard already running and serving requests
Tue  7 Jul 13:35:52 +08 2026: Dashboard already running and serving requests
Tue  7 Jul 13:40:51 +08 2026: Dashboard already running and serving requests
Tue  7 Jul 13:45:51 +08 2026: Dashboard already running and serving requests
Tue  7 Jul 13:50:51 +08 2026: Dashboard already running and serving requests
Tue  7 Jul 13:55:51 +08 2026: Dashboard already running and serving requests
Tue  7 Jul 14:00:51 +08 2026: Dashboard already running and serving requests
Tue  7 Jul 14:05:51 +08 2026: Dashboard already running and serving requests
Tue  7 Jul 14:10:51 +08 2026: Dashboard already running and serving requests
Tue  7 Jul 14:11:08 +08 2026: Dashboard already running and serving requests
Tue  7 Jul 14:15:55 +08 2026: Dashboard already running and serving requests
Tue  7 Jul 14:20:55 +08 2026: Dashboard already running and serving requests
Tue  7 Jul 14:25:55 +08 2026: Dashboard already running and serving requests
Tue  7 Jul 14:30:55 +08 2026: Dashboard already running and serving requests
Tue  7 Jul 14:35:02 +08 2026: Dashboard already running and serving requests
Tue  7 Jul 14:40:01 +08 2026: Dashboard already running and serving requests
Tue  7 Jul 14:45:01 +08 2026: Dashboard already running and serving requests
Tue  7 Jul 14:50:01 +08 2026: Dashboard already running and serving requests
Tue  7 Jul 14:55:01 +08 2026: Dashboard already running and serving requests
Tue  7 Jul 15:00:01 +08 2026: Dashboard already running and serving requests
Tue  7 Jul 15:05:02 +08 2026: Dashboard already running and serving requests
Tue  7 Jul 15:10:02 +08 2026: Dashboard already running and serving requests
Tue  7 Jul 15:15:02 +08 2026: Dashboard already running and serving requests
Tue  7 Jul 15:20:02 +08 2026: Dashboard already running and serving requests
Tue  7 Jul 15:25:02 +08 2026: Dashboard already running and serving requests
Tue  7 Jul 15:30:02 +08 2026: Dashboard already running and serving requests
Tue  7 Jul 15:35:02 +08 2026: Dashboard already running and serving requests
Tue  7 Jul 15:40:02 +08 2026: Dashboard already running and serving requests
Tue  7 Jul 15:45:02 +08 2026: Dashboard already running and serving requests
Tue  7 Jul 15:50:02 +08 2026: Dashboard already running and serving requests
Tue  7 Jul 15:55:03 +08 2026: Dashboard already running and serving requests
Tue  7 Jul 16:00:03 +08 2026: Dashboard already running and serving requests
Tue  7 Jul 16:05:03 +08 2026: Dashboard already running and serving requests
Tue  7 Jul 16:10:03 +08 2026: Dashboard already running and serving requests
Tue  7 Jul 16:15:03 +08 2026: Dashboard already running and serving requests
Tue  7 Jul 16:20:03 +08 2026: Dashboard already running and serving requests
Tue  7 Jul 16:25:03 +08 2026: Dashboard already running and serving requests
Tue  7 Jul 16:30:03 +08 2026: Dashboard already running and serving requests
Tue  7 Jul 16:35:03 +08 2026: Dashboard already running and serving requests
Tue  7 Jul 16:40:03 +08 2026: Dashboard already running and serving requests
Tue  7 Jul 16:45:03 +08 2026: Dashboard already running and serving requests
Tue  7 Jul 16:50:04 +08 2026: Dashboard already running and serving requests
Tue  7 Jul 16:55:04 +08 2026: Dashboard already running and serving requests
Tue  7 Jul 17:00:04 +08 2026: Dashboard already running and serving requests
Tue  7 Jul 17:05:04 +08 2026: Dashboard already running and serving requests
Tue  7 Jul 17:10:04 +08 2026: Dashboard already running and serving requests
Tue  7 Jul 17:15:04 +08 2026: Dashboard already running and serving requests
Tue  7 Jul 17:20:04 +08 2026: Dashboard already running and serving requests
Tue  7 Jul 17:25:04 +08 2026: Dashboard already running and serving requests
Tue  7 Jul 17:30:04 +08 2026: Dashboard already running and serving requests
Tue  7 Jul 17:35:04 +08 2026: Dashboard already running and serving requests
Tue  7 Jul 17:40:04 +08 2026: Dashboard already running and serving requests
Tue  7 Jul 17:45:05 +08 2026: Dashboard already running and serving requests
Tue  7 Jul 17:50:05 +08 2026: Dashboard already running and serving requests
Tue  7 Jul 17:55:05 +08 2026: Dashboard already running and serving requests
Tue  7 Jul 18:00:05 +08 2026: Dashboard already running and serving requests
Tue  7 Jul 18:05:05 +08 2026: Dashboard already running and serving requests
Tue  7 Jul 18:10:05 +08 2026: Dashboard already running and serving requests
Tue  7 Jul 18:15:05 +08 2026: Dashboard already running and serving requests
Tue  7 Jul 18:20:05 +08 2026: Dashboard already running and serving requests
Tue  7 Jul 18:25:05 +08 2026: Dashboard already running and serving requests
Tue  7 Jul 18:30:05 +08 2026: Dashboard already running and serving requests
Tue  7 Jul 18:35:06 +08 2026: Dashboard already running and serving requests
Tue  7 Jul 18:40:06 +08 2026: Dashboard already running and serving requests
Tue  7 Jul 18:45:06 +08 2026: Dashboard already running and serving requests
Tue  7 Jul 18:50:06 +08 2026: Dashboard already running and serving requests
Tue  7 Jul 18:55:06 +08 2026: Dashboard already running and serving requests
Tue  7 Jul 19:00:06 +08 2026: Dashboard already running and serving requests
Tue  7 Jul 19:05:06 +08 2026: Dashboard already running and serving requests
Tue  7 Jul 19:10:06 +08 2026: Dashboard already running and serving requests
Tue  7 Jul 19:15:06 +08 2026: Dashboard already running and serving requests
Tue  7 Jul 19:20:06 +08 2026: Dashboard already running and serving requests
Tue  7 Jul 19:25:07 +08 2026: Dashboard already running and serving requests
Tue  7 Jul 19:30:07 +08 2026: Dashboard already running and serving requests
Tue  7 Jul 19:35:07 +08 2026: Dashboard already running and serving requests
Tue  7 Jul 19:40:07 +08 2026: Dashboard already running and serving requests
Tue  7 Jul 19:45:07 +08 2026: Dashboard already running and serving requests
Tue  7 Jul 19:50:07 +08 2026: Dashboard already running and serving requests
Tue  7 Jul 19:55:07 +08 2026: Dashboard already running and serving requests
Tue  7 Jul 20:00:07 +08 2026: Dashboard already running and serving requests
Tue  7 Jul 20:05:07 +08 2026: Dashboard already running and serving requests
Tue  7 Jul 20:10:07 +08 2026: Dashboard already running and serving requests
Tue  7 Jul 20:15:08 +08 2026: Dashboard already running and serving requests
Tue  7 Jul 20:20:08 +08 2026: Dashboard already running and serving requests
Tue  7 Jul 20:25:08 +08 2026: Dashboard already running and serving requests
Tue  7 Jul 20:30:08 +08 2026: Dashboard already running and serving requests
Tue  7 Jul 20:35:08 +08 2026: Dashboard already running and serving requests
Tue  7 Jul 20:40:08 +08 2026: Dashboard already running and serving requests
Tue  7 Jul 20:45:08 +08 2026: Dashboard already running and serving requests
Tue  7 Jul 20:50:08 +08 2026: Dashboard already running and serving requests
Tue  7 Jul 20:55:09 +08 2026: Dashboard already running and serving requests
Tue  7 Jul 21:00:09 +08 2026: Dashboard already running and serving requests
Tue  7 Jul 21:05:09 +08 2026: Dashboard already running and serving requests
Tue  7 Jul 21:10:09 +08 2026: Dashboard already running and serving requests
Tue  7 Jul 21:15:09 +08 2026: Dashboard already running and serving requests
Tue  7 Jul 21:20:09 +08 2026: Dashboard already running and serving requests
Tue  7 Jul 21:25:09 +08 2026: Dashboard already running and serving requests
Tue  7 Jul 21:30:09 +08 2026: Dashboard already running and serving requests
Tue  7 Jul 21:35:09 +08 2026: Dashboard already running and serving requests
Tue  7 Jul 21:40:09 +08 2026: Dashboard already running and serving requests
Tue  7 Jul 21:45:10 +08 2026: Dashboard already running and serving requests
Tue  7 Jul 21:50:10 +08 2026: Dashboard already running and serving requests
Tue  7 Jul 21:55:10 +08 2026: Dashboard already running and serving requests
Tue  7 Jul 22:00:10 +08 2026: Dashboard already running and serving requests
Tue  7 Jul 22:05:10 +08 2026: Dashboard already running and serving requests
Tue  7 Jul 22:10:10 +08 2026: Dashboard already running and serving requests
Tue  7 Jul 22:15:10 +08 2026: Dashboard already running and serving requests
Tue  7 Jul 22:20:10 +08 2026: Dashboard already running and serving requests
Tue  7 Jul 22:25:10 +08 2026: Dashboard already running and serving requests
Tue  7 Jul 22:30:10 +08 2026: Dashboard already running and serving requests
Tue  7 Jul 22:35:11 +08 2026: Dashboard already running and serving requests
Tue  7 Jul 22:40:11 +08 2026: Dashboard already running and serving requests
Tue  7 Jul 22:45:11 +08 2026: Dashboard already running and serving requests
Tue  7 Jul 22:50:11 +08 2026: Dashboard already running and serving requests
Tue  7 Jul 22:55:11 +08 2026: Dashboard already running and serving requests
Tue  7 Jul 23:00:11 +08 2026: Dashboard already running and serving requests
Tue  7 Jul 23:05:11 +08 2026: Dashboard already running and serving requests
Tue  7 Jul 23:10:11 +08 2026: Dashboard already running and serving requests
Tue  7 Jul 23:15:11 +08 2026: Dashboard already running and serving requests
Tue  7 Jul 23:20:12 +08 2026: Dashboard already running and serving requests
Tue  7 Jul 23:25:12 +08 2026: Dashboard already running and serving requests
Tue  7 Jul 23:30:12 +08 2026: Dashboard already running and serving requests
Tue  7 Jul 23:35:12 +08 2026: Dashboard already running and serving requests
Tue  7 Jul 23:40:12 +08 2026: Dashboard already running and serving requests
Tue  7 Jul 23:45:12 +08 2026: Dashboard already running and serving requests
Tue  7 Jul 23:50:12 +08 2026: Dashboard already running and serving requests
Tue  7 Jul 23:55:12 +08 2026: Dashboard already running and serving requests
Wed  8 Jul 00:00:12 +08 2026: Dashboard already running and serving requests
Wed  8 Jul 00:05:12 +08 2026: Dashboard already running and serving requests
Wed  8 Jul 00:10:12 +08 2026: Dashboard already running and serving requests
Wed  8 Jul 00:15:13 +08 2026: Dashboard already running and serving requests
Wed  8 Jul 00:20:13 +08 2026: Dashboard already running and serving requests
Wed  8 Jul 00:25:13 +08 2026: Dashboard already running and serving requests
Wed  8 Jul 00:30:13 +08 2026: Dashboard already running and serving requests
Wed  8 Jul 00:35:13 +08 2026: Dashboard already running and serving requests
Wed  8 Jul 00:40:13 +08 2026: Dashboard already running and serving requests
Wed  8 Jul 00:45:13 +08 2026: Dashboard already running and serving requests
Wed  8 Jul 00:50:13 +08 2026: Dashboard already running and serving requests
Wed  8 Jul 00:55:13 +08 2026: Dashboard already running and serving requests
Wed  8 Jul 01:00:14 +08 2026: Dashboard already running and serving requests
Wed  8 Jul 01:05:14 +08 2026: Dashboard already running and serving requests
Wed  8 Jul 01:10:14 +08 2026: Dashboard already running and serving requests
Wed  8 Jul 01:15:14 +08 2026: Dashboard already running and serving requests
Wed  8 Jul 01:20:14 +08 2026: Dashboard already running and serving requests
Wed  8 Jul 01:25:14 +08 2026: Dashboard already running and serving requests
Wed  8 Jul 01:30:14 +08 2026: Dashboard already running and serving requests
Wed  8 Jul 01:35:14 +08 2026: Dashboard already running and serving requests
Wed  8 Jul 01:40:14 +08 2026: Dashboard already running and serving requests
Wed  8 Jul 01:45:14 +08 2026: Dashboard already running and serving requests
Wed  8 Jul 01:50:15 +08 2026: Dashboard already running and serving requests
Wed  8 Jul 01:55:15 +08 2026: Dashboard already running and serving requests
Wed  8 Jul 02:00:15 +08 2026: Dashboard already running and serving requests
Wed  8 Jul 02:05:15 +08 2026: Dashboard already running and serving requests
Wed  8 Jul 02:10:15 +08 2026: Dashboard already running and serving requests
Wed  8 Jul 02:15:15 +08 2026: Dashboard already running and serving requests
Wed  8 Jul 02:20:15 +08 2026: Dashboard already running and serving requests
Wed  8 Jul 02:25:15 +08 2026: Dashboard already running and serving requests
Wed  8 Jul 02:30:16 +08 2026: Dashboard already running and serving requests
Wed  8 Jul 02:35:16 +08 2026: Dashboard already running and serving requests
Wed  8 Jul 02:40:16 +08 2026: Dashboard already running and serving requests
Wed  8 Jul 02:45:16 +08 2026: Dashboard already running and serving requests
Wed  8 Jul 02:50:16 +08 2026: Dashboard already running and serving requests
Wed  8 Jul 02:55:16 +08 2026: Dashboard already running and serving requests
Wed  8 Jul 03:00:16 +08 2026: Dashboard already running and serving requests
Wed  8 Jul 03:05:16 +08 2026: Dashboard already running and serving requests
Wed  8 Jul 03:10:16 +08 2026: Dashboard already running and serving requests
Wed  8 Jul 03:15:16 +08 2026: Dashboard already running and serving requests
Wed  8 Jul 03:20:16 +08 2026: Dashboard already running and serving requests
Wed  8 Jul 03:25:17 +08 2026: Dashboard already running and serving requests
Wed  8 Jul 03:30:17 +08 2026: Dashboard already running and serving requests
Wed  8 Jul 03:35:17 +08 2026: Dashboard already running and serving requests
Wed  8 Jul 03:40:17 +08 2026: Dashboard already running and serving requests
Wed  8 Jul 03:45:17 +08 2026: Dashboard already running and serving requests
Wed  8 Jul 03:50:17 +08 2026: Dashboard already running and serving requests
Wed  8 Jul 03:55:17 +08 2026: Dashboard already running and serving requests
Wed  8 Jul 04:00:17 +08 2026: Dashboard already running and serving requests
Wed  8 Jul 04:05:17 +08 2026: Dashboard already running and serving requests
Wed  8 Jul 04:10:17 +08 2026: Dashboard already running and serving requests
Wed  8 Jul 04:15:18 +08 2026: Dashboard already running and serving requests
Wed  8 Jul 04:20:18 +08 2026: Dashboard already running and serving requests
Wed  8 Jul 04:25:18 +08 2026: Dashboard already running and serving requests
Wed  8 Jul 04:30:18 +08 2026: Dashboard already running and serving requests
Wed  8 Jul 04:35:18 +08 2026: Dashboard already running and serving requests
Wed  8 Jul 04:40:18 +08 2026: Dashboard already running and serving requests
Wed  8 Jul 04:45:18 +08 2026: Dashboard already running and serving requests
Wed  8 Jul 04:50:18 +08 2026: Dashboard already running and serving requests
Wed  8 Jul 04:55:18 +08 2026: Dashboard already running and serving requests
Wed  8 Jul 05:00:18 +08 2026: Dashboard already running and serving requests
Wed  8 Jul 05:05:19 +08 2026: Dashboard already running and serving requests
Wed  8 Jul 05:10:19 +08 2026: Dashboard already running and serving requests
Wed  8 Jul 05:15:19 +08 2026: Dashboard already running and serving requests
Wed  8 Jul 05:20:19 +08 2026: Dashboard already running and serving requests
Wed  8 Jul 05:25:19 +08 2026: Dashboard already running and serving requests
Wed  8 Jul 05:30:19 +08 2026: Dashboard already running and serving requests
Wed  8 Jul 05:35:19 +08 2026: Dashboard already running and serving requests
Wed  8 Jul 05:40:19 +08 2026: Dashboard already running and serving requests
Wed  8 Jul 05:45:19 +08 2026: Dashboard already running and serving requests
Wed  8 Jul 05:50:20 +08 2026: Dashboard already running and serving requests
Wed  8 Jul 05:55:20 +08 2026: Dashboard already running and serving requests
Wed  8 Jul 06:00:20 +08 2026: Dashboard already running and serving requests
Wed  8 Jul 06:05:20 +08 2026: Dashboard already running and serving requests
Wed  8 Jul 06:10:20 +08 2026: Dashboard already running and serving requests
Wed  8 Jul 06:15:20 +08 2026: Dashboard already running and serving requests
Wed  8 Jul 06:20:20 +08 2026: Dashboard already running and serving requests
Wed  8 Jul 06:25:20 +08 2026: Dashboard already running and serving requests
Wed  8 Jul 06:30:20 +08 2026: Dashboard already running and serving requests
Wed  8 Jul 06:35:20 +08 2026: Dashboard already running and serving requests
Wed  8 Jul 06:40:21 +08 2026: Dashboard already running and serving requests
Wed  8 Jul 06:45:21 +08 2026: Dashboard already running and serving requests
Wed  8 Jul 06:50:21 +08 2026: Dashboard already running and serving requests
Wed  8 Jul 06:55:21 +08 2026: Dashboard already running and serving requests
Wed  8 Jul 07:00:21 +08 2026: Dashboard already running and serving requests
Wed  8 Jul 07:05:21 +08 2026: Dashboard already running and serving requests
Wed  8 Jul 07:10:21 +08 2026: Dashboard already running and serving requests
Wed  8 Jul 07:15:21 +08 2026: Dashboard already running and serving requests
Wed  8 Jul 07:20:21 +08 2026: Dashboard already running and serving requests
Wed  8 Jul 07:25:22 +08 2026: Dashboard already running and serving requests
Wed  8 Jul 07:30:22 +08 2026: Dashboard already running and serving requests
Wed  8 Jul 07:35:22 +08 2026: Dashboard already running and serving requests
Wed  8 Jul 07:40:22 +08 2026: Dashboard already running and serving requests
Wed  8 Jul 07:45:22 +08 2026: Dashboard already running and serving requests
Wed  8 Jul 07:50:22 +08 2026: Dashboard already running and serving requests
Wed  8 Jul 07:55:22 +08 2026: Dashboard already running and serving requests
Wed  8 Jul 08:00:22 +08 2026: Dashboard already running and serving requests
Wed  8 Jul 08:05:22 +08 2026: Dashboard already running and serving requests
Wed  8 Jul 08:10:22 +08 2026: Dashboard already running and serving requests
Wed  8 Jul 08:15:23 +08 2026: Dashboard already running and serving requests
Wed  8 Jul 08:20:23 +08 2026: Dashboard already running and serving requests
Wed  8 Jul 08:25:23 +08 2026: Dashboard already running and serving requests
Wed  8 Jul 08:30:23 +08 2026: Dashboard already running and serving requests
Wed  8 Jul 08:35:23 +08 2026: Dashboard already running and serving requests
Wed  8 Jul 08:40:23 +08 2026: Dashboard already running and serving requests
Wed  8 Jul 08:45:23 +08 2026: Dashboard already running and serving requests
Wed  8 Jul 08:50:23 +08 2026: Dashboard already running and serving requests
Wed  8 Jul 08:55:23 +08 2026: Dashboard already running and serving requests
Wed  8 Jul 09:00:23 +08 2026: Dashboard already running and serving requests
Wed  8 Jul 09:05:24 +08 2026: Dashboard already running and serving requests
Wed  8 Jul 09:10:24 +08 2026: Dashboard already running and serving requests
Wed  8 Jul 09:15:24 +08 2026: Dashboard already running and serving requests
Wed  8 Jul 09:20:24 +08 2026: Dashboard already running and serving requests
Wed  8 Jul 09:25:24 +08 2026: Dashboard already running and serving requests
Wed  8 Jul 09:30:24 +08 2026: Dashboard already running and serving requests
Wed  8 Jul 09:35:24 +08 2026: Dashboard already running and serving requests
Wed  8 Jul 09:40:24 +08 2026: Dashboard already running and serving requests
Wed  8 Jul 09:45:24 +08 2026: Dashboard already running and serving requests
Wed  8 Jul 09:50:24 +08 2026: Dashboard already running and serving requests
Wed  8 Jul 09:55:25 +08 2026: Dashboard already running and serving requests
Wed  8 Jul 10:00:25 +08 2026: Dashboard already running and serving requests
Wed  8 Jul 10:05:25 +08 2026: Dashboard already running and serving requests
Wed  8 Jul 10:10:25 +08 2026: Dashboard already running and serving requests
Wed  8 Jul 10:15:25 +08 2026: Dashboard already running and serving requests
Wed  8 Jul 10:20:25 +08 2026: Dashboard already running and serving requests
Wed  8 Jul 10:25:25 +08 2026: Dashboard already running and serving requests
Wed  8 Jul 10:30:25 +08 2026: Dashboard already running and serving requests
Wed  8 Jul 10:35:25 +08 2026: Dashboard already running and serving requests
Wed  8 Jul 10:40:25 +08 2026: Dashboard already running and serving requests
Wed  8 Jul 10:45:26 +08 2026: Dashboard already running and serving requests
Wed  8 Jul 10:50:26 +08 2026: Dashboard already running and serving requests
Wed  8 Jul 10:55:26 +08 2026: Dashboard already running and serving requests
Wed  8 Jul 11:00:26 +08 2026: Dashboard already running and serving requests
Wed  8 Jul 11:05:26 +08 2026: Dashboard already running and serving requests
Wed  8 Jul 11:10:26 +08 2026: Dashboard already running and serving requests
Wed  8 Jul 11:15:26 +08 2026: Dashboard already running and serving requests
Wed  8 Jul 11:20:26 +08 2026: Dashboard already running and serving requests
Wed  8 Jul 11:25:26 +08 2026: Dashboard already running and serving requests
Wed  8 Jul 11:30:26 +08 2026: Dashboard already running and serving requests
Wed  8 Jul 11:35:27 +08 2026: Dashboard already running and serving requests
Wed  8 Jul 11:40:27 +08 2026: Dashboard already running and serving requests
Wed  8 Jul 11:45:27 +08 2026: Dashboard already running and serving requests
Wed  8 Jul 11:50:27 +08 2026: Dashboard already running and serving requests
Wed  8 Jul 11:55:27 +08 2026: Dashboard already running and serving requests
Wed  8 Jul 12:00:27 +08 2026: Dashboard already running and serving requests
Wed  8 Jul 12:05:27 +08 2026: Dashboard already running and serving requests
Wed  8 Jul 12:10:27 +08 2026: Dashboard already running and serving requests
Wed  8 Jul 12:15:28 +08 2026: Dashboard already running and serving requests
Wed  8 Jul 12:20:27 +08 2026: Dashboard already running and serving requests
Wed  8 Jul 12:25:28 +08 2026: Dashboard already running and serving requests
Wed  8 Jul 12:30:28 +08 2026: Dashboard already running and serving requests
Wed  8 Jul 12:35:28 +08 2026: Dashboard already running and serving requests
Wed  8 Jul 12:40:28 +08 2026: Dashboard already running and serving requests
Wed  8 Jul 12:45:28 +08 2026: Dashboard already running and serving requests
Wed  8 Jul 12:50:28 +08 2026: Dashboard already running and serving requests
Wed  8 Jul 12:55:28 +08 2026: Dashboard already running and serving requests
Wed  8 Jul 13:00:28 +08 2026: Dashboard already running and serving requests
Wed  8 Jul 13:05:28 +08 2026: Dashboard already running and serving requests
Wed  8 Jul 13:10:28 +08 2026: Dashboard already running and serving requests
Wed  8 Jul 13:15:28 +08 2026: Dashboard already running and serving requests
Wed  8 Jul 13:20:29 +08 2026: Dashboard already running and serving requests
Wed  8 Jul 13:25:29 +08 2026: Dashboard already running and serving requests
Wed  8 Jul 13:30:29 +08 2026: Dashboard already running and serving requests
Wed  8 Jul 13:35:29 +08 2026: Dashboard already running and serving requests
Wed  8 Jul 13:40:29 +08 2026: Dashboard already running and serving requests
Wed  8 Jul 13:45:29 +08 2026: Dashboard already running and serving requests
Wed  8 Jul 13:50:29 +08 2026: Dashboard already running and serving requests
Wed  8 Jul 13:55:29 +08 2026: Dashboard already running and serving requests
Wed  8 Jul 14:00:29 +08 2026: Dashboard already running and serving requests
Wed  8 Jul 14:05:29 +08 2026: Dashboard already running and serving requests
Wed  8 Jul 14:10:30 +08 2026: Dashboard already running and serving requests
Wed  8 Jul 14:15:30 +08 2026: Dashboard already running and serving requests
Wed  8 Jul 14:20:30 +08 2026: Dashboard already running and serving requests
Wed  8 Jul 14:25:30 +08 2026: Dashboard already running and serving requests
Wed  8 Jul 14:30:30 +08 2026: Dashboard already running and serving requests
Wed  8 Jul 14:35:30 +08 2026: Dashboard already running and serving requests
Wed  8 Jul 14:40:30 +08 2026: Dashboard already running and serving requests
Wed  8 Jul 14:45:30 +08 2026: Dashboard already running and serving requests
Wed  8 Jul 14:50:30 +08 2026: Dashboard already running and serving requests
Wed  8 Jul 14:55:30 +08 2026: Dashboard already running and serving requests
Wed  8 Jul 15:00:31 +08 2026: Dashboard already running and serving requests
Wed  8 Jul 15:05:31 +08 2026: Dashboard already running and serving requests
Wed  8 Jul 15:10:31 +08 2026: Dashboard already running and serving requests
Wed  8 Jul 15:15:31 +08 2026: Dashboard already running and serving requests
Wed  8 Jul 15:20:31 +08 2026: Dashboard already running and serving requests
Wed  8 Jul 15:25:31 +08 2026: Dashboard already running and serving requests
Wed  8 Jul 15:30:31 +08 2026: Dashboard already running and serving requests
Wed  8 Jul 15:35:31 +08 2026: Dashboard already running and serving requests
Wed  8 Jul 15:40:31 +08 2026: Dashboard already running and serving requests
Wed  8 Jul 15:45:32 +08 2026: Dashboard already running and serving requests
Wed  8 Jul 15:50:32 +08 2026: Dashboard already running and serving requests
Wed  8 Jul 15:55:32 +08 2026: Dashboard already running and serving requests
Wed  8 Jul 16:00:32 +08 2026: Dashboard already running and serving requests
Wed  8 Jul 16:05:32 +08 2026: Dashboard already running and serving requests
Wed  8 Jul 16:10:32 +08 2026: Dashboard already running and serving requests
Wed  8 Jul 16:15:32 +08 2026: Dashboard already running and serving requests
Wed  8 Jul 16:20:32 +08 2026: Dashboard already running and serving requests
Wed  8 Jul 16:25:32 +08 2026: Dashboard already running and serving requests
Wed  8 Jul 16:30:32 +08 2026: Dashboard already running and serving requests
Wed  8 Jul 16:35:32 +08 2026: Dashboard already running and serving requests
Wed  8 Jul 16:40:32 +08 2026: Dashboard already running and serving requests
Wed  8 Jul 16:45:33 +08 2026: Dashboard already running and serving requests
Wed  8 Jul 16:50:33 +08 2026: Dashboard already running and serving requests
Wed  8 Jul 16:55:33 +08 2026: Dashboard already running and serving requests
Wed  8 Jul 17:00:33 +08 2026: Dashboard already running and serving requests
Wed  8 Jul 17:05:33 +08 2026: Dashboard already running and serving requests
Wed  8 Jul 17:10:33 +08 2026: Dashboard already running and serving requests
Wed  8 Jul 17:15:33 +08 2026: Dashboard already running and serving requests
Wed  8 Jul 17:20:33 +08 2026: Dashboard already running and serving requests
Wed  8 Jul 17:25:33 +08 2026: Dashboard already running and serving requests
Wed  8 Jul 17:30:34 +08 2026: Dashboard already running and serving requests
Wed  8 Jul 17:35:34 +08 2026: Dashboard already running and serving requests
Wed  8 Jul 17:40:34 +08 2026: Dashboard already running and serving requests
Wed  8 Jul 17:45:34 +08 2026: Dashboard already running and serving requests
Wed  8 Jul 17:50:34 +08 2026: Dashboard already running and serving requests
Wed  8 Jul 17:55:34 +08 2026: Dashboard already running and serving requests
Wed  8 Jul 18:00:34 +08 2026: Dashboard already running and serving requests
Wed  8 Jul 18:05:34 +08 2026: Dashboard already running and serving requests
Wed  8 Jul 18:10:34 +08 2026: Dashboard already running and serving requests
Wed  8 Jul 18:15:34 +08 2026: Dashboard already running and serving requests
Wed  8 Jul 18:20:35 +08 2026: Dashboard already running and serving requests
Wed  8 Jul 18:25:35 +08 2026: Dashboard already running and serving requests
Wed  8 Jul 18:30:35 +08 2026: Dashboard already running and serving requests
Wed  8 Jul 18:35:35 +08 2026: Dashboard already running and serving requests
Wed  8 Jul 18:40:35 +08 2026: Dashboard already running and serving requests
Wed  8 Jul 18:45:35 +08 2026: Dashboard already running and serving requests
Wed  8 Jul 18:50:35 +08 2026: Dashboard already running and serving requests
Wed  8 Jul 18:55:35 +08 2026: Dashboard already running and serving requests
Wed  8 Jul 19:00:35 +08 2026: Dashboard already running and serving requests
Wed  8 Jul 19:05:35 +08 2026: Dashboard already running and serving requests
Wed  8 Jul 19:10:35 +08 2026: Dashboard already running and serving requests
Wed  8 Jul 19:15:36 +08 2026: Dashboard already running and serving requests
Wed  8 Jul 19:20:36 +08 2026: Dashboard already running and serving requests
Wed  8 Jul 19:25:36 +08 2026: Dashboard already running and serving requests
Wed  8 Jul 19:30:36 +08 2026: Dashboard already running and serving requests
Wed  8 Jul 19:35:36 +08 2026: Dashboard already running and serving requests
Wed  8 Jul 19:40:36 +08 2026: Dashboard already running and serving requests
Wed  8 Jul 19:45:36 +08 2026: Dashboard already running and serving requests
Wed  8 Jul 19:50:36 +08 2026: Dashboard already running and serving requests
Wed  8 Jul 19:55:36 +08 2026: Dashboard already running and serving requests
Wed  8 Jul 20:00:36 +08 2026: Dashboard already running and serving requests
Wed  8 Jul 20:05:37 +08 2026: Dashboard already running and serving requests
Wed  8 Jul 20:10:37 +08 2026: Dashboard already running and serving requests
Wed  8 Jul 20:15:37 +08 2026: Dashboard already running and serving requests
Wed  8 Jul 20:20:37 +08 2026: Dashboard already running and serving requests
Wed  8 Jul 20:25:37 +08 2026: Dashboard already running and serving requests
Wed  8 Jul 20:30:37 +08 2026: Dashboard already running and serving requests
Wed  8 Jul 20:35:37 +08 2026: Dashboard already running and serving requests
Wed  8 Jul 20:40:37 +08 2026: Dashboard already running and serving requests
Wed  8 Jul 20:45:37 +08 2026: Dashboard already running and serving requests
Wed  8 Jul 20:50:37 +08 2026: Dashboard already running and serving requests
Wed  8 Jul 20:55:38 +08 2026: Dashboard already running and serving requests
Wed  8 Jul 21:00:38 +08 2026: Dashboard already running and serving requests
Wed  8 Jul 21:05:38 +08 2026: Dashboard already running and serving requests
Wed  8 Jul 21:10:38 +08 2026: Dashboard already running and serving requests
Wed  8 Jul 21:15:38 +08 2026: Dashboard already running and serving requests
Wed  8 Jul 21:20:38 +08 2026: Dashboard already running and serving requests
Wed  8 Jul 21:25:38 +08 2026: Dashboard already running and serving requests
Wed  8 Jul 21:30:38 +08 2026: Dashboard already running and serving requests
Wed  8 Jul 21:35:38 +08 2026: Dashboard already running and serving requests
Wed  8 Jul 21:40:38 +08 2026: Dashboard already running and serving requests
Wed  8 Jul 21:45:39 +08 2026: Dashboard already running and serving requests
Wed  8 Jul 21:50:39 +08 2026: Dashboard already running and serving requests
Wed  8 Jul 21:55:39 +08 2026: Dashboard already running and serving requests
Wed  8 Jul 22:00:39 +08 2026: Dashboard already running and serving requests
Wed  8 Jul 22:05:39 +08 2026: Dashboard already running and serving requests
Wed  8 Jul 22:10:39 +08 2026: Dashboard already running and serving requests
Wed  8 Jul 22:15:39 +08 2026: Dashboard already running and serving requests
Wed  8 Jul 22:20:39 +08 2026: Dashboard already running and serving requests
Wed  8 Jul 22:25:39 +08 2026: Dashboard already running and serving requests
Wed  8 Jul 22:30:39 +08 2026: Dashboard already running and serving requests
Wed  8 Jul 22:35:40 +08 2026: Dashboard already running and serving requests
Wed  8 Jul 22:40:40 +08 2026: Dashboard already running and serving requests
Wed  8 Jul 22:45:40 +08 2026: Dashboard already running and serving requests
Wed  8 Jul 22:50:40 +08 2026: Dashboard already running and serving requests
Wed  8 Jul 22:55:40 +08 2026: Dashboard already running and serving requests
Wed  8 Jul 23:00:40 +08 2026: Dashboard already running and serving requests
Wed  8 Jul 23:05:40 +08 2026: Dashboard already running and serving requests
Wed  8 Jul 23:10:40 +08 2026: Dashboard already running and serving requests
Wed  8 Jul 23:15:40 +08 2026: Dashboard already running and serving requests
Wed  8 Jul 23:20:40 +08 2026: Dashboard already running and serving requests
Wed  8 Jul 23:25:41 +08 2026: Dashboard already running and serving requests
Wed  8 Jul 23:30:41 +08 2026: Dashboard already running and serving requests
Wed  8 Jul 23:35:41 +08 2026: Dashboard already running and serving requests
Wed  8 Jul 23:40:41 +08 2026: Dashboard already running and serving requests
Wed  8 Jul 23:45:41 +08 2026: Dashboard already running and serving requests
Wed  8 Jul 23:50:41 +08 2026: Dashboard already running and serving requests
Wed  8 Jul 23:55:41 +08 2026: Dashboard already running and serving requests
Thu  9 Jul 00:00:41 +08 2026: Dashboard already running and serving requests
Thu  9 Jul 00:05:41 +08 2026: Dashboard already running and serving requests
Thu  9 Jul 00:10:41 +08 2026: Dashboard already running and serving requests
Thu  9 Jul 00:15:41 +08 2026: Dashboard already running and serving requests
Thu  9 Jul 00:20:42 +08 2026: Dashboard already running and serving requests
Thu  9 Jul 00:25:42 +08 2026: Dashboard already running and serving requests
Thu  9 Jul 00:30:42 +08 2026: Dashboard already running and serving requests
Thu  9 Jul 00:35:42 +08 2026: Dashboard already running and serving requests
Thu  9 Jul 00:40:42 +08 2026: Dashboard already running and serving requests
Thu  9 Jul 00:45:42 +08 2026: Dashboard already running and serving requests
Thu  9 Jul 00:50:42 +08 2026: Dashboard already running and serving requests
Thu  9 Jul 00:55:42 +08 2026: Dashboard already running and serving requests
Thu  9 Jul 01:00:42 +08 2026: Dashboard already running and serving requests
Thu  9 Jul 01:05:42 +08 2026: Dashboard already running and serving requests
Thu  9 Jul 01:10:43 +08 2026: Dashboard already running and serving requests
Thu  9 Jul 01:15:43 +08 2026: Dashboard already running and serving requests
Thu  9 Jul 01:20:43 +08 2026: Dashboard already running and serving requests
Thu  9 Jul 01:25:43 +08 2026: Dashboard already running and serving requests
Thu  9 Jul 01:30:43 +08 2026: Dashboard already running and serving requests
Thu  9 Jul 01:35:43 +08 2026: Dashboard already running and serving requests
Thu  9 Jul 01:40:43 +08 2026: Dashboard already running and serving requests
Thu  9 Jul 01:45:43 +08 2026: Dashboard already running and serving requests
Thu  9 Jul 01:50:43 +08 2026: Dashboard already running and serving requests
Thu  9 Jul 01:55:43 +08 2026: Dashboard already running and serving requests
Thu  9 Jul 02:00:44 +08 2026: Dashboard already running and serving requests
Thu  9 Jul 02:05:44 +08 2026: Dashboard already running and serving requests
Thu  9 Jul 02:10:44 +08 2026: Dashboard already running and serving requests
Thu  9 Jul 02:15:44 +08 2026: Dashboard already running and serving requests
Thu  9 Jul 02:20:44 +08 2026: Dashboard already running and serving requests
Thu  9 Jul 02:25:44 +08 2026: Dashboard already running and serving requests
Thu  9 Jul 02:30:44 +08 2026: Dashboard already running and serving requests
Thu  9 Jul 02:35:44 +08 2026: Dashboard already running and serving requests
Thu  9 Jul 02:40:44 +08 2026: Dashboard already running and serving requests
Thu  9 Jul 02:45:44 +08 2026: Dashboard already running and serving requests
Thu  9 Jul 02:50:45 +08 2026: Dashboard already running and serving requests
Thu  9 Jul 02:55:45 +08 2026: Dashboard already running and serving requests
Thu  9 Jul 03:00:45 +08 2026: Dashboard already running and serving requests
Thu  9 Jul 03:05:45 +08 2026: Dashboard already running and serving requests
Thu  9 Jul 03:10:45 +08 2026: Dashboard already running and serving requests
Thu  9 Jul 03:15:45 +08 2026: Dashboard already running and serving requests
Thu  9 Jul 03:20:45 +08 2026: Dashboard already running and serving requests
Thu  9 Jul 03:25:45 +08 2026: Dashboard already running and serving requests
Thu  9 Jul 03:30:45 +08 2026: Dashboard already running and serving requests
Thu  9 Jul 03:35:45 +08 2026: Dashboard already running and serving requests
Thu  9 Jul 03:40:46 +08 2026: Dashboard already running and serving requests
Thu  9 Jul 03:45:46 +08 2026: Dashboard already running and serving requests
Thu  9 Jul 03:50:46 +08 2026: Dashboard already running and serving requests
Thu  9 Jul 03:55:46 +08 2026: Dashboard already running and serving requests
Thu  9 Jul 04:00:46 +08 2026: Dashboard already running and serving requests
Thu  9 Jul 04:05:46 +08 2026: Dashboard already running and serving requests
Thu  9 Jul 04:10:46 +08 2026: Dashboard already running and serving requests
Thu  9 Jul 04:15:46 +08 2026: Dashboard already running and serving requests
Thu  9 Jul 04:20:46 +08 2026: Dashboard already running and serving requests
Thu  9 Jul 04:25:47 +08 2026: Dashboard already running and serving requests
Thu  9 Jul 04:30:47 +08 2026: Dashboard already running and serving requests
Thu  9 Jul 04:35:47 +08 2026: Dashboard already running and serving requests
Thu  9 Jul 04:40:47 +08 2026: Dashboard already running and serving requests
Thu  9 Jul 04:45:47 +08 2026: Dashboard already running and serving requests
Thu  9 Jul 04:50:47 +08 2026: Dashboard already running and serving requests
Thu  9 Jul 04:55:47 +08 2026: Dashboard already running and serving requests
Thu  9 Jul 05:00:47 +08 2026: Dashboard already running and serving requests
Thu  9 Jul 05:05:47 +08 2026: Dashboard already running and serving requests
Thu  9 Jul 05:10:47 +08 2026: Dashboard already running and serving requests
Thu  9 Jul 05:15:48 +08 2026: Dashboard already running and serving requests
Thu  9 Jul 05:20:48 +08 2026: Dashboard already running and serving requests
Thu  9 Jul 05:25:48 +08 2026: Dashboard already running and serving requests
Thu  9 Jul 05:30:48 +08 2026: Dashboard already running and serving requests
Thu  9 Jul 05:35:48 +08 2026: Dashboard already running and serving requests
Thu  9 Jul 05:40:48 +08 2026: Dashboard already running and serving requests
Thu  9 Jul 05:45:48 +08 2026: Dashboard already running and serving requests
Thu  9 Jul 05:50:48 +08 2026: Dashboard already running and serving requests
Thu  9 Jul 05:55:48 +08 2026: Dashboard already running and serving requests
Thu  9 Jul 06:00:48 +08 2026: Dashboard already running and serving requests
Thu  9 Jul 06:05:48 +08 2026: Dashboard already running and serving requests
Thu  9 Jul 06:10:49 +08 2026: Dashboard already running and serving requests
Thu  9 Jul 06:15:49 +08 2026: Dashboard already running and serving requests
Thu  9 Jul 06:20:49 +08 2026: Dashboard already running and serving requests
Thu  9 Jul 06:25:49 +08 2026: Dashboard already running and serving requests
Thu  9 Jul 06:30:49 +08 2026: Dashboard already running and serving requests
Thu  9 Jul 06:35:49 +08 2026: Dashboard already running and serving requests
Thu  9 Jul 06:40:49 +08 2026: Dashboard already running and serving requests
Thu  9 Jul 06:45:49 +08 2026: Dashboard already running and serving requests
Thu  9 Jul 06:50:49 +08 2026: Dashboard already running and serving requests
Thu  9 Jul 06:55:49 +08 2026: Dashboard already running and serving requests
Thu  9 Jul 07:00:50 +08 2026: Dashboard already running and serving requests
Thu  9 Jul 07:05:50 +08 2026: Dashboard already running and serving requests
Thu  9 Jul 07:10:50 +08 2026: Dashboard already running and serving requests
Thu  9 Jul 07:15:50 +08 2026: Dashboard already running and serving requests
Thu  9 Jul 07:20:50 +08 2026: Dashboard already running and serving requests
Thu  9 Jul 07:25:50 +08 2026: Dashboard already running and serving requests
Thu  9 Jul 07:30:50 +08 2026: Dashboard already running and serving requests
Thu  9 Jul 07:35:50 +08 2026: Dashboard already running and serving requests
Thu  9 Jul 07:40:50 +08 2026: Dashboard already running and serving requests
Thu  9 Jul 07:45:50 +08 2026: Dashboard already running and serving requests
Thu  9 Jul 07:50:51 +08 2026: Dashboard already running and serving requests
Thu  9 Jul 07:55:51 +08 2026: Dashboard already running and serving requests
Thu  9 Jul 08:00:51 +08 2026: Dashboard already running and serving requests
Thu  9 Jul 08:05:51 +08 2026: Dashboard already running and serving requests
Thu  9 Jul 08:10:51 +08 2026: Dashboard already running and serving requests
Thu  9 Jul 08:15:51 +08 2026: Dashboard already running and serving requests
Thu  9 Jul 08:20:51 +08 2026: Dashboard already running and serving requests
Thu  9 Jul 08:25:51 +08 2026: Dashboard already running and serving requests
Thu  9 Jul 08:30:51 +08 2026: Dashboard already running and serving requests
Thu  9 Jul 08:35:51 +08 2026: Dashboard already running and serving requests
Thu  9 Jul 08:40:52 +08 2026: Dashboard already running and serving requests
Thu  9 Jul 08:45:52 +08 2026: Dashboard already running and serving requests
Thu  9 Jul 08:50:52 +08 2026: Dashboard already running and serving requests
Thu  9 Jul 08:55:52 +08 2026: Dashboard already running and serving requests
Thu  9 Jul 09:00:52 +08 2026: Dashboard already running and serving requests
Thu  9 Jul 09:05:52 +08 2026: Dashboard already running and serving requests
Thu  9 Jul 09:10:52 +08 2026: Dashboard already running and serving requests
Thu  9 Jul 09:15:52 +08 2026: Dashboard already running and serving requests
Thu  9 Jul 09:20:52 +08 2026: Dashboard already running and serving requests
Thu  9 Jul 09:25:53 +08 2026: Dashboard already running and serving requests
Thu  9 Jul 09:30:53 +08 2026: Dashboard already running and serving requests
Thu  9 Jul 09:35:53 +08 2026: Dashboard already running and serving requests
Thu  9 Jul 09:40:53 +08 2026: Dashboard already running and serving requests
Thu  9 Jul 09:45:53 +08 2026: Dashboard already running and serving requests
Thu  9 Jul 09:50:53 +08 2026: Dashboard already running and serving requests
Thu  9 Jul 09:55:53 +08 2026: Dashboard already running and serving requests
Thu  9 Jul 10:00:53 +08 2026: Dashboard already running and serving requests
Thu  9 Jul 10:05:53 +08 2026: Dashboard already running and serving requests
Thu  9 Jul 10:10:53 +08 2026: Dashboard already running and serving requests
Thu  9 Jul 10:15:53 +08 2026: Dashboard already running and serving requests
Thu  9 Jul 10:20:54 +08 2026: Dashboard already running and serving requests
Thu  9 Jul 10:25:54 +08 2026: Dashboard already running and serving requests
Thu  9 Jul 10:30:54 +08 2026: Dashboard already running and serving requests
Thu  9 Jul 10:35:54 +08 2026: Dashboard already running and serving requests
Thu  9 Jul 10:40:54 +08 2026: Dashboard already running and serving requests
Thu  9 Jul 10:45:54 +08 2026: Dashboard already running and serving requests
Thu  9 Jul 10:50:54 +08 2026: Dashboard already running and serving requests
Thu  9 Jul 10:55:54 +08 2026: Dashboard already running and serving requests
Thu  9 Jul 11:00:54 +08 2026: Dashboard already running and serving requests
Thu  9 Jul 11:05:54 +08 2026: Dashboard already running and serving requests
Thu  9 Jul 11:10:55 +08 2026: Dashboard already running and serving requests
Thu  9 Jul 11:15:55 +08 2026: Dashboard already running and serving requests
Thu  9 Jul 11:20:55 +08 2026: Dashboard already running and serving requests
Thu  9 Jul 11:25:55 +08 2026: Dashboard already running and serving requests
Thu  9 Jul 11:30:55 +08 2026: Dashboard already running and serving requests
Thu  9 Jul 11:35:55 +08 2026: Dashboard already running and serving requests
Thu  9 Jul 11:40:55 +08 2026: Dashboard already running and serving requests
Thu  9 Jul 11:45:55 +08 2026: Dashboard already running and serving requests
Thu  9 Jul 11:50:55 +08 2026: Dashboard already running and serving requests
Thu  9 Jul 11:55:55 +08 2026: Dashboard already running and serving requests
Thu  9 Jul 12:00:56 +08 2026: Dashboard already running and serving requests
Thu  9 Jul 12:05:56 +08 2026: Dashboard already running and serving requests
Thu  9 Jul 12:10:56 +08 2026: Dashboard already running and serving requests
Thu  9 Jul 12:15:56 +08 2026: Dashboard already running and serving requests
Thu  9 Jul 12:20:56 +08 2026: Dashboard already running and serving requests
Thu  9 Jul 12:25:56 +08 2026: Dashboard already running and serving requests
Thu  9 Jul 12:30:56 +08 2026: Dashboard already running and serving requests
Thu  9 Jul 12:35:56 +08 2026: Dashboard already running and serving requests
Thu  9 Jul 12:40:56 +08 2026: Dashboard already running and serving requests
Thu  9 Jul 12:45:56 +08 2026: Dashboard already running and serving requests
Thu  9 Jul 12:50:57 +08 2026: Dashboard already running and serving requests
Thu  9 Jul 12:55:57 +08 2026: Dashboard already running and serving requests
Thu  9 Jul 13:00:57 +08 2026: Dashboard already running and serving requests
Thu  9 Jul 13:05:57 +08 2026: Dashboard already running and serving requests
Thu  9 Jul 13:10:57 +08 2026: Dashboard already running and serving requests
Thu  9 Jul 13:15:57 +08 2026: Dashboard already running and serving requests
Thu  9 Jul 13:20:57 +08 2026: Dashboard already running and serving requests
Thu  9 Jul 13:25:57 +08 2026: Dashboard already running and serving requests
Thu  9 Jul 13:30:57 +08 2026: Dashboard already running and serving requests
Thu  9 Jul 13:35:57 +08 2026: Dashboard already running and serving requests
Thu  9 Jul 13:40:58 +08 2026: Dashboard already running and serving requests
Thu  9 Jul 13:45:58 +08 2026: Dashboard already running and serving requests
Thu  9 Jul 13:50:58 +08 2026: Dashboard already running and serving requests
Thu  9 Jul 13:55:58 +08 2026: Dashboard already running and serving requests
Thu  9 Jul 14:00:58 +08 2026: Dashboard already running and serving requests
Thu  9 Jul 14:05:58 +08 2026: Dashboard already running and serving requests
Thu  9 Jul 14:10:58 +08 2026: Dashboard already running and serving requests
Thu  9 Jul 14:15:58 +08 2026: Dashboard already running and serving requests
Thu  9 Jul 14:20:58 +08 2026: Dashboard already running and serving requests
Thu  9 Jul 14:25:58 +08 2026: Dashboard already running and serving requests
Thu  9 Jul 14:30:59 +08 2026: Dashboard already running and serving requests
Thu  9 Jul 14:35:59 +08 2026: Dashboard already running and serving requests
Thu  9 Jul 14:40:59 +08 2026: Dashboard already running and serving requests
Thu  9 Jul 14:45:59 +08 2026: Dashboard already running and serving requests
Thu  9 Jul 14:50:59 +08 2026: Dashboard already running and serving requests
Thu  9 Jul 14:55:59 +08 2026: Dashboard already running and serving requests
Thu  9 Jul 15:00:20 +08 2026: Dashboard already running and serving requests
Thu  9 Jul 15:05:19 +08 2026: Dashboard already running and serving requests
Thu  9 Jul 15:10:19 +08 2026: Dashboard already running and serving requests
Thu  9 Jul 15:15:19 +08 2026: Dashboard already running and serving requests
Thu  9 Jul 15:20:19 +08 2026: Dashboard already running and serving requests
Thu  9 Jul 15:25:19 +08 2026: Dashboard already running and serving requests
Thu  9 Jul 15:30:19 +08 2026: Dashboard already running and serving requests
Thu  9 Jul 15:35:20 +08 2026: Dashboard already running and serving requests
Thu  9 Jul 15:40:20 +08 2026: Dashboard already running and serving requests
Thu  9 Jul 15:45:20 +08 2026: Dashboard already running and serving requests
Thu  9 Jul 15:50:20 +08 2026: Dashboard already running and serving requests
Thu  9 Jul 15:55:20 +08 2026: Dashboard already running and serving requests
Thu  9 Jul 16:00:20 +08 2026: Dashboard already running and serving requests
Thu  9 Jul 16:05:20 +08 2026: Dashboard already running and serving requests
Thu  9 Jul 16:10:20 +08 2026: Dashboard already running and serving requests
Thu  9 Jul 16:15:20 +08 2026: Dashboard already running and serving requests
Thu  9 Jul 16:20:20 +08 2026: Dashboard already running and serving requests
Thu  9 Jul 16:25:20 +08 2026: Dashboard already running and serving requests
Thu  9 Jul 16:30:20 +08 2026: Dashboard already running and serving requests
Thu  9 Jul 16:35:21 +08 2026: Dashboard already running and serving requests
Thu  9 Jul 16:40:21 +08 2026: Dashboard already running and serving requests
Thu  9 Jul 16:45:21 +08 2026: Dashboard already running and serving requests
Thu  9 Jul 16:50:21 +08 2026: Dashboard already running and serving requests
Thu  9 Jul 16:55:21 +08 2026: Dashboard already running and serving requests
Thu  9 Jul 17:00:21 +08 2026: Dashboard already running and serving requests
Thu  9 Jul 17:05:21 +08 2026: Dashboard already running and serving requests
Thu  9 Jul 17:10:21 +08 2026: Dashboard already running and serving requests
Thu  9 Jul 17:15:21 +08 2026: Dashboard already running and serving requests
Thu  9 Jul 17:20:22 +08 2026: Dashboard already running and serving requests
Thu  9 Jul 17:25:22 +08 2026: Dashboard already running and serving requests
Thu  9 Jul 17:30:22 +08 2026: Dashboard already running and serving requests
Thu  9 Jul 17:35:22 +08 2026: Dashboard already running and serving requests
Thu  9 Jul 17:40:22 +08 2026: Dashboard already running and serving requests
Thu  9 Jul 17:45:22 +08 2026: Dashboard already running and serving requests
Thu  9 Jul 17:50:22 +08 2026: Dashboard already running and serving requests
Thu  9 Jul 17:55:22 +08 2026: Dashboard already running and serving requests
Thu  9 Jul 18:00:22 +08 2026: Dashboard already running and serving requests
Thu  9 Jul 18:05:22 +08 2026: Dashboard already running and serving requests
Thu  9 Jul 18:10:22 +08 2026: Dashboard already running and serving requests
Thu  9 Jul 18:15:23 +08 2026: Dashboard already running and serving requests
Thu  9 Jul 18:20:23 +08 2026: Dashboard already running and serving requests
Thu  9 Jul 18:25:23 +08 2026: Dashboard already running and serving requests
Thu  9 Jul 18:30:23 +08 2026: Dashboard already running and serving requests
Thu  9 Jul 18:35:23 +08 2026: Dashboard already running and serving requests
Thu  9 Jul 18:40:23 +08 2026: Dashboard already running and serving requests
Thu  9 Jul 18:45:23 +08 2026: Dashboard already running and serving requests
Thu  9 Jul 18:50:24 +08 2026: Dashboard already running and serving requests
Thu  9 Jul 18:55:24 +08 2026: Dashboard already running and serving requests
Thu  9 Jul 19:00:24 +08 2026: Dashboard already running and serving requests
Thu  9 Jul 19:05:24 +08 2026: Dashboard already running and serving requests
Thu  9 Jul 19:10:24 +08 2026: Dashboard already running and serving requests
Thu  9 Jul 19:15:24 +08 2026: Dashboard already running and serving requests
Thu  9 Jul 19:20:24 +08 2026: Dashboard already running and serving requests
Thu  9 Jul 19:25:24 +08 2026: Dashboard already running and serving requests
Thu  9 Jul 19:30:24 +08 2026: Dashboard already running and serving requests
Thu  9 Jul 19:35:25 +08 2026: Dashboard already running and serving requests
Thu  9 Jul 19:40:25 +08 2026: Dashboard already running and serving requests
Thu  9 Jul 19:45:25 +08 2026: Dashboard already running and serving requests
Thu  9 Jul 19:50:25 +08 2026: Dashboard already running and serving requests
Thu  9 Jul 19:55:25 +08 2026: Dashboard already running and serving requests
Thu  9 Jul 20:00:25 +08 2026: Dashboard already running and serving requests
Thu  9 Jul 20:05:25 +08 2026: Dashboard already running and serving requests
Thu  9 Jul 20:10:25 +08 2026: Dashboard already running and serving requests
Thu  9 Jul 20:15:25 +08 2026: Dashboard already running and serving requests
Thu  9 Jul 20:20:25 +08 2026: Dashboard already running and serving requests
Thu  9 Jul 20:25:26 +08 2026: Dashboard already running and serving requests
Thu  9 Jul 20:30:26 +08 2026: Dashboard already running and serving requests
Thu  9 Jul 20:35:26 +08 2026: Dashboard already running and serving requests
Thu  9 Jul 20:40:26 +08 2026: Dashboard already running and serving requests
Thu  9 Jul 20:45:26 +08 2026: Dashboard already running and serving requests
Thu  9 Jul 20:50:26 +08 2026: Dashboard already running and serving requests
Thu  9 Jul 20:55:26 +08 2026: Dashboard already running and serving requests
Thu  9 Jul 21:00:26 +08 2026: Dashboard already running and serving requests
Thu  9 Jul 21:05:26 +08 2026: Dashboard already running and serving requests
Thu  9 Jul 21:10:26 +08 2026: Dashboard already running and serving requests
Thu  9 Jul 21:15:26 +08 2026: Dashboard already running and serving requests
Thu  9 Jul 21:20:27 +08 2026: Dashboard already running and serving requests
Thu  9 Jul 21:25:27 +08 2026: Dashboard already running and serving requests
Thu  9 Jul 21:30:27 +08 2026: Dashboard already running and serving requests
Thu  9 Jul 21:35:27 +08 2026: Dashboard already running and serving requests
Thu  9 Jul 21:40:27 +08 2026: Dashboard already running and serving requests
Thu  9 Jul 21:45:27 +08 2026: Dashboard already running and serving requests
Thu  9 Jul 21:50:27 +08 2026: Dashboard already running and serving requests
Thu  9 Jul 21:55:28 +08 2026: Dashboard already running and serving requests
Thu  9 Jul 22:00:28 +08 2026: Dashboard already running and serving requests
Thu  9 Jul 22:05:28 +08 2026: Dashboard already running and serving requests
Thu  9 Jul 22:10:28 +08 2026: Dashboard already running and serving requests
Thu  9 Jul 22:15:28 +08 2026: Dashboard already running and serving requests
Thu  9 Jul 22:20:28 +08 2026: Dashboard already running and serving requests
Thu  9 Jul 22:25:28 +08 2026: Dashboard already running and serving requests
Thu  9 Jul 22:30:28 +08 2026: Dashboard already running and serving requests
Thu  9 Jul 22:35:28 +08 2026: Dashboard already running and serving requests
Thu  9 Jul 22:40:28 +08 2026: Dashboard already running and serving requests
Thu  9 Jul 22:45:29 +08 2026: Dashboard already running and serving requests
Thu  9 Jul 22:50:29 +08 2026: Dashboard already running and serving requests
Thu  9 Jul 22:55:29 +08 2026: Dashboard already running and serving requests
Thu  9 Jul 23:00:29 +08 2026: Dashboard already running and serving requests
Thu  9 Jul 23:05:29 +08 2026: Dashboard already running and serving requests
Thu  9 Jul 23:10:29 +08 2026: Dashboard already running and serving requests
Thu  9 Jul 23:15:29 +08 2026: Dashboard already running and serving requests
Thu  9 Jul 23:20:29 +08 2026: Dashboard already running and serving requests
Thu  9 Jul 23:25:29 +08 2026: Dashboard already running and serving requests
Thu  9 Jul 23:30:29 +08 2026: Dashboard already running and serving requests
Thu  9 Jul 23:35:29 +08 2026: Dashboard already running and serving requests
Thu  9 Jul 23:40:30 +08 2026: Dashboard already running and serving requests
Thu  9 Jul 23:45:30 +08 2026: Dashboard already running and serving requests
Thu  9 Jul 23:50:30 +08 2026: Dashboard already running and serving requests
Thu  9 Jul 23:55:30 +08 2026: Dashboard already running and serving requests
Fri 10 Jul 00:00:30 +08 2026: Dashboard already running and serving requests
Fri 10 Jul 00:05:30 +08 2026: Dashboard already running and serving requests
Fri 10 Jul 00:10:30 +08 2026: Dashboard already running and serving requests
Fri 10 Jul 00:15:30 +08 2026: Dashboard already running and serving requests
Fri 10 Jul 00:20:30 +08 2026: Dashboard already running and serving requests
Fri 10 Jul 00:25:30 +08 2026: Dashboard already running and serving requests
Fri 10 Jul 00:30:31 +08 2026: Dashboard already running and serving requests
Fri 10 Jul 00:35:31 +08 2026: Dashboard already running and serving requests
Fri 10 Jul 00:40:31 +08 2026: Dashboard already running and serving requests
Fri 10 Jul 00:45:31 +08 2026: Dashboard already running and serving requests
Fri 10 Jul 00:50:31 +08 2026: Dashboard already running and serving requests
Fri 10 Jul 00:55:31 +08 2026: Dashboard already running and serving requests
Fri 10 Jul 01:00:31 +08 2026: Dashboard already running and serving requests
Fri 10 Jul 01:05:31 +08 2026: Dashboard already running and serving requests
Fri 10 Jul 01:10:31 +08 2026: Dashboard already running and serving requests
Fri 10 Jul 01:15:31 +08 2026: Dashboard already running and serving requests
Fri 10 Jul 01:20:31 +08 2026: Dashboard already running and serving requests
Fri 10 Jul 01:25:32 +08 2026: Dashboard already running and serving requests
Fri 10 Jul 01:30:32 +08 2026: Dashboard already running and serving requests
Fri 10 Jul 01:35:32 +08 2026: Dashboard already running and serving requests
Fri 10 Jul 01:40:32 +08 2026: Dashboard already running and serving requests
Fri 10 Jul 01:45:32 +08 2026: Dashboard already running and serving requests
Fri 10 Jul 01:50:32 +08 2026: Dashboard already running and serving requests
Fri 10 Jul 01:55:32 +08 2026: Dashboard already running and serving requests
Fri 10 Jul 02:00:32 +08 2026: Dashboard already running and serving requests
Fri 10 Jul 02:05:32 +08 2026: Dashboard already running and serving requests
Fri 10 Jul 02:10:32 +08 2026: Dashboard already running and serving requests
Fri 10 Jul 02:15:33 +08 2026: Dashboard already running and serving requests
Fri 10 Jul 02:20:33 +08 2026: Dashboard already running and serving requests
Fri 10 Jul 02:25:33 +08 2026: Dashboard already running and serving requests
Fri 10 Jul 02:30:33 +08 2026: Dashboard already running and serving requests
Fri 10 Jul 02:35:33 +08 2026: Dashboard already running and serving requests
Fri 10 Jul 02:40:33 +08 2026: Dashboard already running and serving requests
Fri 10 Jul 02:45:33 +08 2026: Dashboard already running and serving requests
Fri 10 Jul 02:50:33 +08 2026: Dashboard already running and serving requests
Fri 10 Jul 02:55:33 +08 2026: Dashboard already running and serving requests
Fri 10 Jul 03:00:33 +08 2026: Dashboard already running and serving requests
Fri 10 Jul 03:05:34 +08 2026: Dashboard already running and serving requests
Fri 10 Jul 03:10:34 +08 2026: Dashboard already running and serving requests
Fri 10 Jul 03:15:34 +08 2026: Dashboard already running and serving requests
Fri 10 Jul 03:20:34 +08 2026: Dashboard already running and serving requests
Fri 10 Jul 03:25:34 +08 2026: Dashboard already running and serving requests
Fri 10 Jul 03:30:34 +08 2026: Dashboard already running and serving requests
Fri 10 Jul 03:35:34 +08 2026: Dashboard already running and serving requests
Fri 10 Jul 03:40:34 +08 2026: Dashboard already running and serving requests
Fri 10 Jul 03:45:34 +08 2026: Dashboard already running and serving requests
Fri 10 Jul 03:50:34 +08 2026: Dashboard already running and serving requests
Fri 10 Jul 03:55:34 +08 2026: Dashboard already running and serving requests
Fri 10 Jul 04:00:35 +08 2026: Dashboard already running and serving requests
Fri 10 Jul 04:05:35 +08 2026: Dashboard already running and serving requests
Fri 10 Jul 04:10:35 +08 2026: Dashboard already running and serving requests
Fri 10 Jul 04:15:35 +08 2026: Dashboard already running and serving requests
Fri 10 Jul 04:20:35 +08 2026: Dashboard already running and serving requests
Fri 10 Jul 04:25:35 +08 2026: Dashboard already running and serving requests
Fri 10 Jul 04:30:35 +08 2026: Dashboard already running and serving requests
Fri 10 Jul 04:35:35 +08 2026: Dashboard already running and serving requests
Fri 10 Jul 04:40:35 +08 2026: Dashboard already running and serving requests
Fri 10 Jul 04:45:35 +08 2026: Dashboard already running and serving requests
Fri 10 Jul 04:50:35 +08 2026: Dashboard already running and serving requests
Fri 10 Jul 04:55:36 +08 2026: Dashboard already running and serving requests
Fri 10 Jul 05:00:36 +08 2026: Dashboard already running and serving requests
Fri 10 Jul 05:05:36 +08 2026: Dashboard already running and serving requests
Fri 10 Jul 05:10:36 +08 2026: Dashboard already running and serving requests
Fri 10 Jul 05:15:36 +08 2026: Dashboard already running and serving requests
Fri 10 Jul 05:20:36 +08 2026: Dashboard already running and serving requests
Fri 10 Jul 05:25:36 +08 2026: Dashboard already running and serving requests
Fri 10 Jul 05:30:36 +08 2026: Dashboard already running and serving requests
Fri 10 Jul 05:35:36 +08 2026: Dashboard already running and serving requests
Fri 10 Jul 05:40:37 +08 2026: Dashboard already running and serving requests
Fri 10 Jul 05:45:37 +08 2026: Dashboard already running and serving requests
Fri 10 Jul 05:50:37 +08 2026: Dashboard already running and serving requests
Fri 10 Jul 05:55:37 +08 2026: Dashboard already running and serving requests
Fri 10 Jul 06:00:37 +08 2026: Dashboard already running and serving requests
Fri 10 Jul 06:05:37 +08 2026: Dashboard already running and serving requests
Fri 10 Jul 06:10:37 +08 2026: Dashboard already running and serving requests
Fri 10 Jul 06:15:37 +08 2026: Dashboard already running and serving requests
Fri 10 Jul 06:20:37 +08 2026: Dashboard already running and serving requests
Fri 10 Jul 06:25:37 +08 2026: Dashboard already running and serving requests
Fri 10 Jul 06:30:38 +08 2026: Dashboard already running and serving requests
Fri 10 Jul 06:35:38 +08 2026: Dashboard already running and serving requests
Fri 10 Jul 06:40:38 +08 2026: Dashboard already running and serving requests
Fri 10 Jul 06:45:38 +08 2026: Dashboard already running and serving requests
Fri 10 Jul 06:50:38 +08 2026: Dashboard already running and serving requests
Fri 10 Jul 06:55:38 +08 2026: Dashboard already running and serving requests
Fri 10 Jul 07:00:38 +08 2026: Dashboard already running and serving requests
Fri 10 Jul 07:05:38 +08 2026: Dashboard already running and serving requests
Fri 10 Jul 07:10:38 +08 2026: Dashboard already running and serving requests
Fri 10 Jul 07:15:38 +08 2026: Dashboard already running and serving requests
Fri 10 Jul 07:20:39 +08 2026: Dashboard already running and serving requests
Fri 10 Jul 07:25:39 +08 2026: Dashboard already running and serving requests
Fri 10 Jul 07:30:39 +08 2026: Dashboard already running and serving requests
Fri 10 Jul 07:35:39 +08 2026: Dashboard already running and serving requests
Fri 10 Jul 07:40:39 +08 2026: Dashboard already running and serving requests
Fri 10 Jul 07:45:39 +08 2026: Dashboard already running and serving requests
Fri 10 Jul 07:50:39 +08 2026: Dashboard already running and serving requests
Fri 10 Jul 07:55:39 +08 2026: Dashboard already running and serving requests
Fri 10 Jul 08:00:39 +08 2026: Dashboard already running and serving requests
Fri 10 Jul 08:05:39 +08 2026: Dashboard already running and serving requests
Fri 10 Jul 08:10:39 +08 2026: Dashboard already running and serving requests
Fri 10 Jul 08:15:40 +08 2026: Dashboard already running and serving requests
Fri 10 Jul 08:20:40 +08 2026: Dashboard already running and serving requests
Fri 10 Jul 08:25:40 +08 2026: Dashboard already running and serving requests
Fri 10 Jul 08:30:40 +08 2026: Dashboard already running and serving requests
Fri 10 Jul 08:35:40 +08 2026: Dashboard already running and serving requests
Fri 10 Jul 08:40:40 +08 2026: Dashboard already running and serving requests
Fri 10 Jul 08:45:40 +08 2026: Dashboard already running and serving requests
Fri 10 Jul 08:50:40 +08 2026: Dashboard already running and serving requests
Fri 10 Jul 08:55:40 +08 2026: Dashboard already running and serving requests
Fri 10 Jul 09:00:40 +08 2026: Dashboard already running and serving requests
Fri 10 Jul 09:05:40 +08 2026: Dashboard already running and serving requests
Fri 10 Jul 09:10:41 +08 2026: Dashboard already running and serving requests
Fri 10 Jul 09:15:41 +08 2026: Dashboard already running and serving requests
Fri 10 Jul 09:20:41 +08 2026: Dashboard already running and serving requests
Fri 10 Jul 09:25:41 +08 2026: Dashboard already running and serving requests
Fri 10 Jul 09:30:41 +08 2026: Dashboard already running and serving requests
Fri 10 Jul 09:35:41 +08 2026: Dashboard already running and serving requests
Fri 10 Jul 09:40:41 +08 2026: Dashboard already running and serving requests
Fri 10 Jul 09:45:41 +08 2026: Dashboard already running and serving requests
Fri 10 Jul 09:50:41 +08 2026: Dashboard already running and serving requests
Fri 10 Jul 09:55:41 +08 2026: Dashboard already running and serving requests
Fri 10 Jul 10:00:42 +08 2026: Dashboard already running and serving requests
Fri 10 Jul 10:05:42 +08 2026: Dashboard already running and serving requests
Fri 10 Jul 10:10:42 +08 2026: Dashboard already running and serving requests
Fri 10 Jul 10:15:42 +08 2026: Dashboard already running and serving requests
Fri 10 Jul 10:20:42 +08 2026: Dashboard already running and serving requests
Fri 10 Jul 10:25:42 +08 2026: Dashboard already running and serving requests
Fri 10 Jul 10:30:42 +08 2026: Dashboard already running and serving requests
Fri 10 Jul 10:35:42 +08 2026: Dashboard already running and serving requests
Fri 10 Jul 10:40:42 +08 2026: Dashboard already running and serving requests
Fri 10 Jul 10:45:42 +08 2026: Dashboard already running and serving requests
Fri 10 Jul 10:50:42 +08 2026: Dashboard already running and serving requests
Fri 10 Jul 10:55:43 +08 2026: Dashboard already running and serving requests
Fri 10 Jul 11:00:43 +08 2026: Dashboard already running and serving requests
Fri 10 Jul 11:05:43 +08 2026: Dashboard already running and serving requests
Fri 10 Jul 11:10:43 +08 2026: Dashboard already running and serving requests
Fri 10 Jul 11:15:43 +08 2026: Dashboard already running and serving requests
Fri 10 Jul 11:20:43 +08 2026: Dashboard already running and serving requests
Fri 10 Jul 11:25:43 +08 2026: Dashboard already running and serving requests
Fri 10 Jul 11:30:43 +08 2026: Dashboard already running and serving requests
Fri 10 Jul 11:35:43 +08 2026: Dashboard already running and serving requests
Fri 10 Jul 11:40:43 +08 2026: Dashboard already running and serving requests
Fri 10 Jul 11:45:43 +08 2026: Dashboard already running and serving requests
Fri 10 Jul 11:50:44 +08 2026: Dashboard already running and serving requests
Fri 10 Jul 11:55:44 +08 2026: Dashboard already running and serving requests
Fri 10 Jul 12:00:44 +08 2026: Dashboard already running and serving requests
Fri 10 Jul 12:05:44 +08 2026: Dashboard already running and serving requests
Fri 10 Jul 12:10:44 +08 2026: Dashboard already running and serving requests
Fri 10 Jul 12:15:44 +08 2026: Dashboard already running and serving requests
Fri 10 Jul 12:20:44 +08 2026: Dashboard already running and serving requests
Fri 10 Jul 12:25:44 +08 2026: Dashboard already running and serving requests
Fri 10 Jul 12:30:44 +08 2026: Dashboard already running and serving requests
Fri 10 Jul 12:35:44 +08 2026: Dashboard already running and serving requests
Fri 10 Jul 12:40:45 +08 2026: Dashboard already running and serving requests
Fri 10 Jul 12:45:45 +08 2026: Dashboard already running and serving requests
Fri 10 Jul 12:50:45 +08 2026: Dashboard already running and serving requests
Fri 10 Jul 12:55:45 +08 2026: Dashboard already running and serving requests
Fri 10 Jul 13:00:45 +08 2026: Dashboard already running and serving requests
Fri 10 Jul 13:05:45 +08 2026: Dashboard already running and serving requests
Fri 10 Jul 13:10:45 +08 2026: Dashboard already running and serving requests
Fri 10 Jul 13:15:45 +08 2026: Dashboard already running and serving requests
Fri 10 Jul 13:20:45 +08 2026: Dashboard already running and serving requests
Fri 10 Jul 13:25:45 +08 2026: Dashboard already running and serving requests
Fri 10 Jul 13:30:45 +08 2026: Dashboard already running and serving requests
Fri 10 Jul 13:35:46 +08 2026: Dashboard already running and serving requests
Fri 10 Jul 13:40:46 +08 2026: Dashboard already running and serving requests
Fri 10 Jul 13:45:46 +08 2026: Dashboard already running and serving requests
Fri 10 Jul 13:50:46 +08 2026: Dashboard already running and serving requests
Fri 10 Jul 13:55:46 +08 2026: Dashboard already running and serving requests
Fri 10 Jul 14:00:46 +08 2026: Dashboard already running and serving requests
Fri 10 Jul 14:05:46 +08 2026: Dashboard already running and serving requests
Fri 10 Jul 14:10:46 +08 2026: Dashboard already running and serving requests
Fri 10 Jul 14:15:46 +08 2026: Dashboard already running and serving requests
Fri 10 Jul 14:20:46 +08 2026: Dashboard already running and serving requests
Fri 10 Jul 14:25:47 +08 2026: Dashboard already running and serving requests
Fri 10 Jul 14:30:47 +08 2026: Dashboard already running and serving requests
Fri 10 Jul 14:35:47 +08 2026: Dashboard already running and serving requests
Fri 10 Jul 14:40:47 +08 2026: Dashboard already running and serving requests
Fri 10 Jul 14:45:47 +08 2026: Dashboard already running and serving requests
Fri 10 Jul 14:50:47 +08 2026: Dashboard already running and serving requests
Fri 10 Jul 14:55:47 +08 2026: Dashboard already running and serving requests
Fri 10 Jul 15:00:47 +08 2026: Dashboard already running and serving requests
Fri 10 Jul 15:05:47 +08 2026: Dashboard already running and serving requests
Fri 10 Jul 15:10:47 +08 2026: Dashboard already running and serving requests
Fri 10 Jul 15:15:47 +08 2026: Dashboard already running and serving requests
Fri 10 Jul 15:20:48 +08 2026: Dashboard already running and serving requests
Fri 10 Jul 15:25:48 +08 2026: Dashboard already running and serving requests
Fri 10 Jul 15:30:48 +08 2026: Dashboard already running and serving requests
Fri 10 Jul 15:35:48 +08 2026: Dashboard already running and serving requests
Fri 10 Jul 15:40:48 +08 2026: Dashboard already running and serving requests
Fri 10 Jul 15:45:48 +08 2026: Dashboard already running and serving requests
Fri 10 Jul 15:50:48 +08 2026: Dashboard already running and serving requests
Fri 10 Jul 15:55:48 +08 2026: Dashboard already running and serving requests
Fri 10 Jul 16:00:48 +08 2026: Dashboard already running and serving requests
Fri 10 Jul 16:05:48 +08 2026: Dashboard already running and serving requests
Fri 10 Jul 16:10:49 +08 2026: Dashboard already running and serving requests
Fri 10 Jul 16:15:49 +08 2026: Dashboard already running and serving requests
Fri 10 Jul 16:20:49 +08 2026: Dashboard already running and serving requests
Fri 10 Jul 16:25:49 +08 2026: Dashboard already running and serving requests
Fri 10 Jul 16:30:49 +08 2026: Dashboard already running and serving requests
Fri 10 Jul 16:35:49 +08 2026: Dashboard already running and serving requests
Fri 10 Jul 16:40:49 +08 2026: Dashboard already running and serving requests
Fri 10 Jul 16:45:49 +08 2026: Dashboard already running and serving requests
Fri 10 Jul 16:50:49 +08 2026: Dashboard already running and serving requests
Fri 10 Jul 16:55:49 +08 2026: Dashboard already running and serving requests
Fri 10 Jul 17:00:49 +08 2026: Dashboard already running and serving requests
Fri 10 Jul 17:05:50 +08 2026: Dashboard already running and serving requests
Fri 10 Jul 17:10:50 +08 2026: Dashboard already running and serving requests
Fri 10 Jul 17:15:50 +08 2026: Dashboard already running and serving requests
Fri 10 Jul 17:20:50 +08 2026: Dashboard already running and serving requests
Fri 10 Jul 17:25:50 +08 2026: Dashboard already running and serving requests
Fri 10 Jul 17:30:50 +08 2026: Dashboard already running and serving requests
Fri 10 Jul 17:35:50 +08 2026: Dashboard already running and serving requests
Fri 10 Jul 17:40:50 +08 2026: Dashboard already running and serving requests
Fri 10 Jul 17:45:50 +08 2026: Dashboard already running and serving requests
Fri 10 Jul 17:50:50 +08 2026: Dashboard already running and serving requests
Fri 10 Jul 17:55:51 +08 2026: Dashboard already running and serving requests
Fri 10 Jul 18:00:51 +08 2026: Dashboard already running and serving requests
Fri 10 Jul 18:05:51 +08 2026: Dashboard already running and serving requests
Fri 10 Jul 18:10:51 +08 2026: Dashboard already running and serving requests
Fri 10 Jul 18:15:51 +08 2026: Dashboard already running and serving requests
Fri 10 Jul 18:20:51 +08 2026: Dashboard already running and serving requests
Fri 10 Jul 18:25:51 +08 2026: Dashboard already running and serving requests
Fri 10 Jul 18:30:51 +08 2026: Dashboard already running and serving requests
Fri 10 Jul 18:35:51 +08 2026: Dashboard already running and serving requests
Fri 10 Jul 18:40:51 +08 2026: Dashboard already running and serving requests
Fri 10 Jul 18:45:51 +08 2026: Dashboard already running and serving requests
Fri 10 Jul 18:50:52 +08 2026: Dashboard already running and serving requests
Fri 10 Jul 18:55:52 +08 2026: Dashboard already running and serving requests
Fri 10 Jul 19:00:52 +08 2026: Dashboard already running and serving requests
Fri 10 Jul 19:05:52 +08 2026: Dashboard already running and serving requests
Fri 10 Jul 19:10:52 +08 2026: Dashboard already running and serving requests
Sat 11 Jul 00:43:52 +08 2026: Dashboard already running and serving requests
Sat 11 Jul 00:45:52 +08 2026: Dashboard already running and serving requests
Sat 11 Jul 00:50:52 +08 2026: Dashboard already running and serving requests
Sat 11 Jul 00:55:52 +08 2026: Dashboard already running and serving requests
Sat 11 Jul 01:00:52 +08 2026: Dashboard already running and serving requests
Sat 11 Jul 01:05:52 +08 2026: Dashboard already running and serving requests
Sat 11 Jul 01:10:52 +08 2026: Dashboard already running and serving requests
Sat 11 Jul 01:15:52 +08 2026: Dashboard already running and serving requests
Sat 11 Jul 01:20:52 +08 2026: Dashboard already running and serving requests
Sat 11 Jul 01:25:53 +08 2026: Dashboard already running and serving requests
Sat 11 Jul 01:30:53 +08 2026: Dashboard already running and serving requests
Sat 11 Jul 01:35:53 +08 2026: Dashboard already running and serving requests
Sat 11 Jul 01:40:53 +08 2026: Dashboard already running and serving requests
Sat 11 Jul 01:45:53 +08 2026: Dashboard already running and serving requests
Sat 11 Jul 01:50:53 +08 2026: Dashboard already running and serving requests
Sat 11 Jul 01:55:53 +08 2026: Dashboard already running and serving requests
Sat 11 Jul 02:00:53 +08 2026: Dashboard already running and serving requests
Sat 11 Jul 02:05:53 +08 2026: Dashboard already running and serving requests
Sat 11 Jul 02:10:53 +08 2026: Dashboard already running and serving requests
Sat 11 Jul 02:15:54 +08 2026: Dashboard already running and serving requests
Sat 11 Jul 02:20:54 +08 2026: Dashboard already running and serving requests
Sat 11 Jul 02:25:54 +08 2026: Dashboard already running and serving requests
Sat 11 Jul 02:30:54 +08 2026: Dashboard already running and serving requests
Sat 11 Jul 02:35:54 +08 2026: Dashboard already running and serving requests
Sat 11 Jul 02:40:54 +08 2026: Dashboard already running and serving requests
Sat 11 Jul 02:45:54 +08 2026: Dashboard already running and serving requests
Sat 11 Jul 02:50:54 +08 2026: Dashboard already running and serving requests
Sat 11 Jul 02:55:54 +08 2026: Dashboard already running and serving requests
Sat 11 Jul 03:00:54 +08 2026: Dashboard already running and serving requests
Sat 11 Jul 03:05:54 +08 2026: Dashboard already running and serving requests
Sat 11 Jul 03:10:55 +08 2026: Dashboard already running and serving requests
Sat 11 Jul 03:15:55 +08 2026: Dashboard already running and serving requests
Sat 11 Jul 03:20:55 +08 2026: Dashboard already running and serving requests
Sat 11 Jul 03:25:55 +08 2026: Dashboard already running and serving requests
Sat 11 Jul 03:30:55 +08 2026: Dashboard already running and serving requests
Sat 11 Jul 03:35:55 +08 2026: Dashboard already running and serving requests
Sat 11 Jul 03:40:55 +08 2026: Dashboard already running and serving requests
Sat 11 Jul 03:45:55 +08 2026: Dashboard already running and serving requests
Sat 11 Jul 03:50:55 +08 2026: Dashboard already running and serving requests
Sat 11 Jul 03:55:55 +08 2026: Dashboard already running and serving requests
Sat 11 Jul 04:00:56 +08 2026: Dashboard already running and serving requests
Sat 11 Jul 04:05:56 +08 2026: Dashboard already running and serving requests
Sat 11 Jul 04:10:56 +08 2026: Dashboard already running and serving requests
Sat 11 Jul 04:15:56 +08 2026: Dashboard already running and serving requests
Sat 11 Jul 04:20:56 +08 2026: Dashboard already running and serving requests
Sat 11 Jul 04:25:56 +08 2026: Dashboard already running and serving requests
Sat 11 Jul 04:30:56 +08 2026: Dashboard already running and serving requests
Sat 11 Jul 04:35:56 +08 2026: Dashboard already running and serving requests
Sat 11 Jul 04:40:56 +08 2026: Dashboard already running and serving requests
Sat 11 Jul 04:45:56 +08 2026: Dashboard already running and serving requests
Sat 11 Jul 04:50:57 +08 2026: Dashboard already running and serving requests
Sat 11 Jul 04:55:57 +08 2026: Dashboard already running and serving requests
Sat 11 Jul 05:00:57 +08 2026: Dashboard already running and serving requests
Sat 11 Jul 05:05:57 +08 2026: Dashboard already running and serving requests
Sat 11 Jul 05:10:57 +08 2026: Dashboard already running and serving requests
Sat 11 Jul 05:15:57 +08 2026: Dashboard already running and serving requests
Sat 11 Jul 05:20:57 +08 2026: Dashboard already running and serving requests
Sat 11 Jul 05:25:57 +08 2026: Dashboard already running and serving requests
Sat 11 Jul 05:30:57 +08 2026: Dashboard already running and serving requests
Sat 11 Jul 05:35:57 +08 2026: Dashboard already running and serving requests
Sat 11 Jul 05:40:58 +08 2026: Dashboard already running and serving requests
Sat 11 Jul 05:45:58 +08 2026: Dashboard already running and serving requests
Sat 11 Jul 05:50:58 +08 2026: Dashboard already running and serving requests
Sat 11 Jul 05:55:58 +08 2026: Dashboard already running and serving requests
Sat 11 Jul 06:00:58 +08 2026: Dashboard already running and serving requests
Sat 11 Jul 06:05:58 +08 2026: Dashboard already running and serving requests
Sat 11 Jul 06:10:58 +08 2026: Dashboard already running and serving requests
Sat 11 Jul 06:15:58 +08 2026: Dashboard already running and serving requests
Sat 11 Jul 06:20:58 +08 2026: Dashboard already running and serving requests
Sat 11 Jul 06:25:58 +08 2026: Dashboard already running and serving requests
Sat 11 Jul 06:30:59 +08 2026: Dashboard already running and serving requests
Sat 11 Jul 06:35:59 +08 2026: Dashboard already running and serving requests
Sat 11 Jul 06:40:59 +08 2026: Dashboard already running and serving requests
Sat 11 Jul 06:45:59 +08 2026: Dashboard already running and serving requests
Sat 11 Jul 06:50:59 +08 2026: Dashboard already running and serving requests
Sat 11 Jul 06:55:59 +08 2026: Dashboard already running and serving requests
Sat 11 Jul 07:00:59 +08 2026: Dashboard already running and serving requests
Sat 11 Jul 07:05:59 +08 2026: Dashboard already running and serving requests
Sat 11 Jul 07:10:59 +08 2026: Dashboard already running and serving requests
Sat 11 Jul 07:15:59 +08 2026: Dashboard already running and serving requests
Sat 11 Jul 07:20:59 +08 2026: Dashboard already running and serving requests
Sat 11 Jul 07:26:00 +08 2026: Dashboard already running and serving requests
Sat 11 Jul 07:30:00 +08 2026: Dashboard already running and serving requests
Sat 11 Jul 07:35:00 +08 2026: Dashboard already running and serving requests
Sat 11 Jul 07:40:00 +08 2026: Dashboard already running and serving requests
Sat 11 Jul 07:45:00 +08 2026: Dashboard already running and serving requests
Sat 11 Jul 07:50:00 +08 2026: Dashboard already running and serving requests
Sat 11 Jul 07:55:00 +08 2026: Dashboard already running and serving requests
Sat 11 Jul 08:00:00 +08 2026: Dashboard already running and serving requests
Sat 11 Jul 08:05:00 +08 2026: Dashboard already running and serving requests
Sat 11 Jul 08:10:00 +08 2026: Dashboard already running and serving requests
Sat 11 Jul 08:15:01 +08 2026: Dashboard already running and serving requests
Sat 11 Jul 08:20:01 +08 2026: Dashboard already running and serving requests
Sat 11 Jul 08:25:01 +08 2026: Dashboard already running and serving requests
Sat 11 Jul 08:30:01 +08 2026: Dashboard already running and serving requests
Sat 11 Jul 08:35:01 +08 2026: Dashboard already running and serving requests
Sat 11 Jul 08:40:01 +08 2026: Dashboard already running and serving requests
Sat 11 Jul 08:45:01 +08 2026: Dashboard already running and serving requests
Sat 11 Jul 08:50:01 +08 2026: Dashboard already running and serving requests
Sat 11 Jul 08:55:01 +08 2026: Dashboard already running and serving requests
Sat 11 Jul 09:00:01 +08 2026: Dashboard already running and serving requests
Sat 11 Jul 09:05:02 +08 2026: Dashboard already running and serving requests
Sat 11 Jul 09:10:02 +08 2026: Dashboard already running and serving requests
Sat 11 Jul 09:15:02 +08 2026: Dashboard already running and serving requests
Sat 11 Jul 09:20:02 +08 2026: Dashboard already running and serving requests
Sat 11 Jul 09:25:02 +08 2026: Dashboard already running and serving requests
Sat 11 Jul 09:30:02 +08 2026: Dashboard already running and serving requests
Sat 11 Jul 09:35:02 +08 2026: Dashboard already running and serving requests
Sat 11 Jul 09:40:02 +08 2026: Dashboard already running and serving requests
Sat 11 Jul 09:45:02 +08 2026: Dashboard already running and serving requests
Sat 11 Jul 09:50:02 +08 2026: Dashboard already running and serving requests
Sat 11 Jul 09:55:03 +08 2026: Dashboard already running and serving requests
Sat 11 Jul 10:00:03 +08 2026: Dashboard already running and serving requests
Mon 13 Jul 11:59:40 +08 2026: Starting Buffett Monitor dashboard (no process found)
Mon 13 Jul 12:01:11 +08 2026: Dashboard already running and serving requests
Mon 13 Jul 12:05:39 +08 2026: Dashboard already running and serving requests
Mon 13 Jul 12:10:39 +08 2026: Dashboard already running and serving requests
Mon 13 Jul 12:15:39 +08 2026: Dashboard already running and serving requests
Mon 13 Jul 12:20:39 +08 2026: Dashboard already running and serving requests
Mon 13 Jul 12:25:40 +08 2026: Dashboard already running and serving requests
Mon 13 Jul 12:30:40 +08 2026: Dashboard already running and serving requests
Mon 13 Jul 12:35:40 +08 2026: Dashboard already running and serving requests
Mon 13 Jul 12:35:40 +08 2026: Dashboard already running and serving requests
Mon 13 Jul 12:40:40 +08 2026: Dashboard already running and serving requests
Mon 13 Jul 12:40:40 +08 2026: Dashboard already running and serving requests
Mon 13 Jul 12:45:40 +08 2026: Dashboard already running and serving requests
Mon 13 Jul 12:45:40 +08 2026: Dashboard already running and serving requests
Mon 13 Jul 12:50:40 +08 2026: Dashboard already running and serving requests
Mon 13 Jul 12:50:40 +08 2026: Dashboard already running and serving requests
Mon 13 Jul 12:55:40 +08 2026: Dashboard already running and serving requests
Mon 13 Jul 12:55:40 +08 2026: Dashboard already running and serving requests
Mon 13 Jul 13:00:40 +08 2026: Dashboard already running and serving requests
Mon 13 Jul 13:00:40 +08 2026: Dashboard already running and serving requests
Mon 13 Jul 13:05:40 +08 2026: Dashboard already running and serving requests
Mon 13 Jul 13:05:40 +08 2026: Dashboard already running and serving requests
Mon 13 Jul 13:10:40 +08 2026: Dashboard already running and serving requests
Mon 13 Jul 13:10:40 +08 2026: Dashboard already running and serving requests
Mon 13 Jul 13:15:40 +08 2026: Dashboard already running and serving requests
Mon 13 Jul 13:15:40 +08 2026: Dashboard already running and serving requests
Mon 13 Jul 13:20:41 +08 2026: Dashboard already running and serving requests
Mon 13 Jul 13:20:41 +08 2026: Dashboard already running and serving requests
Mon 13 Jul 13:25:41 +08 2026: Dashboard already running and serving requests
Mon 13 Jul 13:25:41 +08 2026: Dashboard already running and serving requests
Mon 13 Jul 13:30:41 +08 2026: Dashboard already running and serving requests
Mon 13 Jul 13:30:41 +08 2026: Dashboard already running and serving requests
Mon 13 Jul 13:35:41 +08 2026: Dashboard already running and serving requests
Mon 13 Jul 13:35:41 +08 2026: Dashboard already running and serving requests
Mon 13 Jul 13:40:41 +08 2026: Dashboard already running and serving requests
Mon 13 Jul 13:40:41 +08 2026: Dashboard already running and serving requests
Mon 13 Jul 13:45:41 +08 2026: Dashboard already running and serving requests
Mon 13 Jul 13:45:41 +08 2026: Dashboard already running and serving requests
Mon 13 Jul 13:50:41 +08 2026: Dashboard already running and serving requests
Mon 13 Jul 13:50:41 +08 2026: Dashboard already running and serving requests
Mon 13 Jul 13:55:41 +08 2026: Dashboard already running and serving requests
Mon 13 Jul 13:55:41 +08 2026: Dashboard already running and serving requests
Mon 13 Jul 14:00:41 +08 2026: Dashboard already running and serving requests
Mon 13 Jul 14:00:41 +08 2026: Dashboard already running and serving requests
Mon 13 Jul 14:05:41 +08 2026: Dashboard already running and serving requests
Mon 13 Jul 14:05:41 +08 2026: Dashboard already running and serving requests
Mon 13 Jul 14:10:41 +08 2026: Dashboard already running and serving requests
Mon 13 Jul 14:10:41 +08 2026: Dashboard already running and serving requests
Mon 13 Jul 14:15:42 +08 2026: Dashboard already running and serving requests
Mon 13 Jul 14:15:42 +08 2026: Dashboard already running and serving requests
Mon 13 Jul 14:20:42 +08 2026: Dashboard already running and serving requests
Mon 13 Jul 14:20:42 +08 2026: Dashboard already running and serving requests
Mon 13 Jul 14:25:42 +08 2026: Dashboard already running and serving requests
Mon 13 Jul 14:25:42 +08 2026: Dashboard already running and serving requests
Mon 13 Jul 14:30:42 +08 2026: Dashboard already running and serving requests
Mon 13 Jul 14:30:42 +08 2026: Dashboard already running and serving requests
Mon 13 Jul 14:35:42 +08 2026: Dashboard already running and serving requests
Mon 13 Jul 14:35:42 +08 2026: Dashboard already running and serving requests
Mon 13 Jul 14:40:42 +08 2026: Dashboard already running and serving requests
Mon 13 Jul 14:40:42 +08 2026: Dashboard already running and serving requests
Mon 13 Jul 14:45:42 +08 2026: Dashboard already running and serving requests
Mon 13 Jul 14:45:42 +08 2026: Dashboard already running and serving requests
Mon 13 Jul 14:50:42 +08 2026: Dashboard already running and serving requests
Mon 13 Jul 14:50:42 +08 2026: Dashboard already running and serving requests
Mon 13 Jul 14:55:42 +08 2026: Dashboard already running and serving requests
Mon 13 Jul 14:55:42 +08 2026: Dashboard already running and serving requests
Mon 13 Jul 15:00:42 +08 2026: Dashboard already running and serving requests
Mon 13 Jul 15:00:42 +08 2026: Dashboard already running and serving requests
Mon 13 Jul 15:05:42 +08 2026: Dashboard already running and serving requests
Mon 13 Jul 15:05:42 +08 2026: Dashboard already running and serving requests
Mon 13 Jul 15:10:43 +08 2026: Dashboard already running and serving requests
Mon 13 Jul 15:10:43 +08 2026: Dashboard already running and serving requests
Mon 13 Jul 15:15:43 +08 2026: Dashboard already running and serving requests
Mon 13 Jul 15:15:43 +08 2026: Dashboard already running and serving requests
Mon 13 Jul 15:20:43 +08 2026: Dashboard already running and serving requests
Mon 13 Jul 15:20:43 +08 2026: Dashboard already running and serving requests
Mon 13 Jul 15:25:43 +08 2026: Dashboard already running and serving requests
Mon 13 Jul 15:25:43 +08 2026: Dashboard already running and serving requests
Mon 13 Jul 15:30:43 +08 2026: Dashboard already running and serving requests
Mon 13 Jul 15:30:43 +08 2026: Dashboard already running and serving requests
Mon 13 Jul 15:35:43 +08 2026: Dashboard already running and serving requests
Mon 13 Jul 15:35:43 +08 2026: Dashboard already running and serving requests
Mon 13 Jul 15:40:43 +08 2026: Dashboard already running and serving requests
Mon 13 Jul 15:40:43 +08 2026: Dashboard already running and serving requests
Mon 13 Jul 15:45:43 +08 2026: Dashboard already running and serving requests
Mon 13 Jul 15:45:43 +08 2026: Dashboard already running and serving requests
Mon 13 Jul 15:50:43 +08 2026: Dashboard already running and serving requests
Mon 13 Jul 15:50:43 +08 2026: Dashboard already running and serving requests
Mon 13 Jul 15:55:43 +08 2026: Dashboard already running and serving requests
Mon 13 Jul 15:55:43 +08 2026: Dashboard already running and serving requests
Mon 13 Jul 16:00:43 +08 2026: Dashboard already running and serving requests
Mon 13 Jul 16:00:43 +08 2026: Dashboard already running and serving requests
Mon 13 Jul 16:05:44 +08 2026: Dashboard already running and serving requests
Mon 13 Jul 16:05:44 +08 2026: Dashboard already running and serving requests
Mon 13 Jul 16:10:44 +08 2026: Dashboard already running and serving requests
Mon 13 Jul 16:10:44 +08 2026: Dashboard already running and serving requests
Mon 13 Jul 16:15:44 +08 2026: Dashboard already running and serving requests
Mon 13 Jul 16:15:44 +08 2026: Dashboard already running and serving requests
Mon 13 Jul 16:20:44 +08 2026: Dashboard already running and serving requests
Mon 13 Jul 16:20:44 +08 2026: Dashboard already running and serving requests
Mon 13 Jul 16:25:44 +08 2026: Dashboard already running and serving requests
Mon 13 Jul 16:25:44 +08 2026: Dashboard already running and serving requests
Mon 13 Jul 16:30:44 +08 2026: Dashboard already running and serving requests
Mon 13 Jul 16:30:44 +08 2026: Dashboard already running and serving requests
Mon 13 Jul 16:35:44 +08 2026: Dashboard already running and serving requests
Mon 13 Jul 16:35:44 +08 2026: Dashboard already running and serving requests
Mon 13 Jul 16:40:44 +08 2026: Dashboard already running and serving requests
Mon 13 Jul 16:40:44 +08 2026: Dashboard already running and serving requests
Mon 13 Jul 16:45:44 +08 2026: Dashboard already running and serving requests
Mon 13 Jul 16:45:44 +08 2026: Dashboard already running and serving requests
Mon 13 Jul 16:50:44 +08 2026: Dashboard already running and serving requests
Mon 13 Jul 16:50:44 +08 2026: Dashboard already running and serving requests
Mon 13 Jul 16:55:44 +08 2026: Dashboard already running and serving requests
Mon 13 Jul 16:55:44 +08 2026: Dashboard already running and serving requests
Mon 13 Jul 17:00:45 +08 2026: Dashboard already running and serving requests
Mon 13 Jul 17:00:45 +08 2026: Dashboard already running and serving requests
Mon 13 Jul 17:05:45 +08 2026: Dashboard already running and serving requests
Mon 13 Jul 17:05:45 +08 2026: Dashboard already running and serving requests
Mon 13 Jul 17:10:45 +08 2026: Dashboard already running and serving requests
Mon 13 Jul 17:10:45 +08 2026: Dashboard already running and serving requests
Mon 13 Jul 17:15:45 +08 2026: Dashboard already running and serving requests
Mon 13 Jul 17:15:45 +08 2026: Dashboard already running and serving requests
Mon 13 Jul 17:20:45 +08 2026: Dashboard already running and serving requests
Mon 13 Jul 17:20:45 +08 2026: Dashboard already running and serving requests
Mon 13 Jul 17:25:45 +08 2026: Dashboard already running and serving requests
Mon 13 Jul 17:25:45 +08 2026: Dashboard already running and serving requests
Mon 13 Jul 17:30:45 +08 2026: Dashboard already running and serving requests
Mon 13 Jul 17:30:45 +08 2026: Dashboard already running and serving requests
Mon 13 Jul 17:35:45 +08 2026: Dashboard already running and serving requests
Mon 13 Jul 17:35:45 +08 2026: Dashboard already running and serving requests
Mon 13 Jul 17:40:45 +08 2026: Dashboard already running and serving requests
Mon 13 Jul 17:40:45 +08 2026: Dashboard already running and serving requests
Mon 13 Jul 17:45:45 +08 2026: Dashboard already running and serving requests
Mon 13 Jul 17:45:45 +08 2026: Dashboard already running and serving requests
Mon 13 Jul 17:50:45 +08 2026: Dashboard already running and serving requests
Mon 13 Jul 17:50:45 +08 2026: Dashboard already running and serving requests
Mon 13 Jul 17:55:46 +08 2026: Dashboard already running and serving requests
Mon 13 Jul 17:55:46 +08 2026: Dashboard already running and serving requests
Mon 13 Jul 18:00:46 +08 2026: Dashboard already running and serving requests
Mon 13 Jul 18:00:46 +08 2026: Dashboard already running and serving requests
Mon 13 Jul 18:05:46 +08 2026: Dashboard already running and serving requests
Mon 13 Jul 18:05:46 +08 2026: Dashboard already running and serving requests
Mon 13 Jul 18:10:46 +08 2026: Dashboard already running and serving requests
Mon 13 Jul 18:10:46 +08 2026: Dashboard already running and serving requests
Mon 13 Jul 18:15:46 +08 2026: Dashboard already running and serving requests
Mon 13 Jul 18:15:46 +08 2026: Dashboard already running and serving requests
Mon 13 Jul 18:20:46 +08 2026: Dashboard already running and serving requests
Mon 13 Jul 18:20:46 +08 2026: Dashboard already running and serving requests
Mon 13 Jul 18:25:46 +08 2026: Dashboard already running and serving requests
Mon 13 Jul 18:25:46 +08 2026: Dashboard already running and serving requests
Mon 13 Jul 18:30:46 +08 2026: Dashboard already running and serving requests
Mon 13 Jul 18:30:46 +08 2026: Dashboard already running and serving requests
Mon 13 Jul 18:35:46 +08 2026: Dashboard already running and serving requests
Mon 13 Jul 18:35:46 +08 2026: Dashboard already running and serving requests
Mon 13 Jul 18:40:46 +08 2026: Dashboard already running and serving requests
Mon 13 Jul 18:40:46 +08 2026: Dashboard already running and serving requests
Mon 13 Jul 18:45:46 +08 2026: Dashboard already running and serving requests
Mon 13 Jul 18:45:46 +08 2026: Dashboard already running and serving requests
Mon 13 Jul 18:50:47 +08 2026: Dashboard already running and serving requests
Mon 13 Jul 18:50:47 +08 2026: Dashboard already running and serving requests
Mon 13 Jul 18:55:47 +08 2026: Dashboard already running and serving requests
Mon 13 Jul 18:55:47 +08 2026: Dashboard already running and serving requests
Mon 13 Jul 19:00:47 +08 2026: Dashboard already running and serving requests
Mon 13 Jul 19:00:47 +08 2026: Dashboard already running and serving requests
Mon 13 Jul 19:05:47 +08 2026: Dashboard already running and serving requests
Mon 13 Jul 19:05:47 +08 2026: Dashboard already running and serving requests
Mon 13 Jul 19:10:47 +08 2026: Dashboard already running and serving requests
Mon 13 Jul 19:10:47 +08 2026: Dashboard already running and serving requests
Mon 13 Jul 19:15:47 +08 2026: Dashboard already running and serving requests
Mon 13 Jul 19:15:47 +08 2026: Dashboard already running and serving requests
Mon 13 Jul 19:20:47 +08 2026: Dashboard already running and serving requests
Mon 13 Jul 19:20:47 +08 2026: Dashboard already running and serving requests
Mon 13 Jul 19:25:47 +08 2026: Dashboard already running and serving requests
Mon 13 Jul 19:25:47 +08 2026: Dashboard already running and serving requests
Mon 13 Jul 19:30:47 +08 2026: Dashboard already running and serving requests
Mon 13 Jul 19:30:47 +08 2026: Dashboard already running and serving requests
Mon 13 Jul 19:35:47 +08 2026: Dashboard already running and serving requests
Mon 13 Jul 19:35:47 +08 2026: Dashboard already running and serving requests
Mon 13 Jul 19:40:47 +08 2026: Dashboard already running and serving requests
Mon 13 Jul 19:40:47 +08 2026: Dashboard already running and serving requests
Mon 13 Jul 19:45:48 +08 2026: Dashboard already running and serving requests
Mon 13 Jul 19:45:48 +08 2026: Dashboard already running and serving requests
Mon 13 Jul 19:50:48 +08 2026: Dashboard already running and serving requests
Mon 13 Jul 19:50:48 +08 2026: Dashboard already running and serving requests
Mon 13 Jul 19:55:48 +08 2026: Dashboard already running and serving requests
Mon 13 Jul 19:55:48 +08 2026: Dashboard already running and serving requests
Mon 13 Jul 20:00:48 +08 2026: Dashboard already running and serving requests
Mon 13 Jul 20:00:48 +08 2026: Dashboard already running and serving requests
Mon 13 Jul 20:05:48 +08 2026: Dashboard already running and serving requests
Mon 13 Jul 20:05:48 +08 2026: Dashboard already running and serving requests
Mon 13 Jul 20:10:48 +08 2026: Dashboard already running and serving requests
Mon 13 Jul 20:10:48 +08 2026: Dashboard already running and serving requests
Mon 13 Jul 20:15:48 +08 2026: Dashboard already running and serving requests
Mon 13 Jul 20:15:48 +08 2026: Dashboard already running and serving requests
Mon 13 Jul 20:20:48 +08 2026: Dashboard already running and serving requests
Mon 13 Jul 20:20:48 +08 2026: Dashboard already running and serving requests
Mon 13 Jul 20:25:48 +08 2026: Dashboard already running and serving requests
Mon 13 Jul 20:25:48 +08 2026: Dashboard already running and serving requests
Mon 13 Jul 20:30:48 +08 2026: Dashboard already running and serving requests
Mon 13 Jul 20:30:48 +08 2026: Dashboard already running and serving requests
Mon 13 Jul 20:35:48 +08 2026: Dashboard already running and serving requests
Mon 13 Jul 20:35:48 +08 2026: Dashboard already running and serving requests
Mon 13 Jul 20:40:49 +08 2026: Dashboard already running and serving requests
Mon 13 Jul 20:40:49 +08 2026: Dashboard already running and serving requests
Mon 13 Jul 20:45:49 +08 2026: Dashboard already running and serving requests
Mon 13 Jul 20:45:49 +08 2026: Dashboard already running and serving requests
Mon 13 Jul 20:50:49 +08 2026: Dashboard already running and serving requests
Mon 13 Jul 20:50:49 +08 2026: Dashboard already running and serving requests
Mon 13 Jul 20:55:49 +08 2026: Dashboard already running and serving requests
Mon 13 Jul 20:55:49 +08 2026: Dashboard already running and serving requests
Mon 13 Jul 21:00:49 +08 2026: Dashboard already running and serving requests
Mon 13 Jul 21:00:49 +08 2026: Dashboard already running and serving requests
Mon 13 Jul 21:05:49 +08 2026: Dashboard already running and serving requests
Mon 13 Jul 21:05:49 +08 2026: Dashboard already running and serving requests
Mon 13 Jul 21:10:49 +08 2026: Dashboard already running and serving requests
Mon 13 Jul 21:10:49 +08 2026: Dashboard already running and serving requests
Mon 13 Jul 21:15:49 +08 2026: Dashboard already running and serving requests
Mon 13 Jul 21:15:49 +08 2026: Dashboard already running and serving requests
Mon 13 Jul 21:20:49 +08 2026: Dashboard already running and serving requests
Mon 13 Jul 21:20:49 +08 2026: Dashboard already running and serving requests
Mon 13 Jul 21:25:49 +08 2026: Dashboard already running and serving requests
Mon 13 Jul 21:25:49 +08 2026: Dashboard already running and serving requests
Mon 13 Jul 21:30:49 +08 2026: Dashboard already running and serving requests
Mon 13 Jul 21:30:49 +08 2026: Dashboard already running and serving requests
Mon 13 Jul 21:35:50 +08 2026: Dashboard already running and serving requests
Mon 13 Jul 21:35:50 +08 2026: Dashboard already running and serving requests
Mon 13 Jul 21:40:50 +08 2026: Dashboard already running and serving requests
Mon 13 Jul 21:40:50 +08 2026: Dashboard already running and serving requests
Mon 13 Jul 21:45:50 +08 2026: Dashboard already running and serving requests
Mon 13 Jul 21:45:50 +08 2026: Dashboard already running and serving requests
Mon 13 Jul 21:50:50 +08 2026: Dashboard already running and serving requests
Mon 13 Jul 21:50:50 +08 2026: Dashboard already running and serving requests
Mon 13 Jul 21:55:50 +08 2026: Dashboard already running and serving requests
Mon 13 Jul 21:55:50 +08 2026: Dashboard already running and serving requests
Mon 13 Jul 22:00:50 +08 2026: Dashboard already running and serving requests
Mon 13 Jul 22:00:50 +08 2026: Dashboard already running and serving requests
Mon 13 Jul 22:05:50 +08 2026: Dashboard already running and serving requests
Mon 13 Jul 22:05:50 +08 2026: Dashboard already running and serving requests
Mon 13 Jul 22:10:50 +08 2026: Dashboard already running and serving requests
Mon 13 Jul 22:10:50 +08 2026: Dashboard already running and serving requests
Mon 13 Jul 22:15:50 +08 2026: Dashboard already running and serving requests
Mon 13 Jul 22:15:50 +08 2026: Dashboard already running and serving requests
Mon 13 Jul 22:20:50 +08 2026: Dashboard already running and serving requests
Mon 13 Jul 22:20:50 +08 2026: Dashboard already running and serving requests
Mon 13 Jul 22:25:50 +08 2026: Dashboard already running and serving requests
Mon 13 Jul 22:25:50 +08 2026: Dashboard already running and serving requests
Mon 13 Jul 22:30:51 +08 2026: Dashboard already running and serving requests
Mon 13 Jul 22:30:51 +08 2026: Dashboard already running and serving requests
Mon 13 Jul 22:35:51 +08 2026: Dashboard already running and serving requests
Mon 13 Jul 22:35:51 +08 2026: Dashboard already running and serving requests
Mon 13 Jul 22:40:51 +08 2026: Dashboard already running and serving requests
Mon 13 Jul 22:40:51 +08 2026: Dashboard already running and serving requests
Mon 13 Jul 22:45:51 +08 2026: Dashboard already running and serving requests
Mon 13 Jul 22:45:51 +08 2026: Dashboard already running and serving requests
Mon 13 Jul 22:50:51 +08 2026: Dashboard already running and serving requests
Mon 13 Jul 22:50:51 +08 2026: Dashboard already running and serving requests
Mon 13 Jul 22:55:51 +08 2026: Dashboard already running and serving requests
Mon 13 Jul 22:55:51 +08 2026: Dashboard already running and serving requests
Mon 13 Jul 23:00:51 +08 2026: Dashboard already running and serving requests
Mon 13 Jul 23:00:51 +08 2026: Dashboard already running and serving requests
Mon 13 Jul 23:05:51 +08 2026: Dashboard already running and serving requests
Mon 13 Jul 23:05:51 +08 2026: Dashboard already running and serving requests
Mon 13 Jul 23:10:51 +08 2026: Dashboard already running and serving requests
Mon 13 Jul 23:10:51 +08 2026: Dashboard already running and serving requests
Mon 13 Jul 23:15:51 +08 2026: Dashboard already running and serving requests
Mon 13 Jul 23:15:51 +08 2026: Dashboard already running and serving requests
Mon 13 Jul 23:20:51 +08 2026: Dashboard already running and serving requests
Mon 13 Jul 23:20:51 +08 2026: Dashboard already running and serving requests
Mon 13 Jul 23:25:52 +08 2026: Dashboard already running and serving requests
Mon 13 Jul 23:25:52 +08 2026: Dashboard already running and serving requests
Mon 13 Jul 23:30:52 +08 2026: Dashboard already running and serving requests
Mon 13 Jul 23:30:52 +08 2026: Dashboard already running and serving requests
Mon 13 Jul 23:35:52 +08 2026: Dashboard already running and serving requests
Mon 13 Jul 23:35:52 +08 2026: Dashboard already running and serving requests
Mon 13 Jul 23:40:52 +08 2026: Dashboard already running and serving requests
Mon 13 Jul 23:40:52 +08 2026: Dashboard already running and serving requests
Mon 13 Jul 23:45:52 +08 2026: Dashboard already running and serving requests
Mon 13 Jul 23:45:52 +08 2026: Dashboard already running and serving requests
Mon 13 Jul 23:50:52 +08 2026: Dashboard already running and serving requests
Mon 13 Jul 23:50:52 +08 2026: Dashboard already running and serving requests
Mon 13 Jul 23:55:52 +08 2026: Dashboard already running and serving requests
Mon 13 Jul 23:55:52 +08 2026: Dashboard already running and serving requests
Tue 14 Jul 00:00:52 +08 2026: Dashboard already running and serving requests
Tue 14 Jul 00:00:52 +08 2026: Dashboard already running and serving requests
Tue 14 Jul 00:05:52 +08 2026: Dashboard already running and serving requests
Tue 14 Jul 00:05:52 +08 2026: Dashboard already running and serving requests
Tue 14 Jul 00:10:52 +08 2026: Dashboard already running and serving requests
Tue 14 Jul 00:10:52 +08 2026: Dashboard already running and serving requests
Tue 14 Jul 00:15:52 +08 2026: Dashboard already running and serving requests
Tue 14 Jul 00:15:52 +08 2026: Dashboard already running and serving requests
Tue 14 Jul 00:20:53 +08 2026: Dashboard already running and serving requests
Tue 14 Jul 00:20:53 +08 2026: Dashboard already running and serving requests
Tue 14 Jul 00:25:53 +08 2026: Dashboard already running and serving requests
Tue 14 Jul 00:25:53 +08 2026: Dashboard already running and serving requests
Tue 14 Jul 00:30:53 +08 2026: Dashboard already running and serving requests
Tue 14 Jul 00:30:53 +08 2026: Dashboard already running and serving requests
Tue 14 Jul 00:35:53 +08 2026: Dashboard already running and serving requests
Tue 14 Jul 00:35:53 +08 2026: Dashboard already running and serving requests
Tue 14 Jul 00:40:53 +08 2026: Dashboard already running and serving requests
Tue 14 Jul 00:40:53 +08 2026: Dashboard already running and serving requests
Tue 14 Jul 00:45:53 +08 2026: Dashboard already running and serving requests
Tue 14 Jul 00:45:53 +08 2026: Dashboard already running and serving requests
Tue 14 Jul 00:50:53 +08 2026: Dashboard already running and serving requests
Tue 14 Jul 00:50:53 +08 2026: Dashboard already running and serving requests
Tue 14 Jul 00:55:53 +08 2026: Dashboard already running and serving requests
Tue 14 Jul 00:55:53 +08 2026: Dashboard already running and serving requests
Tue 14 Jul 01:00:53 +08 2026: Dashboard already running and serving requests
Tue 14 Jul 01:00:53 +08 2026: Dashboard already running and serving requests
Tue 14 Jul 01:05:53 +08 2026: Dashboard already running and serving requests
Tue 14 Jul 01:05:53 +08 2026: Dashboard already running and serving requests
Tue 14 Jul 01:10:53 +08 2026: Dashboard already running and serving requests
Tue 14 Jul 01:10:53 +08 2026: Dashboard already running and serving requests
Tue 14 Jul 01:15:53 +08 2026: Dashboard already running and serving requests
Tue 14 Jul 01:15:53 +08 2026: Dashboard already running and serving requests
Tue 14 Jul 01:20:54 +08 2026: Dashboard already running and serving requests
Tue 14 Jul 01:20:54 +08 2026: Dashboard already running and serving requests
Tue 14 Jul 01:25:54 +08 2026: Dashboard already running and serving requests
Tue 14 Jul 01:25:54 +08 2026: Dashboard already running and serving requests
Tue 14 Jul 01:30:54 +08 2026: Dashboard already running and serving requests
Tue 14 Jul 01:30:54 +08 2026: Dashboard already running and serving requests
Tue 14 Jul 01:35:54 +08 2026: Dashboard already running and serving requests
Tue 14 Jul 01:35:54 +08 2026: Dashboard already running and serving requests
Tue 14 Jul 01:40:54 +08 2026: Dashboard already running and serving requests
Tue 14 Jul 01:40:54 +08 2026: Dashboard already running and serving requests
Tue 14 Jul 01:45:54 +08 2026: Dashboard already running and serving requests
Tue 14 Jul 01:45:54 +08 2026: Dashboard already running and serving requests
Tue 14 Jul 01:50:54 +08 2026: Dashboard already running and serving requests
Tue 14 Jul 01:50:54 +08 2026: Dashboard already running and serving requests
Tue 14 Jul 01:55:54 +08 2026: Dashboard already running and serving requests
Tue 14 Jul 01:55:54 +08 2026: Dashboard already running and serving requests
Tue 14 Jul 02:00:54 +08 2026: Dashboard already running and serving requests
Tue 14 Jul 02:00:54 +08 2026: Dashboard already running and serving requests
Tue 14 Jul 02:05:54 +08 2026: Dashboard already running and serving requests
Tue 14 Jul 02:05:54 +08 2026: Dashboard already running and serving requests
Tue 14 Jul 02:10:54 +08 2026: Dashboard already running and serving requests
Tue 14 Jul 02:10:54 +08 2026: Dashboard already running and serving requests
Tue 14 Jul 02:15:55 +08 2026: Dashboard already running and serving requests
Tue 14 Jul 02:15:55 +08 2026: Dashboard already running and serving requests
Tue 14 Jul 02:20:55 +08 2026: Dashboard already running and serving requests
Tue 14 Jul 02:20:55 +08 2026: Dashboard already running and serving requests
Tue 14 Jul 02:25:55 +08 2026: Dashboard already running and serving requests
Tue 14 Jul 02:25:55 +08 2026: Dashboard already running and serving requests
Tue 14 Jul 02:30:55 +08 2026: Dashboard already running and serving requests
Tue 14 Jul 02:30:55 +08 2026: Dashboard already running and serving requests
Tue 14 Jul 02:35:55 +08 2026: Dashboard already running and serving requests
Tue 14 Jul 02:35:55 +08 2026: Dashboard already running and serving requests
Tue 14 Jul 02:40:55 +08 2026: Dashboard already running and serving requests
Tue 14 Jul 02:40:55 +08 2026: Dashboard already running and serving requests
Tue 14 Jul 02:45:55 +08 2026: Dashboard already running and serving requests
Tue 14 Jul 02:45:55 +08 2026: Dashboard already running and serving requests
Tue 14 Jul 02:50:55 +08 2026: Dashboard already running and serving requests
Tue 14 Jul 02:50:55 +08 2026: Dashboard already running and serving requests
Tue 14 Jul 02:55:55 +08 2026: Dashboard already running and serving requests
Tue 14 Jul 02:55:55 +08 2026: Dashboard already running and serving requests
Tue 14 Jul 03:00:55 +08 2026: Dashboard already running and serving requests
Tue 14 Jul 03:00:55 +08 2026: Dashboard already running and serving requests
Tue 14 Jul 03:05:55 +08 2026: Dashboard already running and serving requests
Tue 14 Jul 03:05:55 +08 2026: Dashboard already running and serving requests
Tue 14 Jul 03:10:56 +08 2026: Dashboard already running and serving requests
Tue 14 Jul 03:10:56 +08 2026: Dashboard already running and serving requests
Tue 14 Jul 03:15:56 +08 2026: Dashboard already running and serving requests
Tue 14 Jul 03:15:56 +08 2026: Dashboard already running and serving requests
Tue 14 Jul 03:20:56 +08 2026: Dashboard already running and serving requests
Tue 14 Jul 03:20:56 +08 2026: Dashboard already running and serving requests
Tue 14 Jul 03:25:56 +08 2026: Dashboard already running and serving requests
Tue 14 Jul 03:25:56 +08 2026: Dashboard already running and serving requests
Tue 14 Jul 03:30:56 +08 2026: Dashboard already running and serving requests
Tue 14 Jul 03:30:56 +08 2026: Dashboard already running and serving requests
Tue 14 Jul 03:35:56 +08 2026: Dashboard already running and serving requests
Tue 14 Jul 03:35:56 +08 2026: Dashboard already running and serving requests
Tue 14 Jul 03:40:56 +08 2026: Dashboard already running and serving requests
Tue 14 Jul 03:40:56 +08 2026: Dashboard already running and serving requests
Tue 14 Jul 03:45:56 +08 2026: Dashboard already running and serving requests
Tue 14 Jul 03:45:56 +08 2026: Dashboard already running and serving requests
Tue 14 Jul 03:50:56 +08 2026: Dashboard already running and serving requests
Tue 14 Jul 03:50:56 +08 2026: Dashboard already running and serving requests
Tue 14 Jul 03:55:56 +08 2026: Dashboard already running and serving requests
Tue 14 Jul 03:55:56 +08 2026: Dashboard already running and serving requests
Tue 14 Jul 04:00:56 +08 2026: Dashboard already running and serving requests
Tue 14 Jul 04:00:56 +08 2026: Dashboard already running and serving requests
Tue 14 Jul 04:05:57 +08 2026: Dashboard already running and serving requests
Tue 14 Jul 04:05:57 +08 2026: Dashboard already running and serving requests
Tue 14 Jul 04:10:57 +08 2026: Dashboard already running and serving requests
Tue 14 Jul 04:10:57 +08 2026: Dashboard already running and serving requests
Tue 14 Jul 04:15:57 +08 2026: Dashboard already running and serving requests
Tue 14 Jul 04:15:57 +08 2026: Dashboard already running and serving requests
Tue 14 Jul 04:20:57 +08 2026: Dashboard already running and serving requests
Tue 14 Jul 04:20:57 +08 2026: Dashboard already running and serving requests
Tue 14 Jul 04:25:57 +08 2026: Dashboard already running and serving requests
Tue 14 Jul 04:25:57 +08 2026: Dashboard already running and serving requests
Tue 14 Jul 04:30:57 +08 2026: Dashboard already running and serving requests
Tue 14 Jul 04:30:57 +08 2026: Dashboard already running and serving requests
Tue 14 Jul 04:35:57 +08 2026: Dashboard already running and serving requests
Tue 14 Jul 04:35:57 +08 2026: Dashboard already running and serving requests
Tue 14 Jul 04:40:57 +08 2026: Dashboard already running and serving requests
Tue 14 Jul 04:40:57 +08 2026: Dashboard already running and serving requests
Tue 14 Jul 04:45:57 +08 2026: Dashboard already running and serving requests
Tue 14 Jul 04:45:57 +08 2026: Dashboard already running and serving requests
Tue 14 Jul 04:50:57 +08 2026: Dashboard already running and serving requests
Tue 14 Jul 04:50:57 +08 2026: Dashboard already running and serving requests
Tue 14 Jul 04:55:57 +08 2026: Dashboard already running and serving requests
Tue 14 Jul 04:55:57 +08 2026: Dashboard already running and serving requests
Tue 14 Jul 05:00:58 +08 2026: Dashboard already running and serving requests
Tue 14 Jul 05:00:58 +08 2026: Dashboard already running and serving requests
Tue 14 Jul 05:05:58 +08 2026: Dashboard already running and serving requests
Tue 14 Jul 05:05:58 +08 2026: Dashboard already running and serving requests
Tue 14 Jul 05:10:58 +08 2026: Dashboard already running and serving requests
Tue 14 Jul 05:10:58 +08 2026: Dashboard already running and serving requests
Tue 14 Jul 05:15:58 +08 2026: Dashboard already running and serving requests
Tue 14 Jul 05:15:58 +08 2026: Dashboard already running and serving requests
Tue 14 Jul 05:20:58 +08 2026: Dashboard already running and serving requests
Tue 14 Jul 05:20:58 +08 2026: Dashboard already running and serving requests
Tue 14 Jul 05:25:58 +08 2026: Dashboard already running and serving requests
Tue 14 Jul 05:25:58 +08 2026: Dashboard already running and serving requests
Tue 14 Jul 05:30:58 +08 2026: Dashboard already running and serving requests
Tue 14 Jul 05:30:58 +08 2026: Dashboard already running and serving requests
Tue 14 Jul 05:35:58 +08 2026: Dashboard already running and serving requests
Tue 14 Jul 05:35:58 +08 2026: Dashboard already running and serving requests
Tue 14 Jul 05:40:58 +08 2026: Dashboard already running and serving requests
Tue 14 Jul 05:40:58 +08 2026: Dashboard already running and serving requests
Tue 14 Jul 05:45:58 +08 2026: Dashboard already running and serving requests
Tue 14 Jul 05:45:58 +08 2026: Dashboard already running and serving requests
Tue 14 Jul 05:50:58 +08 2026: Dashboard already running and serving requests
Tue 14 Jul 05:50:58 +08 2026: Dashboard already running and serving requests
Tue 14 Jul 05:55:59 +08 2026: Dashboard already running and serving requests
Tue 14 Jul 05:55:59 +08 2026: Dashboard already running and serving requests
Tue 14 Jul 06:00:59 +08 2026: Dashboard already running and serving requests
Tue 14 Jul 06:00:59 +08 2026: Dashboard already running and serving requests
Tue 14 Jul 06:05:59 +08 2026: Dashboard already running and serving requests
Tue 14 Jul 06:05:59 +08 2026: Dashboard already running and serving requests
Tue 14 Jul 06:10:59 +08 2026: Dashboard already running and serving requests
Tue 14 Jul 06:10:59 +08 2026: Dashboard already running and serving requests
Tue 14 Jul 06:15:59 +08 2026: Dashboard already running and serving requests
Tue 14 Jul 06:15:59 +08 2026: Dashboard already running and serving requests
Tue 14 Jul 06:20:59 +08 2026: Dashboard already running and serving requests
Tue 14 Jul 06:20:59 +08 2026: Dashboard already running and serving requests
Tue 14 Jul 06:25:59 +08 2026: Dashboard already running and serving requests
Tue 14 Jul 06:25:59 +08 2026: Dashboard already running and serving requests
Tue 14 Jul 06:30:59 +08 2026: Dashboard already running and serving requests
Tue 14 Jul 06:30:59 +08 2026: Dashboard already running and serving requests
Tue 14 Jul 06:35:59 +08 2026: Dashboard already running and serving requests
Tue 14 Jul 06:35:59 +08 2026: Dashboard already running and serving requests
Tue 14 Jul 06:40:59 +08 2026: Dashboard already running and serving requests
Tue 14 Jul 06:40:59 +08 2026: Dashboard already running and serving requests
Tue 14 Jul 06:45:59 +08 2026: Dashboard already running and serving requests
Tue 14 Jul 06:45:59 +08 2026: Dashboard already running and serving requests
Tue 14 Jul 06:51:00 +08 2026: Dashboard already running and serving requests
Tue 14 Jul 06:51:00 +08 2026: Dashboard already running and serving requests
Tue 14 Jul 06:55:00 +08 2026: Dashboard already running and serving requests
Tue 14 Jul 06:55:00 +08 2026: Dashboard already running and serving requests
Tue 14 Jul 07:00:00 +08 2026: Dashboard already running and serving requests
Tue 14 Jul 07:00:00 +08 2026: Dashboard already running and serving requests
Tue 14 Jul 07:05:00 +08 2026: Dashboard already running and serving requests
Tue 14 Jul 07:05:00 +08 2026: Dashboard already running and serving requests
Tue 14 Jul 07:10:00 +08 2026: Dashboard already running and serving requests
Tue 14 Jul 07:10:00 +08 2026: Dashboard already running and serving requests
Tue 14 Jul 07:15:00 +08 2026: Dashboard already running and serving requests
Tue 14 Jul 07:15:00 +08 2026: Dashboard already running and serving requests
Tue 14 Jul 07:20:00 +08 2026: Dashboard already running and serving requests
Tue 14 Jul 07:20:00 +08 2026: Dashboard already running and serving requests
Tue 14 Jul 07:25:00 +08 2026: Dashboard already running and serving requests
Tue 14 Jul 07:25:00 +08 2026: Dashboard already running and serving requests
Tue 14 Jul 07:30:00 +08 2026: Dashboard already running and serving requests
Tue 14 Jul 07:30:00 +08 2026: Dashboard already running and serving requests
Tue 14 Jul 07:35:00 +08 2026: Dashboard already running and serving requests
Tue 14 Jul 07:35:00 +08 2026: Dashboard already running and serving requests
Tue 14 Jul 07:40:00 +08 2026: Dashboard already running and serving requests
Tue 14 Jul 07:40:00 +08 2026: Dashboard already running and serving requests
Tue 14 Jul 07:45:01 +08 2026: Dashboard already running and serving requests
Tue 14 Jul 07:45:01 +08 2026: Dashboard already running and serving requests
Tue 14 Jul 07:50:01 +08 2026: Dashboard already running and serving requests
Tue 14 Jul 07:50:01 +08 2026: Dashboard already running and serving requests
Tue 14 Jul 07:55:01 +08 2026: Dashboard already running and serving requests
Tue 14 Jul 07:55:01 +08 2026: Dashboard already running and serving requests
Tue 14 Jul 08:00:01 +08 2026: Dashboard already running and serving requests
Tue 14 Jul 08:00:01 +08 2026: Dashboard already running and serving requests
Tue 14 Jul 08:05:01 +08 2026: Dashboard already running and serving requests
Tue 14 Jul 08:05:01 +08 2026: Dashboard already running and serving requests
Tue 14 Jul 08:10:01 +08 2026: Dashboard already running and serving requests
Tue 14 Jul 08:10:01 +08 2026: Dashboard already running and serving requests
Tue 14 Jul 08:15:01 +08 2026: Dashboard already running and serving requests
Tue 14 Jul 08:15:01 +08 2026: Dashboard already running and serving requests
Tue 14 Jul 08:20:01 +08 2026: Dashboard already running and serving requests
Tue 14 Jul 08:20:01 +08 2026: Dashboard already running and serving requests
Tue 14 Jul 08:25:01 +08 2026: Dashboard already running and serving requests
Tue 14 Jul 08:25:01 +08 2026: Dashboard already running and serving requests
Tue 14 Jul 08:30:01 +08 2026: Dashboard already running and serving requests
Tue 14 Jul 08:30:01 +08 2026: Dashboard already running and serving requests
Tue 14 Jul 08:35:01 +08 2026: Dashboard already running and serving requests
Tue 14 Jul 08:35:01 +08 2026: Dashboard already running and serving requests
Tue 14 Jul 08:40:02 +08 2026: Dashboard already running and serving requests
Tue 14 Jul 08:40:02 +08 2026: Dashboard already running and serving requests
Tue 14 Jul 08:45:02 +08 2026: Dashboard already running and serving requests
Tue 14 Jul 08:45:02 +08 2026: Dashboard already running and serving requests
Tue 14 Jul 08:50:02 +08 2026: Dashboard already running and serving requests
Tue 14 Jul 08:50:02 +08 2026: Dashboard already running and serving requests
Tue 14 Jul 08:55:02 +08 2026: Dashboard already running and serving requests
Tue 14 Jul 08:55:02 +08 2026: Dashboard already running and serving requests
Tue 14 Jul 09:00:02 +08 2026: Dashboard already running and serving requests
Tue 14 Jul 09:00:02 +08 2026: Dashboard already running and serving requests
Tue 14 Jul 09:05:02 +08 2026: Dashboard already running and serving requests
Tue 14 Jul 09:05:02 +08 2026: Dashboard already running and serving requests
Tue 14 Jul 09:10:02 +08 2026: Dashboard already running and serving requests
Tue 14 Jul 09:10:02 +08 2026: Dashboard already running and serving requests
Tue 14 Jul 09:15:02 +08 2026: Dashboard already running and serving requests
Tue 14 Jul 09:15:02 +08 2026: Dashboard already running and serving requests
Tue 14 Jul 09:20:02 +08 2026: Dashboard already running and serving requests
Tue 14 Jul 09:20:02 +08 2026: Dashboard already running and serving requests
Tue 14 Jul 09:25:02 +08 2026: Dashboard already running and serving requests
Tue 14 Jul 09:25:02 +08 2026: Dashboard already running and serving requests
Tue 14 Jul 09:30:02 +08 2026: Dashboard already running and serving requests
Tue 14 Jul 09:30:02 +08 2026: Dashboard already running and serving requests
Tue 14 Jul 09:35:03 +08 2026: Dashboard already running and serving requests
Tue 14 Jul 09:35:03 +08 2026: Dashboard already running and serving requests
Tue 14 Jul 09:40:03 +08 2026: Dashboard already running and serving requests
Tue 14 Jul 09:40:03 +08 2026: Dashboard already running and serving requests
Tue 14 Jul 09:45:03 +08 2026: Dashboard already running and serving requests
Tue 14 Jul 09:45:03 +08 2026: Dashboard already running and serving requests
Tue 14 Jul 09:50:03 +08 2026: Dashboard already running and serving requests
Tue 14 Jul 09:50:03 +08 2026: Dashboard already running and serving requests
Tue 14 Jul 09:55:03 +08 2026: Dashboard already running and serving requests
Tue 14 Jul 09:55:03 +08 2026: Dashboard already running and serving requests
Tue 14 Jul 10:00:03 +08 2026: Dashboard already running and serving requests
Tue 14 Jul 10:00:03 +08 2026: Dashboard already running and serving requests
Tue 14 Jul 10:05:03 +08 2026: Dashboard already running and serving requests
Tue 14 Jul 10:05:03 +08 2026: Dashboard already running and serving requests
Tue 14 Jul 10:10:03 +08 2026: Dashboard already running and serving requests
Tue 14 Jul 10:10:03 +08 2026: Dashboard already running and serving requests
Tue 14 Jul 10:15:03 +08 2026: Dashboard already running and serving requests
Tue 14 Jul 10:15:03 +08 2026: Dashboard already running and serving requests
Tue 14 Jul 10:20:03 +08 2026: Dashboard already running and serving requests
Tue 14 Jul 10:20:03 +08 2026: Dashboard already running and serving requests
Tue 14 Jul 10:25:03 +08 2026: Dashboard already running and serving requests
Tue 14 Jul 10:25:03 +08 2026: Dashboard already running and serving requests
Tue 14 Jul 10:30:04 +08 2026: Dashboard already running and serving requests
Tue 14 Jul 10:30:04 +08 2026: Dashboard already running and serving requests
Tue 14 Jul 10:35:04 +08 2026: Dashboard already running and serving requests
Tue 14 Jul 10:35:04 +08 2026: Dashboard already running and serving requests
Tue 14 Jul 10:40:04 +08 2026: Dashboard already running and serving requests
Tue 14 Jul 10:40:04 +08 2026: Dashboard already running and serving requests
Tue 14 Jul 10:45:04 +08 2026: Dashboard already running and serving requests
Tue 14 Jul 10:45:04 +08 2026: Dashboard already running and serving requests
Tue 14 Jul 10:50:04 +08 2026: Dashboard already running and serving requests
Tue 14 Jul 10:50:04 +08 2026: Dashboard already running and serving requests
Tue 14 Jul 10:55:04 +08 2026: Dashboard already running and serving requests
Tue 14 Jul 10:55:04 +08 2026: Dashboard already running and serving requests
Tue 14 Jul 11:00:04 +08 2026: Dashboard already running and serving requests
Tue 14 Jul 11:00:04 +08 2026: Dashboard already running and serving requests
Tue 14 Jul 11:05:04 +08 2026: Dashboard already running and serving requests
Tue 14 Jul 11:05:04 +08 2026: Dashboard already running and serving requests
Tue 14 Jul 11:10:04 +08 2026: Dashboard already running and serving requests
Tue 14 Jul 11:10:04 +08 2026: Dashboard already running and serving requests
Tue 14 Jul 11:15:04 +08 2026: Dashboard already running and serving requests
Tue 14 Jul 11:15:04 +08 2026: Dashboard already running and serving requests
Tue 14 Jul 11:20:04 +08 2026: Dashboard already running and serving requests
Tue 14 Jul 11:20:04 +08 2026: Dashboard already running and serving requests
Tue 14 Jul 11:25:05 +08 2026: Dashboard already running and serving requests
Tue 14 Jul 11:25:05 +08 2026: Dashboard already running and serving requests
Tue 14 Jul 11:30:05 +08 2026: Dashboard already running and serving requests
Tue 14 Jul 11:30:05 +08 2026: Dashboard already running and serving requests
Tue 14 Jul 11:35:05 +08 2026: Dashboard already running and serving requests
Tue 14 Jul 11:35:05 +08 2026: Dashboard already running and serving requests
Tue 14 Jul 11:40:05 +08 2026: Dashboard already running and serving requests
Tue 14 Jul 11:40:05 +08 2026: Dashboard already running and serving requests
Tue 14 Jul 11:45:05 +08 2026: Dashboard already running and serving requests
Tue 14 Jul 11:45:05 +08 2026: Dashboard already running and serving requests
Tue 14 Jul 11:50:05 +08 2026: Dashboard already running and serving requests
Tue 14 Jul 11:50:05 +08 2026: Dashboard already running and serving requests
Tue 14 Jul 11:55:05 +08 2026: Dashboard already running and serving requests
Tue 14 Jul 11:55:05 +08 2026: Dashboard already running and serving requests
Tue 14 Jul 12:00:05 +08 2026: Dashboard already running and serving requests
Tue 14 Jul 12:00:05 +08 2026: Dashboard already running and serving requests
Tue 14 Jul 12:05:05 +08 2026: Dashboard already running and serving requests
Tue 14 Jul 12:05:05 +08 2026: Dashboard already running and serving requests
Tue 14 Jul 12:10:05 +08 2026: Dashboard already running and serving requests
Tue 14 Jul 12:10:05 +08 2026: Dashboard already running and serving requests
Tue 14 Jul 12:15:05 +08 2026: Dashboard already running and serving requests
Tue 14 Jul 12:15:05 +08 2026: Dashboard already running and serving requests
Tue 14 Jul 12:20:06 +08 2026: Dashboard already running and serving requests
Tue 14 Jul 12:20:06 +08 2026: Dashboard already running and serving requests
Tue 14 Jul 12:25:06 +08 2026: Dashboard already running and serving requests
Tue 14 Jul 12:25:06 +08 2026: Dashboard already running and serving requests
Tue 14 Jul 12:30:06 +08 2026: Dashboard already running and serving requests
Tue 14 Jul 12:30:06 +08 2026: Dashboard already running and serving requests
Tue 14 Jul 12:35:06 +08 2026: Dashboard already running and serving requests
Tue 14 Jul 12:35:06 +08 2026: Dashboard already running and serving requests
Tue 14 Jul 12:40:06 +08 2026: Dashboard already running and serving requests
Tue 14 Jul 12:40:06 +08 2026: Dashboard already running and serving requests
Tue 14 Jul 12:45:06 +08 2026: Dashboard already running and serving requests
Tue 14 Jul 12:45:06 +08 2026: Dashboard already running and serving requests
Tue 14 Jul 12:50:06 +08 2026: Dashboard already running and serving requests
Tue 14 Jul 12:50:06 +08 2026: Dashboard already running and serving requests
Tue 14 Jul 12:55:06 +08 2026: Dashboard already running and serving requests
Tue 14 Jul 12:55:06 +08 2026: Dashboard already running and serving requests
Tue 14 Jul 13:00:06 +08 2026: Dashboard already running and serving requests
Tue 14 Jul 13:00:06 +08 2026: Dashboard already running and serving requests
Tue 14 Jul 13:05:06 +08 2026: Dashboard already running and serving requests
Tue 14 Jul 13:05:06 +08 2026: Dashboard already running and serving requests
Tue 14 Jul 13:10:06 +08 2026: Dashboard already running and serving requests
Tue 14 Jul 13:10:06 +08 2026: Dashboard already running and serving requests
Tue 14 Jul 13:15:07 +08 2026: Dashboard already running and serving requests
Tue 14 Jul 13:15:07 +08 2026: Dashboard already running and serving requests
Tue 14 Jul 13:20:07 +08 2026: Dashboard already running and serving requests
Tue 14 Jul 13:20:07 +08 2026: Dashboard already running and serving requests
Tue 14 Jul 13:25:07 +08 2026: Dashboard already running and serving requests
Tue 14 Jul 13:25:07 +08 2026: Dashboard already running and serving requests
Tue 14 Jul 13:30:07 +08 2026: Dashboard already running and serving requests
Tue 14 Jul 13:30:07 +08 2026: Dashboard already running and serving requests
Tue 14 Jul 13:35:07 +08 2026: Dashboard already running and serving requests
Tue 14 Jul 13:35:07 +08 2026: Dashboard already running and serving requests
Tue 14 Jul 13:40:07 +08 2026: Dashboard already running and serving requests
Tue 14 Jul 13:40:07 +08 2026: Dashboard already running and serving requests
Tue 14 Jul 13:45:07 +08 2026: Dashboard already running and serving requests
Tue 14 Jul 13:45:07 +08 2026: Dashboard already running and serving requests
Tue 14 Jul 13:50:07 +08 2026: Dashboard already running and serving requests
Tue 14 Jul 13:50:07 +08 2026: Dashboard already running and serving requests
Tue 14 Jul 13:55:07 +08 2026: Dashboard already running and serving requests
Tue 14 Jul 13:55:07 +08 2026: Dashboard already running and serving requests
Tue 14 Jul 14:00:07 +08 2026: Dashboard already running and serving requests
Tue 14 Jul 14:00:07 +08 2026: Dashboard already running and serving requests
Tue 14 Jul 14:05:08 +08 2026: Dashboard already running and serving requests
Tue 14 Jul 14:05:08 +08 2026: Dashboard already running and serving requests
Tue 14 Jul 14:10:08 +08 2026: Dashboard already running and serving requests
Tue 14 Jul 14:10:08 +08 2026: Dashboard already running and serving requests
Tue 14 Jul 14:15:08 +08 2026: Dashboard already running and serving requests
Tue 14 Jul 14:15:08 +08 2026: Dashboard already running and serving requests
Tue 14 Jul 14:20:08 +08 2026: Dashboard already running and serving requests
Tue 14 Jul 14:20:08 +08 2026: Dashboard already running and serving requests
Tue 14 Jul 14:25:08 +08 2026: Dashboard already running and serving requests
Tue 14 Jul 14:25:08 +08 2026: Dashboard already running and serving requests
Tue 14 Jul 14:30:08 +08 2026: Dashboard already running and serving requests
Tue 14 Jul 14:30:08 +08 2026: Dashboard already running and serving requests
Tue 14 Jul 14:35:08 +08 2026: Dashboard already running and serving requests
Tue 14 Jul 14:35:08 +08 2026: Dashboard already running and serving requests
Tue 14 Jul 14:40:08 +08 2026: Dashboard already running and serving requests
Tue 14 Jul 14:40:08 +08 2026: Dashboard already running and serving requests
Tue 14 Jul 14:45:08 +08 2026: Dashboard already running and serving requests
Tue 14 Jul 14:45:08 +08 2026: Dashboard already running and serving requests
Tue 14 Jul 14:50:08 +08 2026: Dashboard already running and serving requests
Tue 14 Jul 14:50:08 +08 2026: Dashboard already running and serving requests
Tue 14 Jul 14:55:08 +08 2026: Dashboard already running and serving requests
Tue 14 Jul 14:55:08 +08 2026: Dashboard already running and serving requests
Tue 14 Jul 15:00:08 +08 2026: Dashboard already running and serving requests
Tue 14 Jul 15:00:08 +08 2026: Dashboard already running and serving requests
Tue 14 Jul 15:05:09 +08 2026: Dashboard already running and serving requests
Tue 14 Jul 15:05:09 +08 2026: Dashboard already running and serving requests
Tue 14 Jul 15:10:09 +08 2026: Dashboard already running and serving requests
Tue 14 Jul 15:10:09 +08 2026: Dashboard already running and serving requests
Tue 14 Jul 15:15:09 +08 2026: Dashboard already running and serving requests
Tue 14 Jul 15:15:09 +08 2026: Dashboard already running and serving requests
Tue 14 Jul 15:20:09 +08 2026: Dashboard already running and serving requests
Tue 14 Jul 15:20:09 +08 2026: Dashboard already running and serving requests
Tue 14 Jul 15:25:09 +08 2026: Dashboard already running and serving requests
Tue 14 Jul 15:25:09 +08 2026: Dashboard already running and serving requests
Tue 14 Jul 15:30:09 +08 2026: Dashboard already running and serving requests
Tue 14 Jul 15:30:09 +08 2026: Dashboard already running and serving requests
Tue 14 Jul 15:35:09 +08 2026: Dashboard already running and serving requests
Tue 14 Jul 15:35:09 +08 2026: Dashboard already running and serving requests
Tue 14 Jul 15:40:09 +08 2026: Dashboard already running and serving requests
Tue 14 Jul 15:40:09 +08 2026: Dashboard already running and serving requests
Tue 14 Jul 15:45:09 +08 2026: Dashboard already running and serving requests
Tue 14 Jul 15:45:09 +08 2026: Dashboard already running and serving requests
Tue 14 Jul 15:50:09 +08 2026: Dashboard already running and serving requests
Tue 14 Jul 15:50:09 +08 2026: Dashboard already running and serving requests
Tue 14 Jul 15:55:09 +08 2026: Dashboard already running and serving requests
Tue 14 Jul 15:55:09 +08 2026: Dashboard already running and serving requests
Tue 14 Jul 16:00:10 +08 2026: Dashboard already running and serving requests
Tue 14 Jul 16:00:10 +08 2026: Dashboard already running and serving requests
Tue 14 Jul 16:05:10 +08 2026: Dashboard already running and serving requests
Tue 14 Jul 16:05:10 +08 2026: Dashboard already running and serving requests
Tue 14 Jul 16:10:10 +08 2026: Dashboard already running and serving requests
Tue 14 Jul 16:10:10 +08 2026: Dashboard already running and serving requests
Tue 14 Jul 16:15:10 +08 2026: Dashboard already running and serving requests
Tue 14 Jul 16:15:10 +08 2026: Dashboard already running and serving requests
Tue 14 Jul 16:20:10 +08 2026: Dashboard already running and serving requests
Tue 14 Jul 16:20:10 +08 2026: Dashboard already running and serving requests
Tue 14 Jul 16:25:10 +08 2026: Dashboard already running and serving requests
Tue 14 Jul 16:25:10 +08 2026: Dashboard already running and serving requests
Tue 14 Jul 16:30:10 +08 2026: Dashboard already running and serving requests
Tue 14 Jul 16:30:10 +08 2026: Dashboard already running and serving requests
Tue 14 Jul 16:35:10 +08 2026: Dashboard already running and serving requests
Tue 14 Jul 16:35:10 +08 2026: Dashboard already running and serving requests
Tue 14 Jul 16:40:10 +08 2026: Dashboard already running and serving requests
Tue 14 Jul 16:40:10 +08 2026: Dashboard already running and serving requests
Tue 14 Jul 16:45:10 +08 2026: Dashboard already running and serving requests
Tue 14 Jul 16:45:10 +08 2026: Dashboard already running and serving requests
Tue 14 Jul 16:50:10 +08 2026: Dashboard already running and serving requests
Tue 14 Jul 16:50:10 +08 2026: Dashboard already running and serving requests
Tue 14 Jul 16:55:11 +08 2026: Dashboard already running and serving requests
Tue 14 Jul 16:55:11 +08 2026: Dashboard already running and serving requests
Tue 14 Jul 17:00:11 +08 2026: Dashboard already running and serving requests
Tue 14 Jul 17:00:11 +08 2026: Dashboard already running and serving requests
Tue 14 Jul 17:05:11 +08 2026: Dashboard already running and serving requests
Tue 14 Jul 17:05:11 +08 2026: Dashboard already running and serving requests
Tue 14 Jul 17:10:11 +08 2026: Dashboard already running and serving requests
Tue 14 Jul 17:10:11 +08 2026: Dashboard already running and serving requests
Tue 14 Jul 17:15:11 +08 2026: Dashboard already running and serving requests
Tue 14 Jul 17:15:11 +08 2026: Dashboard already running and serving requests
Tue 14 Jul 17:20:11 +08 2026: Dashboard already running and serving requests
Tue 14 Jul 17:20:11 +08 2026: Dashboard already running and serving requests
Tue 14 Jul 17:25:11 +08 2026: Dashboard already running and serving requests
Tue 14 Jul 17:25:11 +08 2026: Dashboard already running and serving requests
Tue 14 Jul 17:30:11 +08 2026: Dashboard already running and serving requests
Tue 14 Jul 17:30:11 +08 2026: Dashboard already running and serving requests
Tue 14 Jul 17:35:11 +08 2026: Dashboard already running and serving requests
Tue 14 Jul 17:35:11 +08 2026: Dashboard already running and serving requests
Tue 14 Jul 17:40:11 +08 2026: Dashboard already running and serving requests
Tue 14 Jul 17:40:11 +08 2026: Dashboard already running and serving requests
Tue 14 Jul 17:45:11 +08 2026: Dashboard already running and serving requests
Tue 14 Jul 17:45:11 +08 2026: Dashboard already running and serving requests
Tue 14 Jul 17:50:12 +08 2026: Dashboard already running and serving requests
Tue 14 Jul 17:50:12 +08 2026: Dashboard already running and serving requests
Tue 14 Jul 17:55:12 +08 2026: Dashboard already running and serving requests
Tue 14 Jul 17:55:12 +08 2026: Dashboard already running and serving requests
Tue 14 Jul 18:00:12 +08 2026: Dashboard already running and serving requests
Tue 14 Jul 18:00:12 +08 2026: Dashboard already running and serving requests
Tue 14 Jul 18:05:12 +08 2026: Dashboard already running and serving requests
Tue 14 Jul 18:05:12 +08 2026: Dashboard already running and serving requests
Tue 14 Jul 18:10:12 +08 2026: Dashboard already running and serving requests
Tue 14 Jul 18:10:12 +08 2026: Dashboard already running and serving requests
Tue 14 Jul 18:15:12 +08 2026: Dashboard already running and serving requests
Tue 14 Jul 18:15:12 +08 2026: Dashboard already running and serving requests
Tue 14 Jul 18:20:12 +08 2026: Dashboard already running and serving requests
Tue 14 Jul 18:20:12 +08 2026: Dashboard already running and serving requests
Tue 14 Jul 18:25:12 +08 2026: Dashboard already running and serving requests
Tue 14 Jul 18:25:12 +08 2026: Dashboard already running and serving requests
Tue 14 Jul 18:30:12 +08 2026: Dashboard already running and serving requests
Tue 14 Jul 18:30:12 +08 2026: Dashboard already running and serving requests
Tue 14 Jul 18:35:12 +08 2026: Dashboard already running and serving requests
Tue 14 Jul 18:35:12 +08 2026: Dashboard already running and serving requests
Tue 14 Jul 18:40:13 +08 2026: Dashboard already running and serving requests
Tue 14 Jul 18:40:13 +08 2026: Dashboard already running and serving requests
Tue 14 Jul 18:45:13 +08 2026: Dashboard already running and serving requests
Tue 14 Jul 18:45:13 +08 2026: Dashboard already running and serving requests
Tue 14 Jul 18:50:13 +08 2026: Dashboard already running and serving requests
Tue 14 Jul 18:50:13 +08 2026: Dashboard already running and serving requests
Tue 14 Jul 18:55:13 +08 2026: Dashboard already running and serving requests
Tue 14 Jul 18:55:13 +08 2026: Dashboard already running and serving requests
Tue 14 Jul 19:00:13 +08 2026: Dashboard already running and serving requests
Tue 14 Jul 19:00:13 +08 2026: Dashboard already running and serving requests
Tue 14 Jul 19:05:13 +08 2026: Dashboard already running and serving requests
Tue 14 Jul 19:05:13 +08 2026: Dashboard already running and serving requests
Tue 14 Jul 19:10:13 +08 2026: Dashboard already running and serving requests
Tue 14 Jul 19:10:13 +08 2026: Dashboard already running and serving requests
Tue 14 Jul 19:15:13 +08 2026: Dashboard already running and serving requests
Tue 14 Jul 19:15:13 +08 2026: Dashboard already running and serving requests
Tue 14 Jul 19:20:13 +08 2026: Dashboard already running and serving requests
Tue 14 Jul 19:20:13 +08 2026: Dashboard already running and serving requests
Tue 14 Jul 19:25:13 +08 2026: Dashboard already running and serving requests
Tue 14 Jul 19:25:13 +08 2026: Dashboard already running and serving requests
Tue 14 Jul 19:30:13 +08 2026: Dashboard already running and serving requests
Tue 14 Jul 19:30:13 +08 2026: Dashboard already running and serving requests
Tue 14 Jul 19:35:14 +08 2026: Dashboard already running and serving requests
Tue 14 Jul 19:35:14 +08 2026: Dashboard already running and serving requests
Tue 14 Jul 19:40:14 +08 2026: Dashboard already running and serving requests
Tue 14 Jul 19:40:14 +08 2026: Dashboard already running and serving requests
Tue 14 Jul 19:45:14 +08 2026: Dashboard already running and serving requests
Tue 14 Jul 19:45:14 +08 2026: Dashboard already running and serving requests
Tue 14 Jul 19:50:14 +08 2026: Dashboard already running and serving requests
Tue 14 Jul 19:50:14 +08 2026: Dashboard already running and serving requests
Tue 14 Jul 19:55:14 +08 2026: Dashboard already running and serving requests
Tue 14 Jul 19:55:14 +08 2026: Dashboard already running and serving requests
Tue 14 Jul 20:00:14 +08 2026: Dashboard already running and serving requests
Tue 14 Jul 20:00:14 +08 2026: Dashboard already running and serving requests
Tue 14 Jul 20:05:14 +08 2026: Dashboard already running and serving requests
Tue 14 Jul 20:05:14 +08 2026: Dashboard already running and serving requests
Tue 14 Jul 20:10:14 +08 2026: Dashboard already running and serving requests
Tue 14 Jul 20:10:14 +08 2026: Dashboard already running and serving requests
Tue 14 Jul 20:15:14 +08 2026: Dashboard already running and serving requests
Tue 14 Jul 20:15:14 +08 2026: Dashboard already running and serving requests
Tue 14 Jul 20:20:14 +08 2026: Dashboard already running and serving requests
Tue 14 Jul 20:20:14 +08 2026: Dashboard already running and serving requests
Tue 14 Jul 20:25:14 +08 2026: Dashboard already running and serving requests
Tue 14 Jul 20:25:14 +08 2026: Dashboard already running and serving requests
Tue 14 Jul 20:30:14 +08 2026: Dashboard already running and serving requests
Tue 14 Jul 20:30:14 +08 2026: Dashboard already running and serving requests
Tue 14 Jul 20:35:15 +08 2026: Dashboard already running and serving requests
Tue 14 Jul 20:35:15 +08 2026: Dashboard already running and serving requests
Tue 14 Jul 20:40:15 +08 2026: Dashboard already running and serving requests
Tue 14 Jul 20:40:15 +08 2026: Dashboard already running and serving requests
Tue 14 Jul 20:45:15 +08 2026: Dashboard already running and serving requests
Tue 14 Jul 20:45:15 +08 2026: Dashboard already running and serving requests
Tue 14 Jul 20:50:15 +08 2026: Dashboard already running and serving requests
Tue 14 Jul 20:50:15 +08 2026: Dashboard already running and serving requests
Tue 14 Jul 20:55:15 +08 2026: Dashboard already running and serving requests
Tue 14 Jul 20:55:15 +08 2026: Dashboard already running and serving requests
Tue 14 Jul 21:00:15 +08 2026: Dashboard already running and serving requests
Tue 14 Jul 21:00:15 +08 2026: Dashboard already running and serving requests
Tue 14 Jul 21:05:15 +08 2026: Dashboard already running and serving requests
Tue 14 Jul 21:05:15 +08 2026: Dashboard already running and serving requests
Tue 14 Jul 21:10:15 +08 2026: Dashboard already running and serving requests
Tue 14 Jul 21:10:15 +08 2026: Dashboard already running and serving requests
Tue 14 Jul 21:15:15 +08 2026: Dashboard already running and serving requests
Tue 14 Jul 21:15:15 +08 2026: Dashboard already running and serving requests
Tue 14 Jul 21:20:15 +08 2026: Dashboard already running and serving requests
Tue 14 Jul 21:20:15 +08 2026: Dashboard already running and serving requests
Tue 14 Jul 21:25:15 +08 2026: Dashboard already running and serving requests
Tue 14 Jul 21:25:15 +08 2026: Dashboard already running and serving requests
Tue 14 Jul 21:30:16 +08 2026: Dashboard already running and serving requests
Tue 14 Jul 21:30:16 +08 2026: Dashboard already running and serving requests
Tue 14 Jul 21:35:16 +08 2026: Dashboard already running and serving requests
Tue 14 Jul 21:35:16 +08 2026: Dashboard already running and serving requests
Tue 14 Jul 21:40:16 +08 2026: Dashboard already running and serving requests
Tue 14 Jul 21:40:16 +08 2026: Dashboard already running and serving requests
Tue 14 Jul 21:45:16 +08 2026: Dashboard already running and serving requests
Tue 14 Jul 21:45:16 +08 2026: Dashboard already running and serving requests
Tue 14 Jul 21:50:16 +08 2026: Dashboard already running and serving requests
Tue 14 Jul 21:50:16 +08 2026: Dashboard already running and serving requests
Tue 14 Jul 21:55:16 +08 2026: Dashboard already running and serving requests
Tue 14 Jul 21:55:16 +08 2026: Dashboard already running and serving requests
Tue 14 Jul 22:00:16 +08 2026: Dashboard already running and serving requests
Tue 14 Jul 22:00:16 +08 2026: Dashboard already running and serving requests
Tue 14 Jul 22:05:16 +08 2026: Dashboard already running and serving requests
Tue 14 Jul 22:05:16 +08 2026: Dashboard already running and serving requests
Tue 14 Jul 22:10:16 +08 2026: Dashboard already running and serving requests
Tue 14 Jul 22:10:16 +08 2026: Dashboard already running and serving requests
Tue 14 Jul 22:15:16 +08 2026: Dashboard already running and serving requests
Tue 14 Jul 22:15:16 +08 2026: Dashboard already running and serving requests
Tue 14 Jul 22:20:17 +08 2026: Dashboard already running and serving requests
Tue 14 Jul 22:20:17 +08 2026: Dashboard already running and serving requests
Tue 14 Jul 22:25:17 +08 2026: Dashboard already running and serving requests
Tue 14 Jul 22:25:17 +08 2026: Dashboard already running and serving requests
Tue 14 Jul 22:30:17 +08 2026: Dashboard already running and serving requests
Tue 14 Jul 22:30:17 +08 2026: Dashboard already running and serving requests
Tue 14 Jul 22:35:17 +08 2026: Dashboard already running and serving requests
Tue 14 Jul 22:35:17 +08 2026: Dashboard already running and serving requests
Tue 14 Jul 22:40:17 +08 2026: Dashboard already running and serving requests
Tue 14 Jul 22:40:17 +08 2026: Dashboard already running and serving requests
Tue 14 Jul 22:45:17 +08 2026: Dashboard already running and serving requests
Tue 14 Jul 22:45:17 +08 2026: Dashboard already running and serving requests
Tue 14 Jul 22:50:17 +08 2026: Dashboard already running and serving requests
Tue 14 Jul 22:50:17 +08 2026: Dashboard already running and serving requests
Tue 14 Jul 22:55:17 +08 2026: Dashboard already running and serving requests
Tue 14 Jul 22:55:17 +08 2026: Dashboard already running and serving requests
Tue 14 Jul 23:00:17 +08 2026: Dashboard already running and serving requests
Tue 14 Jul 23:00:17 +08 2026: Dashboard already running and serving requests
Tue 14 Jul 23:05:17 +08 2026: Dashboard already running and serving requests
Tue 14 Jul 23:05:17 +08 2026: Dashboard already running and serving requests
Tue 14 Jul 23:10:17 +08 2026: Dashboard already running and serving requests
Tue 14 Jul 23:10:17 +08 2026: Dashboard already running and serving requests
Tue 14 Jul 23:15:18 +08 2026: Dashboard already running and serving requests
Tue 14 Jul 23:15:18 +08 2026: Dashboard already running and serving requests
Tue 14 Jul 23:20:18 +08 2026: Dashboard already running and serving requests
Tue 14 Jul 23:20:18 +08 2026: Dashboard already running and serving requests
Tue 14 Jul 23:25:18 +08 2026: Dashboard already running and serving requests
Tue 14 Jul 23:25:18 +08 2026: Dashboard already running and serving requests
Tue 14 Jul 23:30:18 +08 2026: Dashboard already running and serving requests
Tue 14 Jul 23:30:18 +08 2026: Dashboard already running and serving requests
Tue 14 Jul 23:35:18 +08 2026: Dashboard already running and serving requests
Tue 14 Jul 23:35:18 +08 2026: Dashboard already running and serving requests
Tue 14 Jul 23:40:18 +08 2026: Dashboard already running and serving requests
Tue 14 Jul 23:40:18 +08 2026: Dashboard already running and serving requests
Tue 14 Jul 23:45:18 +08 2026: Dashboard already running and serving requests
Tue 14 Jul 23:45:18 +08 2026: Dashboard already running and serving requests
Tue 14 Jul 23:50:18 +08 2026: Dashboard already running and serving requests
Tue 14 Jul 23:50:18 +08 2026: Dashboard already running and serving requests
Tue 14 Jul 23:55:18 +08 2026: Dashboard already running and serving requests
Tue 14 Jul 23:55:18 +08 2026: Dashboard already running and serving requests
Wed 15 Jul 00:00:18 +08 2026: Dashboard already running and serving requests
Wed 15 Jul 00:00:18 +08 2026: Dashboard already running and serving requests
Wed 15 Jul 00:05:18 +08 2026: Dashboard already running and serving requests
Wed 15 Jul 00:05:18 +08 2026: Dashboard already running and serving requests
Wed 15 Jul 00:10:19 +08 2026: Dashboard already running and serving requests
Wed 15 Jul 00:10:19 +08 2026: Dashboard already running and serving requests
Wed 15 Jul 00:15:19 +08 2026: Dashboard already running and serving requests
Wed 15 Jul 00:15:19 +08 2026: Dashboard already running and serving requests
Wed 15 Jul 00:20:19 +08 2026: Dashboard already running and serving requests
Wed 15 Jul 00:20:19 +08 2026: Dashboard already running and serving requests
Wed 15 Jul 00:25:19 +08 2026: Dashboard already running and serving requests
Wed 15 Jul 00:25:19 +08 2026: Dashboard already running and serving requests
Wed 15 Jul 00:30:19 +08 2026: Dashboard already running and serving requests
Wed 15 Jul 00:30:19 +08 2026: Dashboard already running and serving requests
Wed 15 Jul 00:35:19 +08 2026: Dashboard already running and serving requests
Wed 15 Jul 00:35:19 +08 2026: Dashboard already running and serving requests
Wed 15 Jul 00:40:19 +08 2026: Dashboard already running and serving requests
Wed 15 Jul 00:40:19 +08 2026: Dashboard already running and serving requests
Wed 15 Jul 00:45:19 +08 2026: Dashboard already running and serving requests
Wed 15 Jul 00:45:19 +08 2026: Dashboard already running and serving requests
Wed 15 Jul 00:50:19 +08 2026: Dashboard already running and serving requests
Wed 15 Jul 00:50:19 +08 2026: Dashboard already running and serving requests
Wed 15 Jul 00:55:19 +08 2026: Dashboard already running and serving requests
Wed 15 Jul 00:55:19 +08 2026: Dashboard already running and serving requests
Wed 15 Jul 01:00:19 +08 2026: Dashboard already running and serving requests
Wed 15 Jul 01:00:19 +08 2026: Dashboard already running and serving requests
Wed 15 Jul 01:05:20 +08 2026: Dashboard already running and serving requests
Wed 15 Jul 01:05:20 +08 2026: Dashboard already running and serving requests
Wed 15 Jul 01:10:20 +08 2026: Dashboard already running and serving requests
Wed 15 Jul 01:10:20 +08 2026: Dashboard already running and serving requests
Wed 15 Jul 01:15:20 +08 2026: Dashboard already running and serving requests
Wed 15 Jul 01:15:20 +08 2026: Dashboard already running and serving requests
Wed 15 Jul 01:20:20 +08 2026: Dashboard already running and serving requests
Wed 15 Jul 01:20:20 +08 2026: Dashboard already running and serving requests
Wed 15 Jul 01:25:20 +08 2026: Dashboard already running and serving requests
Wed 15 Jul 01:25:20 +08 2026: Dashboard already running and serving requests
Wed 15 Jul 01:30:20 +08 2026: Dashboard already running and serving requests
Wed 15 Jul 01:30:20 +08 2026: Dashboard already running and serving requests
Wed 15 Jul 01:35:20 +08 2026: Dashboard already running and serving requests
Wed 15 Jul 01:35:20 +08 2026: Dashboard already running and serving requests
Wed 15 Jul 01:40:20 +08 2026: Dashboard already running and serving requests
Wed 15 Jul 01:40:20 +08 2026: Dashboard already running and serving requests
Wed 15 Jul 01:45:20 +08 2026: Dashboard already running and serving requests
Wed 15 Jul 01:45:20 +08 2026: Dashboard already running and serving requests
Wed 15 Jul 01:50:20 +08 2026: Dashboard already running and serving requests
Wed 15 Jul 01:50:20 +08 2026: Dashboard already running and serving requests
Wed 15 Jul 01:55:20 +08 2026: Dashboard already running and serving requests
Wed 15 Jul 01:55:20 +08 2026: Dashboard already running and serving requests
Wed 15 Jul 02:00:21 +08 2026: Dashboard already running and serving requests
Wed 15 Jul 02:00:21 +08 2026: Dashboard already running and serving requests
Wed 15 Jul 02:05:21 +08 2026: Dashboard already running and serving requests
Wed 15 Jul 02:05:21 +08 2026: Dashboard already running and serving requests
Wed 15 Jul 02:10:21 +08 2026: Dashboard already running and serving requests
Wed 15 Jul 02:10:21 +08 2026: Dashboard already running and serving requests
Wed 15 Jul 02:15:21 +08 2026: Dashboard already running and serving requests
Wed 15 Jul 02:15:21 +08 2026: Dashboard already running and serving requests
Wed 15 Jul 02:20:21 +08 2026: Dashboard already running and serving requests
Wed 15 Jul 02:20:21 +08 2026: Dashboard already running and serving requests
Wed 15 Jul 02:25:21 +08 2026: Dashboard already running and serving requests
Wed 15 Jul 02:25:21 +08 2026: Dashboard already running and serving requests
Wed 15 Jul 02:30:21 +08 2026: Dashboard already running and serving requests
Wed 15 Jul 02:30:21 +08 2026: Dashboard already running and serving requests
Wed 15 Jul 02:35:21 +08 2026: Dashboard already running and serving requests
Wed 15 Jul 02:35:21 +08 2026: Dashboard already running and serving requests
Wed 15 Jul 02:40:21 +08 2026: Dashboard already running and serving requests
Wed 15 Jul 02:40:21 +08 2026: Dashboard already running and serving requests
Wed 15 Jul 02:45:21 +08 2026: Dashboard already running and serving requests
Wed 15 Jul 02:45:21 +08 2026: Dashboard already running and serving requests
Wed 15 Jul 02:50:21 +08 2026: Dashboard already running and serving requests
Wed 15 Jul 02:50:21 +08 2026: Dashboard already running and serving requests
Wed 15 Jul 02:55:22 +08 2026: Dashboard already running and serving requests
Wed 15 Jul 02:55:22 +08 2026: Dashboard already running and serving requests
Wed 15 Jul 03:00:22 +08 2026: Dashboard already running and serving requests
Wed 15 Jul 03:00:22 +08 2026: Dashboard already running and serving requests
Wed 15 Jul 03:05:22 +08 2026: Dashboard already running and serving requests
Wed 15 Jul 03:05:22 +08 2026: Dashboard already running and serving requests
Wed 15 Jul 03:10:22 +08 2026: Dashboard already running and serving requests
Wed 15 Jul 03:10:22 +08 2026: Dashboard already running and serving requests
Wed 15 Jul 03:15:22 +08 2026: Dashboard already running and serving requests
Wed 15 Jul 03:15:22 +08 2026: Dashboard already running and serving requests
Wed 15 Jul 03:20:22 +08 2026: Dashboard already running and serving requests
Wed 15 Jul 03:20:22 +08 2026: Dashboard already running and serving requests
Wed 15 Jul 03:25:22 +08 2026: Dashboard already running and serving requests
Wed 15 Jul 03:25:22 +08 2026: Dashboard already running and serving requests
Wed 15 Jul 03:30:22 +08 2026: Dashboard already running and serving requests
Wed 15 Jul 03:30:22 +08 2026: Dashboard already running and serving requests
Wed 15 Jul 03:35:22 +08 2026: Dashboard already running and serving requests
Wed 15 Jul 03:35:22 +08 2026: Dashboard already running and serving requests
Wed 15 Jul 03:40:22 +08 2026: Dashboard already running and serving requests
Wed 15 Jul 03:40:22 +08 2026: Dashboard already running and serving requests
Wed 15 Jul 03:45:22 +08 2026: Dashboard already running and serving requests
Wed 15 Jul 03:45:22 +08 2026: Dashboard already running and serving requests
Wed 15 Jul 03:50:23 +08 2026: Dashboard already running and serving requests
Wed 15 Jul 03:50:23 +08 2026: Dashboard already running and serving requests
Wed 15 Jul 03:55:23 +08 2026: Dashboard already running and serving requests
Wed 15 Jul 03:55:23 +08 2026: Dashboard already running and serving requests
Wed 15 Jul 04:00:23 +08 2026: Dashboard already running and serving requests
Wed 15 Jul 04:00:23 +08 2026: Dashboard already running and serving requests
Wed 15 Jul 04:05:23 +08 2026: Dashboard already running and serving requests
Wed 15 Jul 04:05:23 +08 2026: Dashboard already running and serving requests
Wed 15 Jul 04:10:23 +08 2026: Dashboard already running and serving requests
Wed 15 Jul 04:10:23 +08 2026: Dashboard already running and serving requests
Wed 15 Jul 04:15:23 +08 2026: Dashboard already running and serving requests
Wed 15 Jul 04:15:23 +08 2026: Dashboard already running and serving requests
Wed 15 Jul 04:20:23 +08 2026: Dashboard already running and serving requests
Wed 15 Jul 04:20:23 +08 2026: Dashboard already running and serving requests
Wed 15 Jul 04:25:23 +08 2026: Dashboard already running and serving requests
Wed 15 Jul 04:25:23 +08 2026: Dashboard already running and serving requests
Wed 15 Jul 04:30:23 +08 2026: Dashboard already running and serving requests
Wed 15 Jul 04:30:23 +08 2026: Dashboard already running and serving requests
Wed 15 Jul 04:35:23 +08 2026: Dashboard already running and serving requests
Wed 15 Jul 04:35:23 +08 2026: Dashboard already running and serving requests
Wed 15 Jul 04:40:23 +08 2026: Dashboard already running and serving requests
Wed 15 Jul 04:40:23 +08 2026: Dashboard already running and serving requests
Wed 15 Jul 04:45:24 +08 2026: Dashboard already running and serving requests
Wed 15 Jul 04:45:24 +08 2026: Dashboard already running and serving requests
Wed 15 Jul 04:50:24 +08 2026: Dashboard already running and serving requests
Wed 15 Jul 04:50:24 +08 2026: Dashboard already running and serving requests
Wed 15 Jul 04:55:24 +08 2026: Dashboard already running and serving requests
Wed 15 Jul 04:55:24 +08 2026: Dashboard already running and serving requests
Wed 15 Jul 05:00:24 +08 2026: Dashboard already running and serving requests
Wed 15 Jul 05:00:24 +08 2026: Dashboard already running and serving requests
Wed 15 Jul 05:05:24 +08 2026: Dashboard already running and serving requests
Wed 15 Jul 05:05:24 +08 2026: Dashboard already running and serving requests
Wed 15 Jul 05:10:24 +08 2026: Dashboard already running and serving requests
Wed 15 Jul 05:10:24 +08 2026: Dashboard already running and serving requests
Wed 15 Jul 05:15:24 +08 2026: Dashboard already running and serving requests
Wed 15 Jul 05:15:24 +08 2026: Dashboard already running and serving requests
Wed 15 Jul 05:20:24 +08 2026: Dashboard already running and serving requests
Wed 15 Jul 05:20:24 +08 2026: Dashboard already running and serving requests
Wed 15 Jul 05:25:24 +08 2026: Dashboard already running and serving requests
Wed 15 Jul 05:25:24 +08 2026: Dashboard already running and serving requests
Wed 15 Jul 05:30:24 +08 2026: Dashboard already running and serving requests
Wed 15 Jul 05:30:24 +08 2026: Dashboard already running and serving requests
Wed 15 Jul 05:35:24 +08 2026: Dashboard already running and serving requests
Wed 15 Jul 05:35:24 +08 2026: Dashboard already running and serving requests
Wed 15 Jul 05:40:25 +08 2026: Dashboard already running and serving requests
Wed 15 Jul 05:40:25 +08 2026: Dashboard already running and serving requests
Wed 15 Jul 05:45:25 +08 2026: Dashboard already running and serving requests
Wed 15 Jul 05:45:25 +08 2026: Dashboard already running and serving requests
Wed 15 Jul 05:50:25 +08 2026: Dashboard already running and serving requests
Wed 15 Jul 05:50:25 +08 2026: Dashboard already running and serving requests
Wed 15 Jul 05:55:25 +08 2026: Dashboard already running and serving requests
Wed 15 Jul 05:55:25 +08 2026: Dashboard already running and serving requests
Wed 15 Jul 06:00:25 +08 2026: Dashboard already running and serving requests
Wed 15 Jul 06:00:25 +08 2026: Dashboard already running and serving requests
Wed 15 Jul 06:05:25 +08 2026: Dashboard already running and serving requests
Wed 15 Jul 06:05:25 +08 2026: Dashboard already running and serving requests
Wed 15 Jul 06:10:25 +08 2026: Dashboard already running and serving requests
Wed 15 Jul 06:10:25 +08 2026: Dashboard already running and serving requests
Wed 15 Jul 06:15:25 +08 2026: Dashboard already running and serving requests
Wed 15 Jul 06:15:25 +08 2026: Dashboard already running and serving requests
Wed 15 Jul 06:20:25 +08 2026: Dashboard already running and serving requests
Wed 15 Jul 06:20:25 +08 2026: Dashboard already running and serving requests
Wed 15 Jul 06:25:25 +08 2026: Dashboard already running and serving requests
Wed 15 Jul 06:25:25 +08 2026: Dashboard already running and serving requests
Wed 15 Jul 06:30:25 +08 2026: Dashboard already running and serving requests
Wed 15 Jul 06:30:25 +08 2026: Dashboard already running and serving requests
Wed 15 Jul 06:35:26 +08 2026: Dashboard already running and serving requests
Wed 15 Jul 06:35:26 +08 2026: Dashboard already running and serving requests
Wed 15 Jul 06:40:26 +08 2026: Dashboard already running and serving requests
Wed 15 Jul 06:40:26 +08 2026: Dashboard already running and serving requests
Wed 15 Jul 06:45:26 +08 2026: Dashboard already running and serving requests
Wed 15 Jul 06:45:26 +08 2026: Dashboard already running and serving requests
Wed 15 Jul 06:50:26 +08 2026: Dashboard already running and serving requests
Wed 15 Jul 06:50:26 +08 2026: Dashboard already running and serving requests
Wed 15 Jul 06:55:26 +08 2026: Dashboard already running and serving requests
Wed 15 Jul 06:55:26 +08 2026: Dashboard already running and serving requests
Wed 15 Jul 07:00:26 +08 2026: Dashboard already running and serving requests
Wed 15 Jul 07:00:26 +08 2026: Dashboard already running and serving requests
Wed 15 Jul 07:05:26 +08 2026: Dashboard already running and serving requests
Wed 15 Jul 07:05:26 +08 2026: Dashboard already running and serving requests
Wed 15 Jul 07:10:26 +08 2026: Dashboard already running and serving requests
Wed 15 Jul 07:10:26 +08 2026: Dashboard already running and serving requests
Wed 15 Jul 07:15:26 +08 2026: Dashboard already running and serving requests
Wed 15 Jul 07:15:26 +08 2026: Dashboard already running and serving requests
Wed 15 Jul 07:20:26 +08 2026: Dashboard already running and serving requests
Wed 15 Jul 07:20:26 +08 2026: Dashboard already running and serving requests
Wed 15 Jul 07:25:26 +08 2026: Dashboard already running and serving requests
Wed 15 Jul 07:25:26 +08 2026: Dashboard already running and serving requests
Wed 15 Jul 07:30:27 +08 2026: Dashboard already running and serving requests
Wed 15 Jul 07:30:27 +08 2026: Dashboard already running and serving requests
Wed 15 Jul 07:35:27 +08 2026: Dashboard already running and serving requests
Wed 15 Jul 07:35:27 +08 2026: Dashboard already running and serving requests
Wed 15 Jul 07:40:27 +08 2026: Dashboard already running and serving requests
Wed 15 Jul 07:40:27 +08 2026: Dashboard already running and serving requests
Wed 15 Jul 07:45:27 +08 2026: Dashboard already running and serving requests
Wed 15 Jul 07:45:27 +08 2026: Dashboard already running and serving requests
Wed 15 Jul 07:50:27 +08 2026: Dashboard already running and serving requests
Wed 15 Jul 07:50:27 +08 2026: Dashboard already running and serving requests
Wed 15 Jul 07:55:27 +08 2026: Dashboard already running and serving requests
Wed 15 Jul 07:55:27 +08 2026: Dashboard already running and serving requests
Wed 15 Jul 08:00:27 +08 2026: Dashboard already running and serving requests
Wed 15 Jul 08:00:27 +08 2026: Dashboard already running and serving requests
Wed 15 Jul 08:05:27 +08 2026: Dashboard already running and serving requests
Wed 15 Jul 08:05:27 +08 2026: Dashboard already running and serving requests
Wed 15 Jul 08:10:27 +08 2026: Dashboard already running and serving requests
Wed 15 Jul 08:10:27 +08 2026: Dashboard already running and serving requests
Wed 15 Jul 08:15:27 +08 2026: Dashboard already running and serving requests
Wed 15 Jul 08:15:27 +08 2026: Dashboard already running and serving requests
Wed 15 Jul 08:20:27 +08 2026: Dashboard already running and serving requests
Wed 15 Jul 08:20:27 +08 2026: Dashboard already running and serving requests
Wed 15 Jul 08:25:28 +08 2026: Dashboard already running and serving requests
Wed 15 Jul 08:25:28 +08 2026: Dashboard already running and serving requests
Wed 15 Jul 08:30:28 +08 2026: Dashboard already running and serving requests
Wed 15 Jul 08:30:28 +08 2026: Dashboard already running and serving requests
Wed 15 Jul 08:35:28 +08 2026: Dashboard already running and serving requests
Wed 15 Jul 08:35:28 +08 2026: Dashboard already running and serving requests
Wed 15 Jul 08:40:28 +08 2026: Dashboard already running and serving requests
Wed 15 Jul 08:40:28 +08 2026: Dashboard already running and serving requests
Wed 15 Jul 08:45:28 +08 2026: Dashboard already running and serving requests
Wed 15 Jul 08:45:28 +08 2026: Dashboard already running and serving requests
Wed 15 Jul 08:50:28 +08 2026: Dashboard already running and serving requests
Wed 15 Jul 08:50:28 +08 2026: Dashboard already running and serving requests
Wed 15 Jul 08:55:28 +08 2026: Dashboard already running and serving requests
Wed 15 Jul 08:55:28 +08 2026: Dashboard already running and serving requests
Wed 15 Jul 09:00:28 +08 2026: Dashboard already running and serving requests
Wed 15 Jul 09:00:28 +08 2026: Dashboard already running and serving requests
Wed 15 Jul 09:05:28 +08 2026: Dashboard already running and serving requests
Wed 15 Jul 09:05:28 +08 2026: Dashboard already running and serving requests
Wed 15 Jul 09:10:28 +08 2026: Dashboard already running and serving requests
Wed 15 Jul 09:10:28 +08 2026: Dashboard already running and serving requests
Wed 15 Jul 09:15:28 +08 2026: Dashboard already running and serving requests
Wed 15 Jul 09:15:28 +08 2026: Dashboard already running and serving requests
Wed 15 Jul 09:20:29 +08 2026: Dashboard already running and serving requests
Wed 15 Jul 09:20:29 +08 2026: Dashboard already running and serving requests
Wed 15 Jul 09:25:29 +08 2026: Dashboard already running and serving requests
Wed 15 Jul 09:25:29 +08 2026: Dashboard already running and serving requests
Wed 15 Jul 09:30:29 +08 2026: Dashboard already running and serving requests
Wed 15 Jul 09:30:29 +08 2026: Dashboard already running and serving requests
Wed 15 Jul 09:35:29 +08 2026: Dashboard already running and serving requests
Wed 15 Jul 09:35:29 +08 2026: Dashboard already running and serving requests
Wed 15 Jul 09:40:29 +08 2026: Dashboard already running and serving requests
Wed 15 Jul 09:40:29 +08 2026: Dashboard already running and serving requests
Wed 15 Jul 09:45:29 +08 2026: Dashboard already running and serving requests
Wed 15 Jul 09:45:29 +08 2026: Dashboard already running and serving requests
Wed 15 Jul 09:50:29 +08 2026: Dashboard already running and serving requests
Wed 15 Jul 09:50:29 +08 2026: Dashboard already running and serving requests
Wed 15 Jul 09:55:29 +08 2026: Dashboard already running and serving requests
Wed 15 Jul 09:55:29 +08 2026: Dashboard already running and serving requests
Wed 15 Jul 10:00:29 +08 2026: Dashboard already running and serving requests
Wed 15 Jul 10:00:29 +08 2026: Dashboard already running and serving requests
Wed 15 Jul 10:05:29 +08 2026: Dashboard already running and serving requests
Wed 15 Jul 10:05:29 +08 2026: Dashboard already running and serving requests
Wed 15 Jul 10:10:29 +08 2026: Dashboard already running and serving requests
Wed 15 Jul 10:10:29 +08 2026: Dashboard already running and serving requests
Wed 15 Jul 10:15:30 +08 2026: Dashboard already running and serving requests
Wed 15 Jul 10:15:30 +08 2026: Dashboard already running and serving requests
Wed 15 Jul 10:20:30 +08 2026: Dashboard already running and serving requests
Wed 15 Jul 10:20:30 +08 2026: Dashboard already running and serving requests
Wed 15 Jul 10:25:30 +08 2026: Dashboard already running and serving requests
Wed 15 Jul 10:25:30 +08 2026: Dashboard already running and serving requests
Wed 15 Jul 10:30:30 +08 2026: Dashboard already running and serving requests
Wed 15 Jul 10:30:30 +08 2026: Dashboard already running and serving requests
Wed 15 Jul 10:35:30 +08 2026: Dashboard already running and serving requests
Wed 15 Jul 10:35:30 +08 2026: Dashboard already running and serving requests
Wed 15 Jul 10:40:30 +08 2026: Dashboard already running and serving requests
Wed 15 Jul 10:40:30 +08 2026: Dashboard already running and serving requests
Wed 15 Jul 10:45:30 +08 2026: Dashboard already running and serving requests
Wed 15 Jul 10:45:30 +08 2026: Dashboard already running and serving requests
Wed 15 Jul 10:50:30 +08 2026: Dashboard already running and serving requests
Wed 15 Jul 10:50:30 +08 2026: Dashboard already running and serving requests
Wed 15 Jul 10:55:30 +08 2026: Dashboard already running and serving requests
Wed 15 Jul 10:55:30 +08 2026: Dashboard already running and serving requests
Wed 15 Jul 11:00:30 +08 2026: Dashboard already running and serving requests
Wed 15 Jul 11:00:30 +08 2026: Dashboard already running and serving requests
Wed 15 Jul 11:05:30 +08 2026: Dashboard already running and serving requests
Wed 15 Jul 11:10:31 +08 2026: Dashboard already running and serving requests
Wed 15 Jul 11:15:31 +08 2026: Dashboard already running and serving requests
Wed 15 Jul 11:20:31 +08 2026: Dashboard already running and serving requests
Wed 15 Jul 11:25:31 +08 2026: Dashboard already running and serving requests
Wed 15 Jul 11:30:31 +08 2026: Dashboard already running and serving requests
Wed 15 Jul 11:35:31 +08 2026: Dashboard already running and serving requests
Wed 15 Jul 11:40:31 +08 2026: Dashboard already running and serving requests
Wed 15 Jul 11:45:31 +08 2026: Dashboard already running and serving requests
Wed 15 Jul 11:50:31 +08 2026: Dashboard already running and serving requests
Wed 15 Jul 11:55:31 +08 2026: Dashboard already running and serving requests
Wed 15 Jul 12:00:31 +08 2026: Dashboard already running and serving requests
Wed 15 Jul 12:05:31 +08 2026: Dashboard already running and serving requests
Wed 15 Jul 12:10:32 +08 2026: Dashboard already running and serving requests
Wed 15 Jul 12:15:32 +08 2026: Dashboard already running and serving requests
Wed 15 Jul 12:20:32 +08 2026: Dashboard already running and serving requests
Wed 15 Jul 12:25:32 +08 2026: Dashboard already running and serving requests
Wed 15 Jul 12:30:32 +08 2026: Dashboard already running and serving requests
Wed 15 Jul 12:35:32 +08 2026: Dashboard already running and serving requests
Wed 15 Jul 12:40:32 +08 2026: Dashboard already running and serving requests
Wed 15 Jul 12:45:32 +08 2026: Dashboard already running and serving requests
Wed 15 Jul 12:50:32 +08 2026: Dashboard already running and serving requests
Wed 15 Jul 12:55:32 +08 2026: Dashboard already running and serving requests
Wed 15 Jul 13:00:32 +08 2026: Dashboard already running and serving requests
Wed 15 Jul 13:05:32 +08 2026: Dashboard already running and serving requests
Wed 15 Jul 13:10:32 +08 2026: Dashboard already running and serving requests
Wed 15 Jul 13:15:33 +08 2026: Dashboard already running and serving requests
Wed 15 Jul 13:20:33 +08 2026: Dashboard already running and serving requests
Wed 15 Jul 13:25:33 +08 2026: Dashboard already running and serving requests
Wed 15 Jul 13:30:33 +08 2026: Dashboard already running and serving requests
Wed 15 Jul 13:35:33 +08 2026: Dashboard already running and serving requests
Wed 15 Jul 13:40:33 +08 2026: Dashboard already running and serving requests
Wed 15 Jul 13:45:33 +08 2026: Dashboard already running and serving requests
Wed 15 Jul 13:50:33 +08 2026: Dashboard already running and serving requests
Wed 15 Jul 13:55:33 +08 2026: Dashboard already running and serving requests
Wed 15 Jul 14:00:33 +08 2026: Dashboard already running and serving requests
Wed 15 Jul 14:05:33 +08 2026: Dashboard already running and serving requests
Wed 15 Jul 14:10:33 +08 2026: Dashboard already running and serving requests
Wed 15 Jul 14:15:34 +08 2026: Dashboard already running and serving requests
Wed 15 Jul 14:20:34 +08 2026: Dashboard already running and serving requests
Wed 15 Jul 14:25:34 +08 2026: Dashboard already running and serving requests
Wed 15 Jul 14:30:34 +08 2026: Dashboard already running and serving requests
Wed 15 Jul 14:35:34 +08 2026: Dashboard already running and serving requests
Wed 15 Jul 14:40:34 +08 2026: Dashboard already running and serving requests
Wed 15 Jul 14:45:34 +08 2026: Dashboard already running and serving requests
Wed 15 Jul 14:50:34 +08 2026: Dashboard already running and serving requests
Wed 15 Jul 14:55:34 +08 2026: Dashboard already running and serving requests
Wed 15 Jul 15:00:34 +08 2026: Dashboard already running and serving requests
Wed 15 Jul 15:05:34 +08 2026: Dashboard already running and serving requests
Wed 15 Jul 15:10:34 +08 2026: Dashboard already running and serving requests
Wed 15 Jul 15:15:35 +08 2026: Dashboard already running and serving requests
Wed 15 Jul 15:20:35 +08 2026: Dashboard already running and serving requests
Wed 15 Jul 15:25:35 +08 2026: Dashboard already running and serving requests
Wed 15 Jul 15:30:35 +08 2026: Dashboard already running and serving requests
Wed 15 Jul 15:35:35 +08 2026: Dashboard already running and serving requests
Wed 15 Jul 15:40:35 +08 2026: Dashboard already running and serving requests
Wed 15 Jul 15:45:35 +08 2026: Dashboard already running and serving requests
Wed 15 Jul 15:50:35 +08 2026: Dashboard already running and serving requests
Wed 15 Jul 15:55:35 +08 2026: Dashboard already running and serving requests
Wed 15 Jul 16:00:35 +08 2026: Dashboard already running and serving requests
Wed 15 Jul 16:05:35 +08 2026: Dashboard already running and serving requests
Wed 15 Jul 16:10:36 +08 2026: Dashboard already running and serving requests
Wed 15 Jul 16:15:36 +08 2026: Dashboard already running and serving requests
Wed 15 Jul 16:20:36 +08 2026: Dashboard already running and serving requests
Wed 15 Jul 16:25:36 +08 2026: Dashboard already running and serving requests
Wed 15 Jul 16:30:36 +08 2026: Dashboard already running and serving requests
Wed 15 Jul 16:35:36 +08 2026: Dashboard already running and serving requests
Wed 15 Jul 16:40:36 +08 2026: Dashboard already running and serving requests
Wed 15 Jul 16:45:36 +08 2026: Dashboard already running and serving requests
Wed 15 Jul 16:50:36 +08 2026: Dashboard already running and serving requests
Wed 15 Jul 16:55:36 +08 2026: Dashboard already running and serving requests
Wed 15 Jul 17:00:36 +08 2026: Dashboard already running and serving requests
Wed 15 Jul 17:05:36 +08 2026: Dashboard already running and serving requests
Wed 15 Jul 17:10:37 +08 2026: Dashboard already running and serving requests
Wed 15 Jul 17:15:37 +08 2026: Dashboard already running and serving requests
Wed 15 Jul 17:20:37 +08 2026: Dashboard already running and serving requests
Wed 15 Jul 17:25:37 +08 2026: Dashboard already running and serving requests
Wed 15 Jul 17:30:37 +08 2026: Dashboard already running and serving requests
Wed 15 Jul 17:35:37 +08 2026: Dashboard already running and serving requests
Wed 15 Jul 17:40:37 +08 2026: Dashboard already running and serving requests
Wed 15 Jul 17:45:37 +08 2026: Dashboard already running and serving requests
Wed 15 Jul 17:50:37 +08 2026: Dashboard already running and serving requests
Wed 15 Jul 17:55:37 +08 2026: Dashboard already running and serving requests
Wed 15 Jul 18:00:37 +08 2026: Dashboard already running and serving requests
Wed 15 Jul 18:05:37 +08 2026: Dashboard already running and serving requests
Wed 15 Jul 18:10:38 +08 2026: Dashboard already running and serving requests
Wed 15 Jul 18:15:38 +08 2026: Dashboard already running and serving requests
Wed 15 Jul 18:20:38 +08 2026: Dashboard already running and serving requests
Wed 15 Jul 18:25:38 +08 2026: Dashboard already running and serving requests
Wed 15 Jul 18:30:38 +08 2026: Dashboard already running and serving requests
Wed 15 Jul 18:35:38 +08 2026: Dashboard already running and serving requests
Wed 15 Jul 18:40:38 +08 2026: Dashboard already running and serving requests
Wed 15 Jul 18:45:38 +08 2026: Dashboard already running and serving requests
Wed 15 Jul 18:50:38 +08 2026: Dashboard already running and serving requests
Wed 15 Jul 18:55:38 +08 2026: Dashboard already running and serving requests
Wed 15 Jul 19:00:38 +08 2026: Dashboard already running and serving requests
Wed 15 Jul 19:05:39 +08 2026: Dashboard already running and serving requests
Wed 15 Jul 19:10:39 +08 2026: Dashboard already running and serving requests
Wed 15 Jul 19:15:39 +08 2026: Dashboard already running and serving requests
Wed 15 Jul 19:20:39 +08 2026: Dashboard already running and serving requests
Wed 15 Jul 19:25:39 +08 2026: Dashboard already running and serving requests
Wed 15 Jul 19:30:39 +08 2026: Dashboard already running and serving requests
Wed 15 Jul 19:35:39 +08 2026: Dashboard already running and serving requests
Wed 15 Jul 19:40:39 +08 2026: Dashboard already running and serving requests
Wed 15 Jul 19:45:39 +08 2026: Dashboard already running and serving requests
Wed 15 Jul 19:50:39 +08 2026: Dashboard already running and serving requests
Wed 15 Jul 19:55:39 +08 2026: Dashboard already running and serving requests
Wed 15 Jul 20:00:39 +08 2026: Dashboard already running and serving requests
Wed 15 Jul 20:05:40 +08 2026: Dashboard already running and serving requests
Wed 15 Jul 20:10:40 +08 2026: Dashboard already running and serving requests
Wed 15 Jul 20:15:40 +08 2026: Dashboard already running and serving requests
Wed 15 Jul 20:20:40 +08 2026: Dashboard already running and serving requests
Wed 15 Jul 20:25:40 +08 2026: Dashboard already running and serving requests
Wed 15 Jul 20:30:40 +08 2026: Dashboard already running and serving requests
Wed 15 Jul 20:35:40 +08 2026: Dashboard already running and serving requests
Wed 15 Jul 20:40:40 +08 2026: Dashboard already running and serving requests
Wed 15 Jul 20:45:40 +08 2026: Dashboard already running and serving requests
Wed 15 Jul 20:50:40 +08 2026: Dashboard already running and serving requests
Wed 15 Jul 20:55:40 +08 2026: Dashboard already running and serving requests
Wed 15 Jul 21:00:40 +08 2026: Dashboard already running and serving requests
Wed 15 Jul 21:05:41 +08 2026: Dashboard already running and serving requests
Wed 15 Jul 21:10:41 +08 2026: Dashboard already running and serving requests
Wed 15 Jul 21:15:41 +08 2026: Dashboard already running and serving requests
Wed 15 Jul 21:20:41 +08 2026: Dashboard already running and serving requests
Wed 15 Jul 21:25:41 +08 2026: Dashboard already running and serving requests
Wed 15 Jul 21:30:41 +08 2026: Dashboard already running and serving requests
Wed 15 Jul 21:35:41 +08 2026: Dashboard already running and serving requests
Wed 15 Jul 21:40:41 +08 2026: Dashboard already running and serving requests
Wed 15 Jul 21:45:41 +08 2026: Dashboard already running and serving requests
Wed 15 Jul 21:50:41 +08 2026: Dashboard already running and serving requests
Wed 15 Jul 21:55:41 +08 2026: Dashboard already running and serving requests
Wed 15 Jul 22:00:42 +08 2026: Dashboard already running and serving requests
Wed 15 Jul 22:05:42 +08 2026: Dashboard already running and serving requests
Wed 15 Jul 22:10:42 +08 2026: Dashboard already running and serving requests
Wed 15 Jul 22:15:42 +08 2026: Dashboard already running and serving requests
Wed 15 Jul 22:20:42 +08 2026: Dashboard already running and serving requests
Wed 15 Jul 22:25:42 +08 2026: Dashboard already running and serving requests
Wed 15 Jul 22:30:42 +08 2026: Dashboard already running and serving requests
Wed 15 Jul 22:35:42 +08 2026: Dashboard already running and serving requests
Wed 15 Jul 22:40:42 +08 2026: Dashboard already running and serving requests
Wed 15 Jul 22:45:42 +08 2026: Dashboard already running and serving requests
Wed 15 Jul 22:50:42 +08 2026: Dashboard already running and serving requests
Wed 15 Jul 22:55:42 +08 2026: Dashboard already running and serving requests
Wed 15 Jul 23:00:43 +08 2026: Dashboard already running and serving requests
Wed 15 Jul 23:05:43 +08 2026: Dashboard already running and serving requests
Wed 15 Jul 23:10:43 +08 2026: Dashboard already running and serving requests
Wed 15 Jul 23:15:43 +08 2026: Dashboard already running and serving requests
Wed 15 Jul 23:20:43 +08 2026: Dashboard already running and serving requests
Wed 15 Jul 23:25:43 +08 2026: Dashboard already running and serving requests
Wed 15 Jul 23:30:43 +08 2026: Dashboard already running and serving requests
Wed 15 Jul 23:35:43 +08 2026: Dashboard already running and serving requests
Wed 15 Jul 23:40:43 +08 2026: Dashboard already running and serving requests
Wed 15 Jul 23:45:43 +08 2026: Dashboard already running and serving requests
Wed 15 Jul 23:50:43 +08 2026: Dashboard already running and serving requests
Wed 15 Jul 23:55:43 +08 2026: Dashboard already running and serving requests
Thu 16 Jul 00:00:44 +08 2026: Dashboard already running and serving requests
Thu 16 Jul 00:05:44 +08 2026: Dashboard already running and serving requests
Thu 16 Jul 00:10:44 +08 2026: Dashboard already running and serving requests
Thu 16 Jul 00:15:44 +08 2026: Dashboard already running and serving requests
Thu 16 Jul 00:20:44 +08 2026: Dashboard already running and serving requests
Thu 16 Jul 00:25:44 +08 2026: Dashboard already running and serving requests
Thu 16 Jul 00:30:44 +08 2026: Dashboard already running and serving requests
Thu 16 Jul 00:35:44 +08 2026: Dashboard already running and serving requests
Thu 16 Jul 00:40:44 +08 2026: Dashboard already running and serving requests
Thu 16 Jul 00:45:44 +08 2026: Dashboard already running and serving requests
Thu 16 Jul 00:50:44 +08 2026: Dashboard already running and serving requests
Thu 16 Jul 00:55:44 +08 2026: Dashboard already running and serving requests
Thu 16 Jul 01:00:45 +08 2026: Dashboard already running and serving requests
Thu 16 Jul 01:05:45 +08 2026: Dashboard already running and serving requests
Thu 16 Jul 01:10:45 +08 2026: Dashboard already running and serving requests
Thu 16 Jul 01:15:45 +08 2026: Dashboard already running and serving requests
Thu 16 Jul 01:20:45 +08 2026: Dashboard already running and serving requests
Thu 16 Jul 01:25:45 +08 2026: Dashboard already running and serving requests
Thu 16 Jul 01:30:45 +08 2026: Dashboard already running and serving requests
Thu 16 Jul 01:35:45 +08 2026: Dashboard already running and serving requests
Thu 16 Jul 01:40:45 +08 2026: Dashboard already running and serving requests
Thu 16 Jul 01:45:45 +08 2026: Dashboard already running and serving requests
Thu 16 Jul 01:50:45 +08 2026: Dashboard already running and serving requests
Thu 16 Jul 01:55:45 +08 2026: Dashboard already running and serving requests
Thu 16 Jul 02:00:46 +08 2026: Dashboard already running and serving requests
Thu 16 Jul 02:05:46 +08 2026: Dashboard already running and serving requests
Thu 16 Jul 02:10:46 +08 2026: Dashboard already running and serving requests
Thu 16 Jul 02:15:46 +08 2026: Dashboard already running and serving requests
Thu 16 Jul 02:20:46 +08 2026: Dashboard already running and serving requests
Thu 16 Jul 02:25:46 +08 2026: Dashboard already running and serving requests
Thu 16 Jul 02:30:46 +08 2026: Dashboard already running and serving requests
Thu 16 Jul 02:35:46 +08 2026: Dashboard already running and serving requests
Thu 16 Jul 02:40:46 +08 2026: Dashboard already running and serving requests
Thu 16 Jul 02:45:46 +08 2026: Dashboard already running and serving requests
Thu 16 Jul 02:50:46 +08 2026: Dashboard already running and serving requests
Thu 16 Jul 02:55:46 +08 2026: Dashboard already running and serving requests
Thu 16 Jul 03:00:47 +08 2026: Dashboard already running and serving requests
Thu 16 Jul 03:05:47 +08 2026: Dashboard already running and serving requests
Thu 16 Jul 03:10:47 +08 2026: Dashboard already running and serving requests
Thu 16 Jul 03:15:47 +08 2026: Dashboard already running and serving requests
Thu 16 Jul 03:20:47 +08 2026: Dashboard already running and serving requests
Thu 16 Jul 03:25:47 +08 2026: Dashboard already running and serving requests
Thu 16 Jul 03:30:47 +08 2026: Dashboard already running and serving requests
Thu 16 Jul 03:35:47 +08 2026: Dashboard already running and serving requests
Thu 16 Jul 03:40:47 +08 2026: Dashboard already running and serving requests
Thu 16 Jul 03:45:47 +08 2026: Dashboard already running and serving requests
Thu 16 Jul 03:50:47 +08 2026: Dashboard already running and serving requests
Thu 16 Jul 03:55:47 +08 2026: Dashboard already running and serving requests
Thu 16 Jul 04:00:48 +08 2026: Dashboard already running and serving requests
Thu 16 Jul 04:05:48 +08 2026: Dashboard already running and serving requests
Thu 16 Jul 04:10:48 +08 2026: Dashboard already running and serving requests
Thu 16 Jul 04:15:48 +08 2026: Dashboard already running and serving requests
Thu 16 Jul 04:20:48 +08 2026: Dashboard already running and serving requests
Thu 16 Jul 04:25:48 +08 2026: Dashboard already running and serving requests
Thu 16 Jul 04:30:48 +08 2026: Dashboard already running and serving requests
Thu 16 Jul 04:35:48 +08 2026: Dashboard already running and serving requests
Thu 16 Jul 04:40:48 +08 2026: Dashboard already running and serving requests
Thu 16 Jul 04:45:48 +08 2026: Dashboard already running and serving requests
Thu 16 Jul 04:50:48 +08 2026: Dashboard already running and serving requests
Thu 16 Jul 04:55:48 +08 2026: Dashboard already running and serving requests
Thu 16 Jul 05:00:49 +08 2026: Dashboard already running and serving requests
Thu 16 Jul 05:05:49 +08 2026: Dashboard already running and serving requests
Thu 16 Jul 05:10:49 +08 2026: Dashboard already running and serving requests
Thu 16 Jul 05:15:49 +08 2026: Dashboard already running and serving requests
Thu 16 Jul 05:20:49 +08 2026: Dashboard already running and serving requests
Thu 16 Jul 05:25:49 +08 2026: Dashboard already running and serving requests
Thu 16 Jul 05:30:49 +08 2026: Dashboard already running and serving requests
Thu 16 Jul 05:35:49 +08 2026: Dashboard already running and serving requests
Thu 16 Jul 05:40:49 +08 2026: Dashboard already running and serving requests
Thu 16 Jul 05:45:49 +08 2026: Dashboard already running and serving requests
Thu 16 Jul 05:50:49 +08 2026: Dashboard already running and serving requests
Thu 16 Jul 05:55:50 +08 2026: Dashboard already running and serving requests
Thu 16 Jul 06:00:50 +08 2026: Dashboard already running and serving requests
Thu 16 Jul 06:05:50 +08 2026: Dashboard already running and serving requests
Thu 16 Jul 06:10:50 +08 2026: Dashboard already running and serving requests
Thu 16 Jul 06:15:50 +08 2026: Dashboard already running and serving requests
Thu 16 Jul 06:20:50 +08 2026: Dashboard already running and serving requests
Thu 16 Jul 06:25:50 +08 2026: Dashboard already running and serving requests
Thu 16 Jul 06:30:50 +08 2026: Dashboard already running and serving requests
Thu 16 Jul 06:35:50 +08 2026: Dashboard already running and serving requests
Thu 16 Jul 06:40:50 +08 2026: Dashboard already running and serving requests
Thu 16 Jul 06:45:50 +08 2026: Dashboard already running and serving requests
Thu 16 Jul 06:50:50 +08 2026: Dashboard already running and serving requests
Thu 16 Jul 06:55:51 +08 2026: Dashboard already running and serving requests
Thu 16 Jul 07:00:51 +08 2026: Dashboard already running and serving requests
Thu 16 Jul 07:05:51 +08 2026: Dashboard already running and serving requests
Thu 16 Jul 07:10:51 +08 2026: Dashboard already running and serving requests
Thu 16 Jul 07:15:51 +08 2026: Dashboard already running and serving requests
Thu 16 Jul 07:20:51 +08 2026: Dashboard already running and serving requests
Thu 16 Jul 07:25:51 +08 2026: Dashboard already running and serving requests
Thu 16 Jul 07:30:51 +08 2026: Dashboard already running and serving requests
Thu 16 Jul 07:35:51 +08 2026: Dashboard already running and serving requests
Thu 16 Jul 07:40:51 +08 2026: Dashboard already running and serving requests
Thu 16 Jul 07:45:51 +08 2026: Dashboard already running and serving requests
Thu 16 Jul 07:50:51 +08 2026: Dashboard already running and serving requests
Thu 16 Jul 07:55:52 +08 2026: Dashboard already running and serving requests
Thu 16 Jul 08:00:52 +08 2026: Dashboard already running and serving requests
Thu 16 Jul 08:05:52 +08 2026: Dashboard already running and serving requests
Thu 16 Jul 08:10:52 +08 2026: Dashboard already running and serving requests
Thu 16 Jul 08:15:52 +08 2026: Dashboard already running and serving requests
Thu 16 Jul 08:20:52 +08 2026: Dashboard already running and serving requests
Thu 16 Jul 08:25:52 +08 2026: Dashboard already running and serving requests
Thu 16 Jul 08:30:52 +08 2026: Dashboard already running and serving requests
Thu 16 Jul 08:35:52 +08 2026: Dashboard already running and serving requests
Thu 16 Jul 08:40:52 +08 2026: Dashboard already running and serving requests
Thu 16 Jul 08:45:52 +08 2026: Dashboard already running and serving requests
Thu 16 Jul 08:50:52 +08 2026: Dashboard already running and serving requests
Thu 16 Jul 08:55:53 +08 2026: Dashboard already running and serving requests
Thu 16 Jul 09:00:53 +08 2026: Dashboard already running and serving requests
Thu 16 Jul 09:05:53 +08 2026: Dashboard already running and serving requests
Thu 16 Jul 09:10:53 +08 2026: Dashboard already running and serving requests
Thu 16 Jul 09:15:53 +08 2026: Dashboard already running and serving requests
Thu 16 Jul 09:20:53 +08 2026: Dashboard already running and serving requests
Thu 16 Jul 09:25:53 +08 2026: Dashboard already running and serving requests
Thu 16 Jul 09:30:53 +08 2026: Dashboard already running and serving requests
Thu 16 Jul 09:35:53 +08 2026: Dashboard already running and serving requests
Thu 16 Jul 09:40:53 +08 2026: Dashboard already running and serving requests
Thu 16 Jul 09:45:53 +08 2026: Dashboard already running and serving requests
Thu 16 Jul 09:50:53 +08 2026: Dashboard already running and serving requests
Thu 16 Jul 09:55:54 +08 2026: Dashboard already running and serving requests
Thu 16 Jul 10:00:54 +08 2026: Dashboard already running and serving requests
Thu 16 Jul 10:05:54 +08 2026: Dashboard already running and serving requests
Thu 16 Jul 10:10:54 +08 2026: Dashboard already running and serving requests
Thu 16 Jul 10:15:54 +08 2026: Dashboard already running and serving requests
Thu 16 Jul 10:20:54 +08 2026: Dashboard already running and serving requests
Thu 16 Jul 10:25:54 +08 2026: Dashboard already running and serving requests
Thu 16 Jul 10:30:54 +08 2026: Dashboard already running and serving requests
Thu 16 Jul 10:35:54 +08 2026: Dashboard already running and serving requests
Thu 16 Jul 10:40:54 +08 2026: Dashboard already running and serving requests
Thu 16 Jul 10:45:54 +08 2026: Dashboard already running and serving requests
Thu 16 Jul 10:50:55 +08 2026: Dashboard already running and serving requests
Thu 16 Jul 10:55:55 +08 2026: Dashboard already running and serving requests
Thu 16 Jul 11:00:55 +08 2026: Dashboard already running and serving requests
Thu 16 Jul 11:05:55 +08 2026: Dashboard already running and serving requests
Thu 16 Jul 11:10:55 +08 2026: Dashboard already running and serving requests
Thu 16 Jul 11:15:55 +08 2026: Dashboard already running and serving requests
Thu 16 Jul 11:20:55 +08 2026: Dashboard already running and serving requests
Thu 16 Jul 11:25:55 +08 2026: Dashboard already running and serving requests
Thu 16 Jul 11:30:55 +08 2026: Dashboard already running and serving requests
Thu 16 Jul 11:35:55 +08 2026: Dashboard already running and serving requests
Thu 16 Jul 11:40:55 +08 2026: Dashboard already running and serving requests
Thu 16 Jul 11:45:55 +08 2026: Dashboard already running and serving requests
Thu 16 Jul 11:50:56 +08 2026: Dashboard already running and serving requests
Thu 16 Jul 11:55:56 +08 2026: Dashboard already running and serving requests
Thu 16 Jul 12:00:56 +08 2026: Dashboard already running and serving requests
Thu 16 Jul 12:05:56 +08 2026: Dashboard already running and serving requests
Thu 16 Jul 12:10:56 +08 2026: Dashboard already running and serving requests
Thu 16 Jul 12:15:56 +08 2026: Dashboard already running and serving requests
Thu 16 Jul 12:20:56 +08 2026: Dashboard already running and serving requests
Thu 16 Jul 12:25:56 +08 2026: Dashboard already running and serving requests
Thu 16 Jul 12:30:56 +08 2026: Dashboard already running and serving requests
Thu 16 Jul 12:35:56 +08 2026: Dashboard already running and serving requests
Thu 16 Jul 12:40:56 +08 2026: Dashboard already running and serving requests
Thu 16 Jul 12:45:56 +08 2026: Dashboard already running and serving requests
Thu 16 Jul 12:50:57 +08 2026: Dashboard already running and serving requests
Thu 16 Jul 12:55:57 +08 2026: Dashboard already running and serving requests
Thu 16 Jul 13:00:57 +08 2026: Dashboard already running and serving requests
Thu 16 Jul 13:05:57 +08 2026: Dashboard already running and serving requests
Thu 16 Jul 13:10:57 +08 2026: Dashboard already running and serving requests
Thu 16 Jul 13:15:57 +08 2026: Dashboard already running and serving requests
Thu 16 Jul 13:20:57 +08 2026: Dashboard already running and serving requests
Thu 16 Jul 13:25:57 +08 2026: Dashboard already running and serving requests
Thu 16 Jul 13:30:57 +08 2026: Dashboard already running and serving requests
Thu 16 Jul 13:35:57 +08 2026: Dashboard already running and serving requests
Thu 16 Jul 13:40:57 +08 2026: Dashboard already running and serving requests
Thu 16 Jul 13:45:58 +08 2026: Dashboard already running and serving requests
Thu 16 Jul 13:50:58 +08 2026: Dashboard already running and serving requests
Thu 16 Jul 13:55:58 +08 2026: Dashboard already running and serving requests
Thu 16 Jul 14:00:58 +08 2026: Dashboard already running and serving requests
Thu 16 Jul 14:05:58 +08 2026: Dashboard already running and serving requests
Thu 16 Jul 14:10:58 +08 2026: Dashboard already running and serving requests
Thu 16 Jul 14:15:58 +08 2026: Dashboard already running and serving requests
Thu 16 Jul 14:20:58 +08 2026: Dashboard already running and serving requests
Thu 16 Jul 14:25:58 +08 2026: Dashboard already running and serving requests
Thu 16 Jul 14:30:58 +08 2026: Dashboard already running and serving requests
Thu 16 Jul 14:35:58 +08 2026: Dashboard already running and serving requests
Thu 16 Jul 14:40:58 +08 2026: Dashboard already running and serving requests
Thu 16 Jul 14:45:58 +08 2026: Dashboard already running and serving requests
Thu 16 Jul 14:50:59 +08 2026: Dashboard already running and serving requests
Thu 16 Jul 14:55:59 +08 2026: Dashboard already running and serving requests
Thu 16 Jul 15:00:59 +08 2026: Dashboard already running and serving requests
Thu 16 Jul 15:05:59 +08 2026: Dashboard already running and serving requests
Thu 16 Jul 15:10:59 +08 2026: Dashboard already running and serving requests
Thu 16 Jul 15:15:59 +08 2026: Dashboard already running and serving requests
Thu 16 Jul 15:20:59 +08 2026: Dashboard already running and serving requests
Thu 16 Jul 15:25:59 +08 2026: Dashboard already running and serving requests
Thu 16 Jul 15:30:59 +08 2026: Dashboard already running and serving requests
Thu 16 Jul 15:35:59 +08 2026: Dashboard already running and serving requests
Thu 16 Jul 15:40:59 +08 2026: Dashboard already running and serving requests
Thu 16 Jul 15:46:00 +08 2026: Dashboard already running and serving requests
Thu 16 Jul 15:50:00 +08 2026: Dashboard already running and serving requests
Thu 16 Jul 15:55:00 +08 2026: Dashboard already running and serving requests
Thu 16 Jul 16:00:00 +08 2026: Dashboard already running and serving requests
Thu 16 Jul 16:05:00 +08 2026: Dashboard already running and serving requests
Thu 16 Jul 16:10:00 +08 2026: Dashboard already running and serving requests
Thu 16 Jul 16:15:00 +08 2026: Dashboard already running and serving requests
Thu 16 Jul 16:20:00 +08 2026: Dashboard already running and serving requests
Thu 16 Jul 16:25:00 +08 2026: Dashboard already running and serving requests
Thu 16 Jul 16:30:00 +08 2026: Dashboard already running and serving requests
Thu 16 Jul 16:35:00 +08 2026: Dashboard already running and serving requests
Thu 16 Jul 16:40:00 +08 2026: Dashboard already running and serving requests
Thu 16 Jul 16:45:01 +08 2026: Dashboard already running and serving requests
Thu 16 Jul 16:50:01 +08 2026: Dashboard already running and serving requests
Thu 16 Jul 16:55:01 +08 2026: Dashboard already running and serving requests
Thu 16 Jul 17:00:01 +08 2026: Dashboard already running and serving requests
Thu 16 Jul 17:05:01 +08 2026: Dashboard already running and serving requests
Thu 16 Jul 17:10:01 +08 2026: Dashboard already running and serving requests
Thu 16 Jul 17:15:01 +08 2026: Dashboard already running and serving requests
Thu 16 Jul 17:20:01 +08 2026: Dashboard already running and serving requests
Thu 16 Jul 17:25:01 +08 2026: Dashboard already running and serving requests
Thu 16 Jul 17:30:01 +08 2026: Dashboard already running and serving requests
Thu 16 Jul 17:35:01 +08 2026: Dashboard already running and serving requests
Thu 16 Jul 17:40:01 +08 2026: Dashboard already running and serving requests
Thu 16 Jul 17:45:02 +08 2026: Dashboard already running and serving requests
Thu 16 Jul 17:50:02 +08 2026: Dashboard already running and serving requests
Thu 16 Jul 17:55:02 +08 2026: Dashboard already running and serving requests
Thu 16 Jul 18:00:02 +08 2026: Dashboard already running and serving requests
Thu 16 Jul 18:05:02 +08 2026: Dashboard already running and serving requests
Thu 16 Jul 18:10:02 +08 2026: Dashboard already running and serving requests
Thu 16 Jul 18:15:02 +08 2026: Dashboard already running and serving requests
Thu 16 Jul 18:20:02 +08 2026: Dashboard already running and serving requests
Thu 16 Jul 18:25:02 +08 2026: Dashboard already running and serving requests
Thu 16 Jul 18:30:02 +08 2026: Dashboard already running and serving requests
Thu 16 Jul 18:35:02 +08 2026: Dashboard already running and serving requests
Thu 16 Jul 18:40:02 +08 2026: Dashboard already running and serving requests
Thu 16 Jul 18:45:03 +08 2026: Dashboard already running and serving requests
Thu 16 Jul 18:50:03 +08 2026: Dashboard already running and serving requests
Thu 16 Jul 18:55:03 +08 2026: Dashboard already running and serving requests
Thu 16 Jul 19:00:03 +08 2026: Dashboard already running and serving requests
Thu 16 Jul 19:05:03 +08 2026: Dashboard already running and serving requests
Thu 16 Jul 19:10:03 +08 2026: Dashboard already running and serving requests
Thu 16 Jul 19:15:03 +08 2026: Dashboard already running and serving requests
Thu 16 Jul 19:20:03 +08 2026: Dashboard already running and serving requests
Thu 16 Jul 19:25:03 +08 2026: Dashboard already running and serving requests
Thu 16 Jul 19:30:03 +08 2026: Dashboard already running and serving requests
Thu 16 Jul 19:35:03 +08 2026: Dashboard already running and serving requests
Thu 16 Jul 19:40:03 +08 2026: Dashboard already running and serving requests
Thu 16 Jul 19:45:04 +08 2026: Dashboard already running and serving requests
Thu 16 Jul 19:50:04 +08 2026: Dashboard already running and serving requests
Thu 16 Jul 19:55:04 +08 2026: Dashboard already running and serving requests
Thu 16 Jul 20:00:04 +08 2026: Dashboard already running and serving requests
Thu 16 Jul 20:05:04 +08 2026: Dashboard already running and serving requests
Thu 16 Jul 20:10:04 +08 2026: Dashboard already running and serving requests
Thu 16 Jul 20:15:04 +08 2026: Dashboard already running and serving requests
Thu 16 Jul 20:20:04 +08 2026: Dashboard already running and serving requests
Thu 16 Jul 20:25:04 +08 2026: Dashboard already running and serving requests
Thu 16 Jul 20:30:04 +08 2026: Dashboard already running and serving requests
Thu 16 Jul 20:35:04 +08 2026: Dashboard already running and serving requests
Thu 16 Jul 20:40:05 +08 2026: Dashboard already running and serving requests
Thu 16 Jul 20:45:05 +08 2026: Dashboard already running and serving requests
Thu 16 Jul 20:50:05 +08 2026: Dashboard already running and serving requests
Thu 16 Jul 20:55:05 +08 2026: Dashboard already running and serving requests
Thu 16 Jul 21:00:05 +08 2026: Dashboard already running and serving requests
Thu 16 Jul 21:05:05 +08 2026: Dashboard already running and serving requests
Thu 16 Jul 21:10:05 +08 2026: Dashboard already running and serving requests
Thu 16 Jul 21:15:05 +08 2026: Dashboard already running and serving requests
Thu 16 Jul 21:20:05 +08 2026: Dashboard already running and serving requests
Thu 16 Jul 21:25:05 +08 2026: Dashboard already running and serving requests
Thu 16 Jul 21:30:05 +08 2026: Dashboard already running and serving requests
Thu 16 Jul 21:35:05 +08 2026: Dashboard already running and serving requests
Thu 16 Jul 21:40:06 +08 2026: Dashboard already running and serving requests
Thu 16 Jul 21:45:06 +08 2026: Dashboard already running and serving requests
Thu 16 Jul 21:50:06 +08 2026: Dashboard already running and serving requests
Thu 16 Jul 21:55:06 +08 2026: Dashboard already running and serving requests
Thu 16 Jul 22:00:06 +08 2026: Dashboard already running and serving requests
Thu 16 Jul 22:05:06 +08 2026: Dashboard already running and serving requests
Thu 16 Jul 22:10:06 +08 2026: Dashboard already running and serving requests
Thu 16 Jul 22:15:06 +08 2026: Dashboard already running and serving requests
Thu 16 Jul 22:20:06 +08 2026: Dashboard already running and serving requests
Thu 16 Jul 22:25:06 +08 2026: Dashboard already running and serving requests
Thu 16 Jul 22:30:06 +08 2026: Dashboard already running and serving requests
Thu 16 Jul 22:35:06 +08 2026: Dashboard already running and serving requests
Thu 16 Jul 22:40:07 +08 2026: Dashboard already running and serving requests
Thu 16 Jul 22:45:07 +08 2026: Dashboard already running and serving requests
Thu 16 Jul 22:50:07 +08 2026: Dashboard already running and serving requests
Thu 16 Jul 22:55:07 +08 2026: Dashboard already running and serving requests
Thu 16 Jul 23:00:07 +08 2026: Dashboard already running and serving requests
Thu 16 Jul 23:05:07 +08 2026: Dashboard already running and serving requests
Thu 16 Jul 23:10:07 +08 2026: Dashboard already running and serving requests
Thu 16 Jul 23:15:07 +08 2026: Dashboard already running and serving requests
Thu 16 Jul 23:20:07 +08 2026: Dashboard already running and serving requests
Thu 16 Jul 23:25:07 +08 2026: Dashboard already running and serving requests
Thu 16 Jul 23:30:07 +08 2026: Dashboard already running and serving requests
Thu 16 Jul 23:35:08 +08 2026: Dashboard already running and serving requests
Thu 16 Jul 23:40:08 +08 2026: Dashboard already running and serving requests
Thu 16 Jul 23:45:08 +08 2026: Dashboard already running and serving requests
Thu 16 Jul 23:50:08 +08 2026: Dashboard already running and serving requests
Thu 16 Jul 23:55:08 +08 2026: Dashboard already running and serving requests
Fri 17 Jul 00:00:08 +08 2026: Dashboard already running and serving requests
Fri 17 Jul 00:05:08 +08 2026: Dashboard already running and serving requests
Fri 17 Jul 00:10:08 +08 2026: Dashboard already running and serving requests
Fri 17 Jul 00:15:08 +08 2026: Dashboard already running and serving requests
Fri 17 Jul 00:20:08 +08 2026: Dashboard already running and serving requests
Fri 17 Jul 00:25:08 +08 2026: Dashboard already running and serving requests
Fri 17 Jul 00:30:08 +08 2026: Dashboard already running and serving requests
Fri 17 Jul 00:35:09 +08 2026: Dashboard already running and serving requests
Fri 17 Jul 00:40:09 +08 2026: Dashboard already running and serving requests
Fri 17 Jul 00:45:09 +08 2026: Dashboard already running and serving requests
Fri 17 Jul 00:50:09 +08 2026: Dashboard already running and serving requests
Fri 17 Jul 00:55:09 +08 2026: Dashboard already running and serving requests
Fri 17 Jul 01:00:09 +08 2026: Dashboard already running and serving requests
Fri 17 Jul 01:05:09 +08 2026: Dashboard already running and serving requests
Fri 17 Jul 01:10:09 +08 2026: Dashboard already running and serving requests
Fri 17 Jul 01:15:09 +08 2026: Dashboard already running and serving requests
Fri 17 Jul 01:20:09 +08 2026: Dashboard already running and serving requests
Fri 17 Jul 01:25:09 +08 2026: Dashboard already running and serving requests
Fri 17 Jul 01:30:10 +08 2026: Dashboard already running and serving requests
Fri 17 Jul 01:35:10 +08 2026: Dashboard already running and serving requests
Fri 17 Jul 01:40:10 +08 2026: Dashboard already running and serving requests
Fri 17 Jul 01:45:10 +08 2026: Dashboard already running and serving requests
Fri 17 Jul 01:50:10 +08 2026: Dashboard already running and serving requests
Fri 17 Jul 01:55:10 +08 2026: Dashboard already running and serving requests
Fri 17 Jul 02:00:10 +08 2026: Dashboard already running and serving requests
Fri 17 Jul 02:05:10 +08 2026: Dashboard already running and serving requests
Fri 17 Jul 02:10:10 +08 2026: Dashboard already running and serving requests
Fri 17 Jul 02:15:10 +08 2026: Dashboard already running and serving requests
Fri 17 Jul 02:20:10 +08 2026: Dashboard already running and serving requests
Fri 17 Jul 02:25:10 +08 2026: Dashboard already running and serving requests
Fri 17 Jul 02:30:11 +08 2026: Dashboard already running and serving requests
Fri 17 Jul 02:35:11 +08 2026: Dashboard already running and serving requests
Fri 17 Jul 02:40:11 +08 2026: Dashboard already running and serving requests
Fri 17 Jul 02:45:11 +08 2026: Dashboard already running and serving requests
Fri 17 Jul 02:50:11 +08 2026: Dashboard already running and serving requests
Fri 17 Jul 02:55:11 +08 2026: Dashboard already running and serving requests
Fri 17 Jul 03:00:11 +08 2026: Dashboard already running and serving requests
Fri 17 Jul 03:05:11 +08 2026: Dashboard already running and serving requests
Fri 17 Jul 03:10:11 +08 2026: Dashboard already running and serving requests
Fri 17 Jul 03:15:11 +08 2026: Dashboard already running and serving requests
Fri 17 Jul 03:20:11 +08 2026: Dashboard already running and serving requests
Fri 17 Jul 03:25:11 +08 2026: Dashboard already running and serving requests
Fri 17 Jul 03:30:12 +08 2026: Dashboard already running and serving requests
Fri 17 Jul 03:35:12 +08 2026: Dashboard already running and serving requests
Fri 17 Jul 03:40:12 +08 2026: Dashboard already running and serving requests
Fri 17 Jul 03:45:12 +08 2026: Dashboard already running and serving requests
Fri 17 Jul 03:50:12 +08 2026: Dashboard already running and serving requests
Fri 17 Jul 03:55:12 +08 2026: Dashboard already running and serving requests
Fri 17 Jul 04:00:12 +08 2026: Dashboard already running and serving requests
Fri 17 Jul 04:05:12 +08 2026: Dashboard already running and serving requests
Fri 17 Jul 04:10:12 +08 2026: Dashboard already running and serving requests
Fri 17 Jul 04:15:12 +08 2026: Dashboard already running and serving requests
Fri 17 Jul 04:20:12 +08 2026: Dashboard already running and serving requests
Fri 17 Jul 04:25:12 +08 2026: Dashboard already running and serving requests
Fri 17 Jul 04:30:13 +08 2026: Dashboard already running and serving requests
Fri 17 Jul 04:35:13 +08 2026: Dashboard already running and serving requests
Fri 17 Jul 04:40:13 +08 2026: Dashboard already running and serving requests
Fri 17 Jul 04:45:13 +08 2026: Dashboard already running and serving requests
Fri 17 Jul 04:50:13 +08 2026: Dashboard already running and serving requests
Fri 17 Jul 04:55:13 +08 2026: Dashboard already running and serving requests
Fri 17 Jul 05:00:13 +08 2026: Dashboard already running and serving requests
Fri 17 Jul 05:05:13 +08 2026: Dashboard already running and serving requests
Fri 17 Jul 05:10:13 +08 2026: Dashboard already running and serving requests
Fri 17 Jul 05:15:13 +08 2026: Dashboard already running and serving requests
Fri 17 Jul 05:20:13 +08 2026: Dashboard already running and serving requests
Fri 17 Jul 05:25:14 +08 2026: Dashboard already running and serving requests
Fri 17 Jul 05:30:14 +08 2026: Dashboard already running and serving requests
Fri 17 Jul 05:35:14 +08 2026: Dashboard already running and serving requests
Fri 17 Jul 05:40:14 +08 2026: Dashboard already running and serving requests
Fri 17 Jul 05:45:14 +08 2026: Dashboard already running and serving requests
Fri 17 Jul 05:50:14 +08 2026: Dashboard already running and serving requests
Fri 17 Jul 05:55:14 +08 2026: Dashboard already running and serving requests
Fri 17 Jul 06:00:14 +08 2026: Dashboard already running and serving requests
Fri 17 Jul 06:05:14 +08 2026: Dashboard already running and serving requests
Fri 17 Jul 06:10:14 +08 2026: Dashboard already running and serving requests
Fri 17 Jul 06:15:14 +08 2026: Dashboard already running and serving requests
Fri 17 Jul 06:20:14 +08 2026: Dashboard already running and serving requests
Fri 17 Jul 06:25:15 +08 2026: Dashboard already running and serving requests
Fri 17 Jul 06:30:15 +08 2026: Dashboard already running and serving requests
Fri 17 Jul 06:35:15 +08 2026: Dashboard already running and serving requests
Fri 17 Jul 06:40:15 +08 2026: Dashboard already running and serving requests
Fri 17 Jul 06:45:15 +08 2026: Dashboard already running and serving requests
Fri 17 Jul 06:50:15 +08 2026: Dashboard already running and serving requests
Fri 17 Jul 06:55:15 +08 2026: Dashboard already running and serving requests
Fri 17 Jul 07:00:15 +08 2026: Dashboard already running and serving requests
Fri 17 Jul 07:05:15 +08 2026: Dashboard already running and serving requests
Fri 17 Jul 07:10:15 +08 2026: Dashboard already running and serving requests
Fri 17 Jul 07:15:15 +08 2026: Dashboard already running and serving requests
Fri 17 Jul 07:20:15 +08 2026: Dashboard already running and serving requests
Fri 17 Jul 07:25:16 +08 2026: Dashboard already running and serving requests
Fri 17 Jul 07:30:16 +08 2026: Dashboard already running and serving requests
Fri 17 Jul 07:35:16 +08 2026: Dashboard already running and serving requests
Fri 17 Jul 07:40:16 +08 2026: Dashboard already running and serving requests
Fri 17 Jul 07:45:16 +08 2026: Dashboard already running and serving requests
Fri 17 Jul 07:50:16 +08 2026: Dashboard already running and serving requests
Fri 17 Jul 07:55:16 +08 2026: Dashboard already running and serving requests
Fri 17 Jul 08:00:16 +08 2026: Dashboard already running and serving requests
Fri 17 Jul 08:05:16 +08 2026: Dashboard already running and serving requests
Fri 17 Jul 08:10:16 +08 2026: Dashboard already running and serving requests
Fri 17 Jul 08:15:16 +08 2026: Dashboard already running and serving requests
Fri 17 Jul 08:20:17 +08 2026: Dashboard already running and serving requests
Fri 17 Jul 08:25:17 +08 2026: Dashboard already running and serving requests
Fri 17 Jul 08:30:17 +08 2026: Dashboard already running and serving requests
Fri 17 Jul 08:35:17 +08 2026: Dashboard already running and serving requests
Fri 17 Jul 08:40:17 +08 2026: Dashboard already running and serving requests
Fri 17 Jul 08:45:17 +08 2026: Dashboard already running and serving requests
Fri 17 Jul 08:50:17 +08 2026: Dashboard already running and serving requests
Fri 17 Jul 08:55:17 +08 2026: Dashboard already running and serving requests
Fri 17 Jul 09:00:17 +08 2026: Dashboard already running and serving requests
Fri 17 Jul 09:05:17 +08 2026: Dashboard already running and serving requests
Fri 17 Jul 09:10:17 +08 2026: Dashboard already running and serving requests
Fri 17 Jul 09:15:17 +08 2026: Dashboard already running and serving requests
Fri 17 Jul 09:20:18 +08 2026: Dashboard already running and serving requests
Fri 17 Jul 09:25:18 +08 2026: Dashboard already running and serving requests
Fri 17 Jul 09:30:18 +08 2026: Dashboard already running and serving requests
Fri 17 Jul 09:35:18 +08 2026: Dashboard already running and serving requests
Fri 17 Jul 09:40:18 +08 2026: Dashboard already running and serving requests
Fri 17 Jul 09:45:18 +08 2026: Dashboard already running and serving requests
Fri 17 Jul 09:50:18 +08 2026: Dashboard already running and serving requests
Fri 17 Jul 09:55:18 +08 2026: Dashboard already running and serving requests
Fri 17 Jul 10:00:18 +08 2026: Dashboard already running and serving requests
Fri 17 Jul 10:05:18 +08 2026: Dashboard already running and serving requests
Fri 17 Jul 10:10:18 +08 2026: Dashboard already running and serving requests
Fri 17 Jul 10:15:18 +08 2026: Dashboard already running and serving requests
Fri 17 Jul 10:20:19 +08 2026: Dashboard already running and serving requests
Fri 17 Jul 10:25:19 +08 2026: Dashboard already running and serving requests
Fri 17 Jul 10:30:19 +08 2026: Dashboard already running and serving requests
Fri 17 Jul 10:35:19 +08 2026: Dashboard already running and serving requests
Fri 17 Jul 10:40:19 +08 2026: Dashboard already running and serving requests
Fri 17 Jul 10:45:19 +08 2026: Dashboard already running and serving requests
Fri 17 Jul 10:50:19 +08 2026: Dashboard already running and serving requests
Fri 17 Jul 10:55:19 +08 2026: Dashboard already running and serving requests
Fri 17 Jul 11:00:19 +08 2026: Dashboard already running and serving requests
Fri 17 Jul 11:05:19 +08 2026: Dashboard already running and serving requests
Fri 17 Jul 11:10:19 +08 2026: Dashboard already running and serving requests
Fri 17 Jul 11:15:19 +08 2026: Dashboard already running and serving requests
Fri 17 Jul 11:20:20 +08 2026: Dashboard already running and serving requests
Fri 17 Jul 11:25:20 +08 2026: Dashboard already running and serving requests
Fri 17 Jul 11:30:20 +08 2026: Dashboard already running and serving requests
Fri 17 Jul 11:35:20 +08 2026: Dashboard already running and serving requests
Fri 17 Jul 11:40:20 +08 2026: Dashboard already running and serving requests
Fri 17 Jul 11:45:20 +08 2026: Dashboard already running and serving requests
Fri 17 Jul 11:50:20 +08 2026: Dashboard already running and serving requests
Fri 17 Jul 11:55:20 +08 2026: Dashboard already running and serving requests
Fri 17 Jul 12:00:20 +08 2026: Dashboard already running and serving requests
Fri 17 Jul 12:05:20 +08 2026: Dashboard already running and serving requests
Fri 17 Jul 12:10:20 +08 2026: Dashboard already running and serving requests
Fri 17 Jul 12:15:20 +08 2026: Dashboard already running and serving requests
Fri 17 Jul 12:20:21 +08 2026: Dashboard already running and serving requests
Fri 17 Jul 12:25:21 +08 2026: Dashboard already running and serving requests
Fri 17 Jul 12:30:21 +08 2026: Dashboard already running and serving requests
Fri 17 Jul 12:35:21 +08 2026: Dashboard already running and serving requests
Fri 17 Jul 12:40:21 +08 2026: Dashboard already running and serving requests
Fri 17 Jul 12:45:21 +08 2026: Dashboard already running and serving requests
Fri 17 Jul 12:50:21 +08 2026: Dashboard already running and serving requests
Fri 17 Jul 12:55:21 +08 2026: Dashboard already running and serving requests
Fri 17 Jul 13:00:21 +08 2026: Dashboard already running and serving requests
Fri 17 Jul 13:05:21 +08 2026: Dashboard already running and serving requests
Fri 17 Jul 13:10:21 +08 2026: Dashboard already running and serving requests
Fri 17 Jul 13:15:22 +08 2026: Dashboard already running and serving requests
Fri 17 Jul 13:20:22 +08 2026: Dashboard already running and serving requests
Fri 17 Jul 13:25:22 +08 2026: Dashboard already running and serving requests
Fri 17 Jul 13:30:22 +08 2026: Dashboard already running and serving requests
Fri 17 Jul 13:35:22 +08 2026: Dashboard already running and serving requests
Fri 17 Jul 13:40:22 +08 2026: Dashboard already running and serving requests
Fri 17 Jul 13:45:22 +08 2026: Dashboard already running and serving requests
Fri 17 Jul 13:50:22 +08 2026: Dashboard already running and serving requests
Fri 17 Jul 13:55:22 +08 2026: Dashboard already running and serving requests
Fri 17 Jul 14:00:22 +08 2026: Dashboard already running and serving requests
Fri 17 Jul 14:05:22 +08 2026: Dashboard already running and serving requests
Fri 17 Jul 14:10:22 +08 2026: Dashboard already running and serving requests
Fri 17 Jul 14:15:23 +08 2026: Dashboard already running and serving requests
Fri 17 Jul 14:20:23 +08 2026: Dashboard already running and serving requests
Fri 17 Jul 14:25:23 +08 2026: Dashboard already running and serving requests
Fri 17 Jul 14:30:23 +08 2026: Dashboard already running and serving requests
Fri 17 Jul 14:35:23 +08 2026: Dashboard already running and serving requests
Fri 17 Jul 14:40:23 +08 2026: Dashboard already running and serving requests
Fri 17 Jul 14:45:23 +08 2026: Dashboard already running and serving requests
Fri 17 Jul 14:50:23 +08 2026: Dashboard already running and serving requests
Fri 17 Jul 14:55:23 +08 2026: Dashboard already running and serving requests
Fri 17 Jul 15:00:23 +08 2026: Dashboard already running and serving requests
Fri 17 Jul 15:05:23 +08 2026: Dashboard already running and serving requests
Fri 17 Jul 15:10:23 +08 2026: Dashboard already running and serving requests
Fri 17 Jul 15:15:24 +08 2026: Dashboard already running and serving requests
Fri 17 Jul 15:20:24 +08 2026: Dashboard already running and serving requests
Fri 17 Jul 15:25:24 +08 2026: Dashboard already running and serving requests
Fri 17 Jul 15:30:24 +08 2026: Dashboard already running and serving requests
Fri 17 Jul 15:35:24 +08 2026: Dashboard already running and serving requests
Fri 17 Jul 15:40:24 +08 2026: Dashboard already running and serving requests
Fri 17 Jul 15:45:24 +08 2026: Dashboard already running and serving requests
Fri 17 Jul 15:50:24 +08 2026: Dashboard already running and serving requests
Fri 17 Jul 15:55:24 +08 2026: Dashboard already running and serving requests
Fri 17 Jul 16:00:24 +08 2026: Dashboard already running and serving requests
Fri 17 Jul 16:05:24 +08 2026: Dashboard already running and serving requests
Fri 17 Jul 16:10:25 +08 2026: Dashboard already running and serving requests
Fri 17 Jul 16:15:25 +08 2026: Dashboard already running and serving requests
Fri 17 Jul 16:20:25 +08 2026: Dashboard already running and serving requests
Fri 17 Jul 16:25:25 +08 2026: Dashboard already running and serving requests
Fri 17 Jul 16:30:25 +08 2026: Dashboard already running and serving requests
Fri 17 Jul 16:35:25 +08 2026: Dashboard already running and serving requests
Fri 17 Jul 16:40:25 +08 2026: Dashboard already running and serving requests
Fri 17 Jul 16:45:25 +08 2026: Dashboard already running and serving requests
Fri 17 Jul 16:50:25 +08 2026: Dashboard already running and serving requests
Fri 17 Jul 16:55:25 +08 2026: Dashboard already running and serving requests
Fri 17 Jul 17:00:25 +08 2026: Dashboard already running and serving requests
Fri 17 Jul 17:05:25 +08 2026: Dashboard already running and serving requests
Fri 17 Jul 17:10:26 +08 2026: Dashboard already running and serving requests
Fri 17 Jul 17:15:26 +08 2026: Dashboard already running and serving requests
Fri 17 Jul 17:20:26 +08 2026: Dashboard already running and serving requests
Fri 17 Jul 17:25:26 +08 2026: Dashboard already running and serving requests
Fri 17 Jul 17:30:26 +08 2026: Dashboard already running and serving requests
Fri 17 Jul 17:35:26 +08 2026: Dashboard already running and serving requests
Fri 17 Jul 17:40:26 +08 2026: Dashboard already running and serving requests
Fri 17 Jul 17:45:26 +08 2026: Dashboard already running and serving requests
Fri 17 Jul 17:50:26 +08 2026: Dashboard already running and serving requests
Fri 17 Jul 17:55:26 +08 2026: Dashboard already running and serving requests
Fri 17 Jul 18:00:26 +08 2026: Dashboard already running and serving requests
Fri 17 Jul 18:05:26 +08 2026: Dashboard already running and serving requests
Fri 17 Jul 18:10:27 +08 2026: Dashboard already running and serving requests
Fri 17 Jul 18:15:27 +08 2026: Dashboard already running and serving requests
Fri 17 Jul 18:20:27 +08 2026: Dashboard already running and serving requests
Fri 17 Jul 18:25:27 +08 2026: Dashboard already running and serving requests
Fri 17 Jul 18:30:27 +08 2026: Dashboard already running and serving requests
Fri 17 Jul 18:35:27 +08 2026: Dashboard already running and serving requests
Fri 17 Jul 18:40:27 +08 2026: Dashboard already running and serving requests
Fri 17 Jul 18:45:27 +08 2026: Dashboard already running and serving requests
Fri 17 Jul 18:50:27 +08 2026: Dashboard already running and serving requests
Fri 17 Jul 18:55:27 +08 2026: Dashboard already running and serving requests
Fri 17 Jul 19:00:27 +08 2026: Dashboard already running and serving requests
Fri 17 Jul 19:05:27 +08 2026: Dashboard already running and serving requests
Fri 17 Jul 19:10:28 +08 2026: Dashboard already running and serving requests
Fri 17 Jul 19:15:28 +08 2026: Dashboard already running and serving requests
Fri 17 Jul 19:20:28 +08 2026: Dashboard already running and serving requests
Fri 17 Jul 19:25:28 +08 2026: Dashboard already running and serving requests
Fri 17 Jul 19:30:28 +08 2026: Dashboard already running and serving requests
Fri 17 Jul 19:35:28 +08 2026: Dashboard already running and serving requests
Fri 17 Jul 19:40:28 +08 2026: Dashboard already running and serving requests
Fri 17 Jul 19:45:28 +08 2026: Dashboard already running and serving requests
Fri 17 Jul 19:50:28 +08 2026: Dashboard already running and serving requests
Fri 17 Jul 19:55:28 +08 2026: Dashboard already running and serving requests
Fri 17 Jul 20:00:28 +08 2026: Dashboard already running and serving requests
Fri 17 Jul 20:05:28 +08 2026: Dashboard already running and serving requests
Fri 17 Jul 20:10:29 +08 2026: Dashboard already running and serving requests
Fri 17 Jul 20:15:29 +08 2026: Dashboard already running and serving requests
Fri 17 Jul 20:20:29 +08 2026: Dashboard already running and serving requests
Fri 17 Jul 20:25:29 +08 2026: Dashboard already running and serving requests
Fri 17 Jul 20:30:29 +08 2026: Dashboard already running and serving requests
Fri 17 Jul 20:35:29 +08 2026: Dashboard already running and serving requests
Fri 17 Jul 20:40:29 +08 2026: Dashboard already running and serving requests
Fri 17 Jul 20:45:29 +08 2026: Dashboard already running and serving requests
Fri 17 Jul 20:50:29 +08 2026: Dashboard already running and serving requests
Fri 17 Jul 20:55:29 +08 2026: Dashboard already running and serving requests
Fri 17 Jul 21:00:29 +08 2026: Dashboard already running and serving requests
Fri 17 Jul 21:05:30 +08 2026: Dashboard already running and serving requests
Fri 17 Jul 21:10:30 +08 2026: Dashboard already running and serving requests
Fri 17 Jul 21:15:30 +08 2026: Dashboard already running and serving requests
Fri 17 Jul 21:20:30 +08 2026: Dashboard already running and serving requests
Fri 17 Jul 21:25:30 +08 2026: Dashboard already running and serving requests
Fri 17 Jul 21:30:30 +08 2026: Dashboard already running and serving requests
Fri 17 Jul 21:35:30 +08 2026: Dashboard already running and serving requests
Fri 17 Jul 21:40:30 +08 2026: Dashboard already running and serving requests
Fri 17 Jul 21:45:30 +08 2026: Dashboard already running and serving requests
Fri 17 Jul 21:50:30 +08 2026: Dashboard already running and serving requests
Fri 17 Jul 21:55:30 +08 2026: Dashboard already running and serving requests
Fri 17 Jul 22:00:30 +08 2026: Dashboard already running and serving requests
Fri 17 Jul 22:05:31 +08 2026: Dashboard already running and serving requests
Fri 17 Jul 22:10:31 +08 2026: Dashboard already running and serving requests
Fri 17 Jul 22:15:31 +08 2026: Dashboard already running and serving requests
Fri 17 Jul 22:20:31 +08 2026: Dashboard already running and serving requests
Fri 17 Jul 22:25:31 +08 2026: Dashboard already running and serving requests
Fri 17 Jul 22:30:31 +08 2026: Dashboard already running and serving requests
Fri 17 Jul 22:35:31 +08 2026: Dashboard already running and serving requests
Fri 17 Jul 22:40:31 +08 2026: Dashboard already running and serving requests
Fri 17 Jul 22:45:31 +08 2026: Dashboard already running and serving requests
Fri 17 Jul 22:50:31 +08 2026: Dashboard already running and serving requests
Fri 17 Jul 22:55:31 +08 2026: Dashboard already running and serving requests
Fri 17 Jul 23:00:31 +08 2026: Dashboard already running and serving requests
Fri 17 Jul 23:05:32 +08 2026: Dashboard already running and serving requests
Fri 17 Jul 23:10:32 +08 2026: Dashboard already running and serving requests
Fri 17 Jul 23:15:32 +08 2026: Dashboard already running and serving requests
Fri 17 Jul 23:20:32 +08 2026: Dashboard already running and serving requests
Fri 17 Jul 23:25:32 +08 2026: Dashboard already running and serving requests
Fri 17 Jul 23:30:32 +08 2026: Dashboard already running and serving requests
Fri 17 Jul 23:35:32 +08 2026: Dashboard already running and serving requests
Fri 17 Jul 23:40:32 +08 2026: Dashboard already running and serving requests
Fri 17 Jul 23:45:32 +08 2026: Dashboard already running and serving requests
Fri 17 Jul 23:50:32 +08 2026: Dashboard already running and serving requests
Fri 17 Jul 23:55:32 +08 2026: Dashboard already running and serving requests
Sat 18 Jul 00:00:33 +08 2026: Dashboard already running and serving requests
Sat 18 Jul 00:05:33 +08 2026: Dashboard already running and serving requests
Sat 18 Jul 00:10:33 +08 2026: Dashboard already running and serving requests
Sat 18 Jul 00:15:33 +08 2026: Dashboard already running and serving requests
Sat 18 Jul 00:20:33 +08 2026: Dashboard already running and serving requests
Sat 18 Jul 00:25:33 +08 2026: Dashboard already running and serving requests
Sat 18 Jul 00:30:33 +08 2026: Dashboard already running and serving requests
Sat 18 Jul 00:35:33 +08 2026: Dashboard already running and serving requests
Sat 18 Jul 00:40:33 +08 2026: Dashboard already running and serving requests
Sat 18 Jul 00:45:33 +08 2026: Dashboard already running and serving requests
Sat 18 Jul 00:50:33 +08 2026: Dashboard already running and serving requests
Sat 18 Jul 00:55:33 +08 2026: Dashboard already running and serving requests
Sat 18 Jul 01:00:34 +08 2026: Dashboard already running and serving requests
Sat 18 Jul 01:05:34 +08 2026: Dashboard already running and serving requests
Sat 18 Jul 01:10:34 +08 2026: Dashboard already running and serving requests
Sat 18 Jul 01:15:34 +08 2026: Dashboard already running and serving requests
Sat 18 Jul 01:20:34 +08 2026: Dashboard already running and serving requests
Sat 18 Jul 01:25:34 +08 2026: Dashboard already running and serving requests
Sat 18 Jul 01:30:34 +08 2026: Dashboard already running and serving requests
Sat 18 Jul 01:35:34 +08 2026: Dashboard already running and serving requests
Sat 18 Jul 01:40:34 +08 2026: Dashboard already running and serving requests
Sat 18 Jul 01:45:34 +08 2026: Dashboard already running and serving requests
Sat 18 Jul 01:50:34 +08 2026: Dashboard already running and serving requests
Sat 18 Jul 01:55:34 +08 2026: Dashboard already running and serving requests
Sat 18 Jul 02:00:35 +08 2026: Dashboard already running and serving requests
Sat 18 Jul 02:05:35 +08 2026: Dashboard already running and serving requests
Sat 18 Jul 02:10:35 +08 2026: Dashboard already running and serving requests
Sat 18 Jul 02:15:35 +08 2026: Dashboard already running and serving requests
Sat 18 Jul 02:20:35 +08 2026: Dashboard already running and serving requests
Sat 18 Jul 02:25:35 +08 2026: Dashboard already running and serving requests
Sat 18 Jul 02:30:35 +08 2026: Dashboard already running and serving requests
Sat 18 Jul 02:35:35 +08 2026: Dashboard already running and serving requests
Sat 18 Jul 02:40:35 +08 2026: Dashboard already running and serving requests
Sat 18 Jul 02:45:35 +08 2026: Dashboard already running and serving requests
Sat 18 Jul 02:50:35 +08 2026: Dashboard already running and serving requests
Sat 18 Jul 02:55:35 +08 2026: Dashboard already running and serving requests
Sat 18 Jul 03:00:36 +08 2026: Dashboard already running and serving requests
Sat 18 Jul 03:05:36 +08 2026: Dashboard already running and serving requests
Sat 18 Jul 03:10:36 +08 2026: Dashboard already running and serving requests
Sat 18 Jul 03:15:36 +08 2026: Dashboard already running and serving requests
Sat 18 Jul 03:20:36 +08 2026: Dashboard already running and serving requests
Sat 18 Jul 03:25:36 +08 2026: Dashboard already running and serving requests
Sat 18 Jul 03:30:36 +08 2026: Dashboard already running and serving requests
Sat 18 Jul 03:35:36 +08 2026: Dashboard already running and serving requests
Sat 18 Jul 03:40:36 +08 2026: Dashboard already running and serving requests
Sat 18 Jul 03:45:36 +08 2026: Dashboard already running and serving requests
Sat 18 Jul 03:50:36 +08 2026: Dashboard already running and serving requests
Sat 18 Jul 03:55:36 +08 2026: Dashboard already running and serving requests
Sat 18 Jul 04:00:37 +08 2026: Dashboard already running and serving requests
Sat 18 Jul 04:05:37 +08 2026: Dashboard already running and serving requests
Sat 18 Jul 04:10:37 +08 2026: Dashboard already running and serving requests
Sat 18 Jul 04:15:37 +08 2026: Dashboard already running and serving requests
Sat 18 Jul 04:20:37 +08 2026: Dashboard already running and serving requests
Sat 18 Jul 04:25:37 +08 2026: Dashboard already running and serving requests
Sat 18 Jul 04:30:37 +08 2026: Dashboard already running and serving requests
Sat 18 Jul 04:35:37 +08 2026: Dashboard already running and serving requests
Sat 18 Jul 04:40:37 +08 2026: Dashboard already running and serving requests
Sat 18 Jul 04:45:37 +08 2026: Dashboard already running and serving requests
Sat 18 Jul 04:50:37 +08 2026: Dashboard already running and serving requests
Sat 18 Jul 04:55:37 +08 2026: Dashboard already running and serving requests
Sat 18 Jul 05:00:38 +08 2026: Dashboard already running and serving requests
Sat 18 Jul 05:05:38 +08 2026: Dashboard already running and serving requests
Sat 18 Jul 05:10:38 +08 2026: Dashboard already running and serving requests
Sat 18 Jul 05:15:38 +08 2026: Dashboard already running and serving requests
Sat 18 Jul 05:20:38 +08 2026: Dashboard already running and serving requests
Sat 18 Jul 05:25:38 +08 2026: Dashboard already running and serving requests
Sat 18 Jul 05:30:38 +08 2026: Dashboard already running and serving requests
Sat 18 Jul 05:35:38 +08 2026: Dashboard already running and serving requests
Sat 18 Jul 05:40:38 +08 2026: Dashboard already running and serving requests
Sat 18 Jul 05:45:38 +08 2026: Dashboard already running and serving requests
Sat 18 Jul 05:50:38 +08 2026: Dashboard already running and serving requests
Sat 18 Jul 05:55:39 +08 2026: Dashboard already running and serving requests
Sat 18 Jul 06:00:39 +08 2026: Dashboard already running and serving requests
Sat 18 Jul 06:05:39 +08 2026: Dashboard already running and serving requests
Sat 18 Jul 06:10:39 +08 2026: Dashboard already running and serving requests
Sat 18 Jul 06:15:39 +08 2026: Dashboard already running and serving requests
Sat 18 Jul 06:20:39 +08 2026: Dashboard already running and serving requests
Sat 18 Jul 06:25:39 +08 2026: Dashboard already running and serving requests
Sat 18 Jul 06:30:39 +08 2026: Dashboard already running and serving requests
Sat 18 Jul 06:35:39 +08 2026: Dashboard already running and serving requests
Sat 18 Jul 06:40:39 +08 2026: Dashboard already running and serving requests
Sat 18 Jul 06:45:39 +08 2026: Dashboard already running and serving requests
Sat 18 Jul 06:50:39 +08 2026: Dashboard already running and serving requests
Sat 18 Jul 06:55:40 +08 2026: Dashboard already running and serving requests
Sat 18 Jul 07:00:40 +08 2026: Dashboard already running and serving requests
Sat 18 Jul 07:05:40 +08 2026: Dashboard already running and serving requests
Sat 18 Jul 07:10:40 +08 2026: Dashboard already running and serving requests
Sat 18 Jul 07:15:40 +08 2026: Dashboard already running and serving requests
Sat 18 Jul 07:20:40 +08 2026: Dashboard already running and serving requests
Sat 18 Jul 07:25:40 +08 2026: Dashboard already running and serving requests
Sat 18 Jul 07:30:40 +08 2026: Dashboard already running and serving requests
Sat 18 Jul 07:35:40 +08 2026: Dashboard already running and serving requests
Sat 18 Jul 07:40:40 +08 2026: Dashboard already running and serving requests
Sat 18 Jul 07:45:40 +08 2026: Dashboard already running and serving requests
Sat 18 Jul 07:50:40 +08 2026: Dashboard already running and serving requests
Sat 18 Jul 07:55:41 +08 2026: Dashboard already running and serving requests
Sat 18 Jul 08:00:41 +08 2026: Dashboard already running and serving requests
Sat 18 Jul 08:05:41 +08 2026: Dashboard already running and serving requests
Sat 18 Jul 08:10:41 +08 2026: Dashboard already running and serving requests
Sat 18 Jul 08:15:41 +08 2026: Dashboard already running and serving requests
Sat 18 Jul 08:20:41 +08 2026: Dashboard already running and serving requests
Sat 18 Jul 08:25:41 +08 2026: Dashboard already running and serving requests
Sat 18 Jul 08:30:41 +08 2026: Dashboard already running and serving requests
Sat 18 Jul 08:35:41 +08 2026: Dashboard already running and serving requests
Sat 18 Jul 08:40:41 +08 2026: Dashboard already running and serving requests
Sat 18 Jul 08:45:41 +08 2026: Dashboard already running and serving requests
Sat 18 Jul 08:50:41 +08 2026: Dashboard already running and serving requests
Sat 18 Jul 08:55:42 +08 2026: Dashboard already running and serving requests
Sat 18 Jul 09:00:42 +08 2026: Dashboard already running and serving requests
Sat 18 Jul 09:05:42 +08 2026: Dashboard already running and serving requests
Sat 18 Jul 09:10:42 +08 2026: Dashboard already running and serving requests
Sat 18 Jul 09:15:42 +08 2026: Dashboard already running and serving requests
Sat 18 Jul 09:20:42 +08 2026: Dashboard already running and serving requests
Sat 18 Jul 09:25:42 +08 2026: Dashboard already running and serving requests
Sat 18 Jul 09:30:42 +08 2026: Dashboard already running and serving requests
Sat 18 Jul 09:35:42 +08 2026: Dashboard already running and serving requests
Sat 18 Jul 09:40:42 +08 2026: Dashboard already running and serving requests
Sat 18 Jul 09:45:42 +08 2026: Dashboard already running and serving requests
Sat 18 Jul 09:50:42 +08 2026: Dashboard already running and serving requests
Sat 18 Jul 09:55:43 +08 2026: Dashboard already running and serving requests
Sat 18 Jul 10:00:43 +08 2026: Dashboard already running and serving requests
Sat 18 Jul 10:05:43 +08 2026: Dashboard already running and serving requests
Sat 18 Jul 10:10:43 +08 2026: Dashboard already running and serving requests
Sat 18 Jul 10:15:43 +08 2026: Dashboard already running and serving requests
Sat 18 Jul 10:20:43 +08 2026: Dashboard already running and serving requests
Sat 18 Jul 10:25:43 +08 2026: Dashboard already running and serving requests
Sat 18 Jul 10:30:43 +08 2026: Dashboard already running and serving requests
Sat 18 Jul 10:35:43 +08 2026: Dashboard already running and serving requests
Sat 18 Jul 10:40:43 +08 2026: Dashboard already running and serving requests
Sat 18 Jul 10:45:43 +08 2026: Dashboard already running and serving requests
Sat 18 Jul 10:50:43 +08 2026: Dashboard already running and serving requests
Sat 18 Jul 10:55:44 +08 2026: Dashboard already running and serving requests
Sat 18 Jul 11:00:44 +08 2026: Dashboard already running and serving requests
Sat 18 Jul 11:05:44 +08 2026: Dashboard already running and serving requests
Sat 18 Jul 11:10:44 +08 2026: Dashboard already running and serving requests
Sat 18 Jul 11:15:44 +08 2026: Dashboard already running and serving requests
Sat 18 Jul 11:20:44 +08 2026: Dashboard already running and serving requests
Sat 18 Jul 11:25:44 +08 2026: Dashboard already running and serving requests
Sat 18 Jul 11:30:44 +08 2026: Dashboard already running and serving requests
Sat 18 Jul 11:35:44 +08 2026: Dashboard already running and serving requests
Sat 18 Jul 11:40:44 +08 2026: Dashboard already running and serving requests
Sat 18 Jul 11:45:44 +08 2026: Dashboard already running and serving requests
Sat 18 Jul 11:50:45 +08 2026: Dashboard already running and serving requests
Sat 18 Jul 11:55:45 +08 2026: Dashboard already running and serving requests
Sat 18 Jul 12:00:45 +08 2026: Dashboard already running and serving requests
Sat 18 Jul 12:05:45 +08 2026: Dashboard already running and serving requests
Sat 18 Jul 12:10:45 +08 2026: Dashboard already running and serving requests
Sat 18 Jul 12:15:45 +08 2026: Dashboard already running and serving requests
Sat 18 Jul 12:20:45 +08 2026: Dashboard already running and serving requests
Sat 18 Jul 12:25:45 +08 2026: Dashboard already running and serving requests
Sat 18 Jul 12:30:45 +08 2026: Dashboard already running and serving requests
Sat 18 Jul 12:35:45 +08 2026: Dashboard already running and serving requests
Sat 18 Jul 12:40:45 +08 2026: Dashboard already running and serving requests
Sat 18 Jul 12:45:46 +08 2026: Dashboard already running and serving requests
Sat 18 Jul 12:50:46 +08 2026: Dashboard already running and serving requests
Sat 18 Jul 12:55:46 +08 2026: Dashboard already running and serving requests
Sat 18 Jul 13:00:46 +08 2026: Dashboard already running and serving requests
Sat 18 Jul 13:05:46 +08 2026: Dashboard already running and serving requests
Sat 18 Jul 13:10:46 +08 2026: Dashboard already running and serving requests
Sat 18 Jul 13:15:46 +08 2026: Dashboard already running and serving requests
Sat 18 Jul 13:20:46 +08 2026: Dashboard already running and serving requests
Sat 18 Jul 13:25:46 +08 2026: Dashboard already running and serving requests
Sat 18 Jul 13:30:46 +08 2026: Dashboard already running and serving requests
Sat 18 Jul 13:35:46 +08 2026: Dashboard already running and serving requests
Sat 18 Jul 13:40:46 +08 2026: Dashboard already running and serving requests
Sat 18 Jul 13:45:47 +08 2026: Dashboard already running and serving requests
Sat 18 Jul 13:50:47 +08 2026: Dashboard already running and serving requests
Sat 18 Jul 13:55:47 +08 2026: Dashboard already running and serving requests
Sat 18 Jul 14:00:47 +08 2026: Dashboard already running and serving requests
Sat 18 Jul 14:05:47 +08 2026: Dashboard already running and serving requests
Sat 18 Jul 14:10:47 +08 2026: Dashboard already running and serving requests
Sat 18 Jul 14:15:47 +08 2026: Dashboard already running and serving requests
Sat 18 Jul 14:20:47 +08 2026: Dashboard already running and serving requests
Sat 18 Jul 14:25:47 +08 2026: Dashboard already running and serving requests
Sat 18 Jul 14:30:47 +08 2026: Dashboard already running and serving requests
Sat 18 Jul 14:35:47 +08 2026: Dashboard already running and serving requests
Sat 18 Jul 14:40:47 +08 2026: Dashboard already running and serving requests
Sat 18 Jul 14:45:48 +08 2026: Dashboard already running and serving requests
Sat 18 Jul 14:50:48 +08 2026: Dashboard already running and serving requests
Sat 18 Jul 14:55:48 +08 2026: Dashboard already running and serving requests
Sat 18 Jul 15:00:48 +08 2026: Dashboard already running and serving requests
Sat 18 Jul 15:05:48 +08 2026: Dashboard already running and serving requests
Sat 18 Jul 15:10:48 +08 2026: Dashboard already running and serving requests
Sat 18 Jul 15:15:48 +08 2026: Dashboard already running and serving requests
Sat 18 Jul 15:20:48 +08 2026: Dashboard already running and serving requests
Sat 18 Jul 15:25:48 +08 2026: Dashboard already running and serving requests
Sat 18 Jul 15:30:48 +08 2026: Dashboard already running and serving requests
Sat 18 Jul 15:35:48 +08 2026: Dashboard already running and serving requests
Sat 18 Jul 15:40:48 +08 2026: Dashboard already running and serving requests
Sat 18 Jul 15:45:49 +08 2026: Dashboard already running and serving requests
Sat 18 Jul 15:50:49 +08 2026: Dashboard already running and serving requests
Sat 18 Jul 15:55:49 +08 2026: Dashboard already running and serving requests
Sat 18 Jul 16:00:49 +08 2026: Dashboard already running and serving requests
Sat 18 Jul 16:05:49 +08 2026: Dashboard already running and serving requests
Sat 18 Jul 16:10:49 +08 2026: Dashboard already running and serving requests
Sat 18 Jul 16:15:49 +08 2026: Dashboard already running and serving requests
Sat 18 Jul 16:20:49 +08 2026: Dashboard already running and serving requests
Sat 18 Jul 16:25:49 +08 2026: Dashboard already running and serving requests
Sat 18 Jul 16:30:49 +08 2026: Dashboard already running and serving requests
Sat 18 Jul 16:35:49 +08 2026: Dashboard already running and serving requests
Sat 18 Jul 16:40:49 +08 2026: Dashboard already running and serving requests
Sat 18 Jul 16:45:50 +08 2026: Dashboard already running and serving requests
Sat 18 Jul 16:50:50 +08 2026: Dashboard already running and serving requests
Sat 18 Jul 16:55:50 +08 2026: Dashboard already running and serving requests
Sat 18 Jul 17:00:50 +08 2026: Dashboard already running and serving requests
Sat 18 Jul 17:05:50 +08 2026: Dashboard already running and serving requests
Sat 18 Jul 17:10:50 +08 2026: Dashboard already running and serving requests
Sat 18 Jul 17:15:50 +08 2026: Dashboard already running and serving requests
Sat 18 Jul 17:20:50 +08 2026: Dashboard already running and serving requests
Sat 18 Jul 17:25:50 +08 2026: Dashboard already running and serving requests
Sat 18 Jul 17:30:50 +08 2026: Dashboard already running and serving requests
Sat 18 Jul 17:35:50 +08 2026: Dashboard already running and serving requests
Sat 18 Jul 17:40:50 +08 2026: Dashboard already running and serving requests
Sat 18 Jul 17:45:51 +08 2026: Dashboard already running and serving requests
Sat 18 Jul 17:50:51 +08 2026: Dashboard already running and serving requests
Sat 18 Jul 17:55:51 +08 2026: Dashboard already running and serving requests
Sat 18 Jul 18:00:51 +08 2026: Dashboard already running and serving requests
Sat 18 Jul 18:05:51 +08 2026: Dashboard already running and serving requests
Sat 18 Jul 18:10:51 +08 2026: Dashboard already running and serving requests
Sat 18 Jul 18:15:51 +08 2026: Dashboard already running and serving requests
Sat 18 Jul 18:20:51 +08 2026: Dashboard already running and serving requests
Sat 18 Jul 18:25:51 +08 2026: Dashboard already running and serving requests
Sat 18 Jul 18:30:51 +08 2026: Dashboard already running and serving requests
Sat 18 Jul 18:35:51 +08 2026: Dashboard already running and serving requests
Sat 18 Jul 18:40:51 +08 2026: Dashboard already running and serving requests
Sat 18 Jul 18:45:52 +08 2026: Dashboard already running and serving requests
Sat 18 Jul 18:50:52 +08 2026: Dashboard already running and serving requests
Sat 18 Jul 18:55:52 +08 2026: Dashboard already running and serving requests
Sat 18 Jul 19:00:52 +08 2026: Dashboard already running and serving requests
Sat 18 Jul 19:05:52 +08 2026: Dashboard already running and serving requests
Sat 18 Jul 19:10:52 +08 2026: Dashboard already running and serving requests
Sat 18 Jul 19:15:52 +08 2026: Dashboard already running and serving requests
Sat 18 Jul 19:20:52 +08 2026: Dashboard already running and serving requests
Sat 18 Jul 19:25:52 +08 2026: Dashboard already running and serving requests
Sat 18 Jul 19:30:52 +08 2026: Dashboard already running and serving requests
Sat 18 Jul 19:35:52 +08 2026: Dashboard already running and serving requests
Sat 18 Jul 19:40:52 +08 2026: Dashboard already running and serving requests
Sat 18 Jul 19:45:53 +08 2026: Dashboard already running and serving requests
Sat 18 Jul 19:50:53 +08 2026: Dashboard already running and serving requests
Sat 18 Jul 19:55:53 +08 2026: Dashboard already running and serving requests
Sat 18 Jul 20:00:53 +08 2026: Dashboard already running and serving requests
Sat 18 Jul 20:05:53 +08 2026: Dashboard already running and serving requests
Sat 18 Jul 20:10:53 +08 2026: Dashboard already running and serving requests
Sat 18 Jul 20:15:53 +08 2026: Dashboard already running and serving requests
Sat 18 Jul 20:20:53 +08 2026: Dashboard already running and serving requests
Sat 18 Jul 20:25:53 +08 2026: Dashboard already running and serving requests
Sat 18 Jul 20:30:53 +08 2026: Dashboard already running and serving requests
Sat 18 Jul 20:35:53 +08 2026: Dashboard already running and serving requests
Sat 18 Jul 20:40:53 +08 2026: Dashboard already running and serving requests
Sat 18 Jul 20:45:54 +08 2026: Dashboard already running and serving requests
Sat 18 Jul 20:50:54 +08 2026: Dashboard already running and serving requests
Sat 18 Jul 20:55:54 +08 2026: Dashboard already running and serving requests
Sat 18 Jul 21:00:54 +08 2026: Dashboard already running and serving requests
Sat 18 Jul 21:05:54 +08 2026: Dashboard already running and serving requests
Sat 18 Jul 21:10:54 +08 2026: Dashboard already running and serving requests
Sat 18 Jul 21:15:54 +08 2026: Dashboard already running and serving requests
Sat 18 Jul 21:20:54 +08 2026: Dashboard already running and serving requests
Sat 18 Jul 21:25:54 +08 2026: Dashboard already running and serving requests
Sat 18 Jul 21:30:54 +08 2026: Dashboard already running and serving requests
Sat 18 Jul 21:35:54 +08 2026: Dashboard already running and serving requests
Sat 18 Jul 21:40:55 +08 2026: Dashboard already running and serving requests
Sat 18 Jul 21:45:55 +08 2026: Dashboard already running and serving requests
Sat 18 Jul 21:50:55 +08 2026: Dashboard already running and serving requests
Sat 18 Jul 21:55:55 +08 2026: Dashboard already running and serving requests
Sat 18 Jul 22:00:55 +08 2026: Dashboard already running and serving requests
Sat 18 Jul 22:05:55 +08 2026: Dashboard already running and serving requests
Sat 18 Jul 22:10:55 +08 2026: Dashboard already running and serving requests
Sat 18 Jul 22:15:55 +08 2026: Dashboard already running and serving requests
Sat 18 Jul 22:20:55 +08 2026: Dashboard already running and serving requests
Sat 18 Jul 22:25:55 +08 2026: Dashboard already running and serving requests
Sat 18 Jul 22:30:55 +08 2026: Dashboard already running and serving requests
Sat 18 Jul 22:35:55 +08 2026: Dashboard already running and serving requests
Sat 18 Jul 22:40:56 +08 2026: Dashboard already running and serving requests
Sat 18 Jul 22:45:56 +08 2026: Dashboard already running and serving requests
Sat 18 Jul 22:50:56 +08 2026: Dashboard already running and serving requests
Sat 18 Jul 22:55:56 +08 2026: Dashboard already running and serving requests
Sat 18 Jul 23:00:56 +08 2026: Dashboard already running and serving requests
Sat 18 Jul 23:05:56 +08 2026: Dashboard already running and serving requests
Sat 18 Jul 23:10:56 +08 2026: Dashboard already running and serving requests
Sat 18 Jul 23:15:56 +08 2026: Dashboard already running and serving requests
Sat 18 Jul 23:20:56 +08 2026: Dashboard already running and serving requests
Sat 18 Jul 23:25:56 +08 2026: Dashboard already running and serving requests
Sat 18 Jul 23:30:56 +08 2026: Dashboard already running and serving requests
Sat 18 Jul 23:35:56 +08 2026: Dashboard already running and serving requests
Sat 18 Jul 23:40:57 +08 2026: Dashboard already running and serving requests
Sat 18 Jul 23:45:57 +08 2026: Dashboard already running and serving requests
Sat 18 Jul 23:50:57 +08 2026: Dashboard already running and serving requests
Sat 18 Jul 23:55:57 +08 2026: Dashboard already running and serving requests
Sun 19 Jul 00:00:57 +08 2026: Dashboard already running and serving requests
Sun 19 Jul 00:05:57 +08 2026: Dashboard already running and serving requests
Sun 19 Jul 00:10:57 +08 2026: Dashboard already running and serving requests
Sun 19 Jul 00:15:57 +08 2026: Dashboard already running and serving requests
Sun 19 Jul 00:20:57 +08 2026: Dashboard already running and serving requests
Sun 19 Jul 00:25:57 +08 2026: Dashboard already running and serving requests
Sun 19 Jul 00:30:57 +08 2026: Dashboard already running and serving requests
Sun 19 Jul 00:35:58 +08 2026: Dashboard already running and serving requests
Sun 19 Jul 00:40:58 +08 2026: Dashboard already running and serving requests
Sun 19 Jul 00:45:58 +08 2026: Dashboard already running and serving requests
Sun 19 Jul 00:50:58 +08 2026: Dashboard already running and serving requests
Sun 19 Jul 00:55:58 +08 2026: Dashboard already running and serving requests
Mon 20 Jul 12:48:52 +08 2026: Starting Buffett Monitor dashboard (no process found)
Mon 20 Jul 12:50:50 +08 2026: Dashboard already running and serving requests
Mon 20 Jul 12:55:50 +08 2026: Dashboard already running and serving requests
Mon 20 Jul 13:00:51 +08 2026: Dashboard already running and serving requests
Mon 20 Jul 13:05:51 +08 2026: Dashboard already running and serving requests
Mon 20 Jul 13:10:51 +08 2026: Dashboard already running and serving requests
Mon 20 Jul 13:15:51 +08 2026: Dashboard already running and serving requests
Mon 20 Jul 13:20:51 +08 2026: Dashboard already running and serving requests
Mon 20 Jul 13:25:51 +08 2026: Dashboard already running and serving requests
Mon 20 Jul 13:30:51 +08 2026: Dashboard already running and serving requests
Mon 20 Jul 13:35:51 +08 2026: Dashboard already running and serving requests
Mon 20 Jul 13:40:51 +08 2026: Dashboard already running and serving requests
Mon 20 Jul 13:45:51 +08 2026: Dashboard already running and serving requests
Mon 20 Jul 13:50:51 +08 2026: Dashboard already running and serving requests
Mon 20 Jul 13:55:51 +08 2026: Dashboard already running and serving requests
Mon 20 Jul 14:00:52 +08 2026: Dashboard already running and serving requests
Mon 20 Jul 14:05:52 +08 2026: Dashboard already running and serving requests
Mon 20 Jul 14:10:52 +08 2026: Dashboard already running and serving requests
Mon 20 Jul 14:15:52 +08 2026: Dashboard already running and serving requests
Mon 20 Jul 14:20:52 +08 2026: Dashboard already running and serving requests
Mon 20 Jul 14:25:52 +08 2026: Dashboard already running and serving requests
Mon 20 Jul 14:30:52 +08 2026: Dashboard already running and serving requests
Mon 20 Jul 14:35:52 +08 2026: Dashboard already running and serving requests
Mon 20 Jul 14:40:52 +08 2026: Dashboard already running and serving requests
Mon 20 Jul 14:45:52 +08 2026: Dashboard already running and serving requests
Mon 20 Jul 14:50:52 +08 2026: Dashboard already running and serving requests
Mon 20 Jul 14:55:52 +08 2026: Dashboard already running and serving requests
Mon 20 Jul 15:00:53 +08 2026: Dashboard already running and serving requests
Mon 20 Jul 15:05:53 +08 2026: Dashboard already running and serving requests
Mon 20 Jul 15:10:53 +08 2026: Dashboard already running and serving requests
Mon 20 Jul 15:15:53 +08 2026: Dashboard already running and serving requests
Mon 20 Jul 15:20:53 +08 2026: Dashboard already running and serving requests
Mon 20 Jul 15:25:53 +08 2026: Dashboard already running and serving requests
Mon 20 Jul 15:30:53 +08 2026: Dashboard already running and serving requests
Mon 20 Jul 15:35:53 +08 2026: Dashboard already running and serving requests
Mon 20 Jul 15:40:53 +08 2026: Dashboard already running and serving requests
Mon 20 Jul 15:45:53 +08 2026: Dashboard already running and serving requests
Mon 20 Jul 15:50:53 +08 2026: Dashboard already running and serving requests
Mon 20 Jul 15:55:54 +08 2026: Dashboard already running and serving requests
Mon 20 Jul 16:00:54 +08 2026: Dashboard already running and serving requests
Mon 20 Jul 16:05:54 +08 2026: Dashboard already running and serving requests
Mon 20 Jul 16:10:54 +08 2026: Dashboard already running and serving requests
Mon 20 Jul 16:15:54 +08 2026: Dashboard already running and serving requests
Mon 20 Jul 16:20:54 +08 2026: Dashboard already running and serving requests
Mon 20 Jul 16:25:54 +08 2026: Dashboard already running and serving requests
Mon 20 Jul 16:30:54 +08 2026: Dashboard already running and serving requests
Mon 20 Jul 16:35:54 +08 2026: Dashboard already running and serving requests
Mon 20 Jul 16:40:54 +08 2026: Dashboard already running and serving requests
Mon 20 Jul 16:45:54 +08 2026: Dashboard already running and serving requests
Mon 20 Jul 16:50:54 +08 2026: Dashboard already running and serving requests
Mon 20 Jul 16:55:55 +08 2026: Dashboard already running and serving requests
Mon 20 Jul 17:00:55 +08 2026: Dashboard already running and serving requests
Mon 20 Jul 17:05:55 +08 2026: Dashboard already running and serving requests
Mon 20 Jul 17:10:55 +08 2026: Dashboard already running and serving requests
Mon 20 Jul 17:15:55 +08 2026: Dashboard already running and serving requests
Mon 20 Jul 17:20:55 +08 2026: Dashboard already running and serving requests
Mon 20 Jul 17:25:55 +08 2026: Dashboard already running and serving requests
Mon 20 Jul 17:30:55 +08 2026: Dashboard already running and serving requests
Mon 20 Jul 17:35:55 +08 2026: Dashboard already running and serving requests
Mon 20 Jul 17:40:55 +08 2026: Dashboard already running and serving requests
Mon 20 Jul 17:45:55 +08 2026: Dashboard already running and serving requests
Mon 20 Jul 17:50:56 +08 2026: Dashboard already running and serving requests
Mon 20 Jul 17:55:56 +08 2026: Dashboard already running and serving requests
Mon 20 Jul 18:00:56 +08 2026: Dashboard already running and serving requests
Mon 20 Jul 18:05:56 +08 2026: Dashboard already running and serving requests
Mon 20 Jul 18:10:56 +08 2026: Dashboard already running and serving requests
Mon 20 Jul 18:15:56 +08 2026: Dashboard already running and serving requests
Mon 20 Jul 18:20:56 +08 2026: Dashboard already running and serving requests
Mon 20 Jul 18:25:56 +08 2026: Dashboard already running and serving requests
Mon 20 Jul 18:30:56 +08 2026: Dashboard already running and serving requests
Mon 20 Jul 18:35:56 +08 2026: Dashboard already running and serving requests
Mon 20 Jul 18:40:56 +08 2026: Dashboard already running and serving requests
Mon 20 Jul 18:45:56 +08 2026: Dashboard already running and serving requests
Mon 20 Jul 18:50:57 +08 2026: Dashboard already running and serving requests
Mon 20 Jul 18:55:57 +08 2026: Dashboard already running and serving requests
Mon 20 Jul 19:00:57 +08 2026: Dashboard already running and serving requests
Mon 20 Jul 19:05:57 +08 2026: Dashboard already running and serving requests
Mon 20 Jul 19:10:57 +08 2026: Dashboard already running and serving requests
Mon 20 Jul 19:15:57 +08 2026: Dashboard already running and serving requests
Mon 20 Jul 19:20:57 +08 2026: Dashboard already running and serving requests
Mon 20 Jul 19:28:29 +08 2026: Starting Buffett Monitor dashboard (no process found)
Mon 20 Jul 19:30:27 +08 2026: Dashboard already running and serving requests
Mon 20 Jul 19:35:27 +08 2026: Dashboard already running and serving requests
Mon 20 Jul 19:40:27 +08 2026: Dashboard already running and serving requests
Mon 20 Jul 19:45:27 +08 2026: Dashboard already running and serving requests
Mon 20 Jul 19:50:28 +08 2026: Dashboard already running and serving requests
Mon 20 Jul 19:55:28 +08 2026: Dashboard already running and serving requests
Mon 20 Jul 20:00:28 +08 2026: Dashboard already running and serving requests
Mon 20 Jul 20:05:28 +08 2026: Dashboard already running and serving requests
Mon 20 Jul 20:10:28 +08 2026: Dashboard already running and serving requests
Mon 20 Jul 20:15:28 +08 2026: Dashboard already running and serving requests
Mon 20 Jul 20:20:28 +08 2026: Dashboard already running and serving requests
Mon 20 Jul 20:25:28 +08 2026: Dashboard already running and serving requests
Mon 20 Jul 20:30:28 +08 2026: Dashboard already running and serving requests
Mon 20 Jul 20:35:28 +08 2026: Dashboard already running and serving requests
Mon 20 Jul 20:40:29 +08 2026: Dashboard already running and serving requests
Mon 20 Jul 20:45:29 +08 2026: Dashboard already running and serving requests
Mon 20 Jul 20:50:29 +08 2026: Dashboard already running and serving requests
Mon 20 Jul 20:55:29 +08 2026: Dashboard already running and serving requests
Mon 20 Jul 21:00:29 +08 2026: Dashboard already running and serving requests
Mon 20 Jul 21:05:29 +08 2026: Dashboard already running and serving requests
Mon 20 Jul 21:10:29 +08 2026: Dashboard already running and serving requests
Mon 20 Jul 21:15:29 +08 2026: Dashboard already running and serving requests
Mon 20 Jul 21:20:29 +08 2026: Dashboard already running and serving requests
Mon 20 Jul 21:25:29 +08 2026: Dashboard already running and serving requests
Mon 20 Jul 21:30:29 +08 2026: Dashboard already running and serving requests
Mon 20 Jul 21:35:30 +08 2026: Dashboard already running and serving requests
Mon 20 Jul 21:40:30 +08 2026: Dashboard already running and serving requests
Mon 20 Jul 21:45:30 +08 2026: Dashboard already running and serving requests
Mon 20 Jul 21:50:30 +08 2026: Dashboard already running and serving requests
Mon 20 Jul 21:55:30 +08 2026: Dashboard already running and serving requests
Mon 20 Jul 22:00:30 +08 2026: Dashboard already running and serving requests
Mon 20 Jul 22:05:30 +08 2026: Dashboard already running and serving requests
Mon 20 Jul 22:10:30 +08 2026: Dashboard already running and serving requests
Mon 20 Jul 22:15:30 +08 2026: Dashboard already running and serving requests
Mon 20 Jul 22:20:30 +08 2026: Dashboard already running and serving requests
Mon 20 Jul 22:25:31 +08 2026: Dashboard already running and serving requests
Mon 20 Jul 22:30:31 +08 2026: Dashboard already running and serving requests
Mon 20 Jul 22:35:31 +08 2026: Dashboard already running and serving requests
Mon 20 Jul 22:40:31 +08 2026: Dashboard already running and serving requests
Mon 20 Jul 22:45:31 +08 2026: Dashboard already running and serving requests
Mon 20 Jul 22:50:31 +08 2026: Dashboard already running and serving requests
Mon 20 Jul 22:55:31 +08 2026: Dashboard already running and serving requests
Mon 20 Jul 23:00:31 +08 2026: Dashboard already running and serving requests
Mon 20 Jul 23:05:31 +08 2026: Dashboard already running and serving requests
Mon 20 Jul 23:10:31 +08 2026: Dashboard already running and serving requests
Mon 20 Jul 23:15:31 +08 2026: Dashboard already running and serving requests
Mon 20 Jul 23:20:32 +08 2026: Dashboard already running and serving requests
Mon 20 Jul 23:25:32 +08 2026: Dashboard already running and serving requests
Mon 20 Jul 23:30:09 +08 2026: Dashboard already running and serving requests
Mon 20 Jul 23:35:08 +08 2026: Dashboard already running and serving requests
Mon 20 Jul 23:40:08 +08 2026: Dashboard already running and serving requests
Mon 20 Jul 23:45:08 +08 2026: Dashboard already running and serving requests
Mon 20 Jul 23:50:08 +08 2026: Dashboard already running and serving requests
Mon 20 Jul 23:55:08 +08 2026: Dashboard already running and serving requests
Tue 21 Jul 00:00:08 +08 2026: Dashboard already running and serving requests
Tue 21 Jul 00:05:08 +08 2026: Dashboard already running and serving requests
Tue 21 Jul 00:10:08 +08 2026: Dashboard already running and serving requests
Tue 21 Jul 00:15:08 +08 2026: Dashboard already running and serving requests
Tue 21 Jul 00:20:09 +08 2026: Dashboard already running and serving requests
Tue 21 Jul 00:25:09 +08 2026: Dashboard already running and serving requests
Tue 21 Jul 00:30:09 +08 2026: Dashboard already running and serving requests
Tue 21 Jul 00:35:09 +08 2026: Dashboard already running and serving requests
Tue 21 Jul 00:40:09 +08 2026: Dashboard already running and serving requests
Tue 21 Jul 00:45:09 +08 2026: Dashboard already running and serving requests
Tue 21 Jul 00:50:09 +08 2026: Dashboard already running and serving requests
Tue 21 Jul 00:55:09 +08 2026: Dashboard already running and serving requests
Tue 21 Jul 01:00:09 +08 2026: Dashboard already running and serving requests
Tue 21 Jul 01:05:09 +08 2026: Dashboard already running and serving requests
Tue 21 Jul 01:10:10 +08 2026: Dashboard already running and serving requests
Tue 21 Jul 01:15:10 +08 2026: Dashboard already running and serving requests
Tue 21 Jul 01:20:10 +08 2026: Dashboard already running and serving requests
Tue 21 Jul 01:25:10 +08 2026: Dashboard already running and serving requests
Tue 21 Jul 01:30:10 +08 2026: Dashboard already running and serving requests
Tue 21 Jul 01:35:10 +08 2026: Dashboard already running and serving requests
Tue 21 Jul 01:40:10 +08 2026: Dashboard already running and serving requests
Tue 21 Jul 01:45:10 +08 2026: Dashboard already running and serving requests
Tue 21 Jul 01:50:10 +08 2026: Dashboard already running and serving requests
Tue 21 Jul 01:55:10 +08 2026: Dashboard already running and serving requests
Tue 21 Jul 02:00:11 +08 2026: Dashboard already running and serving requests
Tue 21 Jul 02:05:11 +08 2026: Dashboard already running and serving requests
Tue 21 Jul 02:10:11 +08 2026: Dashboard already running and serving requests
Tue 21 Jul 02:15:11 +08 2026: Dashboard already running and serving requests
Tue 21 Jul 02:20:11 +08 2026: Dashboard already running and serving requests
Tue 21 Jul 02:25:12 +08 2026: Dashboard already running and serving requests
Tue 21 Jul 02:30:12 +08 2026: Dashboard already running and serving requests
Tue 21 Jul 02:35:12 +08 2026: Dashboard already running and serving requests
Tue 21 Jul 02:40:12 +08 2026: Dashboard already running and serving requests
Tue 21 Jul 02:45:12 +08 2026: Dashboard already running and serving requests
Tue 21 Jul 02:50:12 +08 2026: Dashboard already running and serving requests
Tue 21 Jul 02:55:12 +08 2026: Dashboard already running and serving requests
Tue 21 Jul 03:00:12 +08 2026: Dashboard already running and serving requests
Tue 21 Jul 03:05:12 +08 2026: Dashboard already running and serving requests
Tue 21 Jul 03:10:12 +08 2026: Dashboard already running and serving requests
Tue 21 Jul 03:15:13 +08 2026: Dashboard already running and serving requests
Tue 21 Jul 03:20:13 +08 2026: Dashboard already running and serving requests
Tue 21 Jul 03:25:13 +08 2026: Dashboard already running and serving requests
Tue 21 Jul 03:30:13 +08 2026: Dashboard already running and serving requests
Tue 21 Jul 03:35:13 +08 2026: Dashboard already running and serving requests
Tue 21 Jul 03:40:13 +08 2026: Dashboard already running and serving requests
Tue 21 Jul 03:45:13 +08 2026: Dashboard already running and serving requests
Tue 21 Jul 03:50:13 +08 2026: Dashboard already running and serving requests
Tue 21 Jul 03:55:13 +08 2026: Dashboard already running and serving requests
Tue 21 Jul 04:00:13 +08 2026: Dashboard already running and serving requests
Tue 21 Jul 04:05:14 +08 2026: Dashboard already running and serving requests
Tue 21 Jul 04:10:14 +08 2026: Dashboard already running and serving requests
Tue 21 Jul 04:15:14 +08 2026: Dashboard already running and serving requests
Tue 21 Jul 04:20:14 +08 2026: Dashboard already running and serving requests
Tue 21 Jul 04:25:14 +08 2026: Dashboard already running and serving requests
Tue 21 Jul 04:30:14 +08 2026: Dashboard already running and serving requests
Tue 21 Jul 04:35:14 +08 2026: Dashboard already running and serving requests
Tue 21 Jul 04:40:14 +08 2026: Dashboard already running and serving requests
Tue 21 Jul 04:45:14 +08 2026: Dashboard already running and serving requests
Tue 21 Jul 04:50:15 +08 2026: Dashboard already running and serving requests
Tue 21 Jul 04:55:15 +08 2026: Dashboard already running and serving requests
Tue 21 Jul 05:00:15 +08 2026: Dashboard already running and serving requests
Tue 21 Jul 05:05:15 +08 2026: Dashboard already running and serving requests
Tue 21 Jul 05:10:15 +08 2026: Dashboard already running and serving requests
Tue 21 Jul 05:15:15 +08 2026: Dashboard already running and serving requests
Tue 21 Jul 05:20:15 +08 2026: Dashboard already running and serving requests
Tue 21 Jul 05:25:15 +08 2026: Dashboard already running and serving requests
Tue 21 Jul 05:30:15 +08 2026: Dashboard already running and serving requests
Tue 21 Jul 05:35:15 +08 2026: Dashboard already running and serving requests
Tue 21 Jul 05:40:16 +08 2026: Dashboard already running and serving requests
Tue 21 Jul 05:45:16 +08 2026: Dashboard already running and serving requests
Tue 21 Jul 05:50:16 +08 2026: Dashboard already running and serving requests
Tue 21 Jul 05:55:16 +08 2026: Dashboard already running and serving requests
Tue 21 Jul 06:00:16 +08 2026: Dashboard already running and serving requests
Tue 21 Jul 06:05:16 +08 2026: Dashboard already running and serving requests
Tue 21 Jul 06:10:16 +08 2026: Dashboard already running and serving requests
Tue 21 Jul 06:15:16 +08 2026: Dashboard already running and serving requests
Tue 21 Jul 06:20:16 +08 2026: Dashboard already running and serving requests
Tue 21 Jul 06:25:16 +08 2026: Dashboard already running and serving requests
Tue 21 Jul 06:30:17 +08 2026: Dashboard already running and serving requests
Tue 21 Jul 06:35:17 +08 2026: Dashboard already running and serving requests
Tue 21 Jul 06:40:17 +08 2026: Dashboard already running and serving requests
Tue 21 Jul 06:45:17 +08 2026: Dashboard already running and serving requests
Tue 21 Jul 06:50:17 +08 2026: Dashboard already running and serving requests
Tue 21 Jul 06:55:17 +08 2026: Dashboard already running and serving requests
Tue 21 Jul 07:00:17 +08 2026: Dashboard already running and serving requests
Tue 21 Jul 07:05:17 +08 2026: Dashboard already running and serving requests
Tue 21 Jul 07:10:17 +08 2026: Dashboard already running and serving requests
Tue 21 Jul 07:15:17 +08 2026: Dashboard already running and serving requests
Tue 21 Jul 07:20:18 +08 2026: Dashboard already running and serving requests
Tue 21 Jul 07:25:18 +08 2026: Dashboard already running and serving requests
Tue 21 Jul 07:30:18 +08 2026: Dashboard already running and serving requests
Tue 21 Jul 07:35:25 +08 2026: Dashboard already running and serving requests
Tue 21 Jul 07:40:25 +08 2026: Dashboard already running and serving requests
Tue 21 Jul 07:45:25 +08 2026: Dashboard already running and serving requests
Tue 21 Jul 07:50:25 +08 2026: Dashboard already running and serving requests
Tue 21 Jul 07:55:25 +08 2026: Dashboard already running and serving requests
Tue 21 Jul 08:00:25 +08 2026: Dashboard already running and serving requests
Tue 21 Jul 08:05:25 +08 2026: Dashboard already running and serving requests
Tue 21 Jul 08:10:25 +08 2026: Dashboard already running and serving requests
Tue 21 Jul 08:15:25 +08 2026: Dashboard already running and serving requests
Tue 21 Jul 08:20:25 +08 2026: Dashboard already running and serving requests
Tue 21 Jul 08:25:25 +08 2026: Dashboard already running and serving requests
Tue 21 Jul 08:30:25 +08 2026: Dashboard already running and serving requests
Tue 21 Jul 08:35:26 +08 2026: Dashboard already running and serving requests
Tue 21 Jul 08:40:26 +08 2026: Dashboard already running and serving requests
Tue 21 Jul 08:45:26 +08 2026: Dashboard already running and serving requests
Tue 21 Jul 08:50:26 +08 2026: Dashboard already running and serving requests
Tue 21 Jul 08:55:26 +08 2026: Dashboard already running and serving requests
Tue 21 Jul 09:00:26 +08 2026: Dashboard already running and serving requests
Tue 21 Jul 09:05:26 +08 2026: Dashboard already running and serving requests
Tue 21 Jul 09:10:26 +08 2026: Dashboard already running and serving requests
Tue 21 Jul 09:15:26 +08 2026: Dashboard already running and serving requests
Tue 21 Jul 09:20:26 +08 2026: Dashboard already running and serving requests
Tue 21 Jul 09:25:26 +08 2026: Dashboard already running and serving requests
Tue 21 Jul 09:30:26 +08 2026: Dashboard already running and serving requests
Tue 21 Jul 09:35:27 +08 2026: Dashboard already running and serving requests
Tue 21 Jul 09:40:27 +08 2026: Dashboard already running and serving requests
Tue 21 Jul 09:45:27 +08 2026: Dashboard already running and serving requests
Tue 21 Jul 09:50:27 +08 2026: Dashboard already running and serving requests
Tue 21 Jul 09:55:27 +08 2026: Dashboard already running and serving requests
Tue 21 Jul 10:00:27 +08 2026: Dashboard already running and serving requests
Tue 21 Jul 10:05:27 +08 2026: Dashboard already running and serving requests
Tue 21 Jul 10:10:27 +08 2026: Dashboard already running and serving requests
Tue 21 Jul 10:15:27 +08 2026: Dashboard already running and serving requests
Tue 21 Jul 10:20:27 +08 2026: Dashboard already running and serving requests
Tue 21 Jul 10:25:28 +08 2026: Dashboard already running and serving requests
Tue 21 Jul 10:30:28 +08 2026: Dashboard already running and serving requests
Tue 21 Jul 10:35:28 +08 2026: Dashboard already running and serving requests
Tue 21 Jul 10:40:28 +08 2026: Dashboard already running and serving requests
Tue 21 Jul 10:45:28 +08 2026: Dashboard already running and serving requests
Tue 21 Jul 10:50:28 +08 2026: Dashboard already running and serving requests
Tue 21 Jul 10:55:28 +08 2026: Dashboard already running and serving requests
Tue 21 Jul 11:00:28 +08 2026: Dashboard already running and serving requests
Tue 21 Jul 11:05:28 +08 2026: Dashboard already running and serving requests
Tue 21 Jul 11:10:28 +08 2026: Dashboard already running and serving requests
Tue 21 Jul 11:15:28 +08 2026: Dashboard already running and serving requests
Tue 21 Jul 11:20:29 +08 2026: Dashboard already running and serving requests
Tue 21 Jul 11:25:29 +08 2026: Dashboard already running and serving requests
Tue 21 Jul 11:30:29 +08 2026: Dashboard already running and serving requests
Tue 21 Jul 11:35:29 +08 2026: Dashboard already running and serving requests
Tue 21 Jul 11:40:29 +08 2026: Dashboard already running and serving requests
Tue 21 Jul 11:45:29 +08 2026: Dashboard already running and serving requests
Tue 21 Jul 11:50:29 +08 2026: Dashboard already running and serving requests
Tue 21 Jul 11:55:29 +08 2026: Dashboard already running and serving requests
Tue 21 Jul 12:00:29 +08 2026: Dashboard already running and serving requests
Tue 21 Jul 12:05:29 +08 2026: Dashboard already running and serving requests
Tue 21 Jul 12:10:30 +08 2026: Dashboard already running and serving requests
Tue 21 Jul 12:15:30 +08 2026: Dashboard already running and serving requests
Tue 21 Jul 12:20:30 +08 2026: Dashboard already running and serving requests
Tue 21 Jul 12:25:30 +08 2026: Dashboard already running and serving requests
Tue 21 Jul 12:30:30 +08 2026: Dashboard already running and serving requests
Tue 21 Jul 12:35:30 +08 2026: Dashboard already running and serving requests
Tue 21 Jul 12:40:30 +08 2026: Dashboard already running and serving requests
Tue 21 Jul 12:45:30 +08 2026: Dashboard already running and serving requests
Tue 21 Jul 12:50:30 +08 2026: Dashboard already running and serving requests
Tue 21 Jul 12:55:30 +08 2026: Dashboard already running and serving requests
Tue 21 Jul 13:00:31 +08 2026: Dashboard already running and serving requests
Tue 21 Jul 13:05:31 +08 2026: Dashboard already running and serving requests
Tue 21 Jul 13:10:31 +08 2026: Dashboard already running and serving requests
Tue 21 Jul 13:15:31 +08 2026: Dashboard already running and serving requests
Tue 21 Jul 13:20:31 +08 2026: Dashboard already running and serving requests
Tue 21 Jul 13:25:31 +08 2026: Dashboard already running and serving requests
Tue 21 Jul 13:30:31 +08 2026: Dashboard already running and serving requests
Tue 21 Jul 13:35:31 +08 2026: Dashboard already running and serving requests
Tue 21 Jul 13:40:31 +08 2026: Dashboard already running and serving requests
Tue 21 Jul 13:45:31 +08 2026: Dashboard already running and serving requests
Tue 21 Jul 13:50:31 +08 2026: Dashboard already running and serving requests
Tue 21 Jul 13:55:32 +08 2026: Dashboard already running and serving requests
Tue 21 Jul 14:00:32 +08 2026: Dashboard already running and serving requests
Tue 21 Jul 14:05:32 +08 2026: Dashboard already running and serving requests
Tue 21 Jul 14:10:32 +08 2026: Dashboard already running and serving requests
Tue 21 Jul 14:15:32 +08 2026: Dashboard already running and serving requests
Tue 21 Jul 14:20:32 +08 2026: Dashboard already running and serving requests
Tue 21 Jul 14:25:32 +08 2026: Dashboard already running and serving requests
Tue 21 Jul 14:30:32 +08 2026: Dashboard already running and serving requests
Tue 21 Jul 14:35:32 +08 2026: Dashboard already running and serving requests
Tue 21 Jul 14:40:32 +08 2026: Dashboard already running and serving requests
Tue 21 Jul 14:45:33 +08 2026: Dashboard already running and serving requests
Tue 21 Jul 14:50:33 +08 2026: Dashboard already running and serving requests
Tue 21 Jul 14:55:33 +08 2026: Dashboard already running and serving requests
Tue 21 Jul 15:00:33 +08 2026: Dashboard already running and serving requests
Tue 21 Jul 15:05:33 +08 2026: Dashboard already running and serving requests
Tue 21 Jul 15:10:33 +08 2026: Dashboard already running and serving requests
Tue 21 Jul 15:15:33 +08 2026: Dashboard already running and serving requests
Tue 21 Jul 15:20:33 +08 2026: Dashboard already running and serving requests
Tue 21 Jul 15:25:33 +08 2026: Dashboard already running and serving requests
Tue 21 Jul 15:30:33 +08 2026: Dashboard already running and serving requests
Tue 21 Jul 15:35:33 +08 2026: Dashboard already running and serving requests
Tue 21 Jul 15:40:34 +08 2026: Dashboard already running and serving requests
Tue 21 Jul 15:45:34 +08 2026: Dashboard already running and serving requests
Tue 21 Jul 15:50:34 +08 2026: Dashboard already running and serving requests
Tue 21 Jul 15:55:34 +08 2026: Dashboard already running and serving requests
Tue 21 Jul 16:00:34 +08 2026: Dashboard already running and serving requests
Tue 21 Jul 16:05:34 +08 2026: Dashboard already running and serving requests
Tue 21 Jul 16:10:34 +08 2026: Dashboard already running and serving requests
Tue 21 Jul 16:15:34 +08 2026: Dashboard already running and serving requests
Tue 21 Jul 16:20:34 +08 2026: Dashboard already running and serving requests
Tue 21 Jul 16:25:34 +08 2026: Dashboard already running and serving requests
Tue 21 Jul 16:30:35 +08 2026: Dashboard already running and serving requests
Tue 21 Jul 16:35:35 +08 2026: Dashboard already running and serving requests
Tue 21 Jul 16:40:35 +08 2026: Dashboard already running and serving requests
Tue 21 Jul 16:45:35 +08 2026: Dashboard already running and serving requests
Tue 21 Jul 16:50:35 +08 2026: Dashboard already running and serving requests
Tue 21 Jul 16:55:35 +08 2026: Dashboard already running and serving requests
Tue 21 Jul 17:00:35 +08 2026: Dashboard already running and serving requests
Tue 21 Jul 17:05:35 +08 2026: Dashboard already running and serving requests
Tue 21 Jul 17:10:35 +08 2026: Dashboard already running and serving requests
Tue 21 Jul 17:15:35 +08 2026: Dashboard already running and serving requests
Tue 21 Jul 17:20:35 +08 2026: Dashboard already running and serving requests
Tue 21 Jul 17:25:36 +08 2026: Dashboard already running and serving requests
Tue 21 Jul 17:30:36 +08 2026: Dashboard already running and serving requests
Tue 21 Jul 17:35:36 +08 2026: Dashboard already running and serving requests
Tue 21 Jul 17:40:36 +08 2026: Dashboard already running and serving requests
Tue 21 Jul 17:45:36 +08 2026: Dashboard already running and serving requests
Tue 21 Jul 17:50:36 +08 2026: Dashboard already running and serving requests
Tue 21 Jul 17:55:36 +08 2026: Dashboard already running and serving requests
Tue 21 Jul 18:00:36 +08 2026: Dashboard already running and serving requests
Tue 21 Jul 18:05:36 +08 2026: Dashboard already running and serving requests
Tue 21 Jul 18:10:36 +08 2026: Dashboard already running and serving requests
Tue 21 Jul 18:15:36 +08 2026: Dashboard already running and serving requests
Tue 21 Jul 18:20:37 +08 2026: Dashboard already running and serving requests
Tue 21 Jul 18:25:37 +08 2026: Dashboard already running and serving requests
Tue 21 Jul 18:30:37 +08 2026: Dashboard already running and serving requests
Tue 21 Jul 18:35:37 +08 2026: Dashboard already running and serving requests
Tue 21 Jul 18:40:37 +08 2026: Dashboard already running and serving requests
Tue 21 Jul 18:45:37 +08 2026: Dashboard already running and serving requests
Tue 21 Jul 18:50:37 +08 2026: Dashboard already running and serving requests
Tue 21 Jul 18:55:37 +08 2026: Dashboard already running and serving requests
Tue 21 Jul 19:00:37 +08 2026: Dashboard already running and serving requests
Tue 21 Jul 19:05:37 +08 2026: Dashboard already running and serving requests
Tue 21 Jul 19:10:38 +08 2026: Dashboard already running and serving requests
Tue 21 Jul 19:15:38 +08 2026: Dashboard already running and serving requests
Tue 21 Jul 19:20:38 +08 2026: Dashboard already running and serving requests
Tue 21 Jul 19:25:38 +08 2026: Dashboard already running and serving requests
Tue 21 Jul 19:30:38 +08 2026: Dashboard already running and serving requests
Tue 21 Jul 19:35:38 +08 2026: Dashboard already running and serving requests
Tue 21 Jul 19:40:38 +08 2026: Dashboard already running and serving requests
Tue 21 Jul 19:45:38 +08 2026: Dashboard already running and serving requests
Tue 21 Jul 19:50:38 +08 2026: Dashboard already running and serving requests
Tue 21 Jul 19:55:38 +08 2026: Dashboard already running and serving requests
Tue 21 Jul 20:00:38 +08 2026: Dashboard already running and serving requests
Tue 21 Jul 20:05:39 +08 2026: Dashboard already running and serving requests
Tue 21 Jul 20:10:39 +08 2026: Dashboard already running and serving requests
Tue 21 Jul 20:15:39 +08 2026: Dashboard already running and serving requests
Tue 21 Jul 20:20:39 +08 2026: Dashboard already running and serving requests
Tue 21 Jul 20:25:39 +08 2026: Dashboard already running and serving requests
Tue 21 Jul 20:30:39 +08 2026: Dashboard already running and serving requests
Tue 21 Jul 20:35:39 +08 2026: Dashboard already running and serving requests
Tue 21 Jul 20:40:39 +08 2026: Dashboard already running and serving requests
Tue 21 Jul 20:45:39 +08 2026: Dashboard already running and serving requests
Tue 21 Jul 20:50:39 +08 2026: Dashboard already running and serving requests
Tue 21 Jul 20:55:39 +08 2026: Dashboard already running and serving requests
Tue 21 Jul 21:00:39 +08 2026: Dashboard already running and serving requests
Tue 21 Jul 21:05:39 +08 2026: Dashboard already running and serving requests
Tue 21 Jul 21:10:40 +08 2026: Dashboard already running and serving requests
Tue 21 Jul 21:15:40 +08 2026: Dashboard already running and serving requests
Tue 21 Jul 21:20:40 +08 2026: Dashboard already running and serving requests
Tue 21 Jul 21:25:40 +08 2026: Dashboard already running and serving requests
Tue 21 Jul 21:30:40 +08 2026: Dashboard already running and serving requests
Tue 21 Jul 21:35:40 +08 2026: Dashboard already running and serving requests
Tue 21 Jul 21:40:40 +08 2026: Dashboard already running and serving requests
Tue 21 Jul 21:45:40 +08 2026: Dashboard already running and serving requests
Tue 21 Jul 21:50:40 +08 2026: Dashboard already running and serving requests
Tue 21 Jul 21:55:40 +08 2026: Dashboard already running and serving requests
Tue 21 Jul 22:00:40 +08 2026: Dashboard already running and serving requests
Tue 21 Jul 22:05:40 +08 2026: Dashboard already running and serving requests
Tue 21 Jul 22:10:40 +08 2026: Dashboard already running and serving requests
Tue 21 Jul 22:15:41 +08 2026: Dashboard already running and serving requests
Tue 21 Jul 22:20:41 +08 2026: Dashboard already running and serving requests
Tue 21 Jul 22:25:41 +08 2026: Dashboard already running and serving requests
Tue 21 Jul 22:30:41 +08 2026: Dashboard already running and serving requests
Tue 21 Jul 22:35:41 +08 2026: Dashboard already running and serving requests
Tue 21 Jul 22:40:41 +08 2026: Dashboard already running and serving requests
Tue 21 Jul 22:45:41 +08 2026: Dashboard already running and serving requests
Tue 21 Jul 22:50:41 +08 2026: Dashboard already running and serving requests
Tue 21 Jul 22:55:41 +08 2026: Dashboard already running and serving requests
Tue 21 Jul 23:00:41 +08 2026: Dashboard already running and serving requests
Tue 21 Jul 23:05:41 +08 2026: Dashboard already running and serving requests
Tue 21 Jul 23:10:42 +08 2026: Dashboard already running and serving requests
Tue 21 Jul 23:15:42 +08 2026: Dashboard already running and serving requests
Tue 21 Jul 23:20:42 +08 2026: Dashboard already running and serving requests
Tue 21 Jul 23:25:42 +08 2026: Dashboard already running and serving requests
Tue 21 Jul 23:30:42 +08 2026: Dashboard already running and serving requests
Tue 21 Jul 23:35:42 +08 2026: Dashboard already running and serving requests
Tue 21 Jul 23:40:42 +08 2026: Dashboard already running and serving requests
Tue 21 Jul 23:45:42 +08 2026: Dashboard already running and serving requests
Tue 21 Jul 23:50:42 +08 2026: Dashboard already running and serving requests
Tue 21 Jul 23:55:42 +08 2026: Dashboard already running and serving requests
Wed 22 Jul 00:00:42 +08 2026: Dashboard already running and serving requests
Wed 22 Jul 00:05:43 +08 2026: Dashboard already running and serving requests
Wed 22 Jul 00:10:43 +08 2026: Dashboard already running and serving requests
Wed 22 Jul 00:15:43 +08 2026: Dashboard already running and serving requests
Wed 22 Jul 00:20:43 +08 2026: Dashboard already running and serving requests
Wed 22 Jul 00:25:43 +08 2026: Dashboard already running and serving requests
Wed 22 Jul 00:30:43 +08 2026: Dashboard already running and serving requests
Wed 22 Jul 00:35:43 +08 2026: Dashboard already running and serving requests
Wed 22 Jul 00:40:43 +08 2026: Dashboard already running and serving requests
Wed 22 Jul 00:45:43 +08 2026: Dashboard already running and serving requests
Wed 22 Jul 00:50:43 +08 2026: Dashboard already running and serving requests
Wed 22 Jul 00:55:43 +08 2026: Dashboard already running and serving requests
Wed 22 Jul 01:00:44 +08 2026: Dashboard already running and serving requests
Wed 22 Jul 01:05:44 +08 2026: Dashboard already running and serving requests
Wed 22 Jul 01:10:44 +08 2026: Dashboard already running and serving requests
Wed 22 Jul 01:15:44 +08 2026: Dashboard already running and serving requests
Wed 22 Jul 01:20:44 +08 2026: Dashboard already running and serving requests
Wed 22 Jul 01:25:44 +08 2026: Dashboard already running and serving requests
Wed 22 Jul 01:30:44 +08 2026: Dashboard already running and serving requests
Wed 22 Jul 01:35:44 +08 2026: Dashboard already running and serving requests
Wed 22 Jul 01:40:44 +08 2026: Dashboard already running and serving requests
Wed 22 Jul 01:45:44 +08 2026: Dashboard already running and serving requests
Wed 22 Jul 01:50:44 +08 2026: Dashboard already running and serving requests
Wed 22 Jul 01:55:45 +08 2026: Dashboard already running and serving requests
Wed 22 Jul 02:00:45 +08 2026: Dashboard already running and serving requests
Wed 22 Jul 02:05:45 +08 2026: Dashboard already running and serving requests
Wed 22 Jul 02:10:45 +08 2026: Dashboard already running and serving requests
Wed 22 Jul 02:15:45 +08 2026: Dashboard already running and serving requests
Wed 22 Jul 02:20:45 +08 2026: Dashboard already running and serving requests
Wed 22 Jul 02:25:45 +08 2026: Dashboard already running and serving requests
Wed 22 Jul 02:30:45 +08 2026: Dashboard already running and serving requests
Wed 22 Jul 02:35:45 +08 2026: Dashboard already running and serving requests
Wed 22 Jul 02:40:45 +08 2026: Dashboard already running and serving requests
Wed 22 Jul 02:45:46 +08 2026: Dashboard already running and serving requests
Wed 22 Jul 02:50:46 +08 2026: Dashboard already running and serving requests
Wed 22 Jul 02:55:46 +08 2026: Dashboard already running and serving requests
Wed 22 Jul 03:00:46 +08 2026: Dashboard already running and serving requests
Wed 22 Jul 03:05:46 +08 2026: Dashboard already running and serving requests
Wed 22 Jul 03:10:46 +08 2026: Dashboard already running and serving requests
Wed 22 Jul 03:15:46 +08 2026: Dashboard already running and serving requests
Wed 22 Jul 03:20:46 +08 2026: Dashboard already running and serving requests
Wed 22 Jul 03:25:46 +08 2026: Dashboard already running and serving requests
Wed 22 Jul 03:30:46 +08 2026: Dashboard already running and serving requests
Wed 22 Jul 03:35:46 +08 2026: Dashboard already running and serving requests
Wed 22 Jul 03:40:47 +08 2026: Dashboard already running and serving requests
Wed 22 Jul 03:45:47 +08 2026: Dashboard already running and serving requests
Wed 22 Jul 03:50:47 +08 2026: Dashboard already running and serving requests
Wed 22 Jul 03:55:47 +08 2026: Dashboard already running and serving requests
Wed 22 Jul 04:00:47 +08 2026: Dashboard already running and serving requests
Wed 22 Jul 04:05:47 +08 2026: Dashboard already running and serving requests
Wed 22 Jul 04:10:47 +08 2026: Dashboard already running and serving requests
Wed 22 Jul 04:15:47 +08 2026: Dashboard already running and serving requests
Wed 22 Jul 04:20:47 +08 2026: Dashboard already running and serving requests
Wed 22 Jul 04:25:47 +08 2026: Dashboard already running and serving requests
Wed 22 Jul 04:30:47 +08 2026: Dashboard already running and serving requests
Wed 22 Jul 04:35:48 +08 2026: Dashboard already running and serving requests
Wed 22 Jul 04:40:48 +08 2026: Dashboard already running and serving requests
Wed 22 Jul 04:45:48 +08 2026: Dashboard already running and serving requests
Wed 22 Jul 04:50:48 +08 2026: Dashboard already running and serving requests
Wed 22 Jul 04:55:48 +08 2026: Dashboard already running and serving requests
Wed 22 Jul 05:00:48 +08 2026: Dashboard already running and serving requests
Wed 22 Jul 05:05:48 +08 2026: Dashboard already running and serving requests
Wed 22 Jul 05:10:48 +08 2026: Dashboard already running and serving requests
Wed 22 Jul 05:15:48 +08 2026: Dashboard already running and serving requests
Wed 22 Jul 05:20:48 +08 2026: Dashboard already running and serving requests
Wed 22 Jul 05:25:48 +08 2026: Dashboard already running and serving requests
Wed 22 Jul 05:30:49 +08 2026: Dashboard already running and serving requests
Wed 22 Jul 05:35:49 +08 2026: Dashboard already running and serving requests
Wed 22 Jul 05:40:49 +08 2026: Dashboard already running and serving requests
Wed 22 Jul 05:45:49 +08 2026: Dashboard already running and serving requests
Wed 22 Jul 05:50:49 +08 2026: Dashboard already running and serving requests
Wed 22 Jul 05:55:49 +08 2026: Dashboard already running and serving requests
Wed 22 Jul 06:00:49 +08 2026: Dashboard already running and serving requests
Wed 22 Jul 06:05:49 +08 2026: Dashboard already running and serving requests
Wed 22 Jul 06:10:49 +08 2026: Dashboard already running and serving requests
Wed 22 Jul 06:15:49 +08 2026: Dashboard already running and serving requests
Wed 22 Jul 06:20:49 +08 2026: Dashboard already running and serving requests
Wed 22 Jul 06:25:50 +08 2026: Dashboard already running and serving requests
Wed 22 Jul 06:30:50 +08 2026: Dashboard already running and serving requests
Wed 22 Jul 06:35:50 +08 2026: Dashboard already running and serving requests
Wed 22 Jul 06:40:50 +08 2026: Dashboard already running and serving requests
Wed 22 Jul 06:45:50 +08 2026: Dashboard already running and serving requests
Wed 22 Jul 06:50:50 +08 2026: Dashboard already running and serving requests
Wed 22 Jul 06:55:50 +08 2026: Dashboard already running and serving requests
Wed 22 Jul 07:00:50 +08 2026: Dashboard already running and serving requests
Wed 22 Jul 07:05:50 +08 2026: Dashboard already running and serving requests
Wed 22 Jul 07:10:50 +08 2026: Dashboard already running and serving requests
Wed 22 Jul 07:15:51 +08 2026: Dashboard already running and serving requests
Wed 22 Jul 07:20:51 +08 2026: Dashboard already running and serving requests
Wed 22 Jul 07:25:51 +08 2026: Dashboard already running and serving requests
Wed 22 Jul 07:30:51 +08 2026: Dashboard already running and serving requests
Wed 22 Jul 07:35:51 +08 2026: Dashboard already running and serving requests
Wed 22 Jul 07:40:51 +08 2026: Dashboard already running and serving requests
Wed 22 Jul 07:45:51 +08 2026: Dashboard already running and serving requests
Wed 22 Jul 07:50:51 +08 2026: Dashboard already running and serving requests
Wed 22 Jul 07:55:51 +08 2026: Dashboard already running and serving requests
Wed 22 Jul 08:00:51 +08 2026: Dashboard already running and serving requests
Wed 22 Jul 08:05:51 +08 2026: Dashboard already running and serving requests
Wed 22 Jul 08:10:52 +08 2026: Dashboard already running and serving requests
Wed 22 Jul 08:15:52 +08 2026: Dashboard already running and serving requests
Wed 22 Jul 08:20:52 +08 2026: Dashboard already running and serving requests
Wed 22 Jul 08:25:52 +08 2026: Dashboard already running and serving requests
Wed 22 Jul 08:30:52 +08 2026: Dashboard already running and serving requests
Wed 22 Jul 08:35:52 +08 2026: Dashboard already running and serving requests
Wed 22 Jul 08:40:52 +08 2026: Dashboard already running and serving requests
Wed 22 Jul 08:45:52 +08 2026: Dashboard already running and serving requests
Wed 22 Jul 08:50:52 +08 2026: Dashboard already running and serving requests
Wed 22 Jul 08:55:52 +08 2026: Dashboard already running and serving requests
Wed 22 Jul 09:00:52 +08 2026: Dashboard already running and serving requests
Wed 22 Jul 09:05:53 +08 2026: Dashboard already running and serving requests
Wed 22 Jul 09:10:53 +08 2026: Dashboard already running and serving requests
Wed 22 Jul 09:15:53 +08 2026: Dashboard already running and serving requests
Wed 22 Jul 09:20:53 +08 2026: Dashboard already running and serving requests
Wed 22 Jul 09:25:53 +08 2026: Dashboard already running and serving requests
Wed 22 Jul 09:30:53 +08 2026: Dashboard already running and serving requests
Wed 22 Jul 09:35:53 +08 2026: Dashboard already running and serving requests
Wed 22 Jul 09:40:53 +08 2026: Dashboard already running and serving requests
Wed 22 Jul 09:45:53 +08 2026: Dashboard already running and serving requests
Wed 22 Jul 09:50:53 +08 2026: Dashboard already running and serving requests
Wed 22 Jul 09:55:53 +08 2026: Dashboard already running and serving requests
Wed 22 Jul 10:00:54 +08 2026: Dashboard already running and serving requests
Wed 22 Jul 10:05:54 +08 2026: Dashboard already running and serving requests
Wed 22 Jul 10:10:54 +08 2026: Dashboard already running and serving requests
Wed 22 Jul 10:15:54 +08 2026: Dashboard already running and serving requests
Wed 22 Jul 10:20:54 +08 2026: Dashboard already running and serving requests
Wed 22 Jul 10:25:54 +08 2026: Dashboard already running and serving requests
Wed 22 Jul 10:30:54 +08 2026: Dashboard already running and serving requests
Wed 22 Jul 10:35:54 +08 2026: Dashboard already running and serving requests
Wed 22 Jul 10:40:54 +08 2026: Dashboard already running and serving requests
Wed 22 Jul 10:45:54 +08 2026: Dashboard already running and serving requests
Wed 22 Jul 10:50:54 +08 2026: Dashboard already running and serving requests
Wed 22 Jul 10:55:55 +08 2026: Dashboard already running and serving requests
Wed 22 Jul 11:00:55 +08 2026: Dashboard already running and serving requests
Wed 22 Jul 11:05:55 +08 2026: Dashboard already running and serving requests
Wed 22 Jul 11:10:55 +08 2026: Dashboard already running and serving requests
Wed 22 Jul 11:15:55 +08 2026: Dashboard already running and serving requests
Wed 22 Jul 11:20:55 +08 2026: Dashboard already running and serving requests
Wed 22 Jul 11:25:55 +08 2026: Dashboard already running and serving requests
Wed 22 Jul 11:30:55 +08 2026: Dashboard already running and serving requests
Wed 22 Jul 11:35:55 +08 2026: Dashboard already running and serving requests
Wed 22 Jul 11:40:55 +08 2026: Dashboard already running and serving requests
Wed 22 Jul 11:45:55 +08 2026: Dashboard already running and serving requests
Wed 22 Jul 11:50:56 +08 2026: Dashboard already running and serving requests
Wed 22 Jul 11:55:56 +08 2026: Dashboard already running and serving requests
Wed 22 Jul 12:00:56 +08 2026: Dashboard already running and serving requests
Wed 22 Jul 12:05:56 +08 2026: Dashboard already running and serving requests
Wed 22 Jul 12:10:56 +08 2026: Dashboard already running and serving requests
Wed 22 Jul 12:15:56 +08 2026: Dashboard already running and serving requests
Wed 22 Jul 12:20:56 +08 2026: Dashboard already running and serving requests
Wed 22 Jul 12:25:56 +08 2026: Dashboard already running and serving requests
Wed 22 Jul 12:30:56 +08 2026: Dashboard already running and serving requests
Wed 22 Jul 12:35:56 +08 2026: Dashboard already running and serving requests
Wed 22 Jul 12:40:56 +08 2026: Dashboard already running and serving requests
Wed 22 Jul 12:45:56 +08 2026: Dashboard already running and serving requests
Wed 22 Jul 12:50:57 +08 2026: Dashboard already running and serving requests
Wed 22 Jul 12:55:57 +08 2026: Dashboard already running and serving requests
Wed 22 Jul 13:00:57 +08 2026: Dashboard already running and serving requests
Wed 22 Jul 13:05:57 +08 2026: Dashboard already running and serving requests
Wed 22 Jul 13:10:57 +08 2026: Dashboard already running and serving requests
Wed 22 Jul 13:15:57 +08 2026: Dashboard already running and serving requests
Wed 22 Jul 13:20:57 +08 2026: Dashboard already running and serving requests
Wed 22 Jul 13:25:57 +08 2026: Dashboard already running and serving requests
Wed 22 Jul 13:30:57 +08 2026: Dashboard already running and serving requests
Wed 22 Jul 13:35:57 +08 2026: Dashboard already running and serving requests
Wed 22 Jul 13:40:57 +08 2026: Dashboard already running and serving requests
Wed 22 Jul 13:45:58 +08 2026: Dashboard already running and serving requests
Wed 22 Jul 13:50:58 +08 2026: Dashboard already running and serving requests
Wed 22 Jul 13:55:58 +08 2026: Dashboard already running and serving requests
Wed 22 Jul 14:00:58 +08 2026: Dashboard already running and serving requests
Wed 22 Jul 14:05:58 +08 2026: Dashboard already running and serving requests
Wed 22 Jul 14:10:58 +08 2026: Dashboard already running and serving requests
Wed 22 Jul 14:15:58 +08 2026: Dashboard already running and serving requests
Wed 22 Jul 14:20:58 +08 2026: Dashboard already running and serving requests
Wed 22 Jul 14:25:58 +08 2026: Dashboard already running and serving requests
Wed 22 Jul 14:30:58 +08 2026: Dashboard already running and serving requests
Wed 22 Jul 14:35:58 +08 2026: Dashboard already running and serving requests
Wed 22 Jul 14:40:59 +08 2026: Dashboard already running and serving requests
Wed 22 Jul 14:45:59 +08 2026: Dashboard already running and serving requests
Wed 22 Jul 14:50:59 +08 2026: Dashboard already running and serving requests
Wed 22 Jul 14:55:59 +08 2026: Dashboard already running and serving requests
Wed 22 Jul 15:00:59 +08 2026: Dashboard already running and serving requests
Wed 22 Jul 15:05:59 +08 2026: Dashboard already running and serving requests
Wed 22 Jul 15:10:59 +08 2026: Dashboard already running and serving requests
Wed 22 Jul 15:15:59 +08 2026: Dashboard already running and serving requests
Wed 22 Jul 15:20:59 +08 2026: Dashboard already running and serving requests
Wed 22 Jul 15:25:59 +08 2026: Dashboard already running and serving requests
Wed 22 Jul 15:30:59 +08 2026: Dashboard already running and serving requests
Wed 22 Jul 15:35:59 +08 2026: Dashboard already running and serving requests
Wed 22 Jul 15:40:00 +08 2026: Dashboard already running and serving requests
Wed 22 Jul 15:45:00 +08 2026: Dashboard already running and serving requests
Wed 22 Jul 15:50:00 +08 2026: Dashboard already running and serving requests
Wed 22 Jul 15:55:00 +08 2026: Dashboard already running and serving requests
Wed 22 Jul 16:00:00 +08 2026: Dashboard already running and serving requests
Wed 22 Jul 16:05:00 +08 2026: Dashboard already running and serving requests
Wed 22 Jul 16:10:00 +08 2026: Dashboard already running and serving requests
Wed 22 Jul 16:15:00 +08 2026: Dashboard already running and serving requests
Wed 22 Jul 16:20:00 +08 2026: Dashboard already running and serving requests
Wed 22 Jul 16:25:00 +08 2026: Dashboard already running and serving requests
Wed 22 Jul 16:30:00 +08 2026: Dashboard already running and serving requests
Wed 22 Jul 16:35:01 +08 2026: Dashboard already running and serving requests
Wed 22 Jul 16:40:01 +08 2026: Dashboard already running and serving requests
Wed 22 Jul 16:45:01 +08 2026: Dashboard already running and serving requests
Wed 22 Jul 16:50:01 +08 2026: Dashboard already running and serving requests
Wed 22 Jul 16:55:01 +08 2026: Dashboard already running and serving requests
Wed 22 Jul 17:00:01 +08 2026: Dashboard already running and serving requests
Wed 22 Jul 17:05:01 +08 2026: Dashboard already running and serving requests
Wed 22 Jul 17:10:01 +08 2026: Dashboard already running and serving requests
Wed 22 Jul 17:15:01 +08 2026: Dashboard already running and serving requests
Wed 22 Jul 17:20:01 +08 2026: Dashboard already running and serving requests
Wed 22 Jul 17:25:01 +08 2026: Dashboard already running and serving requests
Wed 22 Jul 17:30:02 +08 2026: Dashboard already running and serving requests
Wed 22 Jul 17:35:02 +08 2026: Dashboard already running and serving requests
Wed 22 Jul 17:40:02 +08 2026: Dashboard already running and serving requests
Wed 22 Jul 17:45:02 +08 2026: Dashboard already running and serving requests
Wed 22 Jul 17:50:02 +08 2026: Dashboard already running and serving requests
Wed 22 Jul 17:55:02 +08 2026: Dashboard already running and serving requests
Wed 22 Jul 18:00:02 +08 2026: Dashboard already running and serving requests
Wed 22 Jul 18:05:02 +08 2026: Dashboard already running and serving requests
Wed 22 Jul 18:10:02 +08 2026: Dashboard already running and serving requests
Wed 22 Jul 18:15:02 +08 2026: Dashboard already running and serving requests
Wed 22 Jul 18:20:02 +08 2026: Dashboard already running and serving requests
Wed 22 Jul 18:25:03 +08 2026: Dashboard already running and serving requests
Wed 22 Jul 18:30:03 +08 2026: Dashboard already running and serving requests
Wed 22 Jul 18:35:03 +08 2026: Dashboard already running and serving requests
Wed 22 Jul 18:40:03 +08 2026: Dashboard already running and serving requests
Wed 22 Jul 18:45:03 +08 2026: Dashboard already running and serving requests
Wed 22 Jul 18:50:03 +08 2026: Dashboard already running and serving requests
Wed 22 Jul 18:55:03 +08 2026: Dashboard already running and serving requests
Wed 22 Jul 19:00:03 +08 2026: Dashboard already running and serving requests
Wed 22 Jul 19:05:03 +08 2026: Dashboard already running and serving requests
Wed 22 Jul 19:10:03 +08 2026: Dashboard already running and serving requests
Wed 22 Jul 19:15:04 +08 2026: Dashboard already running and serving requests
Wed 22 Jul 19:20:04 +08 2026: Dashboard already running and serving requests
Wed 22 Jul 19:25:04 +08 2026: Dashboard already running and serving requests
Wed 22 Jul 19:30:04 +08 2026: Dashboard already running and serving requests
Wed 22 Jul 19:35:04 +08 2026: Dashboard already running and serving requests
Wed 22 Jul 19:40:04 +08 2026: Dashboard already running and serving requests
Wed 22 Jul 19:45:04 +08 2026: Dashboard already running and serving requests
Wed 22 Jul 19:50:04 +08 2026: Dashboard already running and serving requests
Wed 22 Jul 19:55:04 +08 2026: Dashboard already running and serving requests
Wed 22 Jul 20:00:04 +08 2026: Dashboard already running and serving requests
Wed 22 Jul 20:05:04 +08 2026: Dashboard already running and serving requests
Wed 22 Jul 20:10:05 +08 2026: Dashboard already running and serving requests
Wed 22 Jul 20:15:05 +08 2026: Dashboard already running and serving requests
Wed 22 Jul 20:20:05 +08 2026: Dashboard already running and serving requests
Wed 22 Jul 20:25:05 +08 2026: Dashboard already running and serving requests
Wed 22 Jul 20:30:05 +08 2026: Dashboard already running and serving requests
Wed 22 Jul 20:35:05 +08 2026: Dashboard already running and serving requests
Wed 22 Jul 20:40:05 +08 2026: Dashboard already running and serving requests
Wed 22 Jul 20:45:05 +08 2026: Dashboard already running and serving requests
Wed 22 Jul 20:50:05 +08 2026: Dashboard already running and serving requests
Wed 22 Jul 20:55:05 +08 2026: Dashboard already running and serving requests
Wed 22 Jul 21:00:05 +08 2026: Dashboard already running and serving requests
Wed 22 Jul 21:05:06 +08 2026: Dashboard already running and serving requests
Wed 22 Jul 21:10:06 +08 2026: Dashboard already running and serving requests
Wed 22 Jul 21:15:06 +08 2026: Dashboard already running and serving requests
Wed 22 Jul 21:20:06 +08 2026: Dashboard already running and serving requests
Wed 22 Jul 21:25:06 +08 2026: Dashboard already running and serving requests
Wed 22 Jul 21:30:06 +08 2026: Dashboard already running and serving requests
Wed 22 Jul 21:35:06 +08 2026: Dashboard already running and serving requests
Wed 22 Jul 21:40:06 +08 2026: Dashboard already running and serving requests
Wed 22 Jul 21:45:06 +08 2026: Dashboard already running and serving requests
Wed 22 Jul 21:50:06 +08 2026: Dashboard already running and serving requests
Wed 22 Jul 21:55:07 +08 2026: Dashboard already running and serving requests
Wed 22 Jul 22:00:07 +08 2026: Dashboard already running and serving requests
Wed 22 Jul 22:05:07 +08 2026: Dashboard already running and serving requests
Wed 22 Jul 22:10:07 +08 2026: Dashboard already running and serving requests
Wed 22 Jul 22:15:07 +08 2026: Dashboard already running and serving requests
Wed 22 Jul 22:20:07 +08 2026: Dashboard already running and serving requests
Wed 22 Jul 22:25:07 +08 2026: Dashboard already running and serving requests
Wed 22 Jul 22:30:07 +08 2026: Dashboard already running and serving requests
Wed 22 Jul 22:35:07 +08 2026: Dashboard already running and serving requests
Wed 22 Jul 22:40:07 +08 2026: Dashboard already running and serving requests
Wed 22 Jul 22:45:07 +08 2026: Dashboard already running and serving requests
Wed 22 Jul 22:50:08 +08 2026: Dashboard already running and serving requests
Wed 22 Jul 22:55:08 +08 2026: Dashboard already running and serving requests
Wed 22 Jul 23:00:08 +08 2026: Dashboard already running and serving requests
Wed 22 Jul 23:05:08 +08 2026: Dashboard already running and serving requests
Wed 22 Jul 23:10:08 +08 2026: Dashboard already running and serving requests
Wed 22 Jul 23:15:08 +08 2026: Dashboard already running and serving requests
Wed 22 Jul 23:20:08 +08 2026: Dashboard already running and serving requests
Wed 22 Jul 23:25:08 +08 2026: Dashboard already running and serving requests
Wed 22 Jul 23:30:08 +08 2026: Dashboard already running and serving requests
Wed 22 Jul 23:35:08 +08 2026: Dashboard already running and serving requests
Wed 22 Jul 23:40:08 +08 2026: Dashboard already running and serving requests
Wed 22 Jul 23:45:09 +08 2026: Dashboard already running and serving requests
Wed 22 Jul 23:50:09 +08 2026: Dashboard already running and serving requests
Wed 22 Jul 23:55:09 +08 2026: Dashboard already running and serving requests
Thu 23 Jul 00:00:09 +08 2026: Dashboard already running and serving requests
Thu 23 Jul 00:05:09 +08 2026: Dashboard already running and serving requests
Thu 23 Jul 00:10:09 +08 2026: Dashboard already running and serving requests
Thu 23 Jul 00:15:09 +08 2026: Dashboard already running and serving requests
Thu 23 Jul 00:20:09 +08 2026: Dashboard already running and serving requests
Thu 23 Jul 00:25:09 +08 2026: Dashboard already running and serving requests
Thu 23 Jul 00:30:09 +08 2026: Dashboard already running and serving requests
Thu 23 Jul 00:35:09 +08 2026: Dashboard already running and serving requests
Thu 23 Jul 00:40:10 +08 2026: Dashboard already running and serving requests
Thu 23 Jul 00:45:10 +08 2026: Dashboard already running and serving requests
Thu 23 Jul 00:50:10 +08 2026: Dashboard already running and serving requests
Thu 23 Jul 00:55:10 +08 2026: Dashboard already running and serving requests
Thu 23 Jul 01:00:10 +08 2026: Dashboard already running and serving requests
Thu 23 Jul 01:05:10 +08 2026: Dashboard already running and serving requests
Thu 23 Jul 01:10:10 +08 2026: Dashboard already running and serving requests
Thu 23 Jul 01:15:10 +08 2026: Dashboard already running and serving requests
Thu 23 Jul 01:20:10 +08 2026: Dashboard already running and serving requests
Thu 23 Jul 01:25:10 +08 2026: Dashboard already running and serving requests
Thu 23 Jul 01:30:10 +08 2026: Dashboard already running and serving requests
Thu 23 Jul 01:35:11 +08 2026: Dashboard already running and serving requests
Thu 23 Jul 01:40:11 +08 2026: Dashboard already running and serving requests
Thu 23 Jul 01:45:11 +08 2026: Dashboard already running and serving requests
Thu 23 Jul 01:50:11 +08 2026: Dashboard already running and serving requests
Thu 23 Jul 01:55:11 +08 2026: Dashboard already running and serving requests
Thu 23 Jul 02:00:11 +08 2026: Dashboard already running and serving requests
Thu 23 Jul 02:05:11 +08 2026: Dashboard already running and serving requests
Thu 23 Jul 02:10:11 +08 2026: Dashboard already running and serving requests
Thu 23 Jul 02:15:11 +08 2026: Dashboard already running and serving requests
Thu 23 Jul 02:20:11 +08 2026: Dashboard already running and serving requests
Thu 23 Jul 02:25:12 +08 2026: Dashboard already running and serving requests
Thu 23 Jul 02:30:12 +08 2026: Dashboard already running and serving requests
Thu 23 Jul 02:35:12 +08 2026: Dashboard already running and serving requests
Thu 23 Jul 02:40:12 +08 2026: Dashboard already running and serving requests
Thu 23 Jul 02:45:12 +08 2026: Dashboard already running and serving requests
Thu 23 Jul 02:50:12 +08 2026: Dashboard already running and serving requests
Thu 23 Jul 02:55:12 +08 2026: Dashboard already running and serving requests
Thu 23 Jul 03:00:12 +08 2026: Dashboard already running and serving requests
Thu 23 Jul 03:05:12 +08 2026: Dashboard already running and serving requests
Thu 23 Jul 03:10:12 +08 2026: Dashboard already running and serving requests
Thu 23 Jul 03:15:12 +08 2026: Dashboard already running and serving requests
Thu 23 Jul 03:20:13 +08 2026: Dashboard already running and serving requests
Thu 23 Jul 03:25:13 +08 2026: Dashboard already running and serving requests
Thu 23 Jul 03:30:13 +08 2026: Dashboard already running and serving requests
Thu 23 Jul 03:35:13 +08 2026: Dashboard already running and serving requests
Thu 23 Jul 03:40:13 +08 2026: Dashboard already running and serving requests
Thu 23 Jul 03:45:13 +08 2026: Dashboard already running and serving requests
Thu 23 Jul 03:50:13 +08 2026: Dashboard already running and serving requests
Thu 23 Jul 03:55:13 +08 2026: Dashboard already running and serving requests
Thu 23 Jul 04:00:13 +08 2026: Dashboard already running and serving requests
Thu 23 Jul 04:05:13 +08 2026: Dashboard already running and serving requests
Thu 23 Jul 04:10:13 +08 2026: Dashboard already running and serving requests
Thu 23 Jul 04:15:14 +08 2026: Dashboard already running and serving requests
Thu 23 Jul 04:20:14 +08 2026: Dashboard already running and serving requests
Thu 23 Jul 04:25:14 +08 2026: Dashboard already running and serving requests
Thu 23 Jul 04:30:14 +08 2026: Dashboard already running and serving requests
Thu 23 Jul 04:35:14 +08 2026: Dashboard already running and serving requests
Thu 23 Jul 04:40:14 +08 2026: Dashboard already running and serving requests
Thu 23 Jul 04:45:14 +08 2026: Dashboard already running and serving requests
Thu 23 Jul 04:50:14 +08 2026: Dashboard already running and serving requests
Thu 23 Jul 04:55:14 +08 2026: Dashboard already running and serving requests
Thu 23 Jul 05:00:14 +08 2026: Dashboard already running and serving requests
Thu 23 Jul 05:05:15 +08 2026: Dashboard already running and serving requests
Thu 23 Jul 05:10:15 +08 2026: Dashboard already running and serving requests
Thu 23 Jul 05:15:15 +08 2026: Dashboard already running and serving requests
Thu 23 Jul 05:20:15 +08 2026: Dashboard already running and serving requests
Thu 23 Jul 05:25:15 +08 2026: Dashboard already running and serving requests
Thu 23 Jul 05:30:15 +08 2026: Dashboard already running and serving requests
Thu 23 Jul 05:35:15 +08 2026: Dashboard already running and serving requests
Thu 23 Jul 05:40:15 +08 2026: Dashboard already running and serving requests
Thu 23 Jul 05:45:15 +08 2026: Dashboard already running and serving requests
Thu 23 Jul 05:50:15 +08 2026: Dashboard already running and serving requests
Thu 23 Jul 05:55:15 +08 2026: Dashboard already running and serving requests
Thu 23 Jul 06:00:16 +08 2026: Dashboard already running and serving requests
Thu 23 Jul 06:05:16 +08 2026: Dashboard already running and serving requests
Thu 23 Jul 06:10:16 +08 2026: Dashboard already running and serving requests
Thu 23 Jul 06:15:16 +08 2026: Dashboard already running and serving requests
Thu 23 Jul 06:20:16 +08 2026: Dashboard already running and serving requests
Thu 23 Jul 06:25:16 +08 2026: Dashboard already running and serving requests
Thu 23 Jul 06:30:16 +08 2026: Dashboard already running and serving requests
Thu 23 Jul 06:35:16 +08 2026: Dashboard already running and serving requests
Thu 23 Jul 06:40:16 +08 2026: Dashboard already running and serving requests
Thu 23 Jul 06:45:16 +08 2026: Dashboard already running and serving requests
Thu 23 Jul 06:50:17 +08 2026: Dashboard already running and serving requests
Thu 23 Jul 06:55:17 +08 2026: Dashboard already running and serving requests
Thu 23 Jul 07:00:17 +08 2026: Dashboard already running and serving requests
Thu 23 Jul 07:05:17 +08 2026: Dashboard already running and serving requests
Thu 23 Jul 07:10:17 +08 2026: Dashboard already running and serving requests
Thu 23 Jul 07:15:17 +08 2026: Dashboard already running and serving requests
Thu 23 Jul 07:20:17 +08 2026: Dashboard already running and serving requests
Thu 23 Jul 07:25:17 +08 2026: Dashboard already running and serving requests
Thu 23 Jul 07:30:17 +08 2026: Dashboard already running and serving requests
Thu 23 Jul 07:35:17 +08 2026: Dashboard already running and serving requests
Thu 23 Jul 07:40:17 +08 2026: Dashboard already running and serving requests
Thu 23 Jul 07:45:18 +08 2026: Dashboard already running and serving requests
Thu 23 Jul 07:50:18 +08 2026: Dashboard already running and serving requests
Thu 23 Jul 07:55:18 +08 2026: Dashboard already running and serving requests
Thu 23 Jul 08:00:18 +08 2026: Dashboard already running and serving requests
Thu 23 Jul 08:05:18 +08 2026: Dashboard already running and serving requests
Thu 23 Jul 08:10:18 +08 2026: Dashboard already running and serving requests
Thu 23 Jul 08:15:18 +08 2026: Dashboard already running and serving requests
Thu 23 Jul 08:20:18 +08 2026: Dashboard already running and serving requests
Thu 23 Jul 08:25:18 +08 2026: Dashboard already running and serving requests
Thu 23 Jul 08:30:18 +08 2026: Dashboard already running and serving requests
Thu 23 Jul 08:35:19 +08 2026: Dashboard already running and serving requests
Thu 23 Jul 08:40:19 +08 2026: Dashboard already running and serving requests
Thu 23 Jul 08:45:19 +08 2026: Dashboard already running and serving requests
Thu 23 Jul 08:50:19 +08 2026: Dashboard already running and serving requests
Thu 23 Jul 08:55:19 +08 2026: Dashboard already running and serving requests
Thu 23 Jul 09:00:19 +08 2026: Dashboard already running and serving requests
Thu 23 Jul 09:05:19 +08 2026: Dashboard already running and serving requests
Thu 23 Jul 09:10:19 +08 2026: Dashboard already running and serving requests
Thu 23 Jul 09:15:19 +08 2026: Dashboard already running and serving requests
Thu 23 Jul 09:20:19 +08 2026: Dashboard already running and serving requests
Thu 23 Jul 09:25:19 +08 2026: Dashboard already running and serving requests
Thu 23 Jul 09:30:20 +08 2026: Dashboard already running and serving requests
Thu 23 Jul 09:35:20 +08 2026: Dashboard already running and serving requests
Thu 23 Jul 09:40:20 +08 2026: Dashboard already running and serving requests
Thu 23 Jul 09:45:20 +08 2026: Dashboard already running and serving requests
Thu 23 Jul 09:50:20 +08 2026: Dashboard already running and serving requests
Thu 23 Jul 09:55:20 +08 2026: Dashboard already running and serving requests
Thu 23 Jul 10:00:20 +08 2026: Dashboard already running and serving requests
Thu 23 Jul 10:05:20 +08 2026: Dashboard already running and serving requests
Thu 23 Jul 10:10:20 +08 2026: Dashboard already running and serving requests
Thu 23 Jul 10:15:20 +08 2026: Dashboard already running and serving requests
Thu 23 Jul 10:20:20 +08 2026: Dashboard already running and serving requests
Thu 23 Jul 10:25:21 +08 2026: Dashboard already running and serving requests
Thu 23 Jul 10:30:21 +08 2026: Dashboard already running and serving requests
Thu 23 Jul 10:35:21 +08 2026: Dashboard already running and serving requests
Thu 23 Jul 10:40:21 +08 2026: Dashboard already running and serving requests
Thu 23 Jul 10:45:21 +08 2026: Dashboard already running and serving requests
Thu 23 Jul 10:50:21 +08 2026: Dashboard already running and serving requests
Thu 23 Jul 10:55:21 +08 2026: Dashboard already running and serving requests
Thu 23 Jul 11:00:21 +08 2026: Dashboard already running and serving requests
Thu 23 Jul 11:05:21 +08 2026: Dashboard already running and serving requests
Thu 23 Jul 11:10:21 +08 2026: Dashboard already running and serving requests
Thu 23 Jul 11:15:21 +08 2026: Dashboard already running and serving requests
Thu 23 Jul 11:20:22 +08 2026: Dashboard already running and serving requests
Thu 23 Jul 11:25:22 +08 2026: Dashboard already running and serving requests
Thu 23 Jul 11:30:22 +08 2026: Dashboard already running and serving requests
Thu 23 Jul 11:35:22 +08 2026: Dashboard already running and serving requests
Thu 23 Jul 11:40:22 +08 2026: Dashboard already running and serving requests
Thu 23 Jul 11:45:22 +08 2026: Dashboard already running and serving requests
Thu 23 Jul 11:50:22 +08 2026: Dashboard already running and serving requests
Thu 23 Jul 11:55:22 +08 2026: Dashboard already running and serving requests
Thu 23 Jul 12:00:22 +08 2026: Dashboard already running and serving requests
Thu 23 Jul 12:05:22 +08 2026: Dashboard already running and serving requests
Thu 23 Jul 12:10:22 +08 2026: Dashboard already running and serving requests
Thu 23 Jul 12:15:23 +08 2026: Dashboard already running and serving requests
Thu 23 Jul 12:20:23 +08 2026: Dashboard already running and serving requests
Thu 23 Jul 12:25:23 +08 2026: Dashboard already running and serving requests
Thu 23 Jul 12:30:23 +08 2026: Dashboard already running and serving requests
Thu 23 Jul 12:35:23 +08 2026: Dashboard already running and serving requests
Thu 23 Jul 12:40:23 +08 2026: Dashboard already running and serving requests
Thu 23 Jul 12:45:23 +08 2026: Dashboard already running and serving requests
Thu 23 Jul 12:50:23 +08 2026: Dashboard already running and serving requests
Thu 23 Jul 12:55:23 +08 2026: Dashboard already running and serving requests
Thu 23 Jul 13:00:23 +08 2026: Dashboard already running and serving requests
Thu 23 Jul 13:05:24 +08 2026: Dashboard already running and serving requests
Thu 23 Jul 13:10:24 +08 2026: Dashboard already running and serving requests
Thu 23 Jul 13:15:24 +08 2026: Dashboard already running and serving requests
Thu 23 Jul 13:20:24 +08 2026: Dashboard already running and serving requests
Thu 23 Jul 13:25:24 +08 2026: Dashboard already running and serving requests
Thu 23 Jul 13:30:24 +08 2026: Dashboard already running and serving requests
Thu 23 Jul 13:35:24 +08 2026: Dashboard already running and serving requests
Thu 23 Jul 13:40:24 +08 2026: Dashboard already running and serving requests
Thu 23 Jul 13:45:24 +08 2026: Dashboard already running and serving requests
Thu 23 Jul 13:50:24 +08 2026: Dashboard already running and serving requests
Thu 23 Jul 13:55:24 +08 2026: Dashboard already running and serving requests
Thu 23 Jul 14:00:25 +08 2026: Dashboard already running and serving requests
Thu 23 Jul 14:05:25 +08 2026: Dashboard already running and serving requests
Thu 23 Jul 14:10:25 +08 2026: Dashboard already running and serving requests
Thu 23 Jul 14:15:25 +08 2026: Dashboard already running and serving requests
Thu 23 Jul 14:20:25 +08 2026: Dashboard already running and serving requests
Thu 23 Jul 14:25:25 +08 2026: Dashboard already running and serving requests
Thu 23 Jul 14:30:25 +08 2026: Dashboard already running and serving requests
Thu 23 Jul 14:35:25 +08 2026: Dashboard already running and serving requests
Thu 23 Jul 14:40:25 +08 2026: Dashboard already running and serving requests
Thu 23 Jul 14:45:25 +08 2026: Dashboard already running and serving requests
Thu 23 Jul 14:50:25 +08 2026: Dashboard already running and serving requests
Thu 23 Jul 14:55:26 +08 2026: Dashboard already running and serving requests
Thu 23 Jul 15:00:26 +08 2026: Dashboard already running and serving requests
Thu 23 Jul 15:05:26 +08 2026: Dashboard already running and serving requests
Thu 23 Jul 15:10:26 +08 2026: Dashboard already running and serving requests
Thu 23 Jul 15:15:26 +08 2026: Dashboard already running and serving requests
Thu 23 Jul 15:20:26 +08 2026: Dashboard already running and serving requests
Thu 23 Jul 15:25:26 +08 2026: Dashboard already running and serving requests
Thu 23 Jul 15:30:26 +08 2026: Dashboard already running and serving requests
Thu 23 Jul 15:35:26 +08 2026: Dashboard already running and serving requests
Thu 23 Jul 15:40:26 +08 2026: Dashboard already running and serving requests
Thu 23 Jul 15:45:26 +08 2026: Dashboard already running and serving requests
Thu 23 Jul 15:50:27 +08 2026: Dashboard already running and serving requests
Thu 23 Jul 15:55:27 +08 2026: Dashboard already running and serving requests
Thu 23 Jul 16:00:27 +08 2026: Dashboard already running and serving requests
Thu 23 Jul 16:05:27 +08 2026: Dashboard already running and serving requests
Thu 23 Jul 16:10:27 +08 2026: Dashboard already running and serving requests
Thu 23 Jul 16:15:27 +08 2026: Dashboard already running and serving requests
Thu 23 Jul 16:20:27 +08 2026: Dashboard already running and serving requests
Thu 23 Jul 16:25:27 +08 2026: Dashboard already running and serving requests
Thu 23 Jul 16:30:27 +08 2026: Dashboard already running and serving requests
Thu 23 Jul 16:35:27 +08 2026: Dashboard already running and serving requests
Thu 23 Jul 16:40:27 +08 2026: Dashboard already running and serving requests
Thu 23 Jul 16:45:28 +08 2026: Dashboard already running and serving requests
Thu 23 Jul 16:50:28 +08 2026: Dashboard already running and serving requests
Thu 23 Jul 16:55:28 +08 2026: Dashboard already running and serving requests
Thu 23 Jul 17:00:28 +08 2026: Dashboard already running and serving requests
Thu 23 Jul 17:05:28 +08 2026: Dashboard already running and serving requests
Thu 23 Jul 17:10:28 +08 2026: Dashboard already running and serving requests
Thu 23 Jul 17:15:28 +08 2026: Dashboard already running and serving requests
Thu 23 Jul 17:20:28 +08 2026: Dashboard already running and serving requests
Thu 23 Jul 17:25:28 +08 2026: Dashboard already running and serving requests
Thu 23 Jul 17:30:28 +08 2026: Dashboard already running and serving requests
Thu 23 Jul 17:35:29 +08 2026: Dashboard already running and serving requests
Thu 23 Jul 17:40:29 +08 2026: Dashboard already running and serving requests
Thu 23 Jul 17:45:29 +08 2026: Dashboard already running and serving requests
Thu 23 Jul 17:50:29 +08 2026: Dashboard already running and serving requests
Thu 23 Jul 17:55:29 +08 2026: Dashboard already running and serving requests
Thu 23 Jul 18:00:29 +08 2026: Dashboard already running and serving requests
Thu 23 Jul 18:05:29 +08 2026: Dashboard already running and serving requests
Thu 23 Jul 18:10:29 +08 2026: Dashboard already running and serving requests
Thu 23 Jul 18:15:29 +08 2026: Dashboard already running and serving requests
Thu 23 Jul 18:20:29 +08 2026: Dashboard already running and serving requests
Thu 23 Jul 18:25:29 +08 2026: Dashboard already running and serving requests
Thu 23 Jul 18:30:29 +08 2026: Dashboard already running and serving requests
Thu 23 Jul 18:35:30 +08 2026: Dashboard already running and serving requests
Thu 23 Jul 18:40:30 +08 2026: Dashboard already running and serving requests
Thu 23 Jul 18:45:30 +08 2026: Dashboard already running and serving requests
Thu 23 Jul 18:50:30 +08 2026: Dashboard already running and serving requests
Thu 23 Jul 18:55:30 +08 2026: Dashboard already running and serving requests
Thu 23 Jul 19:00:30 +08 2026: Dashboard already running and serving requests
Thu 23 Jul 19:05:30 +08 2026: Dashboard already running and serving requests
Thu 23 Jul 19:10:30 +08 2026: Dashboard already running and serving requests
Thu 23 Jul 19:15:30 +08 2026: Dashboard already running and serving requests
Thu 23 Jul 19:20:30 +08 2026: Dashboard already running and serving requests
Thu 23 Jul 19:25:30 +08 2026: Dashboard already running and serving requests
Thu 23 Jul 19:30:31 +08 2026: Dashboard already running and serving requests
Thu 23 Jul 19:35:31 +08 2026: Dashboard already running and serving requests
Thu 23 Jul 19:40:31 +08 2026: Dashboard already running and serving requests
Thu 23 Jul 19:45:31 +08 2026: Dashboard already running and serving requests
Thu 23 Jul 19:50:31 +08 2026: Dashboard already running and serving requests
Thu 23 Jul 19:55:31 +08 2026: Dashboard already running and serving requests
Thu 23 Jul 20:00:31 +08 2026: Dashboard already running and serving requests
Thu 23 Jul 20:05:31 +08 2026: Dashboard already running and serving requests
Thu 23 Jul 20:10:31 +08 2026: Dashboard already running and serving requests
Thu 23 Jul 20:15:31 +08 2026: Dashboard already running and serving requests
Thu 23 Jul 20:20:31 +08 2026: Dashboard already running and serving requests
Thu 23 Jul 20:25:32 +08 2026: Dashboard already running and serving requests
Thu 23 Jul 20:30:32 +08 2026: Dashboard already running and serving requests
Thu 23 Jul 20:35:32 +08 2026: Dashboard already running and serving requests
Thu 23 Jul 20:40:32 +08 2026: Dashboard already running and serving requests
Thu 23 Jul 20:45:32 +08 2026: Dashboard already running and serving requests
Thu 23 Jul 20:50:32 +08 2026: Dashboard already running and serving requests
Thu 23 Jul 20:55:32 +08 2026: Dashboard already running and serving requests
Thu 23 Jul 21:00:32 +08 2026: Dashboard already running and serving requests
Thu 23 Jul 21:05:32 +08 2026: Dashboard already running and serving requests
Thu 23 Jul 21:10:32 +08 2026: Dashboard already running and serving requests
Thu 23 Jul 21:15:32 +08 2026: Dashboard already running and serving requests
Thu 23 Jul 21:20:33 +08 2026: Dashboard already running and serving requests
Thu 23 Jul 21:25:33 +08 2026: Dashboard already running and serving requests
Thu 23 Jul 21:30:33 +08 2026: Dashboard already running and serving requests
Thu 23 Jul 21:35:33 +08 2026: Dashboard already running and serving requests
Thu 23 Jul 21:40:33 +08 2026: Dashboard already running and serving requests
Thu 23 Jul 21:45:33 +08 2026: Dashboard already running and serving requests
Thu 23 Jul 21:50:33 +08 2026: Dashboard already running and serving requests
Thu 23 Jul 21:55:33 +08 2026: Dashboard already running and serving requests
Thu 23 Jul 22:00:33 +08 2026: Dashboard already running and serving requests
Thu 23 Jul 22:05:33 +08 2026: Dashboard already running and serving requests
Thu 23 Jul 22:10:33 +08 2026: Dashboard already running and serving requests
Thu 23 Jul 22:15:34 +08 2026: Dashboard already running and serving requests
Thu 23 Jul 22:20:34 +08 2026: Dashboard already running and serving requests
Thu 23 Jul 22:25:34 +08 2026: Dashboard already running and serving requests
Thu 23 Jul 22:30:34 +08 2026: Dashboard already running and serving requests
Thu 23 Jul 22:35:34 +08 2026: Dashboard already running and serving requests
Thu 23 Jul 22:40:34 +08 2026: Dashboard already running and serving requests
Thu 23 Jul 22:45:34 +08 2026: Dashboard already running and serving requests
Thu 23 Jul 22:50:34 +08 2026: Dashboard already running and serving requests
Thu 23 Jul 22:55:34 +08 2026: Dashboard already running and serving requests
Thu 23 Jul 23:00:34 +08 2026: Dashboard already running and serving requests
Thu 23 Jul 23:05:35 +08 2026: Dashboard already running and serving requests
Thu 23 Jul 23:10:35 +08 2026: Dashboard already running and serving requests
Thu 23 Jul 23:15:35 +08 2026: Dashboard already running and serving requests
Thu 23 Jul 23:20:35 +08 2026: Dashboard already running and serving requests
Thu 23 Jul 23:25:35 +08 2026: Dashboard already running and serving requests
Thu 23 Jul 23:30:35 +08 2026: Dashboard already running and serving requests
Thu 23 Jul 23:35:35 +08 2026: Dashboard already running and serving requests
Thu 23 Jul 23:40:35 +08 2026: Dashboard already running and serving requests
Thu 23 Jul 23:45:35 +08 2026: Dashboard already running and serving requests
Thu 23 Jul 23:50:35 +08 2026: Dashboard already running and serving requests
Thu 23 Jul 23:55:35 +08 2026: Dashboard already running and serving requests
Fri 24 Jul 00:00:36 +08 2026: Dashboard already running and serving requests
Fri 24 Jul 00:05:36 +08 2026: Dashboard already running and serving requests
Fri 24 Jul 00:10:36 +08 2026: Dashboard already running and serving requests
Fri 24 Jul 00:15:36 +08 2026: Dashboard already running and serving requests
Fri 24 Jul 00:20:36 +08 2026: Dashboard already running and serving requests
Fri 24 Jul 00:25:36 +08 2026: Dashboard already running and serving requests
Fri 24 Jul 00:30:36 +08 2026: Dashboard already running and serving requests
Fri 24 Jul 00:35:36 +08 2026: Dashboard already running and serving requests
Fri 24 Jul 00:40:36 +08 2026: Dashboard already running and serving requests
Fri 24 Jul 00:45:36 +08 2026: Dashboard already running and serving requests
Fri 24 Jul 00:50:36 +08 2026: Dashboard already running and serving requests
Fri 24 Jul 00:55:37 +08 2026: Dashboard already running and serving requests
Fri 24 Jul 01:00:37 +08 2026: Dashboard already running and serving requests
Fri 24 Jul 01:05:37 +08 2026: Dashboard already running and serving requests
Fri 24 Jul 01:10:37 +08 2026: Dashboard already running and serving requests
Fri 24 Jul 01:15:37 +08 2026: Dashboard already running and serving requests
Fri 24 Jul 01:20:37 +08 2026: Dashboard already running and serving requests
Fri 24 Jul 01:25:37 +08 2026: Dashboard already running and serving requests
Fri 24 Jul 01:30:37 +08 2026: Dashboard already running and serving requests
Fri 24 Jul 01:35:37 +08 2026: Dashboard already running and serving requests
Fri 24 Jul 01:40:37 +08 2026: Dashboard already running and serving requests
Fri 24 Jul 01:45:37 +08 2026: Dashboard already running and serving requests
Fri 24 Jul 01:50:38 +08 2026: Dashboard already running and serving requests
Fri 24 Jul 01:55:38 +08 2026: Dashboard already running and serving requests
Fri 24 Jul 02:00:38 +08 2026: Dashboard already running and serving requests
Fri 24 Jul 02:05:38 +08 2026: Dashboard already running and serving requests
Fri 24 Jul 02:10:38 +08 2026: Dashboard already running and serving requests
Fri 24 Jul 02:15:38 +08 2026: Dashboard already running and serving requests
Fri 24 Jul 02:20:38 +08 2026: Dashboard already running and serving requests
Fri 24 Jul 02:25:38 +08 2026: Dashboard already running and serving requests
Fri 24 Jul 02:30:38 +08 2026: Dashboard already running and serving requests
Fri 24 Jul 02:35:38 +08 2026: Dashboard already running and serving requests
Fri 24 Jul 02:40:38 +08 2026: Dashboard already running and serving requests
Fri 24 Jul 02:45:39 +08 2026: Dashboard already running and serving requests
Fri 24 Jul 02:50:39 +08 2026: Dashboard already running and serving requests
Fri 24 Jul 02:55:39 +08 2026: Dashboard already running and serving requests
Fri 24 Jul 03:00:39 +08 2026: Dashboard already running and serving requests
Fri 24 Jul 03:05:39 +08 2026: Dashboard already running and serving requests
Fri 24 Jul 03:10:39 +08 2026: Dashboard already running and serving requests
Fri 24 Jul 03:15:39 +08 2026: Dashboard already running and serving requests
Fri 24 Jul 03:20:39 +08 2026: Dashboard already running and serving requests
Fri 24 Jul 03:25:39 +08 2026: Dashboard already running and serving requests
Fri 24 Jul 03:30:39 +08 2026: Dashboard already running and serving requests
Fri 24 Jul 03:35:39 +08 2026: Dashboard already running and serving requests
Fri 24 Jul 03:40:40 +08 2026: Dashboard already running and serving requests
Fri 24 Jul 03:45:40 +08 2026: Dashboard already running and serving requests
Fri 24 Jul 03:50:40 +08 2026: Dashboard already running and serving requests
Fri 24 Jul 03:55:40 +08 2026: Dashboard already running and serving requests
Fri 24 Jul 04:00:40 +08 2026: Dashboard already running and serving requests
Fri 24 Jul 04:05:40 +08 2026: Dashboard already running and serving requests
Fri 24 Jul 04:10:40 +08 2026: Dashboard already running and serving requests
Fri 24 Jul 04:15:40 +08 2026: Dashboard already running and serving requests
Fri 24 Jul 04:20:40 +08 2026: Dashboard already running and serving requests
Fri 24 Jul 04:25:40 +08 2026: Dashboard already running and serving requests
Fri 24 Jul 04:30:40 +08 2026: Dashboard already running and serving requests
Fri 24 Jul 04:35:41 +08 2026: Dashboard already running and serving requests
Fri 24 Jul 04:40:41 +08 2026: Dashboard already running and serving requests
Fri 24 Jul 04:45:41 +08 2026: Dashboard already running and serving requests
Fri 24 Jul 04:50:41 +08 2026: Dashboard already running and serving requests
Fri 24 Jul 04:55:41 +08 2026: Dashboard already running and serving requests
Fri 24 Jul 05:00:41 +08 2026: Dashboard already running and serving requests
Fri 24 Jul 05:05:41 +08 2026: Dashboard already running and serving requests
Fri 24 Jul 05:10:41 +08 2026: Dashboard already running and serving requests
Fri 24 Jul 05:15:41 +08 2026: Dashboard already running and serving requests
Fri 24 Jul 05:20:41 +08 2026: Dashboard already running and serving requests
Fri 24 Jul 05:25:41 +08 2026: Dashboard already running and serving requests
Fri 24 Jul 05:30:42 +08 2026: Dashboard already running and serving requests
Fri 24 Jul 05:35:42 +08 2026: Dashboard already running and serving requests
Fri 24 Jul 05:40:42 +08 2026: Dashboard already running and serving requests
Fri 24 Jul 05:45:42 +08 2026: Dashboard already running and serving requests
Fri 24 Jul 05:50:42 +08 2026: Dashboard already running and serving requests
Fri 24 Jul 05:55:42 +08 2026: Dashboard already running and serving requests
Fri 24 Jul 06:00:42 +08 2026: Dashboard already running and serving requests
Fri 24 Jul 06:05:42 +08 2026: Dashboard already running and serving requests
Fri 24 Jul 06:10:42 +08 2026: Dashboard already running and serving requests
Fri 24 Jul 06:15:42 +08 2026: Dashboard already running and serving requests
Fri 24 Jul 06:20:43 +08 2026: Dashboard already running and serving requests
Fri 24 Jul 06:25:43 +08 2026: Dashboard already running and serving requests
Fri 24 Jul 06:30:43 +08 2026: Dashboard already running and serving requests
Fri 24 Jul 06:35:43 +08 2026: Dashboard already running and serving requests
Fri 24 Jul 06:40:43 +08 2026: Dashboard already running and serving requests
Fri 24 Jul 06:45:43 +08 2026: Dashboard already running and serving requests
Fri 24 Jul 06:50:43 +08 2026: Dashboard already running and serving requests
Fri 24 Jul 06:55:43 +08 2026: Dashboard already running and serving requests
Fri 24 Jul 07:00:43 +08 2026: Dashboard already running and serving requests
Fri 24 Jul 07:05:43 +08 2026: Dashboard already running and serving requests
Fri 24 Jul 07:10:43 +08 2026: Dashboard already running and serving requests
Fri 24 Jul 07:15:44 +08 2026: Dashboard already running and serving requests
Fri 24 Jul 07:20:44 +08 2026: Dashboard already running and serving requests
Fri 24 Jul 07:25:44 +08 2026: Dashboard already running and serving requests
Fri 24 Jul 07:30:44 +08 2026: Dashboard already running and serving requests
Fri 24 Jul 07:35:44 +08 2026: Dashboard already running and serving requests
Fri 24 Jul 07:40:44 +08 2026: Dashboard already running and serving requests
Fri 24 Jul 07:45:44 +08 2026: Dashboard already running and serving requests
Fri 24 Jul 07:50:44 +08 2026: Dashboard already running and serving requests
Fri 24 Jul 07:55:44 +08 2026: Dashboard already running and serving requests
Fri 24 Jul 08:00:44 +08 2026: Dashboard already running and serving requests
Fri 24 Jul 08:05:44 +08 2026: Dashboard already running and serving requests
Fri 24 Jul 08:10:45 +08 2026: Dashboard already running and serving requests
Fri 24 Jul 08:15:45 +08 2026: Dashboard already running and serving requests
Fri 24 Jul 08:20:45 +08 2026: Dashboard already running and serving requests
Fri 24 Jul 08:25:45 +08 2026: Dashboard already running and serving requests
Fri 24 Jul 08:30:45 +08 2026: Dashboard already running and serving requests
Fri 24 Jul 08:35:45 +08 2026: Dashboard already running and serving requests
Fri 24 Jul 08:40:45 +08 2026: Dashboard already running and serving requests
Fri 24 Jul 08:45:45 +08 2026: Dashboard already running and serving requests
Fri 24 Jul 08:50:45 +08 2026: Dashboard already running and serving requests
Fri 24 Jul 08:55:45 +08 2026: Dashboard already running and serving requests
Fri 24 Jul 09:00:46 +08 2026: Dashboard already running and serving requests
Fri 24 Jul 09:05:46 +08 2026: Dashboard already running and serving requests
Fri 24 Jul 09:10:46 +08 2026: Dashboard already running and serving requests
Fri 24 Jul 09:15:46 +08 2026: Dashboard already running and serving requests
Fri 24 Jul 09:20:46 +08 2026: Dashboard already running and serving requests
Fri 24 Jul 09:25:46 +08 2026: Dashboard already running and serving requests
Fri 24 Jul 09:30:46 +08 2026: Dashboard already running and serving requests
Fri 24 Jul 09:35:46 +08 2026: Dashboard already running and serving requests
Fri 24 Jul 09:40:46 +08 2026: Dashboard already running and serving requests
Fri 24 Jul 09:45:46 +08 2026: Dashboard already running and serving requests
Fri 24 Jul 09:50:46 +08 2026: Dashboard already running and serving requests
Fri 24 Jul 09:55:47 +08 2026: Dashboard already running and serving requests
Fri 24 Jul 10:00:47 +08 2026: Dashboard already running and serving requests
Fri 24 Jul 10:05:47 +08 2026: Dashboard already running and serving requests
Fri 24 Jul 10:10:47 +08 2026: Dashboard already running and serving requests
Fri 24 Jul 10:15:47 +08 2026: Dashboard already running and serving requests
Fri 24 Jul 10:20:47 +08 2026: Dashboard already running and serving requests
Fri 24 Jul 10:25:47 +08 2026: Dashboard already running and serving requests
Fri 24 Jul 10:30:47 +08 2026: Dashboard already running and serving requests
Fri 24 Jul 10:35:47 +08 2026: Dashboard already running and serving requests
Fri 24 Jul 10:40:47 +08 2026: Dashboard already running and serving requests
Fri 24 Jul 10:45:47 +08 2026: Dashboard already running and serving requests
Fri 24 Jul 10:50:48 +08 2026: Dashboard already running and serving requests
Fri 24 Jul 10:55:48 +08 2026: Dashboard already running and serving requests
Fri 24 Jul 11:00:48 +08 2026: Dashboard already running and serving requests
Fri 24 Jul 11:05:48 +08 2026: Dashboard already running and serving requests
Fri 24 Jul 11:10:48 +08 2026: Dashboard already running and serving requests
Fri 24 Jul 11:15:48 +08 2026: Dashboard already running and serving requests
Fri 24 Jul 11:20:48 +08 2026: Dashboard already running and serving requests
Fri 24 Jul 11:25:48 +08 2026: Dashboard already running and serving requests
Fri 24 Jul 11:30:48 +08 2026: Dashboard already running and serving requests
Fri 24 Jul 11:35:48 +08 2026: Dashboard already running and serving requests
Fri 24 Jul 11:40:48 +08 2026: Dashboard already running and serving requests
Fri 24 Jul 11:45:49 +08 2026: Dashboard already running and serving requests
Fri 24 Jul 11:50:49 +08 2026: Dashboard already running and serving requests
Fri 24 Jul 11:55:49 +08 2026: Dashboard already running and serving requests
Fri 24 Jul 12:00:49 +08 2026: Dashboard already running and serving requests
Fri 24 Jul 12:05:49 +08 2026: Dashboard already running and serving requests
Fri 24 Jul 12:10:49 +08 2026: Dashboard already running and serving requests
Fri 24 Jul 12:15:49 +08 2026: Dashboard already running and serving requests
Fri 24 Jul 12:20:49 +08 2026: Dashboard already running and serving requests
Fri 24 Jul 12:25:49 +08 2026: Dashboard already running and serving requests
Fri 24 Jul 12:30:49 +08 2026: Dashboard already running and serving requests
Fri 24 Jul 12:35:50 +08 2026: Dashboard already running and serving requests
Fri 24 Jul 12:40:50 +08 2026: Dashboard already running and serving requests
Fri 24 Jul 12:45:50 +08 2026: Dashboard already running and serving requests
Fri 24 Jul 12:50:50 +08 2026: Dashboard already running and serving requests
Fri 24 Jul 12:55:50 +08 2026: Dashboard already running and serving requests
Fri 24 Jul 13:00:50 +08 2026: Dashboard already running and serving requests
Fri 24 Jul 13:05:50 +08 2026: Dashboard already running and serving requests
Fri 24 Jul 13:10:50 +08 2026: Dashboard already running and serving requests
Fri 24 Jul 13:15:50 +08 2026: Dashboard already running and serving requests
Fri 24 Jul 13:20:50 +08 2026: Dashboard already running and serving requests
Fri 24 Jul 13:25:50 +08 2026: Dashboard already running and serving requests
Fri 24 Jul 13:30:51 +08 2026: Dashboard already running and serving requests
Fri 24 Jul 13:35:51 +08 2026: Dashboard already running and serving requests
Fri 24 Jul 13:40:51 +08 2026: Dashboard already running and serving requests
Fri 24 Jul 13:45:51 +08 2026: Dashboard already running and serving requests
Fri 24 Jul 13:50:51 +08 2026: Dashboard already running and serving requests
Fri 24 Jul 13:55:51 +08 2026: Dashboard already running and serving requests
Fri 24 Jul 14:00:51 +08 2026: Dashboard already running and serving requests
Fri 24 Jul 14:05:51 +08 2026: Dashboard already running and serving requests
Fri 24 Jul 14:10:51 +08 2026: Dashboard already running and serving requests
Fri 24 Jul 14:15:51 +08 2026: Dashboard already running and serving requests
Fri 24 Jul 14:20:52 +08 2026: Dashboard already running and serving requests
Fri 24 Jul 14:25:52 +08 2026: Dashboard already running and serving requests
Fri 24 Jul 14:30:52 +08 2026: Dashboard already running and serving requests
Fri 24 Jul 14:35:52 +08 2026: Dashboard already running and serving requests
Fri 24 Jul 14:40:52 +08 2026: Dashboard already running and serving requests
Fri 24 Jul 14:45:52 +08 2026: Dashboard already running and serving requests
Fri 24 Jul 14:50:52 +08 2026: Dashboard already running and serving requests
Fri 24 Jul 14:55:52 +08 2026: Dashboard already running and serving requests
Fri 24 Jul 15:00:52 +08 2026: Dashboard already running and serving requests
Fri 24 Jul 15:05:52 +08 2026: Dashboard already running and serving requests
Fri 24 Jul 15:10:52 +08 2026: Dashboard already running and serving requests
Fri 24 Jul 15:15:53 +08 2026: Dashboard already running and serving requests
Fri 24 Jul 15:20:53 +08 2026: Dashboard already running and serving requests
Fri 24 Jul 15:25:53 +08 2026: Dashboard already running and serving requests
Fri 24 Jul 15:30:53 +08 2026: Dashboard already running and serving requests
Fri 24 Jul 15:35:53 +08 2026: Dashboard already running and serving requests
Fri 24 Jul 15:40:53 +08 2026: Dashboard already running and serving requests
Fri 24 Jul 15:45:53 +08 2026: Dashboard already running and serving requests
Fri 24 Jul 15:50:53 +08 2026: Dashboard already running and serving requests
Fri 24 Jul 15:55:53 +08 2026: Dashboard already running and serving requests
Fri 24 Jul 16:00:53 +08 2026: Dashboard already running and serving requests
Fri 24 Jul 16:05:54 +08 2026: Dashboard already running and serving requests
Fri 24 Jul 16:10:54 +08 2026: Dashboard already running and serving requests
Fri 24 Jul 16:15:54 +08 2026: Dashboard already running and serving requests
Fri 24 Jul 16:20:54 +08 2026: Dashboard already running and serving requests
Fri 24 Jul 16:25:54 +08 2026: Dashboard already running and serving requests
Fri 24 Jul 16:30:54 +08 2026: Dashboard already running and serving requests
Fri 24 Jul 16:35:54 +08 2026: Dashboard already running and serving requests
Fri 24 Jul 16:40:54 +08 2026: Dashboard already running and serving requests
Fri 24 Jul 16:45:54 +08 2026: Dashboard already running and serving requests
Fri 24 Jul 16:50:54 +08 2026: Dashboard already running and serving requests
Fri 24 Jul 16:55:54 +08 2026: Dashboard already running and serving requests
Fri 24 Jul 17:00:55 +08 2026: Dashboard already running and serving requests
Fri 24 Jul 17:05:55 +08 2026: Dashboard already running and serving requests
Fri 24 Jul 17:10:55 +08 2026: Dashboard already running and serving requests
Fri 24 Jul 17:15:55 +08 2026: Dashboard already running and serving requests
Fri 24 Jul 17:20:55 +08 2026: Dashboard already running and serving requests
Fri 24 Jul 17:25:55 +08 2026: Dashboard already running and serving requests
Fri 24 Jul 17:30:55 +08 2026: Dashboard already running and serving requests
Fri 24 Jul 17:35:55 +08 2026: Dashboard already running and serving requests
Fri 24 Jul 17:40:55 +08 2026: Dashboard already running and serving requests
Fri 24 Jul 17:45:55 +08 2026: Dashboard already running and serving requests
Fri 24 Jul 17:50:55 +08 2026: Dashboard already running and serving requests
Fri 24 Jul 17:55:56 +08 2026: Dashboard already running and serving requests
Fri 24 Jul 18:00:56 +08 2026: Dashboard already running and serving requests
Fri 24 Jul 18:05:56 +08 2026: Dashboard already running and serving requests
Fri 24 Jul 18:10:56 +08 2026: Dashboard already running and serving requests
Fri 24 Jul 18:15:56 +08 2026: Dashboard already running and serving requests
Fri 24 Jul 18:20:56 +08 2026: Dashboard already running and serving requests
Fri 24 Jul 18:25:56 +08 2026: Dashboard already running and serving requests
Fri 24 Jul 18:30:56 +08 2026: Dashboard already running and serving requests
Fri 24 Jul 18:35:56 +08 2026: Dashboard already running and serving requests
Fri 24 Jul 18:40:56 +08 2026: Dashboard already running and serving requests
Fri 24 Jul 18:45:57 +08 2026: Dashboard already running and serving requests
Fri 24 Jul 18:50:57 +08 2026: Dashboard already running and serving requests
Fri 24 Jul 18:55:57 +08 2026: Dashboard already running and serving requests
Fri 24 Jul 19:00:57 +08 2026: Dashboard already running and serving requests
Fri 24 Jul 19:05:57 +08 2026: Dashboard already running and serving requests
Fri 24 Jul 19:10:57 +08 2026: Dashboard already running and serving requests
Fri 24 Jul 19:15:57 +08 2026: Dashboard already running and serving requests
Fri 24 Jul 19:20:57 +08 2026: Dashboard already running and serving requests
Fri 24 Jul 19:25:57 +08 2026: Dashboard already running and serving requests
Fri 24 Jul 19:30:57 +08 2026: Dashboard already running and serving requests
Fri 24 Jul 19:35:57 +08 2026: Dashboard already running and serving requests
Fri 24 Jul 19:40:58 +08 2026: Dashboard already running and serving requests
Fri 24 Jul 19:45:58 +08 2026: Dashboard already running and serving requests
Fri 24 Jul 19:50:58 +08 2026: Dashboard already running and serving requests
Fri 24 Jul 19:55:58 +08 2026: Dashboard already running and serving requests
Fri 24 Jul 20:00:58 +08 2026: Dashboard already running and serving requests
Fri 24 Jul 20:05:58 +08 2026: Dashboard already running and serving requests
Fri 24 Jul 20:10:58 +08 2026: Dashboard already running and serving requests
Fri 24 Jul 20:15:58 +08 2026: Dashboard already running and serving requests
Fri 24 Jul 20:20:58 +08 2026: Dashboard already running and serving requests
Fri 24 Jul 20:25:58 +08 2026: Dashboard already running and serving requests
Fri 24 Jul 20:30:59 +08 2026: Dashboard already running and serving requests
Fri 24 Jul 20:35:59 +08 2026: Dashboard already running and serving requests
Fri 24 Jul 20:40:59 +08 2026: Dashboard already running and serving requests
Fri 24 Jul 20:45:59 +08 2026: Dashboard already running and serving requests
Fri 24 Jul 20:50:59 +08 2026: Dashboard already running and serving requests
Fri 24 Jul 20:55:59 +08 2026: Dashboard already running and serving requests
Fri 24 Jul 21:00:59 +08 2026: Dashboard already running and serving requests
Fri 24 Jul 21:05:59 +08 2026: Dashboard already running and serving requests
Fri 24 Jul 21:10:59 +08 2026: Dashboard already running and serving requests
Fri 24 Jul 21:15:59 +08 2026: Dashboard already running and serving requests
Fri 24 Jul 21:20:59 +08 2026: Dashboard already running and serving requests
Fri 24 Jul 21:26:00 +08 2026: Dashboard already running and serving requests
Fri 24 Jul 21:30:00 +08 2026: Dashboard already running and serving requests
Fri 24 Jul 21:35:00 +08 2026: Dashboard already running and serving requests
Fri 24 Jul 21:40:00 +08 2026: Dashboard already running and serving requests
Fri 24 Jul 21:45:00 +08 2026: Dashboard already running and serving requests
Fri 24 Jul 21:50:00 +08 2026: Dashboard already running and serving requests
Fri 24 Jul 21:55:00 +08 2026: Dashboard already running and serving requests
Fri 24 Jul 22:00:00 +08 2026: Dashboard already running and serving requests
Fri 24 Jul 22:05:00 +08 2026: Dashboard already running and serving requests
Fri 24 Jul 22:10:00 +08 2026: Dashboard already running and serving requests
Fri 24 Jul 22:15:00 +08 2026: Dashboard already running and serving requests
Fri 24 Jul 22:20:01 +08 2026: Dashboard already running and serving requests
Fri 24 Jul 22:25:01 +08 2026: Dashboard already running and serving requests
Fri 24 Jul 22:30:01 +08 2026: Dashboard already running and serving requests
Fri 24 Jul 22:35:01 +08 2026: Dashboard already running and serving requests
Fri 24 Jul 22:40:01 +08 2026: Dashboard already running and serving requests
Fri 24 Jul 22:45:01 +08 2026: Dashboard already running and serving requests
Fri 24 Jul 22:50:01 +08 2026: Dashboard already running and serving requests
Fri 24 Jul 22:55:01 +08 2026: Dashboard already running and serving requests
Fri 24 Jul 23:00:01 +08 2026: Dashboard already running and serving requests
Fri 24 Jul 23:05:01 +08 2026: Dashboard already running and serving requests
Fri 24 Jul 23:10:02 +08 2026: Dashboard already running and serving requests
Fri 24 Jul 23:15:02 +08 2026: Dashboard already running and serving requests
Fri 24 Jul 23:20:02 +08 2026: Dashboard already running and serving requests
Fri 24 Jul 23:25:02 +08 2026: Dashboard already running and serving requests
Fri 24 Jul 23:30:02 +08 2026: Dashboard already running and serving requests
Fri 24 Jul 23:35:02 +08 2026: Dashboard already running and serving requests
Fri 24 Jul 23:40:02 +08 2026: Dashboard already running and serving requests
Fri 24 Jul 23:45:02 +08 2026: Dashboard already running and serving requests
Fri 24 Jul 23:50:02 +08 2026: Dashboard already running and serving requests
Fri 24 Jul 23:55:02 +08 2026: Dashboard already running and serving requests
Sat 25 Jul 00:00:02 +08 2026: Dashboard already running and serving requests
Sat 25 Jul 00:05:03 +08 2026: Dashboard already running and serving requests
Sat 25 Jul 00:10:03 +08 2026: Dashboard already running and serving requests
Sat 25 Jul 00:15:03 +08 2026: Dashboard already running and serving requests
Sat 25 Jul 00:20:03 +08 2026: Dashboard already running and serving requests
Sat 25 Jul 00:25:03 +08 2026: Dashboard already running and serving requests
Sat 25 Jul 00:30:03 +08 2026: Dashboard already running and serving requests
Sat 25 Jul 00:35:03 +08 2026: Dashboard already running and serving requests
Sat 25 Jul 00:40:03 +08 2026: Dashboard already running and serving requests
Sat 25 Jul 00:45:03 +08 2026: Dashboard already running and serving requests
Sat 25 Jul 00:50:03 +08 2026: Dashboard already running and serving requests
Sat 25 Jul 00:55:03 +08 2026: Dashboard already running and serving requests
Sat 25 Jul 01:00:04 +08 2026: Dashboard already running and serving requests
Sat 25 Jul 01:05:04 +08 2026: Dashboard already running and serving requests
Sat 25 Jul 01:10:04 +08 2026: Dashboard already running and serving requests
Sat 25 Jul 01:15:04 +08 2026: Dashboard already running and serving requests
Sat 25 Jul 01:20:04 +08 2026: Dashboard already running and serving requests
Sat 25 Jul 01:25:04 +08 2026: Dashboard already running and serving requests
Sat 25 Jul 01:30:04 +08 2026: Dashboard already running and serving requests
Sat 25 Jul 01:35:04 +08 2026: Dashboard already running and serving requests
Sat 25 Jul 01:40:04 +08 2026: Dashboard already running and serving requests
Sat 25 Jul 01:45:04 +08 2026: Dashboard already running and serving requests
Sat 25 Jul 01:50:04 +08 2026: Dashboard already running and serving requests
Sat 25 Jul 01:55:04 +08 2026: Dashboard already running and serving requests
Sat 25 Jul 02:00:05 +08 2026: Dashboard already running and serving requests
Sat 25 Jul 02:05:05 +08 2026: Dashboard already running and serving requests
Sat 25 Jul 02:10:05 +08 2026: Dashboard already running and serving requests
Sat 25 Jul 02:15:05 +08 2026: Dashboard already running and serving requests
Sat 25 Jul 02:20:05 +08 2026: Dashboard already running and serving requests
Sat 25 Jul 02:25:05 +08 2026: Dashboard already running and serving requests
Sat 25 Jul 02:30:05 +08 2026: Dashboard already running and serving requests
Sat 25 Jul 02:35:05 +08 2026: Dashboard already running and serving requests
Sat 25 Jul 02:40:05 +08 2026: Dashboard already running and serving requests
Sat 25 Jul 02:45:05 +08 2026: Dashboard already running and serving requests
Sat 25 Jul 02:50:06 +08 2026: Dashboard already running and serving requests
Sat 25 Jul 02:55:06 +08 2026: Dashboard already running and serving requests
Sat 25 Jul 03:00:06 +08 2026: Dashboard already running and serving requests
Sat 25 Jul 03:05:06 +08 2026: Dashboard already running and serving requests
Sat 25 Jul 03:10:06 +08 2026: Dashboard already running and serving requests
Sat 25 Jul 03:15:06 +08 2026: Dashboard already running and serving requests
Sat 25 Jul 03:20:06 +08 2026: Dashboard already running and serving requests
Sat 25 Jul 03:25:06 +08 2026: Dashboard already running and serving requests
Sat 25 Jul 03:30:06 +08 2026: Dashboard already running and serving requests
Sat 25 Jul 03:35:06 +08 2026: Dashboard already running and serving requests
Sat 25 Jul 03:40:06 +08 2026: Dashboard already running and serving requests
Sat 25 Jul 03:45:07 +08 2026: Dashboard already running and serving requests
Sat 25 Jul 03:50:07 +08 2026: Dashboard already running and serving requests
Sat 25 Jul 03:55:07 +08 2026: Dashboard already running and serving requests
Sat 25 Jul 04:00:07 +08 2026: Dashboard already running and serving requests
Sat 25 Jul 04:05:07 +08 2026: Dashboard already running and serving requests
Sat 25 Jul 04:10:07 +08 2026: Dashboard already running and serving requests
Sat 25 Jul 04:15:07 +08 2026: Dashboard already running and serving requests
Sat 25 Jul 04:20:07 +08 2026: Dashboard already running and serving requests
Sat 25 Jul 04:25:07 +08 2026: Dashboard already running and serving requests
Sat 25 Jul 04:30:07 +08 2026: Dashboard already running and serving requests
Sat 25 Jul 04:35:07 +08 2026: Dashboard already running and serving requests
Sat 25 Jul 04:40:08 +08 2026: Dashboard already running and serving requests
Sat 25 Jul 04:45:08 +08 2026: Dashboard already running and serving requests
Sat 25 Jul 04:50:08 +08 2026: Dashboard already running and serving requests
Sat 25 Jul 04:55:08 +08 2026: Dashboard already running and serving requests
Sat 25 Jul 05:00:08 +08 2026: Dashboard already running and serving requests
Sat 25 Jul 05:05:08 +08 2026: Dashboard already running and serving requests
Sat 25 Jul 05:10:08 +08 2026: Dashboard already running and serving requests
Sat 25 Jul 05:15:08 +08 2026: Dashboard already running and serving requests
Sat 25 Jul 05:20:08 +08 2026: Dashboard already running and serving requests
Sat 25 Jul 05:25:08 +08 2026: Dashboard already running and serving requests
Sat 25 Jul 05:30:09 +08 2026: Dashboard already running and serving requests
Sat 25 Jul 05:35:09 +08 2026: Dashboard already running and serving requests
Sat 25 Jul 05:40:09 +08 2026: Dashboard already running and serving requests
Sat 25 Jul 05:45:09 +08 2026: Dashboard already running and serving requests
Sat 25 Jul 05:50:09 +08 2026: Dashboard already running and serving requests
Sat 25 Jul 05:55:09 +08 2026: Dashboard already running and serving requests
Sat 25 Jul 06:00:09 +08 2026: Dashboard already running and serving requests
Sat 25 Jul 06:05:09 +08 2026: Dashboard already running and serving requests
Sat 25 Jul 06:10:09 +08 2026: Dashboard already running and serving requests
Sat 25 Jul 06:15:09 +08 2026: Dashboard already running and serving requests
Sat 25 Jul 06:20:09 +08 2026: Dashboard already running and serving requests
Sat 25 Jul 06:25:10 +08 2026: Dashboard already running and serving requests
Sat 25 Jul 06:30:10 +08 2026: Dashboard already running and serving requests
Sat 25 Jul 06:35:10 +08 2026: Dashboard already running and serving requests
Sat 25 Jul 06:40:10 +08 2026: Dashboard already running and serving requests
Sat 25 Jul 06:45:10 +08 2026: Dashboard already running and serving requests
Sat 25 Jul 06:50:10 +08 2026: Dashboard already running and serving requests
Sat 25 Jul 06:55:10 +08 2026: Dashboard already running and serving requests
Sat 25 Jul 07:00:10 +08 2026: Dashboard already running and serving requests
Sat 25 Jul 07:05:10 +08 2026: Dashboard already running and serving requests
Sat 25 Jul 07:10:10 +08 2026: Dashboard already running and serving requests
Sat 25 Jul 07:15:10 +08 2026: Dashboard already running and serving requests
Sat 25 Jul 07:20:11 +08 2026: Dashboard already running and serving requests
Sat 25 Jul 07:25:11 +08 2026: Dashboard already running and serving requests
Sat 25 Jul 07:30:11 +08 2026: Dashboard already running and serving requests
Sat 25 Jul 07:35:11 +08 2026: Dashboard already running and serving requests
Sat 25 Jul 07:40:11 +08 2026: Dashboard already running and serving requests
Sat 25 Jul 07:45:11 +08 2026: Dashboard already running and serving requests
Sat 25 Jul 07:50:11 +08 2026: Dashboard already running and serving requests
Sat 25 Jul 07:55:11 +08 2026: Dashboard already running and serving requests
Sat 25 Jul 08:00:11 +08 2026: Dashboard already running and serving requests
Sat 25 Jul 08:05:11 +08 2026: Dashboard already running and serving requests
Sat 25 Jul 08:10:11 +08 2026: Dashboard already running and serving requests
Sat 25 Jul 08:15:12 +08 2026: Dashboard already running and serving requests
Sat 25 Jul 08:20:12 +08 2026: Dashboard already running and serving requests
Sat 25 Jul 08:25:12 +08 2026: Dashboard already running and serving requests
Sat 25 Jul 08:30:12 +08 2026: Dashboard already running and serving requests
Sat 25 Jul 08:35:12 +08 2026: Dashboard already running and serving requests
Sat 25 Jul 08:40:12 +08 2026: Dashboard already running and serving requests
Sat 25 Jul 08:45:12 +08 2026: Dashboard already running and serving requests
Sat 25 Jul 08:50:12 +08 2026: Dashboard already running and serving requests
Sat 25 Jul 08:55:12 +08 2026: Dashboard already running and serving requests
Sat 25 Jul 09:00:12 +08 2026: Dashboard already running and serving requests
Sat 25 Jul 09:05:12 +08 2026: Dashboard already running and serving requests
Sat 25 Jul 09:10:13 +08 2026: Dashboard already running and serving requests
Sat 25 Jul 09:15:13 +08 2026: Dashboard already running and serving requests
Sat 25 Jul 09:20:13 +08 2026: Dashboard already running and serving requests
Sat 25 Jul 09:25:13 +08 2026: Dashboard already running and serving requests
Sat 25 Jul 09:30:13 +08 2026: Dashboard already running and serving requests
Sat 25 Jul 09:35:13 +08 2026: Dashboard already running and serving requests
Sat 25 Jul 09:40:13 +08 2026: Dashboard already running and serving requests
Sat 25 Jul 09:45:13 +08 2026: Dashboard already running and serving requests
Sat 25 Jul 09:50:13 +08 2026: Dashboard already running and serving requests
Sat 25 Jul 09:55:13 +08 2026: Dashboard already running and serving requests
Sat 25 Jul 10:00:13 +08 2026: Dashboard already running and serving requests
Sat 25 Jul 10:05:14 +08 2026: Dashboard already running and serving requests
Sat 25 Jul 10:10:14 +08 2026: Dashboard already running and serving requests
Sat 25 Jul 10:15:14 +08 2026: Dashboard already running and serving requests
Sat 25 Jul 10:20:14 +08 2026: Dashboard already running and serving requests
Sat 25 Jul 10:25:14 +08 2026: Dashboard already running and serving requests
Sat 25 Jul 10:30:14 +08 2026: Dashboard already running and serving requests
Sat 25 Jul 10:35:14 +08 2026: Dashboard already running and serving requests
Sat 25 Jul 10:40:14 +08 2026: Dashboard already running and serving requests
Sat 25 Jul 10:45:14 +08 2026: Dashboard already running and serving requests
Sat 25 Jul 10:50:14 +08 2026: Dashboard already running and serving requests
Sat 25 Jul 10:55:14 +08 2026: Dashboard already running and serving requests
Sat 25 Jul 11:00:15 +08 2026: Dashboard already running and serving requests
Sat 25 Jul 11:05:15 +08 2026: Dashboard already running and serving requests
Sat 25 Jul 11:10:15 +08 2026: Dashboard already running and serving requests
Sat 25 Jul 11:15:15 +08 2026: Dashboard already running and serving requests
Sat 25 Jul 11:20:15 +08 2026: Dashboard already running and serving requests
Sat 25 Jul 11:25:15 +08 2026: Dashboard already running and serving requests
Sat 25 Jul 11:30:15 +08 2026: Dashboard already running and serving requests
Sat 25 Jul 11:35:15 +08 2026: Dashboard already running and serving requests
Sat 25 Jul 11:40:15 +08 2026: Dashboard already running and serving requests
Sat 25 Jul 11:45:15 +08 2026: Dashboard already running and serving requests
Sat 25 Jul 11:50:16 +08 2026: Dashboard already running and serving requests
Sat 25 Jul 11:55:16 +08 2026: Dashboard already running and serving requests
Sat 25 Jul 12:00:16 +08 2026: Dashboard already running and serving requests
Sat 25 Jul 12:05:16 +08 2026: Dashboard already running and serving requests
Sat 25 Jul 12:10:16 +08 2026: Dashboard already running and serving requests
Sat 25 Jul 12:15:17 +08 2026: Dashboard already running and serving requests
Sat 25 Jul 12:20:17 +08 2026: Dashboard already running and serving requests
Sat 25 Jul 12:25:17 +08 2026: Dashboard already running and serving requests
Sat 25 Jul 12:30:17 +08 2026: Dashboard already running and serving requests
Sat 25 Jul 12:35:17 +08 2026: Dashboard already running and serving requests
Sat 25 Jul 12:40:17 +08 2026: Dashboard already running and serving requests
Sat 25 Jul 12:45:17 +08 2026: Dashboard already running and serving requests
Sat 25 Jul 12:50:17 +08 2026: Dashboard already running and serving requests
Sat 25 Jul 12:55:17 +08 2026: Dashboard already running and serving requests
Sat 25 Jul 13:00:18 +08 2026: Dashboard already running and serving requests
Sat 25 Jul 13:05:18 +08 2026: Dashboard already running and serving requests
Sat 25 Jul 13:10:18 +08 2026: Dashboard already running and serving requests
Sat 25 Jul 13:15:18 +08 2026: Dashboard already running and serving requests
Sat 25 Jul 13:20:18 +08 2026: Dashboard already running and serving requests
Sat 25 Jul 13:25:18 +08 2026: Dashboard already running and serving requests
Sat 25 Jul 13:30:18 +08 2026: Dashboard already running and serving requests
Sat 25 Jul 13:35:18 +08 2026: Dashboard already running and serving requests
Sat 25 Jul 13:40:18 +08 2026: Dashboard already running and serving requests
Sat 25 Jul 13:45:18 +08 2026: Dashboard already running and serving requests
Sat 25 Jul 13:50:18 +08 2026: Dashboard already running and serving requests
Sat 25 Jul 13:55:19 +08 2026: Dashboard already running and serving requests
Sat 25 Jul 14:00:19 +08 2026: Dashboard already running and serving requests
Sat 25 Jul 14:05:19 +08 2026: Dashboard already running and serving requests
Sat 25 Jul 14:10:19 +08 2026: Dashboard already running and serving requests
Sat 25 Jul 14:15:19 +08 2026: Dashboard already running and serving requests
Sat 25 Jul 14:20:19 +08 2026: Dashboard already running and serving requests
Sat 25 Jul 14:25:19 +08 2026: Dashboard already running and serving requests
Sat 25 Jul 14:30:19 +08 2026: Dashboard already running and serving requests
Sat 25 Jul 14:35:19 +08 2026: Dashboard already running and serving requests
Sat 25 Jul 14:40:19 +08 2026: Dashboard already running and serving requests
Sat 25 Jul 14:45:19 +08 2026: Dashboard already running and serving requests
Sat 25 Jul 14:50:20 +08 2026: Dashboard already running and serving requests
Sat 25 Jul 14:55:20 +08 2026: Dashboard already running and serving requests
Sat 25 Jul 15:00:20 +08 2026: Dashboard already running and serving requests
Sat 25 Jul 15:05:20 +08 2026: Dashboard already running and serving requests
Sat 25 Jul 15:10:20 +08 2026: Dashboard already running and serving requests
Sat 25 Jul 15:15:20 +08 2026: Dashboard already running and serving requests
Sat 25 Jul 15:20:20 +08 2026: Dashboard already running and serving requests
Sat 25 Jul 15:25:20 +08 2026: Dashboard already running and serving requests
Sat 25 Jul 15:30:20 +08 2026: Dashboard already running and serving requests
Sat 25 Jul 15:35:20 +08 2026: Dashboard already running and serving requests
Sat 25 Jul 15:40:21 +08 2026: Dashboard already running and serving requests
Sat 25 Jul 15:45:21 +08 2026: Dashboard already running and serving requests
Sat 25 Jul 15:50:21 +08 2026: Dashboard already running and serving requests
Sat 25 Jul 15:55:21 +08 2026: Dashboard already running and serving requests
Sat 25 Jul 16:00:21 +08 2026: Dashboard already running and serving requests
Sat 25 Jul 16:05:21 +08 2026: Dashboard already running and serving requests
Sat 25 Jul 16:10:21 +08 2026: Dashboard already running and serving requests
Sat 25 Jul 16:15:21 +08 2026: Dashboard already running and serving requests
Sat 25 Jul 16:20:21 +08 2026: Dashboard already running and serving requests
Sat 25 Jul 16:25:21 +08 2026: Dashboard already running and serving requests
Sat 25 Jul 16:30:21 +08 2026: Dashboard already running and serving requests
Sat 25 Jul 16:35:22 +08 2026: Dashboard already running and serving requests
Sat 25 Jul 16:40:22 +08 2026: Dashboard already running and serving requests
Sat 25 Jul 16:45:22 +08 2026: Dashboard already running and serving requests
Sat 25 Jul 16:50:22 +08 2026: Dashboard already running and serving requests
Sat 25 Jul 16:55:22 +08 2026: Dashboard already running and serving requests
Sat 25 Jul 17:00:22 +08 2026: Dashboard already running and serving requests
Sat 25 Jul 17:05:22 +08 2026: Dashboard already running and serving requests
Sat 25 Jul 17:10:22 +08 2026: Dashboard already running and serving requests
Sat 25 Jul 17:15:22 +08 2026: Dashboard already running and serving requests
Sat 25 Jul 17:20:22 +08 2026: Dashboard already running and serving requests
Sat 25 Jul 17:25:23 +08 2026: Dashboard already running and serving requests
Sat 25 Jul 17:30:23 +08 2026: Dashboard already running and serving requests
Sat 25 Jul 17:35:23 +08 2026: Dashboard already running and serving requests
Sat 25 Jul 17:40:23 +08 2026: Dashboard already running and serving requests
Sat 25 Jul 17:45:23 +08 2026: Dashboard already running and serving requests
Sat 25 Jul 17:50:23 +08 2026: Dashboard already running and serving requests
Sat 25 Jul 17:55:23 +08 2026: Dashboard already running and serving requests
Sat 25 Jul 18:00:23 +08 2026: Dashboard already running and serving requests
Sat 25 Jul 18:05:23 +08 2026: Dashboard already running and serving requests
Sat 25 Jul 18:10:23 +08 2026: Dashboard already running and serving requests
Sat 25 Jul 18:15:23 +08 2026: Dashboard already running and serving requests
Sat 25 Jul 18:20:24 +08 2026: Dashboard already running and serving requests
Sat 25 Jul 18:25:24 +08 2026: Dashboard already running and serving requests
Sat 25 Jul 18:30:24 +08 2026: Dashboard already running and serving requests
Sat 25 Jul 18:35:24 +08 2026: Dashboard already running and serving requests
Sat 25 Jul 18:40:24 +08 2026: Dashboard already running and serving requests
Sat 25 Jul 18:45:24 +08 2026: Dashboard already running and serving requests
Sat 25 Jul 18:50:24 +08 2026: Dashboard already running and serving requests
